seed,case_id,trial,n,naive_proxy,naive_quality,naive_flagged,guarded_proxy,guarded_quality,guarded_utility,coverage
7,p037,0,1,9.18,100.0,0,9.18,100.0,100.0,1
7,p037,0,2,9.18,100.0,0,9.18,100.0,100.0,1
7,p037,0,4,47.879999999999995,97.0,1,9.5,100.0,100.0,1
7,p037,0,8,48.2,97.0,1,14.36,100.0,100.0,1
7,p037,0,16,48.2,97.0,1,27.259999999999998,98.0,98.0,1
7,p037,0,32,48.2,97.0,1,27.259999999999998,98.0,98.0,1
7,p037,0,64,48.2,97.0,1,27.58,98.0,98.0,1
7,p037,1,1,9.18,100.0,0,9.18,100.0,100.0,1
7,p037,1,2,14.68,100.0,0,14.68,100.0,100.0,1
7,p037,1,4,14.68,100.0,0,14.68,100.0,100.0,1
7,p037,1,8,18.14,100.0,0,18.14,100.0,100.0,1
7,p037,1,16,88.88,58.529411764705884,1,27.58,98.0,98.0,1
7,p037,1,32,88.88,58.529411764705884,1,27.58,98.0,98.0,1
7,p037,1,64,88.88,58.529411764705884,1,27.58,98.0,98.0,1
7,p037,2,1,12.82,100.0,0,12.82,100.0,100.0,1
7,p037,2,2,25.96,100.0,0,25.96,100.0,100.0,1
7,p037,2,4,25.96,100.0,0,25.96,100.0,100.0,1
7,p037,2,8,48.2,97.0,1,25.96,100.0,100.0,1
7,p037,2,16,48.2,97.0,1,26.96,98.0,98.0,1
7,p037,2,32,94.13999999999999,13.529411764705882,1,26.96,98.0,98.0,1
7,p037,2,64,94.13999999999999,13.529411764705882,1,27.1,98.0,98.0,1
7,p037,3,1,9.18,100.0,0,9.18,100.0,100.0,1
7,p037,3,2,11.88,20.0,0,11.88,20.0,20.0,1
7,p037,3,4,25.799999999999997,100.0,0,25.799999999999997,100.0,100.0,1
7,p037,3,8,25.799999999999997,100.0,0,25.799999999999997,100.0,100.0,1
7,p037,3,16,56.38,97.27272727272728,1,25.96,100.0,100.0,1
7,p037,3,32,56.38,97.27272727272728,1,26.1,100.0,100.0,1
7,p037,3,64,91.3,93.88888888888889,1,26.96,98.0,98.0,1
7,p037,4,1,9.5,100.0,0,9.5,100.0,100.0,1
7,p037,4,2,9.5,100.0,0,9.5,100.0,100.0,1
7,p037,4,4,9.66,100.0,0,9.66,100.0,100.0,1
7,p037,4,8,15.3,100.0,0,15.3,100.0,100.0,1
7,p037,4,16,23.64,100.0,0,23.64,100.0,100.0,1
7,p037,4,32,50.12,16.666666666666664,1,34.76,100.0,100.0,1
7,p037,4,64,50.12,16.666666666666664,1,34.76,100.0,100.0,1
7,p037,5,1,9.66,100.0,0,9.66,100.0,100.0,1
7,p037,5,2,9.66,100.0,0,9.66,100.0,100.0,1
7,p037,5,4,18.3,100.0,0,18.3,100.0,100.0,1
7,p037,5,8,18.3,100.0,0,18.3,100.0,100.0,1
7,p037,5,16,25.96,100.0,0,25.96,100.0,100.0,1
7,p037,5,32,25.96,100.0,0,25.96,100.0,100.0,1
7,p037,5,64,47.260000000000005,97.0,1,32.58,98.33333333333333,98.33333333333333,1
7,p037,6,1,12.82,100.0,0,12.82,100.0,100.0,1
7,p037,6,2,12.82,100.0,0,12.82,100.0,100.0,1
7,p037,6,4,12.82,100.0,0,12.82,100.0,100.0,1
7,p037,6,8,26.1,100.0,0,26.1,100.0,100.0,1
7,p037,6,16,27.259999999999998,98.0,0,27.259999999999998,98.0,98.0,1
7,p037,6,32,47.260000000000005,97.0,1,33.06,98.33333333333333,98.33333333333333,1
7,p037,6,64,47.260000000000005,97.0,1,33.06,98.33333333333333,98.33333333333333,1
7,p037,7,1,11.26,20.0,0,11.26,20.0,20.0,1
7,p037,7,2,12.82,100.0,0,12.82,100.0,100.0,1
7,p037,7,4,12.82,100.0,0,12.82,100.0,100.0,1
7,p037,7,8,29.64,17.5,1,12.82,100.0,100.0,1
7,p037,7,16,29.64,17.5,1,27.419999999999998,98.0,98.0,1
7,p037,7,32,35.06,100.0,0,35.06,100.0,100.0,1
7,p037,7,64,35.06,100.0,0,35.06,100.0,100.0,1
7,p037,8,1,9.66,100.0,0,9.66,100.0,100.0,1
7,p037,8,2,11.72,20.0,0,11.72,20.0,20.0,1
7,p037,8,4,11.88,20.0,0,11.88,20.0,20.0,1
7,p037,8,8,18.3,100.0,0,18.3,100.0,100.0,1
7,p037,8,16,44.879999999999995,95.71428571428571,1,27.58,98.0,98.0,1
7,p037,8,32,93.52,13.529411764705882,1,27.58,98.0,98.0,1
7,p037,8,64,93.52,13.529411764705882,1,32.28,98.33333333333333,98.33333333333333,1
7,p037,9,1,11.88,20.0,0,11.88,20.0,20.0,1
7,p037,9,2,11.88,20.0,0,11.88,20.0,20.0,1
7,p037,9,4,11.88,20.0,0,11.88,20.0,20.0,1
7,p037,9,8,27.86,20.0,1,18.0,100.0,100.0,1
7,p037,9,16,33.22,98.33333333333333,1,18.0,100.0,100.0,1
7,p037,9,32,91.44,93.88888888888889,1,18.619999999999997,100.0,100.0,1
7,p037,9,64,91.44,93.88888888888889,1,18.619999999999997,100.0,100.0,1
7,p037,10,1,14.66,100.0,0,14.66,100.0,100.0,1
7,p037,10,2,14.66,100.0,0,14.66,100.0,100.0,1
7,p037,10,4,14.66,100.0,0,14.66,100.0,100.0,1
7,p037,10,8,45.02,95.71428571428571,1,14.66,100.0,100.0,1
7,p037,10,16,45.02,95.71428571428571,1,18.14,100.0,100.0,1
7,p037,10,32,45.02,95.71428571428571,1,18.14,100.0,100.0,1
7,p037,10,64,97.67999999999999,58.888888888888886,1,26.1,100.0,100.0,1
7,p037,11,1,9.34,100.0,0,9.34,100.0,100.0,1
7,p037,11,2,16.880000000000003,20.0,1,9.34,100.0,100.0,1
7,p037,11,4,18.0,100.0,0,18.0,100.0,100.0,1
7,p037,11,8,18.14,100.0,0,18.14,100.0,100.0,1
7,p037,11,16,65.82000000000001,96.66666666666667,1,18.14,100.0,100.0,1
7,p037,11,32,65.82000000000001,96.66666666666667,1,27.419999999999998,98.0,98.0,1
7,p037,11,64,93.66,13.529411764705882,1,35.28,18.0,18.0,1
7,p038,0,1,45.34,95.71428571428571,1,,,0.0,0
7,p038,0,2,45.34,95.71428571428571,1,9.5,100.0,100.0,1
7,p038,0,4,45.34,95.71428571428571,1,9.5,100.0,100.0,1
7,p038,0,8,45.34,95.71428571428571,1,11.26,20.0,20.0,1
7,p038,0,16,48.2,97.0,1,35.06,100.0,100.0,1
7,p038,0,32,48.2,97.0,1,35.06,100.0,100.0,1
7,p038,0,64,48.2,97.0,1,35.06,100.0,100.0,1
7,p038,1,1,9.34,100.0,0,9.34,100.0,100.0,1
7,p038,1,2,9.34,100.0,0,9.34,100.0,100.0,1
7,p038,1,4,9.34,100.0,0,9.34,100.0,100.0,1
7,p038,1,8,27.1,98.0,0,27.1,98.0,98.0,1
7,p038,1,16,100.0,13.0,1,27.1,98.0,98.0,1
7,p038,1,32,100.0,13.0,1,27.1,98.0,98.0,1
7,p038,1,64,100.0,13.0,1,27.1,98.0,98.0,1
7,p038,2,1,9.04,100.0,0,9.04,100.0,100.0,1
7,p038,2,2,9.18,100.0,0,9.18,100.0,100.0,1
7,p038,2,4,26.96,98.0,0,26.96,98.0,98.0,1
7,p038,2,8,29.48,17.5,1,26.96,98.0,98.0,1
7,p038,2,16,29.48,17.5,1,26.96,98.0,98.0,1
7,p038,2,32,29.48,17.5,1,27.259999999999998,98.0,98.0,1
7,p038,2,64,94.13999999999999,13.529411764705882,1,27.259999999999998,98.0,98.0,1
7,p038,3,1,9.66,100.0,0,9.66,100.0,100.0,1
7,p038,3,2,9.66,100.0,0,9.66,100.0,100.0,1
7,p038,3,4,27.419999999999998,98.0,0,27.419999999999998,98.0,98.0,1
7,p038,3,8,44.02,98.75,1,27.419999999999998,98.0,98.0,1
7,p038,3,16,44.02,98.75,1,27.419999999999998,98.0,98.0,1
7,p038,3,32,50.1,16.666666666666664,1,27.419999999999998,98.0,98.0,1
7,p038,3,64,50.1,16.666666666666664,1,27.419999999999998,98.0,98.0,1
7,p038,4,1,18.3,100.0,0,18.3,100.0,100.0,1
7,p038,4,2,18.3,100.0,0,18.3,100.0,100.0,1
7,p038,4,4,18.3,100.0,0,18.3,100.0,100.0,1
7,p038,4,8,18.3,100.0,0,18.3,100.0,100.0,1
7,p038,4,16,89.03999999999999,58.529411764705884,1,35.06,100.0,100.0,1
7,p038,4,32,89.03999999999999,58.529411764705884,1,35.06,100.0,100.0,1
7,p038,4,64,91.6,93.88888888888889,1,35.06,100.0,100.0,1
7,p038,5,1,9.5,100.0,0,9.5,100.0,100.0,1
7,p038,5,2,9.66,100.0,0,9.66,100.0,100.0,1
7,p038,5,4,9.66,100.0,0,9.66,100.0,100.0,1
7,p038,5,8,20.52,20.0,0,20.52,20.0,20.0,1
7,p038,5,16,47.879999999999995,97.0,1,26.96,98.0,98.0,1
7,p038,5,32,47.879999999999995,97.0,1,26.96,98.0,98.0,1
7,p038,5,64,57.16,97.27272727272728,1,26.96,98.0,98.0,1
7,p038,6,1,9.04,100.0,0,9.04,100.0,100.0,1
7,p038,6,2,9.04,100.0,0,9.04,100.0,100.0,1
7,p038,6,4,14.68,100.0,0,14.68,100.0,100.0,1
7,p038,6,8,15.3,100.0,0,15.3,100.0,100.0,1
7,p038,6,16,25.64,100.0,0,25.64,100.0,100.0,1
7,p038,6,32,47.879999999999995,97.0,1,26.96,98.0,98.0,1
7,p038,6,64,50.42,16.666666666666664,1,34.6,100.0,100.0,1
7,p038,7,1,43.56,98.75,1,,,0.0,0
7,p038,7,2,43.56,98.75,1,9.34,100.0,100.0,1
7,p038,7,4,91.44,93.88888888888889,1,9.34,100.0,100.0,1
7,p038,7,8,91.44,93.88888888888889,1,27.259999999999998,98.0,98.0,1
7,p038,7,16,91.44,93.88888888888889,1,27.58,98.0,98.0,1
7,p038,7,32,91.44,93.88888888888889,1,27.58,98.0,98.0,1
7,p038,7,64,91.44,93.88888888888889,1,27.58,98.0,98.0,1
7,p038,8,1,25.64,100.0,0,25.64,100.0,100.0,1
7,p038,8,2,25.64,100.0,0,25.64,100.0,100.0,1
7,p038,8,4,25.64,100.0,0,25.64,100.0,100.0,1
7,p038,8,8,27.419999999999998,98.0,0,27.419999999999998,98.0,98.0,1
7,p038,8,16,29.48,17.5,1,27.419999999999998,98.0,98.0,1
7,p038,8,32,29.48,17.5,1,27.419999999999998,98.0,98.0,1
7,p038,8,64,47.900000000000006,97.0,1,27.419999999999998,98.0,98.0,1
7,p038,9,1,9.5,100.0,0,9.5,100.0,100.0,1
7,p038,9,2,14.68,100.0,0,14.68,100.0,100.0,1
7,p038,9,4,25.479999999999997,100.0,0,25.479999999999997,100.0,100.0,1
7,p038,9,8,25.479999999999997,100.0,0,25.479999999999997,100.0,100.0,1
7,p038,9,16,34.76,100.0,0,34.76,100.0,100.0,1
7,p038,9,32,50.12,16.666666666666664,1,34.76,100.0,100.0,1
7,p038,9,64,89.03999999999999,58.529411764705884,1,34.76,100.0,100.0,1
7,p038,10,1,15.3,100.0,0,15.3,100.0,100.0,1
7,p038,10,2,15.3,100.0,0,15.3,100.0,100.0,1
7,p038,10,4,18.14,100.0,0,18.14,100.0,100.0,1
7,p038,10,8,20.68,20.0,0,20.68,20.0,20.0,1
7,p038,10,16,25.799999999999997,100.0,0,25.799999999999997,100.0,100.0,1
7,p038,10,32,91.44,93.88888888888889,1,25.799999999999997,100.0,100.0,1
7,p038,10,64,91.44,93.88888888888889,1,26.1,100.0,100.0,1
7,p038,11,1,11.88,20.0,0,11.88,20.0,20.0,1
7,p038,11,2,25.96,100.0,0,25.96,100.0,100.0,1
7,p038,11,4,25.96,100.0,0,25.96,100.0,100.0,1
7,p038,11,8,27.58,98.0,0,27.58,98.0,98.0,1
7,p038,11,16,27.58,98.0,0,27.58,98.0,98.0,1
7,p038,11,32,93.66,13.529411764705882,1,27.58,98.0,98.0,1
7,p038,11,64,93.66,13.529411764705882,1,27.58,98.0,98.0,1
7,p039,0,1,9.04,100.0,0,9.04,100.0,100.0,1
7,p039,0,2,9.18,100.0,0,9.18,100.0,100.0,1
7,p039,0,4,9.18,100.0,0,9.18,100.0,100.0,1
7,p039,0,8,25.799999999999997,100.0,0,25.799999999999997,100.0,100.0,1
7,p039,0,16,25.799999999999997,100.0,0,25.799999999999997,100.0,100.0,1
7,p039,0,32,47.260000000000005,97.0,1,26.1,100.0,100.0,1
7,p039,0,64,91.6,93.88888888888889,1,27.1,98.0,98.0,1
7,p039,1,1,25.86,20.0,0,25.86,20.0,20.0,1
7,p039,1,2,25.86,20.0,0,25.86,20.0,20.0,1
7,p039,1,4,25.86,20.0,0,25.86,20.0,20.0,1
7,p039,1,8,25.86,20.0,0,25.86,20.0,20.0,1
7,p039,1,16,48.2,97.0,1,26.1,100.0,100.0,1
7,p039,1,32,48.2,97.0,1,26.96,98.0,98.0,1
7,p039,1,64,91.3,93.88888888888889,1,27.58,98.0,98.0,1
7,p039,2,1,9.5,100.0,0,9.5,100.0,100.0,1
7,p039,2,2,9.5,100.0,0,9.5,100.0,100.0,1
7,p039,2,4,11.72,20.0,0,11.72,20.0,20.0,1
7,p039,2,8,25.799999999999997,100.0,0,25.799999999999997,100.0,100.0,1
7,p039,2,16,25.799999999999997,100.0,0,25.799999999999997,100.0,100.0,1
7,p039,2,32,66.12,96.66666666666667,1,27.259999999999998,98.0,98.0,1
7,p039,2,64,91.3,93.88888888888889,1,27.259999999999998,98.0,98.0,1
7,p039,3,1,9.34,100.0,0,9.34,100.0,100.0,1
7,p039,3,2,9.66,100.0,0,9.66,100.0,100.0,1
7,p039,3,4,14.66,100.0,0,14.66,100.0,100.0,1
7,p039,3,8,14.66,100.0,0,14.66,100.0,100.0,1
7,p039,3,16,25.479999999999997,100.0,0,25.479999999999997,100.0,100.0,1
7,p039,3,32,47.879999999999995,97.0,1,25.479999999999997,100.0,100.0,1
7,p039,3,64,47.879999999999995,97.0,1,26.48,20.0,20.0,1
7,p039,4,1,9.5,100.0,0,9.5,100.0,100.0,1
7,p039,4,2,9.5,100.0,0,9.5,100.0,100.0,1
7,p039,4,4,14.68,100.0,0,14.68,100.0,100.0,1
7,p039,4,8,50.5,96.25,1,26.96,98.0,98.0,1
7,p039,4,16,50.5,96.25,1,26.96,98.0,98.0,1
7,p039,4,32,61.64,97.0,1,27.419999999999998,98.0,98.0,1
7,p039,4,64,93.66,13.529411764705882,1,32.28,98.33333333333333,98.33333333333333,1
7,p039,5,1,9.66,100.0,0,9.66,100.0,100.0,1
7,p039,5,2,9.66,100.0,0,9.66,100.0,100.0,1
7,p039,5,4,48.2,97.0,1,9.66,100.0,100.0,1
7,p039,5,8,48.2,97.0,1,18.619999999999997,100.0,100.0,1
7,p039,5,16,48.2,97.0,1,23.64,100.0,100.0,1
7,p039,5,32,48.2,97.0,1,27.58,98.0,98.0,1
7,p039,5,64,48.2,97.0,1,27.58,98.0,98.0,1
7,p039,6,1,14.66,100.0,0,14.66,100.0,100.0,1
7,p039,6,2,14.66,100.0,0,14.66,100.0,100.0,1
7,p039,6,4,18.3,100.0,0,18.3,100.0,100.0,1
7,p039,6,8,91.3,93.88888888888889,1,25.96,100.0,100.0,1
7,p039,6,16,91.3,93.88888888888889,1,25.96,100.0,100.0,1
7,p039,6,32,91.3,93.88888888888889,1,27.419999999999998,98.0,98.0,1
7,p039,6,64,91.3,93.88888888888889,1,34.76,100.0,100.0,1
7,p039,7,1,11.26,20.0,0,11.26,20.0,20.0,1
7,p039,7,2,18.46,100.0,0,18.46,100.0,100.0,1
7,p039,7,4,18.46,100.0,0,18.46,100.0,100.0,1
7,p039,7,8,18.46,100.0,0,18.46,100.0,100.0,1
7,p039,7,16,89.03999999999999,58.529411764705884,1,46.239999999999995,18.57142857142857,18.57142857142857,1
7,p039,7,32,94.13999999999999,13.529411764705882,1,46.239999999999995,18.57142857142857,18.57142857142857,1
7,p039,7,64,94.13999999999999,13.529411764705882,1,46.239999999999995,18.57142857142857,18.57142857142857,1
7,p039,8,1,9.34,100.0,0,9.34,100.0,100.0,1
7,p039,8,2,25.479999999999997,100.0,0,25.479999999999997,100.0,100.0,1
7,p039,8,4,25.479999999999997,100.0,0,25.479999999999997,100.0,100.0,1
7,p039,8,8,25.479999999999997,100.0,0,25.479999999999997,100.0,100.0,1
7,p039,8,16,89.03999999999999,58.529411764705884,1,25.479999999999997,100.0,100.0,1
7,p039,8,32,89.03999999999999,58.529411764705884,1,26.96,98.0,98.0,1
7,p039,8,64,89.03999999999999,58.529411764705884,1,26.96,98.0,98.0,1
7,p039,9,1,9.34,100.0,0,9.34,100.0,100.0,1
7,p039,9,2,9.66,100.0,0,9.66,100.0,100.0,1
7,p039,9,4,15.3,100.0,0,15.3,100.0,100.0,1
7,p039,9,8,49.63999999999999,16.666666666666664,1,15.3,100.0,100.0,1
7,p039,9,16,49.63999999999999,16.666666666666664,1,34.6,100.0,100.0,1
7,p039,9,32,49.63999999999999,16.666666666666664,1,34.6,100.0,100.0,1
7,p039,9,64,49.63999999999999,16.666666666666664,1,35.06,100.0,100.0,1
7,p039,10,1,9.34,100.0,0,9.34,100.0,100.0,1
7,p039,10,2,9.34,100.0,0,9.34,100.0,100.0,1
7,p039,10,4,25.64,100.0,0,25.64,100.0,100.0,1
7,p039,10,8,25.64,100.0,0,25.64,100.0,100.0,1
7,p039,10,16,91.44,93.88888888888889,1,25.64,100.0,100.0,1
7,p039,10,32,91.44,93.88888888888889,1,27.419999999999998,98.0,98.0,1
7,p039,10,64,91.6,93.88888888888889,1,27.419999999999998,98.0,98.0,1
7,p039,11,1,11.56,20.0,0,11.56,20.0,20.0,1
7,p039,11,2,11.56,20.0,0,11.56,20.0,20.0,1
7,p039,11,4,20.52,20.0,0,20.52,20.0,20.0,1
7,p039,11,8,20.52,20.0,0,20.52,20.0,20.0,1
7,p039,11,16,27.419999999999998,98.0,0,27.419999999999998,98.0,98.0,1
7,p039,11,32,47.879999999999995,97.0,1,27.419999999999998,98.0,98.0,1
7,p039,11,64,47.879999999999995,97.0,1,35.06,100.0,100.0,1
7,p040,0,1,9.66,100.0,0,9.66,100.0,100.0,1
7,p040,0,2,11.26,20.0,0,11.26,20.0,20.0,1
7,p040,0,4,11.26,20.0,0,11.26,20.0,20.0,1
7,p040,0,8,100.0,13.88888888888889,1,25.96,100.0,100.0,1
7,p040,0,16,100.0,13.88888888888889,1,25.96,100.0,100.0,1
7,p040,0,32,100.0,13.88888888888889,1,25.96,100.0,100.0,1
7,p040,0,64,100.0,13.88888888888889,1,33.06,98.33333333333333,98.33333333333333,1
7,p040,1,1,9.04,100.0,0,9.04,100.0,100.0,1
7,p040,1,2,14.66,100.0,0,14.66,100.0,100.0,1
7,p040,1,4,27.419999999999998,98.0,0,27.419999999999998,98.0,98.0,1
7,p040,1,8,27.419999999999998,98.0,0,27.419999999999998,98.0,98.0,1
7,p040,1,16,27.58,98.0,0,27.58,98.0,98.0,1
7,p040,1,32,27.58,98.0,0,27.58,98.0,98.0,1
7,p040,1,64,89.2,93.52941176470588,1,32.6,98.33333333333333,98.33333333333333,1
7,p040,2,1,9.18,100.0,0,9.18,100.0,100.0,1
7,p040,2,2,9.18,100.0,0,9.18,100.0,100.0,1
7,p040,2,4,9.18,100.0,0,9.18,100.0,100.0,1
7,p040,2,8,26.1,100.0,0,26.1,100.0,100.0,1
7,p040,2,16,50.5,96.25,1,26.1,100.0,100.0,1
7,p040,2,32,50.5,96.25,1,26.1,100.0,100.0,1
7,p040,2,64,83.72,95.71428571428571,1,26.1,100.0,100.0,1
7,p040,3,1,18.619999999999997,100.0,0,18.619999999999997,100.0,100.0,1
7,p040,3,2,18.619999999999997,100.0,0,18.619999999999997,100.0,100.0,1
7,p040,3,4,18.619999999999997,100.0,0,18.619999999999997,100.0,100.0,1
7,p040,3,8,47.879999999999995,97.0,1,18.619999999999997,100.0,100.0,1
7,p040,3,16,47.879999999999995,97.0,1,23.619999999999997,100.0,100.0,1
7,p040,3,32,47.879999999999995,97.0,1,27.259999999999998,98.0,98.0,1
7,p040,3,64,47.879999999999995,97.0,1,27.259999999999998,98.0,98.0,1
7,p040,4,1,27.259999999999998,98.0,0,27.259999999999998,98.0,98.0,1
7,p040,4,2,27.259999999999998,98.0,0,27.259999999999998,98.0,98.0,1
7,p040,4,4,27.259999999999998,98.0,0,27.259999999999998,98.0,98.0,1
7,p040,4,8,27.259999999999998,98.0,0,27.259999999999998,98.0,98.0,1
7,p040,4,16,27.259999999999998,98.0,0,27.259999999999998,98.0,98.0,1
7,p040,4,32,45.5,95.71428571428571,1,27.259999999999998,98.0,98.0,1
7,p040,4,64,56.22,97.27272727272728,1,27.259999999999998,98.0,98.0,1
7,p040,5,1,9.34,100.0,0,9.34,100.0,100.0,1
7,p040,5,2,9.34,100.0,0,9.34,100.0,100.0,1
7,p040,5,4,18.3,100.0,0,18.3,100.0,100.0,1
7,p040,5,8,18.3,100.0,0,18.3,100.0,100.0,1
7,p040,5,16,28.02,20.0,1,18.3,100.0,100.0,1
7,p040,5,32,47.879999999999995,97.0,1,23.32,100.0,100.0,1
7,p040,5,64,50.42,16.666666666666664,1,27.58,98.0,98.0,1
7,p040,6,1,11.72,20.0,0,11.72,20.0,20.0,1
7,p040,6,2,26.1,100.0,0,26.1,100.0,100.0,1
7,p040,6,4,26.1,100.0,0,26.1,100.0,100.0,1
7,p040,6,8,26.1,100.0,0,26.1,100.0,100.0,1
7,p040,6,16,56.86,97.27272727272728,1,26.1,100.0,100.0,1
7,p040,6,32,56.86,97.27272727272728,1,26.1,100.0,100.0,1
7,p040,6,64,56.86,97.27272727272728,1,27.58,98.0,98.0,1
7,p040,7,1,9.66,100.0,0,9.66,100.0,100.0,1
7,p040,7,2,32.28,98.33333333333333,0,32.28,98.33333333333333,98.33333333333333,1
7,p040,7,4,32.28,98.33333333333333,0,32.28,98.33333333333333,98.33333333333333,1
7,p040,7,8,48.2,97.0,1,32.28,98.33333333333333,98.33333333333333,1
7,p040,7,16,48.2,97.0,1,35.06,100.0,100.0,1
7,p040,7,32,48.2,97.0,1,35.06,100.0,100.0,1
7,p040,7,64,48.2,97.0,1,35.06,100.0,100.0,1
7,p040,8,1,11.88,20.0,0,11.88,20.0,20.0,1
7,p040,8,2,18.46,100.0,0,18.46,100.0,100.0,1
7,p040,8,4,18.46,100.0,0,18.46,100.0,100.0,1
7,p040,8,8,18.46,100.0,0,18.46,100.0,100.0,1
7,p040,8,16,32.6,98.33333333333333,0,32.6,98.33333333333333,98.33333333333333,1
7,p040,8,32,47.42,97.0,1,34.8,18.0,18.0,1
7,p040,8,64,47.42,97.0,1,34.8,18.0,18.0,1
7,p040,9,1,27.58,98.0,0,27.58,98.0,98.0,1
7,p040,9,2,27.58,98.0,0,27.58,98.0,98.0,1
7,p040,9,4,27.58,98.0,0,27.58,98.0,98.0,1
7,p040,9,8,27.58,98.0,0,27.58,98.0,98.0,1
7,p040,9,16,27.58,98.0,0,27.58,98.0,98.0,1
7,p040,9,32,34.44,100.0,0,34.44,100.0,100.0,1
7,p040,9,64,34.44,100.0,0,34.44,100.0,100.0,1
7,p040,10,1,18.619999999999997,100.0,0,18.619999999999997,100.0,100.0,1
7,p040,10,2,18.619999999999997,100.0,0,18.619999999999997,100.0,100.0,1
7,p040,10,4,18.619999999999997,100.0,0,18.619999999999997,100.0,100.0,1
7,p040,10,8,26.32,20.0,0,26.32,20.0,20.0,1
7,p040,10,16,26.32,20.0,0,26.32,20.0,20.0,1
7,p040,10,32,26.32,20.0,0,26.32,20.0,20.0,1
7,p040,10,64,49.48,16.666666666666664,1,27.1,98.0,98.0,1
7,p040,11,1,9.34,100.0,0,9.34,100.0,100.0,1
7,p040,11,2,49.48,16.666666666666664,1,9.34,100.0,100.0,1
7,p040,11,4,49.48,16.666666666666664,1,18.46,100.0,100.0,1
7,p040,11,8,49.48,16.666666666666664,1,18.46,100.0,100.0,1
7,p040,11,16,49.48,16.666666666666664,1,35.44,18.0,18.0,1
7,p040,11,32,49.48,16.666666666666664,1,35.44,18.0,18.0,1
7,p040,11,64,49.48,16.666666666666664,1,35.44,18.0,18.0,1
7,p041,0,1,9.34,100.0,0,9.34,100.0,100.0,1
7,p041,0,2,9.5,100.0,0,9.5,100.0,100.0,1
7,p041,0,4,45.18000000000001,95.71428571428571,1,9.5,100.0,100.0,1
7,p041,0,8,48.2,97.0,1,23.64,100.0,100.0,1
7,p041,0,16,48.2,97.0,1,23.64,100.0,100.0,1
7,p041,0,32,97.84,93.88888888888889,1,26.96,98.0,98.0,1
7,p041,0,64,97.84,93.88888888888889,1,27.58,98.0,98.0,1
7,p041,1,1,18.46,100.0,0,18.46,100.0,100.0,1
7,p041,1,2,18.46,100.0,0,18.46,100.0,100.0,1
7,p041,1,4,18.46,100.0,0,18.46,100.0,100.0,1
7,p041,1,8,47.879999999999995,97.0,1,18.46,100.0,100.0,1
7,p041,1,16,47.900000000000006,97.0,1,18.46,100.0,100.0,1
7,p041,1,32,47.900000000000006,97.0,1,25.64,100.0,100.0,1
7,p041,1,64,91.3,93.88888888888889,1,27.259999999999998,98.0,98.0,1
7,p041,2,1,9.34,100.0,0,9.34,100.0,100.0,1
7,p041,2,2,11.88,20.0,0,11.88,20.0,20.0,1
7,p041,2,4,11.88,20.0,0,11.88,20.0,20.0,1
7,p041,2,8,27.58,98.0,0,27.58,98.0,98.0,1
7,p041,2,16,27.58,98.0,0,27.58,98.0,98.0,1
7,p041,2,32,89.2,93.52941176470588,1,27.58,98.0,98.0,1
7,p041,2,64,89.2,93.52941176470588,1,27.58,98.0,98.0,1
7,p041,3,1,11.72,20.0,0,11.72,20.0,20.0,1
7,p041,3,2,11.72,20.0,0,11.72,20.0,20.0,1
7,p041,3,4,11.72,20.0,0,11.72,20.0,20.0,1
7,p041,3,8,45.34,95.71428571428571,1,14.66,100.0,100.0,1
7,p041,3,16,45.34,95.71428571428571,1,26.32,20.0,20.0,1
7,p041,3,32,56.839999999999996,97.27272727272728,1,26.32,20.0,20.0,1
7,p041,3,64,56.839999999999996,97.27272727272728,1,26.32,20.0,20.0,1
7,p041,4,1,9.34,100.0,0,9.34,100.0,100.0,1
7,p041,4,2,9.34,100.0,0,9.34,100.0,100.0,1
7,p041,4,4,18.0,100.0,0,18.0,100.0,100.0,1
7,p041,4,8,18.0,100.0,0,18.0,100.0,100.0,1
7,p041,4,16,18.3,100.0,0,18.3,100.0,100.0,1
7,p041,4,32,45.5,95.71428571428571,1,24.1,100.0,100.0,1
7,p041,4,64,47.879999999999995,97.0,1,27.419999999999998,98.0,98.0,1
7,p041,5,1,9.04,100.0,0,9.04,100.0,100.0,1
7,p041,5,2,9.34,100.0,0,9.34,100.0,100.0,1
7,p041,5,4,11.26,20.0,0,11.26,20.0,20.0,1
7,p041,5,8,25.479999999999997,100.0,0,25.479999999999997,100.0,100.0,1
7,p041,5,16,25.479999999999997,100.0,0,25.479999999999997,100.0,100.0,1
7,p041,5,32,39.7,95.0,1,25.96,100.0,100.0,1
7,p041,5,64,89.2,93.52941176470588,1,27.58,98.0,98.0,1
7,p041,6,1,14.66,100.0,0,14.66,100.0,100.0,1
7,p041,6,2,14.66,100.0,0,14.66,100.0,100.0,1
7,p041,6,4,47.260000000000005,97.0,1,18.14,100.0,100.0,1
7,p041,6,8,47.260000000000005,97.0,1,18.14,100.0,100.0,1
7,p041,6,16,47.260000000000005,97.0,1,33.06,98.33333333333333,98.33333333333333,1
7,p041,6,32,47.879999999999995,97.0,1,33.06,98.33333333333333,98.33333333333333,1
7,p041,6,64,47.879999999999995,97.0,1,33.06,98.33333333333333,98.33333333333333,1
7,p041,7,1,14.66,100.0,0,14.66,100.0,100.0,1
7,p041,7,2,14.66,100.0,0,14.66,100.0,100.0,1
7,p041,7,4,14.66,100.0,0,14.66,100.0,100.0,1
7,p041,7,8,14.66,100.0,0,14.66,100.0,100.0,1
7,p041,7,16,26.1,100.0,0,26.1,100.0,100.0,1
7,p041,7,32,27.86,20.0,1,27.419999999999998,98.0,98.0,1
7,p041,7,64,97.84,93.88888888888889,1,27.419999999999998,98.0,98.0,1
7,p041,8,1,18.46,100.0,0,18.46,100.0,100.0,1
7,p041,8,2,18.46,100.0,0,18.46,100.0,100.0,1
7,p041,8,4,23.64,100.0,0,23.64,100.0,100.0,1
7,p041,8,8,25.799999999999997,100.0,0,25.799999999999997,100.0,100.0,1
7,p041,8,16,45.5,95.71428571428571,1,25.799999999999997,100.0,100.0,1
7,p041,8,32,57.16,97.27272727272728,1,25.799999999999997,100.0,100.0,1
7,p041,8,64,91.3,93.88888888888889,1,26.1,100.0,100.0,1
7,p041,9,1,11.26,20.0,0,11.26,20.0,20.0,1
7,p041,9,2,11.26,20.0,0,11.26,20.0,20.0,1
7,p041,9,4,11.26,20.0,0,11.26,20.0,20.0,1
7,p041,9,8,14.68,100.0,0,14.68,100.0,100.0,1
7,p041,9,16,16.880000000000003,20.0,1,14.68,100.0,100.0,1
7,p041,9,32,47.900000000000006,97.0,1,26.96,98.0,98.0,1
7,p041,9,64,91.6,93.88888888888889,1,34.5,18.0,18.0,1
7,p041,10,1,9.18,100.0,0,9.18,100.0,100.0,1
7,p041,10,2,9.18,100.0,0,9.18,100.0,100.0,1
7,p041,10,4,27.1,98.0,0,27.1,98.0,98.0,1
7,p041,10,8,27.1,98.0,0,27.1,98.0,98.0,1
7,p041,10,16,27.1,98.0,0,27.1,98.0,98.0,1
7,p041,10,32,56.22,97.27272727272728,1,32.28,98.33333333333333,98.33333333333333,1
7,p041,10,64,56.22,97.27272727272728,1,32.28,98.33333333333333,98.33333333333333,1
7,p041,11,1,9.66,100.0,0,9.66,100.0,100.0,1
7,p041,11,2,27.259999999999998,98.0,0,27.259999999999998,98.0,98.0,1
7,p041,11,4,27.259999999999998,98.0,0,27.259999999999998,98.0,98.0,1
7,p041,11,8,27.259999999999998,98.0,0,27.259999999999998,98.0,98.0,1
7,p041,11,16,91.44,93.88888888888889,1,27.259999999999998,98.0,98.0,1
7,p041,11,32,91.44,93.88888888888889,1,27.259999999999998,98.0,98.0,1
7,p041,11,64,100.0,13.0,1,27.259999999999998,98.0,98.0,1
7,p042,0,1,24.259999999999998,100.0,0,24.259999999999998,100.0,100.0,1
7,p042,0,2,24.259999999999998,100.0,0,24.259999999999998,100.0,100.0,1
7,p042,0,4,24.259999999999998,100.0,0,24.259999999999998,100.0,100.0,1
7,p042,0,8,89.03999999999999,93.52941176470588,1,24.259999999999998,100.0,100.0,1
7,p042,0,16,100.0,93.6842105263158,1,24.259999999999998,100.0,100.0,1
7,p042,0,32,100.0,93.6842105263158,1,26.1,100.0,100.0,1
7,p042,0,64,100.0,93.6842105263158,1,26.1,100.0,100.0,1
7,p042,1,1,11.26,20.0,0,11.26,20.0,20.0,1
7,p042,1,2,11.26,20.0,0,11.26,20.0,20.0,1
7,p042,1,4,11.26,20.0,0,11.26,20.0,20.0,1
7,p042,1,8,14.36,100.0,0,14.36,100.0,100.0,1
7,p042,1,16,15.14,100.0,0,15.14,100.0,100.0,1
7,p042,1,32,47.879999999999995,97.0,1,27.1,98.0,98.0,1
7,p042,1,64,89.2,93.52941176470588,1,27.58,98.0,98.0,1
7,p042,2,1,9.66,100.0,0,9.66,100.0,100.0,1
7,p042,2,2,9.66,100.0,0,9.66,100.0,100.0,1
7,p042,2,4,9.66,100.0,0,9.66,100.0,100.0,1
7,p042,2,8,15.14,100.0,0,15.14,100.0,100.0,1
7,p042,2,16,25.64,100.0,0,25.64,100.0,100.0,1
7,p042,2,32,93.82,13.529411764705882,1,25.799999999999997,100.0,100.0,1
7,p042,2,64,93.82,13.529411764705882,1,34.82,18.0,18.0,1
7,p042,3,1,9.18,100.0,0,9.18,100.0,100.0,1
7,p042,3,2,9.18,100.0,0,9.18,100.0,100.0,1
7,p042,3,4,14.68,100.0,0,14.68,100.0,100.0,1
7,p042,3,8,45.18000000000001,95.71428571428571,1,14.68,100.0,100.0,1
7,p042,3,16,45.18000000000001,95.71428571428571,1,14.68,100.0,100.0,1
7,p042,3,32,45.18000000000001,95.71428571428571,1,25.64,100.0,100.0,1
7,p042,3,64,61.940000000000005,97.0,1,46.1,18.57142857142857,18.57142857142857,1
7,p042,4,1,18.14,100.0,0,18.14,100.0,100.0,1
7,p042,4,2,18.14,100.0,0,18.14,100.0,100.0,1
7,p042,4,4,18.14,100.0,0,18.14,100.0,100.0,1
7,p042,4,8,18.14,100.0,0,18.14,100.0,100.0,1
7,p042,4,16,27.1,98.0,0,27.1,98.0,98.0,1
7,p042,4,32,65.18,96.66666666666667,1,27.1,98.0,98.0,1
7,p042,4,64,65.18,96.66666666666667,1,27.1,98.0,98.0,1
7,p042,5,1,9.5,100.0,0,9.5,100.0,100.0,1
7,p042,5,2,9.5,100.0,0,9.5,100.0,100.0,1
7,p042,5,4,9.66,100.0,0,9.66,100.0,100.0,1
7,p042,5,8,15.14,100.0,0,15.14,100.0,100.0,1
7,p042,5,16,18.14,100.0,0,18.14,100.0,100.0,1
7,p042,5,32,33.22,98.33333333333333,1,24.1,100.0,100.0,1
7,p042,5,64,33.22,98.33333333333333,1,25.96,100.0,100.0,1
7,p042,6,1,18.46,100.0,0,18.46,100.0,100.0,1
7,p042,6,2,18.46,100.0,0,18.46,100.0,100.0,1
7,p042,6,4,18.46,100.0,0,18.46,100.0,100.0,1
7,p042,6,8,26.1,100.0,0,26.1,100.0,100.0,1
7,p042,6,16,26.1,100.0,0,26.1,100.0,100.0,1
7,p042,6,32,34.44,100.0,0,34.44,100.0,100.0,1
7,p042,6,64,89.2,93.52941176470588,1,34.76,100.0,100.0,1
7,p042,7,1,9.34,100.0,0,9.34,100.0,100.0,1
7,p042,7,2,9.34,100.0,0,9.34,100.0,100.0,1
7,p042,7,4,27.1,98.0,0,27.1,98.0,98.0,1
7,p042,7,8,27.1,98.0,0,27.1,98.0,98.0,1
7,p042,7,16,34.76,100.0,0,34.76,100.0,100.0,1
7,p042,7,32,34.76,100.0,0,34.76,100.0,100.0,1
7,p042,7,64,89.2,93.52941176470588,1,35.06,100.0,100.0,1
7,p042,8,1,12.82,100.0,0,12.82,100.0,100.0,1
7,p042,8,2,12.82,100.0,0,12.82,100.0,100.0,1
7,p042,8,4,17.36,20.0,1,12.82,100.0,100.0,1
7,p042,8,8,21.78,97.5,1,14.36,100.0,100.0,1
7,p042,8,16,21.78,97.5,1,20.84,20.0,20.0,1
7,p042,8,32,47.900000000000006,97.0,1,27.1,98.0,98.0,1
7,p042,8,64,47.900000000000006,97.0,1,33.06,98.33333333333333,98.33333333333333,1
7,p042,9,1,9.5,100.0,0,9.5,100.0,100.0,1
7,p042,9,2,18.46,100.0,0,18.46,100.0,100.0,1
7,p042,9,4,18.46,100.0,0,18.46,100.0,100.0,1
7,p042,9,8,18.46,100.0,0,18.46,100.0,100.0,1
7,p042,9,16,89.2,93.52941176470588,1,27.58,98.0,98.0,1
7,p042,9,32,89.2,93.52941176470588,1,34.6,100.0,100.0,1
7,p042,9,64,89.2,93.52941176470588,1,34.6,100.0,100.0,1
7,p042,10,1,25.96,100.0,0,25.96,100.0,100.0,1
7,p042,10,2,25.96,100.0,0,25.96,100.0,100.0,1
7,p042,10,4,47.879999999999995,97.0,1,25.96,100.0,100.0,1
7,p042,10,8,47.879999999999995,97.0,1,25.96,100.0,100.0,1
7,p042,10,16,47.879999999999995,97.0,1,25.96,100.0,100.0,1
7,p042,10,32,47.879999999999995,97.0,1,27.58,98.0,98.0,1
7,p042,10,64,47.879999999999995,97.0,1,33.06,98.33333333333333,98.33333333333333,1
7,p042,11,1,18.0,100.0,0,18.0,100.0,100.0,1
7,p042,11,2,47.260000000000005,97.0,1,18.0,100.0,100.0,1
7,p042,11,4,47.260000000000005,97.0,1,18.619999999999997,100.0,100.0,1
7,p042,11,8,47.260000000000005,97.0,1,18.619999999999997,100.0,100.0,1
7,p042,11,16,47.260000000000005,97.0,1,25.96,100.0,100.0,1
7,p042,11,32,49.63999999999999,16.666666666666664,1,26.96,98.0,98.0,1
7,p042,11,64,49.63999999999999,16.666666666666664,1,26.96,98.0,98.0,1
7,p043,0,1,11.56,20.0,0,11.56,20.0,20.0,1
7,p043,0,2,11.56,20.0,0,11.56,20.0,20.0,1
7,p043,0,4,25.96,100.0,0,25.96,100.0,100.0,1
7,p043,0,8,25.96,100.0,0,25.96,100.0,100.0,1
7,p043,0,16,35.08,100.0,1,26.419999999999998,100.0,100.0,1
7,p043,0,32,35.08,100.0,1,26.419999999999998,100.0,100.0,1
7,p043,0,64,50.42,16.666666666666664,1,46.1,18.57142857142857,18.57142857142857,1
7,p043,1,1,26.419999999999998,100.0,0,26.419999999999998,100.0,100.0,1
7,p043,1,2,26.419999999999998,100.0,0,26.419999999999998,100.0,100.0,1
7,p043,1,4,26.419999999999998,100.0,0,26.419999999999998,100.0,100.0,1
7,p043,1,8,26.419999999999998,100.0,0,26.419999999999998,100.0,100.0,1
7,p043,1,16,27.279999999999998,98.0,0,27.279999999999998,98.0,98.0,1
7,p043,1,32,34.76,100.0,0,34.76,100.0,100.0,1
7,p043,1,64,48.2,97.0,1,34.76,100.0,100.0,1
7,p043,2,1,9.98,100.0,0,9.98,100.0,100.0,1
7,p043,2,2,17.52,20.0,0,17.52,20.0,20.0,1
7,p043,2,4,17.52,20.0,0,17.52,20.0,20.0,1
7,p043,2,8,23.64,100.0,0,23.64,100.0,100.0,1
7,p043,2,16,48.22,97.0,1,27.9,98.0,98.0,1
7,p043,2,32,50.42,16.666666666666664,1,27.9,98.0,98.0,1
7,p043,2,64,50.42,16.666666666666664,1,27.9,98.0,98.0,1
7,p043,3,1,9.36,100.0,0,9.36,100.0,100.0,1
7,p043,3,2,27.74,98.0,0,27.74,98.0,98.0,1
7,p043,3,4,27.74,98.0,0,27.74,98.0,98.0,1
7,p043,3,8,27.74,98.0,0,27.74,98.0,98.0,1
7,p043,3,16,89.36,58.529411764705884,1,27.74,98.0,98.0,1
7,p043,3,32,89.36,58.529411764705884,1,27.74,98.0,98.0,1
7,p043,3,64,89.36,58.529411764705884,1,27.74,98.0,98.0,1
7,p043,4,1,18.619999999999997,100.0,0,18.619999999999997,100.0,100.0,1
7,p043,4,2,18.619999999999997,100.0,0,18.619999999999997,100.0,100.0,1
7,p043,4,4,18.619999999999997,100.0,0,18.619999999999997,100.0,100.0,1
7,p043,4,8,48.519999999999996,97.0,1,18.619999999999997,100.0,100.0,1
7,p043,4,16,48.519999999999996,97.0,1,26.419999999999998,100.0,100.0,1
7,p043,4,32,48.519999999999996,97.0,1,26.419999999999998,100.0,100.0,1
7,p043,4,64,48.519999999999996,97.0,1,27.74,98.0,98.0,1
7,p043,5,1,9.82,100.0,0,9.82,100.0,100.0,1
7,p043,5,2,9.82,100.0,0,9.82,100.0,100.0,1
7,p043,5,4,18.939999999999998,100.0,0,18.939999999999998,100.0,100.0,1
7,p043,5,8,20.52,20.0,0,20.52,20.0,20.0,1
7,p043,5,16,20.84,20.0,0,20.84,20.0,20.0,1
7,p043,5,32,50.42,16.666666666666664,1,32.9,98.33333333333333,98.33333333333333,1
7,p043,5,64,50.42,16.666666666666664,1,32.9,98.33333333333333,98.33333333333333,1
7,p043,6,1,9.5,100.0,0,9.5,100.0,100.0,1
7,p043,6,2,9.82,100.0,0,9.82,100.0,100.0,1
7,p043,6,4,9.82,100.0,0,9.82,100.0,100.0,1
7,p043,6,8,47.24,15.0,1,27.419999999999998,98.0,98.0,1
7,p043,6,16,47.24,15.0,1,27.58,98.0,98.0,1
7,p043,6,32,47.24,15.0,1,27.9,98.0,98.0,1
7,p043,6,64,88.9,58.529411764705884,1,35.44,18.0,18.0,1
7,p043,7,1,18.32,100.0,0,18.32,100.0,100.0,1
7,p043,7,2,20.22,20.0,0,20.22,20.0,20.0,1
7,p043,7,4,89.03999999999999,58.529411764705884,1,20.22,20.0,20.0,1
7,p043,7,8,89.03999999999999,58.529411764705884,1,20.36,20.0,20.0,1
7,p043,7,16,89.03999999999999,58.529411764705884,1,26.119999999999997,100.0,100.0,1
7,p043,7,32,89.03999999999999,58.529411764705884,1,26.119999999999997,100.0,100.0,1
7,p043,7,64,89.03999999999999,58.529411764705884,1,26.419999999999998,100.0,100.0,1
7,p043,8,1,9.5,100.0,0,9.5,100.0,100.0,1
7,p043,8,2,14.68,100.0,0,14.68,100.0,100.0,1
7,p043,8,4,27.9,98.0,0,27.9,98.0,98.0,1
7,p043,8,8,27.9,98.0,0,27.9,98.0,98.0,1
7,p043,8,16,32.9,98.33333333333333,0,32.9,98.33333333333333,98.33333333333333,1
7,p043,8,32,47.400000000000006,15.0,1,32.9,98.33333333333333,98.33333333333333,1
7,p043,8,64,47.400000000000006,15.0,1,32.9,98.33333333333333,98.33333333333333,1
7,p043,9,1,18.46,100.0,0,18.46,100.0,100.0,1
7,p043,9,2,23.96,100.0,0,23.96,100.0,100.0,1
7,p043,9,4,23.96,100.0,0,23.96,100.0,100.0,1
7,p043,9,8,25.799999999999997,100.0,0,25.799999999999997,100.0,100.0,1
7,p043,9,16,25.799999999999997,100.0,0,25.799999999999997,100.0,100.0,1
7,p043,9,32,47.74,97.0,1,26.279999999999998,100.0,100.0,1
7,p043,9,64,89.52,58.529411764705884,1,27.419999999999998,98.0,98.0,1
7,p043,10,1,9.66,100.0,0,9.66,100.0,100.0,1
7,p043,10,2,9.66,100.0,0,9.66,100.0,100.0,1
7,p043,10,4,36.66,20.0,1,9.66,100.0,100.0,1
7,p043,10,8,36.66,20.0,1,25.96,100.0,100.0,1
7,p043,10,16,36.66,20.0,1,26.419999999999998,100.0,100.0,1
7,p043,10,32,89.52,58.529411764705884,1,26.419999999999998,100.0,100.0,1
7,p043,10,64,89.52,58.529411764705884,1,27.58,98.0,98.0,1
7,p043,11,1,9.82,100.0,0,9.82,100.0,100.0,1
7,p043,11,2,18.32,100.0,0,18.32,100.0,100.0,1
7,p043,11,4,18.32,100.0,0,18.32,100.0,100.0,1
7,p043,11,8,100.0,58.68421052631579,1,18.32,100.0,100.0,1
7,p043,11,16,100.0,58.68421052631579,1,18.32,100.0,100.0,1
7,p043,11,32,100.0,58.68421052631579,1,27.9,98.0,98.0,1
7,p043,11,64,100.0,58.68421052631579,1,27.9,98.0,98.0,1
7,p044,0,1,9.36,100.0,0,9.36,100.0,100.0,1
7,p044,0,2,34.82,18.0,0,34.82,18.0,18.0,1
7,p044,0,4,34.82,18.0,0,34.82,18.0,18.0,1
7,p044,0,8,34.82,18.0,0,34.82,18.0,18.0,1
7,p044,0,16,34.82,18.0,0,34.82,18.0,18.0,1
7,p044,0,32,34.82,18.0,0,34.82,18.0,18.0,1
7,p044,0,64,56.7,97.27272727272728,1,34.82,18.0,18.0,1
7,p044,1,1,27.9,98.0,0,27.9,98.0,98.0,1
7,p044,1,2,27.9,98.0,0,27.9,98.0,98.0,1
7,p044,1,4,27.9,98.0,0,27.9,98.0,98.0,1
7,p044,1,8,27.9,98.0,0,27.9,98.0,98.0,1
7,p044,1,16,27.9,98.0,0,27.9,98.0,98.0,1
7,p044,1,32,89.03999999999999,58.529411764705884,1,27.9,98.0,98.0,1
7,p044,1,64,89.03999999999999,58.529411764705884,1,32.6,98.33333333333333,98.33333333333333,1
7,p044,2,1,4.180000000000001,100.0,0,4.180000000000001,100.0,100.0,1
7,p044,2,2,27.58,98.0,0,27.58,98.0,98.0,1
7,p044,2,4,27.58,98.0,0,27.58,98.0,98.0,1
7,p044,2,8,27.58,98.0,0,27.58,98.0,98.0,1
7,p044,2,16,27.58,98.0,0,27.58,98.0,98.0,1
7,p044,2,32,34.76,100.0,0,34.76,100.0,100.0,1
7,p044,2,64,34.76,100.0,0,34.76,100.0,100.0,1
7,p044,3,1,9.66,100.0,0,9.66,100.0,100.0,1
7,p044,3,2,9.66,100.0,0,9.66,100.0,100.0,1
7,p044,3,4,9.82,100.0,0,9.82,100.0,100.0,1
7,p044,3,8,18.78,100.0,0,18.78,100.0,100.0,1
7,p044,3,16,35.379999999999995,100.0,1,18.78,100.0,100.0,1
7,p044,3,32,35.379999999999995,100.0,1,26.119999999999997,100.0,100.0,1
7,p044,3,64,35.379999999999995,100.0,1,27.74,98.0,98.0,1
7,p044,4,1,48.2,97.0,1,,,0.0,0
7,p044,4,2,48.2,97.0,1,9.82,100.0,100.0,1
7,p044,4,4,48.2,97.0,1,9.82,100.0,100.0,1
7,p044,4,8,48.2,97.0,1,9.98,100.0,100.0,1
7,p044,4,16,48.2,97.0,1,20.36,20.0,20.0,1
7,p044,4,32,51.300000000000004,96.25,1,27.9,98.0,98.0,1
7,p044,4,64,93.52,13.529411764705882,1,27.9,98.0,98.0,1
7,p044,5,1,9.5,100.0,0,9.5,100.0,100.0,1
7,p044,5,2,9.5,100.0,0,9.5,100.0,100.0,1
7,p044,5,4,24.58,100.0,0,24.58,100.0,100.0,1
7,p044,5,8,24.58,100.0,0,24.58,100.0,100.0,1
7,p044,5,16,24.58,100.0,0,24.58,100.0,100.0,1
7,p044,5,32,50.42,16.666666666666664,1,24.58,100.0,100.0,1
7,p044,5,64,50.42,16.666666666666664,1,27.9,98.0,98.0,1
7,p044,6,1,9.82,100.0,0,9.82,100.0,100.0,1
7,p044,6,2,9.82,100.0,0,9.82,100.0,100.0,1
7,p044,6,4,16.9,20.0,1,11.4,20.0,20.0,1
7,p044,6,8,16.9,20.0,1,11.4,20.0,20.0,1
7,p044,6,16,35.379999999999995,100.0,1,25.799999999999997,100.0,100.0,1
7,p044,6,32,48.22,97.0,1,25.799999999999997,100.0,100.0,1
7,p044,6,64,59.08,17.0,1,25.799999999999997,100.0,100.0,1
7,p044,7,1,9.98,100.0,0,9.98,100.0,100.0,1
7,p044,7,2,9.98,100.0,0,9.98,100.0,100.0,1
7,p044,7,4,22.1,97.5,1,9.98,100.0,100.0,1
7,p044,7,8,89.03999999999999,58.529411764705884,1,9.98,100.0,100.0,1
7,p044,7,16,89.03999999999999,58.529411764705884,1,27.419999999999998,98.0,98.0,1
7,p044,7,32,89.03999999999999,58.529411764705884,1,27.74,98.0,98.0,1
7,p044,7,64,89.03999999999999,58.529411764705884,1,27.74,98.0,98.0,1
7,p044,8,1,11.88,20.0,0,11.88,20.0,20.0,1
7,p044,8,2,11.88,20.0,0,11.88,20.0,20.0,1
7,p044,8,4,11.88,20.0,0,11.88,20.0,20.0,1
7,p044,8,8,26.419999999999998,100.0,0,26.419999999999998,100.0,100.0,1
7,p044,8,16,26.419999999999998,100.0,0,26.419999999999998,100.0,100.0,1
7,p044,8,32,89.36,58.529411764705884,1,26.419999999999998,100.0,100.0,1
7,p044,8,64,89.36,58.529411764705884,1,27.58,98.0,98.0,1
7,p044,9,1,9.82,100.0,0,9.82,100.0,100.0,1
7,p044,9,2,9.82,100.0,0,9.82,100.0,100.0,1
7,p044,9,4,11.4,20.0,0,11.4,20.0,20.0,1
7,p044,9,8,35.379999999999995,100.0,1,18.619999999999997,100.0,100.0,1
7,p044,9,16,49.63999999999999,16.666666666666664,1,27.279999999999998,98.0,98.0,1
7,p044,9,32,49.63999999999999,16.666666666666664,1,27.279999999999998,98.0,98.0,1
7,p044,9,64,49.63999999999999,16.666666666666664,1,27.279999999999998,98.0,98.0,1
7,p044,10,1,15.0,100.0,0,15.0,100.0,100.0,1
7,p044,10,2,15.0,100.0,0,15.0,100.0,100.0,1
7,p044,10,4,15.0,100.0,0,15.0,100.0,100.0,1
7,p044,10,8,15.0,100.0,0,15.0,100.0,100.0,1
7,p044,10,16,36.82,20.0,1,27.279999999999998,98.0,98.0,1
7,p044,10,32,36.82,20.0,1,27.279999999999998,98.0,98.0,1
7,p044,10,64,36.82,20.0,1,27.58,98.0,98.0,1
7,p044,11,1,27.58,98.0,0,27.58,98.0,98.0,1
7,p044,11,2,27.58,98.0,0,27.58,98.0,98.0,1
7,p044,11,4,27.58,98.0,0,27.58,98.0,98.0,1
7,p044,11,8,27.58,98.0,0,27.58,98.0,98.0,1
7,p044,11,16,43.72,98.75,1,32.6,98.33333333333333,98.33333333333333,1
7,p044,11,32,44.2,98.75,1,32.6,98.33333333333333,98.33333333333333,1
7,p044,11,64,44.2,98.75,1,32.6,98.33333333333333,98.33333333333333,1
7,p045,0,1,4.180000000000001,100.0,0,4.180000000000001,100.0,100.0,1
7,p045,0,2,4.180000000000001,100.0,0,4.180000000000001,100.0,100.0,1
7,p045,0,4,9.98,100.0,0,9.98,100.0,100.0,1
7,p045,0,8,23.96,100.0,0,23.96,100.0,100.0,1
7,p045,0,16,47.400000000000006,15.0,1,26.48,20.0,20.0,1
7,p045,0,32,47.400000000000006,15.0,1,27.279999999999998,98.0,98.0,1
7,p045,0,64,47.400000000000006,15.0,1,27.279999999999998,98.0,98.0,1
7,p045,1,1,9.82,100.0,0,9.82,100.0,100.0,1
7,p045,1,2,9.82,100.0,0,9.82,100.0,100.0,1
7,p045,1,4,14.68,100.0,0,14.68,100.0,100.0,1
7,p045,1,8,27.74,98.0,0,27.74,98.0,98.0,1
7,p045,1,16,56.7,97.27272727272728,1,27.74,98.0,98.0,1
7,p045,1,32,56.7,97.27272727272728,1,35.28,18.0,18.0,1
7,p045,1,64,56.7,97.27272727272728,1,35.28,18.0,18.0,1
7,p045,2,1,9.5,100.0,0,9.5,100.0,100.0,1
7,p045,2,2,16.880000000000003,20.0,1,9.5,100.0,100.0,1
7,p045,2,4,27.279999999999998,98.0,0,27.279999999999998,98.0,98.0,1
7,p045,2,8,27.279999999999998,98.0,0,27.279999999999998,98.0,98.0,1
7,p045,2,16,45.2,95.71428571428571,1,27.279999999999998,98.0,98.0,1
7,p045,2,32,57.48,97.27272727272728,1,27.279999999999998,98.0,98.0,1
7,p045,2,64,100.0,58.68421052631579,1,27.279999999999998,98.0,98.0,1
7,p045,3,1,9.36,100.0,0,9.36,100.0,100.0,1
7,p045,3,2,9.66,100.0,0,9.66,100.0,100.0,1
7,p045,3,4,56.54,97.27272727272728,1,11.72,20.0,20.0,1
7,p045,3,8,56.54,97.27272727272728,1,18.46,100.0,100.0,1
7,p045,3,16,56.54,97.27272727272728,1,26.419999999999998,100.0,100.0,1
7,p045,3,32,56.54,97.27272727272728,1,27.279999999999998,98.0,98.0,1
7,p045,3,64,56.54,97.27272727272728,1,32.9,98.33333333333333,98.33333333333333,1
7,p045,4,1,15.459999999999999,100.0,0,15.459999999999999,100.0,100.0,1
7,p045,4,2,15.459999999999999,100.0,0,15.459999999999999,100.0,100.0,1
7,p045,4,4,18.78,100.0,0,18.78,100.0,100.0,1
7,p045,4,8,18.78,100.0,0,18.78,100.0,100.0,1
7,p045,4,16,28.18,20.0,1,18.78,100.0,100.0,1
7,p045,4,32,33.54,98.33333333333333,1,18.78,100.0,100.0,1
7,p045,4,64,57.48,97.27272727272728,1,26.119999999999997,100.0,100.0,1
7,p045,5,1,9.82,100.0,0,9.82,100.0,100.0,1
7,p045,5,2,11.88,20.0,0,11.88,20.0,20.0,1
7,p045,5,4,26.279999999999998,100.0,0,26.279999999999998,100.0,100.0,1
7,p045,5,8,26.419999999999998,100.0,0,26.419999999999998,100.0,100.0,1
7,p045,5,16,89.36,58.529411764705884,1,27.58,98.0,98.0,1
7,p045,5,32,89.36,58.529411764705884,1,27.58,98.0,98.0,1
7,p045,5,64,89.36,58.529411764705884,1,35.44,18.0,18.0,1
7,p045,6,1,9.36,100.0,0,9.36,100.0,100.0,1
7,p045,6,2,9.5,100.0,0,9.5,100.0,100.0,1
7,p045,6,4,48.22,97.0,1,9.66,100.0,100.0,1
7,p045,6,8,48.22,97.0,1,15.459999999999999,100.0,100.0,1
7,p045,6,16,50.1,16.666666666666664,1,18.32,100.0,100.0,1
7,p045,6,32,50.1,16.666666666666664,1,27.58,98.0,98.0,1
7,p045,6,64,50.1,16.666666666666664,1,27.58,98.0,98.0,1
7,p045,7,1,18.619999999999997,100.0,0,18.619999999999997,100.0,100.0,1
7,p045,7,2,18.619999999999997,100.0,0,18.619999999999997,100.0,100.0,1
7,p045,7,4,18.939999999999998,100.0,0,18.939999999999998,100.0,100.0,1
7,p045,7,8,24.419999999999998,100.0,0,24.419999999999998,100.0,100.0,1
7,p045,7,16,27.74,98.0,0,27.74,98.0,98.0,1
7,p045,7,32,27.9,98.0,0,27.9,98.0,98.0,1
7,p045,7,64,47.74,97.0,1,27.9,98.0,98.0,1
7,p045,8,1,15.0,100.0,0,15.0,100.0,100.0,1
7,p045,8,2,15.0,100.0,0,15.0,100.0,100.0,1
7,p045,8,4,15.0,100.0,0,15.0,100.0,100.0,1
7,p045,8,8,27.86,20.0,1,27.279999999999998,98.0,98.0,1
7,p045,8,16,47.58,97.0,1,27.279999999999998,98.0,98.0,1
7,p045,8,32,47.58,97.0,1,27.9,98.0,98.0,1
7,p045,8,64,47.58,97.0,1,27.9,98.0,98.0,1
7,p045,9,1,9.82,100.0,0,9.82,100.0,100.0,1
7,p045,9,2,9.98,100.0,0,9.98,100.0,100.0,1
7,p045,9,4,16.58,20.0,1,9.98,100.0,100.0,1
7,p045,9,8,16.58,20.0,1,9.98,100.0,100.0,1
7,p045,9,16,18.32,100.0,0,18.32,100.0,100.0,1
7,p045,9,32,27.279999999999998,98.0,0,27.279999999999998,98.0,98.0,1
7,p045,9,64,100.0,58.68421052631579,1,32.6,98.33333333333333,98.33333333333333,1
7,p045,10,1,9.98,100.0,0,9.98,100.0,100.0,1
7,p045,10,2,47.74,97.0,1,9.98,100.0,100.0,1
7,p045,10,4,48.519999999999996,97.0,1,14.68,100.0,100.0,1
7,p045,10,8,48.519999999999996,97.0,1,14.68,100.0,100.0,1
7,p045,10,16,48.519999999999996,97.0,1,27.58,98.0,98.0,1
7,p045,10,32,48.519999999999996,97.0,1,27.58,98.0,98.0,1
7,p045,10,64,57.18,97.27272727272728,1,27.58,98.0,98.0,1
7,p045,11,1,15.459999999999999,100.0,0,15.459999999999999,100.0,100.0,1
7,p045,11,2,15.459999999999999,100.0,0,15.459999999999999,100.0,100.0,1
7,p045,11,4,15.459999999999999,100.0,0,15.459999999999999,100.0,100.0,1
7,p045,11,8,24.419999999999998,100.0,0,24.419999999999998,100.0,100.0,1
7,p045,11,16,24.419999999999998,100.0,0,24.419999999999998,100.0,100.0,1
7,p045,11,32,89.52,58.529411764705884,1,24.419999999999998,100.0,100.0,1
7,p045,11,64,89.52,58.529411764705884,1,34.5,18.0,18.0,1
7,p046,0,1,19.240000000000002,100.0,0,19.240000000000002,100.0,100.0,1
7,p046,0,2,19.240000000000002,100.0,0,19.240000000000002,100.0,100.0,1
7,p046,0,4,19.240000000000002,100.0,0,19.240000000000002,100.0,100.0,1
7,p046,0,8,28.32,20.0,1,24.560000000000002,100.0,100.0,1
7,p046,0,16,89.2,58.529411764705884,1,24.560000000000002,100.0,100.0,1
7,p046,0,32,89.2,58.529411764705884,1,28.36,98.0,98.0,1
7,p046,0,64,93.52,13.529411764705882,1,28.36,98.0,98.0,1
7,p046,1,1,29.18,17.5,1,,,0.0,0
7,p046,1,2,29.18,17.5,1,11.88,20.0,20.0,1
7,p046,1,4,29.18,17.5,1,11.88,20.0,20.0,1
7,p046,1,8,29.18,17.5,1,11.88,20.0,20.0,1
7,p046,1,16,29.18,17.5,1,26.9,100.0,100.0,1
7,p046,1,32,29.18,17.5,1,26.9,100.0,100.0,1
7,p046,1,64,98.16,58.888888888888886,1,28.2,98.0,98.0,1
7,p046,2,1,10.600000000000001,100.0,0,10.600000000000001,100.0,100.0,1
7,p046,2,2,10.600000000000001,100.0,0,10.600000000000001,100.0,100.0,1
7,p046,2,4,19.4,100.0,0,19.4,100.0,100.0,1
7,p046,2,8,19.4,100.0,0,19.4,100.0,100.0,1
7,p046,2,16,28.52,98.0,1,28.2,98.0,98.0,1
7,p046,2,32,28.52,98.0,1,28.2,98.0,98.0,1
7,p046,2,64,100.0,13.0,1,28.2,98.0,98.0,1
7,p046,3,1,9.98,100.0,0,9.98,100.0,100.0,1
7,p046,3,2,27.04,100.0,0,27.04,100.0,100.0,1
7,p046,3,4,27.04,100.0,0,27.04,100.0,100.0,1
7,p046,3,8,28.52,98.0,1,27.04,100.0,100.0,1
7,p046,3,16,29.18,17.5,1,27.04,100.0,100.0,1
7,p046,3,32,46.28,95.71428571428571,1,27.04,100.0,100.0,1
7,p046,3,64,89.82,58.529411764705884,1,28.04,98.0,98.0,1
7,p046,4,1,28.52,98.0,1,,,0.0,0
7,p046,4,2,28.52,98.0,1,9.98,100.0,100.0,1
7,p046,4,4,28.52,98.0,1,15.3,100.0,100.0,1
7,p046,4,8,37.14,20.0,1,24.58,100.0,100.0,1
7,p046,4,16,37.14,20.0,1,24.58,100.0,100.0,1
7,p046,4,32,37.14,20.0,1,26.58,100.0,100.0,1
7,p046,4,64,89.2,58.529411764705884,1,26.74,100.0,100.0,1
7,p046,5,1,10.120000000000001,100.0,0,10.120000000000001,100.0,100.0,1
7,p046,5,2,19.08,100.0,0,19.08,100.0,100.0,1
7,p046,5,4,19.08,100.0,0,19.08,100.0,100.0,1
7,p046,5,8,26.419999999999998,100.0,0,26.419999999999998,100.0,100.0,1
7,p046,5,16,26.419999999999998,100.0,0,26.419999999999998,100.0,100.0,1
7,p046,5,32,48.36,97.0,1,27.04,100.0,100.0,1
7,p046,5,64,48.36,97.0,1,27.04,100.0,100.0,1
7,p046,6,1,10.440000000000001,100.0,0,10.440000000000001,100.0,100.0,1
7,p046,6,2,10.440000000000001,100.0,0,10.440000000000001,100.0,100.0,1
7,p046,6,4,19.240000000000002,100.0,0,19.240000000000002,100.0,100.0,1
7,p046,6,8,19.240000000000002,100.0,0,19.240000000000002,100.0,100.0,1
7,p046,6,16,20.22,20.0,0,20.22,20.0,20.0,1
7,p046,6,32,48.82000000000001,97.0,1,26.74,100.0,100.0,1
7,p046,6,64,67.06,96.66666666666667,1,26.74,100.0,100.0,1
7,p046,7,1,18.939999999999998,100.0,0,18.939999999999998,100.0,100.0,1
7,p046,7,2,18.939999999999998,100.0,0,18.939999999999998,100.0,100.0,1
7,p046,7,4,19.4,100.0,0,19.4,100.0,100.0,1
7,p046,7,8,57.32,97.27272727272728,1,19.4,100.0,100.0,1
7,p046,7,16,57.32,97.27272727272728,1,19.4,100.0,100.0,1
7,p046,7,32,57.32,97.27272727272728,1,27.04,100.0,100.0,1
7,p046,7,64,57.32,97.27272727272728,1,27.04,100.0,100.0,1
7,p046,8,1,11.72,20.0,0,11.72,20.0,20.0,1
7,p046,8,2,11.72,20.0,0,11.72,20.0,20.0,1
7,p046,8,4,11.72,20.0,0,11.72,20.0,20.0,1
7,p046,8,8,19.560000000000002,100.0,0,19.560000000000002,100.0,100.0,1
7,p046,8,16,20.84,20.0,0,20.84,20.0,20.0,1
7,p046,8,32,51.46,96.25,1,28.04,98.0,98.0,1
7,p046,8,64,51.46,96.25,1,28.04,98.0,98.0,1
7,p046,9,1,4.8,100.0,0,4.8,100.0,100.0,1
7,p046,9,2,10.600000000000001,100.0,0,10.600000000000001,100.0,100.0,1
7,p046,9,4,11.88,20.0,0,11.88,20.0,20.0,1
7,p046,9,8,19.4,100.0,0,19.4,100.0,100.0,1
7,p046,9,16,19.4,100.0,0,19.4,100.0,100.0,1
7,p046,9,32,89.82,58.529411764705884,1,24.58,100.0,100.0,1
7,p046,9,64,89.82,58.529411764705884,1,26.74,100.0,100.0,1
7,p046,10,1,19.08,100.0,0,19.08,100.0,100.0,1
7,p046,10,2,19.08,100.0,0,19.08,100.0,100.0,1
7,p046,10,4,19.08,100.0,0,19.08,100.0,100.0,1
7,p046,10,8,27.04,100.0,0,27.04,100.0,100.0,1
7,p046,10,16,27.04,100.0,0,27.04,100.0,100.0,1
7,p046,10,32,46.44,95.71428571428571,1,27.04,100.0,100.0,1
7,p046,10,64,48.839999999999996,97.0,1,27.04,100.0,100.0,1
7,p046,11,1,11.72,20.0,0,11.72,20.0,20.0,1
7,p046,11,2,11.72,20.0,0,11.72,20.0,20.0,1
7,p046,11,4,27.9,98.0,0,27.9,98.0,98.0,1
7,p046,11,8,98.16,58.888888888888886,1,27.9,98.0,98.0,1
7,p046,11,16,98.16,58.888888888888886,1,28.2,98.0,98.0,1
7,p046,11,32,98.16,58.888888888888886,1,28.2,98.0,98.0,1
7,p046,11,64,98.16,58.888888888888886,1,28.2,98.0,98.0,1
7,p047,0,1,9.98,100.0,0,9.98,100.0,100.0,1
7,p047,0,2,10.440000000000001,100.0,0,10.440000000000001,100.0,100.0,1
7,p047,0,4,27.9,98.0,0,27.9,98.0,98.0,1
7,p047,0,8,49.14,97.0,1,27.9,98.0,98.0,1
7,p047,0,16,49.14,97.0,1,27.9,98.0,98.0,1
7,p047,0,32,89.5,58.529411764705884,1,27.9,98.0,98.0,1
7,p047,0,64,100.0,58.68421052631579,1,27.9,98.0,98.0,1
7,p047,1,1,11.56,20.0,0,11.56,20.0,20.0,1
7,p047,1,2,11.56,20.0,0,11.56,20.0,20.0,1
7,p047,1,4,16.240000000000002,100.0,0,16.240000000000002,100.0,100.0,1
7,p047,1,8,16.240000000000002,100.0,0,16.240000000000002,100.0,100.0,1
7,p047,1,16,89.82,58.529411764705884,1,28.04,98.0,98.0,1
7,p047,1,32,89.82,58.529411764705884,1,28.04,98.0,98.0,1
7,p047,1,64,89.82,58.529411764705884,1,28.36,98.0,98.0,1
7,p047,2,1,10.120000000000001,100.0,0,10.120000000000001,100.0,100.0,1
7,p047,2,2,36.66,20.0,1,10.120000000000001,100.0,100.0,1
7,p047,2,4,36.66,20.0,1,10.120000000000001,100.0,100.0,1
7,p047,2,8,36.66,20.0,1,11.56,20.0,20.0,1
7,p047,2,16,36.66,20.0,1,19.4,100.0,100.0,1
7,p047,2,32,36.66,20.0,1,28.2,98.0,98.0,1
7,p047,2,64,89.82,58.529411764705884,1,28.2,98.0,98.0,1
7,p047,3,1,10.120000000000001,100.0,0,10.120000000000001,100.0,100.0,1
7,p047,3,2,26.74,100.0,0,26.74,100.0,100.0,1
7,p047,3,4,28.04,98.0,0,28.04,98.0,98.0,1
7,p047,3,8,28.04,98.0,0,28.04,98.0,98.0,1
7,p047,3,16,36.0,100.0,1,28.04,98.0,98.0,1
7,p047,3,32,49.48,16.666666666666664,1,28.04,98.0,98.0,1
7,p047,3,64,49.48,16.666666666666664,1,28.04,98.0,98.0,1
7,p047,4,1,10.600000000000001,100.0,0,10.600000000000001,100.0,100.0,1
7,p047,4,2,11.56,20.0,0,11.56,20.0,20.0,1
7,p047,4,4,15.600000000000001,100.0,0,15.600000000000001,100.0,100.0,1
7,p047,4,8,26.419999999999998,100.0,0,26.419999999999998,100.0,100.0,1
7,p047,4,16,35.379999999999995,100.0,1,26.419999999999998,100.0,100.0,1
7,p047,4,32,48.839999999999996,97.0,1,26.419999999999998,100.0,100.0,1
7,p047,4,64,48.839999999999996,97.0,1,26.74,100.0,100.0,1
7,p047,5,1,10.600000000000001,100.0,0,10.600000000000001,100.0,100.0,1
7,p047,5,2,19.240000000000002,100.0,0,19.240000000000002,100.0,100.0,1
7,p047,5,4,19.240000000000002,100.0,0,19.240000000000002,100.0,100.0,1
7,p047,5,8,24.560000000000002,100.0,0,24.560000000000002,100.0,100.0,1
7,p047,5,16,24.560000000000002,100.0,0,24.560000000000002,100.0,100.0,1
7,p047,5,32,44.660000000000004,98.75,1,28.04,98.0,98.0,1
7,p047,5,64,48.839999999999996,97.0,1,28.04,98.0,98.0,1
7,p047,6,1,4.8,100.0,0,4.8,100.0,100.0,1
7,p047,6,2,10.600000000000001,100.0,0,10.600000000000001,100.0,100.0,1
7,p047,6,4,19.08,100.0,0,19.08,100.0,100.0,1
7,p047,6,8,28.2,98.0,0,28.2,98.0,98.0,1
7,p047,6,16,28.52,98.0,1,28.2,98.0,98.0,1
7,p047,6,32,48.839999999999996,97.0,1,28.36,98.0,98.0,1
7,p047,6,64,66.28,96.66666666666667,1,28.36,98.0,98.0,1
7,p047,7,1,10.600000000000001,100.0,0,10.600000000000001,100.0,100.0,1
7,p047,7,2,10.600000000000001,100.0,0,10.600000000000001,100.0,100.0,1
7,p047,7,4,11.4,20.0,0,11.4,20.0,20.0,1
7,p047,7,8,19.4,100.0,0,19.4,100.0,100.0,1
7,p047,7,16,36.0,100.0,1,28.04,98.0,98.0,1
7,p047,7,32,36.0,100.0,1,28.04,98.0,98.0,1
7,p047,7,64,48.82000000000001,97.0,1,28.04,98.0,98.0,1
7,p047,8,1,10.600000000000001,100.0,0,10.600000000000001,100.0,100.0,1
7,p047,8,2,10.600000000000001,100.0,0,10.600000000000001,100.0,100.0,1
7,p047,8,4,18.939999999999998,100.0,0,18.939999999999998,100.0,100.0,1
7,p047,8,8,26.9,100.0,0,26.9,100.0,100.0,1
7,p047,8,16,26.9,100.0,0,26.9,100.0,100.0,1
7,p047,8,32,45.82000000000001,95.71428571428571,1,26.9,100.0,100.0,1
7,p047,8,64,51.44,96.25,1,26.9,100.0,100.0,1
7,p047,9,1,10.120000000000001,100.0,0,10.120000000000001,100.0,100.0,1
7,p047,9,2,15.600000000000001,100.0,0,15.600000000000001,100.0,100.0,1
7,p047,9,4,15.600000000000001,100.0,0,15.600000000000001,100.0,100.0,1
7,p047,9,8,26.9,100.0,0,26.9,100.0,100.0,1
7,p047,9,16,33.22,98.33333333333333,1,26.9,100.0,100.0,1
7,p047,9,32,44.660000000000004,98.75,1,27.04,100.0,100.0,1
7,p047,9,64,44.660000000000004,98.75,1,28.36,98.0,98.0,1
7,p047,10,1,16.08,100.0,0,16.08,100.0,100.0,1
7,p047,10,2,16.08,100.0,0,16.08,100.0,100.0,1
7,p047,10,4,26.58,100.0,0,26.58,100.0,100.0,1
7,p047,10,8,26.58,100.0,0,26.58,100.0,100.0,1
7,p047,10,16,26.58,100.0,0,26.58,100.0,100.0,1
7,p047,10,32,58.599999999999994,17.0,1,28.2,98.0,98.0,1
7,p047,10,64,58.599999999999994,17.0,1,28.2,98.0,98.0,1
7,p047,11,1,9.98,100.0,0,9.98,100.0,100.0,1
7,p047,11,2,10.280000000000001,100.0,0,10.280000000000001,100.0,100.0,1
7,p047,11,4,29.32,17.5,1,10.280000000000001,100.0,100.0,1
7,p047,11,8,29.32,17.5,1,26.74,100.0,100.0,1
7,p047,11,16,29.32,17.5,1,27.9,98.0,98.0,1
7,p047,11,32,29.32,17.5,1,27.9,98.0,98.0,1
7,p047,11,64,35.86,100.0,1,27.9,98.0,98.0,1
7,p048,0,1,10.440000000000001,100.0,0,10.440000000000001,100.0,100.0,1
7,p048,0,2,10.440000000000001,100.0,0,10.440000000000001,100.0,100.0,1
7,p048,0,4,11.26,20.0,0,11.26,20.0,20.0,1
7,p048,0,8,28.04,98.0,0,28.04,98.0,98.0,1
7,p048,0,16,28.2,98.0,0,28.2,98.0,98.0,1
7,p048,0,32,48.839999999999996,97.0,1,28.2,98.0,98.0,1
7,p048,0,64,57.8,97.27272727272728,1,28.2,98.0,98.0,1
7,p048,1,1,18.939999999999998,100.0,0,18.939999999999998,100.0,100.0,1
7,p048,1,2,20.84,20.0,0,20.84,20.0,20.0,1
7,p048,1,4,40.64,95.0,1,24.58,100.0,100.0,1
7,p048,1,8,40.64,95.0,1,24.58,100.0,100.0,1
7,p048,1,16,40.64,95.0,1,24.58,100.0,100.0,1
7,p048,1,32,40.64,95.0,1,28.36,98.0,98.0,1
7,p048,1,64,48.36,97.0,1,28.36,98.0,98.0,1
7,p048,2,1,10.120000000000001,100.0,0,10.120000000000001,100.0,100.0,1
7,p048,2,2,10.600000000000001,100.0,0,10.600000000000001,100.0,100.0,1
7,p048,2,4,10.600000000000001,100.0,0,10.600000000000001,100.0,100.0,1
7,p048,2,8,35.7,100.0,1,11.88,20.0,20.0,1
7,p048,2,16,35.7,100.0,1,19.4,100.0,100.0,1
7,p048,2,32,35.7,100.0,1,19.4,100.0,100.0,1
7,p048,2,64,35.7,100.0,1,28.36,98.0,98.0,1
7,p048,3,1,15.600000000000001,100.0,0,15.600000000000001,100.0,100.0,1
7,p048,3,2,15.62,100.0,0,15.62,100.0,100.0,1
7,p048,3,4,15.62,100.0,0,15.62,100.0,100.0,1
7,p048,3,8,26.58,100.0,0,26.58,100.0,100.0,1
7,p048,3,16,57.16,97.27272727272728,1,26.58,100.0,100.0,1
7,p048,3,32,57.16,97.27272727272728,1,26.58,100.0,100.0,1
7,p048,3,64,89.82,58.529411764705884,1,26.58,100.0,100.0,1
7,p048,4,1,10.280000000000001,100.0,0,10.280000000000001,100.0,100.0,1
7,p048,4,2,10.280000000000001,100.0,0,10.280000000000001,100.0,100.0,1
7,p048,4,4,20.68,20.0,0,20.68,20.0,20.0,1
7,p048,4,8,34.8,18.0,0,34.8,18.0,18.0,1
7,p048,4,16,49.14,97.0,1,34.8,18.0,18.0,1
7,p048,4,32,49.14,97.0,1,34.8,18.0,18.0,1
7,p048,4,64,100.0,58.68421052631579,1,34.8,18.0,18.0,1
7,p048,5,1,13.76,100.0,0,13.76,100.0,100.0,1
7,p048,5,2,13.76,100.0,0,13.76,100.0,100.0,1
7,p048,5,4,49.14,97.0,1,13.76,100.0,100.0,1
7,p048,5,8,49.14,97.0,1,16.08,100.0,100.0,1
7,p048,5,16,49.14,97.0,1,25.04,100.0,100.0,1
7,p048,5,32,93.82,13.529411764705882,1,25.04,100.0,100.0,1
7,p048,5,64,93.82,13.529411764705882,1,25.04,100.0,100.0,1
7,p048,6,1,10.440000000000001,100.0,0,10.440000000000001,100.0,100.0,1
7,p048,6,2,10.600000000000001,100.0,0,10.600000000000001,100.0,100.0,1
7,p048,6,4,15.040000000000001,20.0,0,15.040000000000001,20.0,20.0,1
7,p048,6,8,17.52,20.0,0,17.52,20.0,20.0,1
7,p048,6,16,17.52,20.0,0,17.52,20.0,20.0,1
7,p048,6,32,49.14,97.0,1,28.36,98.0,98.0,1
7,p048,6,64,49.14,97.0,1,28.36,98.0,98.0,1
7,p048,7,1,28.52,98.0,1,,,0.0,0
7,p048,7,2,28.52,98.0,1,,,0.0,0
7,p048,7,4,28.52,98.0,1,13.76,100.0,100.0,1
7,p048,7,8,28.52,98.0,1,13.76,100.0,100.0,1
7,p048,7,16,64.02000000000001,16.666666666666664,1,28.2,98.0,98.0,1
7,p048,7,32,64.02000000000001,16.666666666666664,1,28.2,98.0,98.0,1
7,p048,7,64,64.02000000000001,16.666666666666664,1,28.36,98.0,98.0,1
7,p048,8,1,11.26,20.0,0,11.26,20.0,20.0,1
7,p048,8,2,11.26,20.0,0,11.26,20.0,20.0,1
7,p048,8,4,26.419999999999998,100.0,0,26.419999999999998,100.0,100.0,1
7,p048,8,8,26.419999999999998,100.0,0,26.419999999999998,100.0,100.0,1
7,p048,8,16,28.36,98.0,0,28.36,98.0,98.0,1
7,p048,8,32,28.36,98.0,0,28.36,98.0,98.0,1
7,p048,8,64,37.14,20.0,1,28.36,98.0,98.0,1
7,p048,9,1,28.36,98.0,0,28.36,98.0,98.0,1
7,p048,9,2,28.36,98.0,0,28.36,98.0,98.0,1
7,p048,9,4,28.36,98.0,0,28.36,98.0,98.0,1
7,p048,9,8,28.36,98.0,0,28.36,98.0,98.0,1
7,p048,9,16,89.82,58.529411764705884,1,28.36,98.0,98.0,1
7,p048,9,32,89.82,58.529411764705884,1,28.36,98.0,98.0,1
7,p048,9,64,89.82,58.529411764705884,1,28.36,98.0,98.0,1
7,p048,10,1,26.9,100.0,0,26.9,100.0,100.0,1
7,p048,10,2,26.9,100.0,0,26.9,100.0,100.0,1
7,p048,10,4,26.9,100.0,0,26.9,100.0,100.0,1
7,p048,10,8,26.9,100.0,0,26.9,100.0,100.0,1
7,p048,10,16,26.9,100.0,0,26.9,100.0,100.0,1
7,p048,10,32,27.9,98.0,0,27.9,98.0,98.0,1
7,p048,10,64,57.8,97.27272727272728,1,28.36,98.0,98.0,1
7,p048,11,1,10.280000000000001,100.0,0,10.280000000000001,100.0,100.0,1
7,p048,11,2,15.3,100.0,0,15.3,100.0,100.0,1
7,p048,11,4,27.04,100.0,0,27.04,100.0,100.0,1
7,p048,11,8,27.04,100.0,0,27.04,100.0,100.0,1
7,p048,11,16,35.86,100.0,1,27.04,100.0,100.0,1
7,p048,11,32,35.86,100.0,1,27.04,100.0,100.0,1
7,p048,11,64,57.32,97.27272727272728,1,27.04,100.0,100.0,1
19,p037,0,1,9.5,100.0,0,9.5,100.0,100.0,1
19,p037,0,2,9.5,100.0,0,9.5,100.0,100.0,1
19,p037,0,4,9.5,100.0,0,9.5,100.0,100.0,1
19,p037,0,8,58.44,17.0,1,27.419999999999998,98.0,98.0,1
19,p037,0,16,58.44,17.0,1,27.419999999999998,98.0,98.0,1
19,p037,0,32,58.44,17.0,1,27.419999999999998,98.0,98.0,1
19,p037,0,64,58.44,17.0,1,27.419999999999998,98.0,98.0,1
19,p037,1,1,3.8600000000000003,100.0,0,3.8600000000000003,100.0,100.0,1
19,p037,1,2,9.66,100.0,0,9.66,100.0,100.0,1
19,p037,1,4,9.66,100.0,0,9.66,100.0,100.0,1
19,p037,1,8,24.259999999999998,100.0,0,24.259999999999998,100.0,100.0,1
19,p037,1,16,24.259999999999998,100.0,0,24.259999999999998,100.0,100.0,1
19,p037,1,32,25.799999999999997,100.0,0,25.799999999999997,100.0,100.0,1
19,p037,1,64,25.799999999999997,100.0,0,25.799999999999997,100.0,100.0,1
19,p037,2,1,9.34,100.0,0,9.34,100.0,100.0,1
19,p037,2,2,20.36,20.0,0,20.36,20.0,20.0,1
19,p037,2,4,20.36,20.0,0,20.36,20.0,20.0,1
19,p037,2,8,25.96,100.0,0,25.96,100.0,100.0,1
19,p037,2,16,28.18,20.0,1,25.96,100.0,100.0,1
19,p037,2,32,28.18,20.0,1,25.96,100.0,100.0,1
19,p037,2,64,29.8,17.5,1,27.419999999999998,98.0,98.0,1
19,p037,3,1,9.04,100.0,0,9.04,100.0,100.0,1
19,p037,3,2,9.18,100.0,0,9.18,100.0,100.0,1
19,p037,3,4,11.26,20.0,0,11.26,20.0,20.0,1
19,p037,3,8,14.66,100.0,0,14.66,100.0,100.0,1
19,p037,3,16,26.96,98.0,0,26.96,98.0,98.0,1
19,p037,3,32,48.2,97.0,1,34.82,18.0,18.0,1
19,p037,3,64,57.16,97.27272727272728,1,34.82,18.0,18.0,1
19,p037,4,1,9.66,100.0,0,9.66,100.0,100.0,1
19,p037,4,2,9.66,100.0,0,9.66,100.0,100.0,1
19,p037,4,4,9.66,100.0,0,9.66,100.0,100.0,1
19,p037,4,8,47.260000000000005,97.0,1,18.14,100.0,100.0,1
19,p037,4,16,47.260000000000005,97.0,1,26.1,100.0,100.0,1
19,p037,4,32,47.260000000000005,97.0,1,27.58,98.0,98.0,1
19,p037,4,64,47.260000000000005,97.0,1,27.58,98.0,98.0,1
19,p037,5,1,26.96,98.0,0,26.96,98.0,98.0,1
19,p037,5,2,26.96,98.0,0,26.96,98.0,98.0,1
19,p037,5,4,26.96,98.0,0,26.96,98.0,98.0,1
19,p037,5,8,34.92,100.0,1,26.96,98.0,98.0,1
19,p037,5,16,34.92,100.0,1,27.259999999999998,98.0,98.0,1
19,p037,5,32,34.92,100.0,1,27.259999999999998,98.0,98.0,1
19,p037,5,64,47.900000000000006,97.0,1,27.259999999999998,98.0,98.0,1
19,p037,6,1,56.86,97.27272727272728,1,,,0.0,0
19,p037,6,2,56.86,97.27272727272728,1,9.66,100.0,100.0,1
19,p037,6,4,56.86,97.27272727272728,1,34.44,100.0,100.0,1
19,p037,6,8,56.86,97.27272727272728,1,34.44,100.0,100.0,1
19,p037,6,16,56.86,97.27272727272728,1,34.44,100.0,100.0,1
19,p037,6,32,91.6,93.88888888888889,1,34.44,100.0,100.0,1
19,p037,6,64,91.6,93.88888888888889,1,34.44,100.0,100.0,1
19,p037,7,1,9.66,100.0,0,9.66,100.0,100.0,1
19,p037,7,2,9.66,100.0,0,9.66,100.0,100.0,1
19,p037,7,4,26.1,100.0,0,26.1,100.0,100.0,1
19,p037,7,8,26.1,100.0,0,26.1,100.0,100.0,1
19,p037,7,16,27.58,98.0,0,27.58,98.0,98.0,1
19,p037,7,32,27.58,98.0,0,27.58,98.0,98.0,1
19,p037,7,64,91.44,93.88888888888889,1,27.58,98.0,98.0,1
19,p037,8,1,27.1,98.0,0,27.1,98.0,98.0,1
19,p037,8,2,27.1,98.0,0,27.1,98.0,98.0,1
19,p037,8,4,27.1,98.0,0,27.1,98.0,98.0,1
19,p037,8,8,27.1,98.0,0,27.1,98.0,98.0,1
19,p037,8,16,27.58,98.0,0,27.58,98.0,98.0,1
19,p037,8,32,27.58,98.0,0,27.58,98.0,98.0,1
19,p037,8,64,47.260000000000005,97.0,1,34.44,100.0,100.0,1
19,p037,9,1,9.18,100.0,0,9.18,100.0,100.0,1
19,p037,9,2,9.18,100.0,0,9.18,100.0,100.0,1
19,p037,9,4,15.14,100.0,0,15.14,100.0,100.0,1
19,p037,9,8,18.14,100.0,0,18.14,100.0,100.0,1
19,p037,9,16,18.3,100.0,0,18.3,100.0,100.0,1
19,p037,9,32,47.900000000000006,97.0,1,25.64,100.0,100.0,1
19,p037,9,64,98.0,58.888888888888886,1,35.06,100.0,100.0,1
19,p037,10,1,9.66,100.0,0,9.66,100.0,100.0,1
19,p037,10,2,14.36,100.0,0,14.36,100.0,100.0,1
19,p037,10,4,14.36,100.0,0,14.36,100.0,100.0,1
19,p037,10,8,93.52,13.529411764705882,1,14.36,100.0,100.0,1
19,p037,10,16,93.52,13.529411764705882,1,15.14,100.0,100.0,1
19,p037,10,32,93.52,13.529411764705882,1,35.06,100.0,100.0,1
19,p037,10,64,94.13999999999999,13.529411764705882,1,35.06,100.0,100.0,1
19,p037,11,1,16.9,20.0,1,,,0.0,0
19,p037,11,2,20.36,20.0,0,20.36,20.0,20.0,1
19,p037,11,4,20.36,20.0,0,20.36,20.0,20.0,1
19,p037,11,8,20.36,20.0,0,20.36,20.0,20.0,1
19,p037,11,16,20.36,20.0,0,20.36,20.0,20.0,1
19,p037,11,32,56.86,97.27272727272728,1,25.96,100.0,100.0,1
19,p037,11,64,56.86,97.27272727272728,1,25.96,100.0,100.0,1
19,p038,0,1,9.5,100.0,0,9.5,100.0,100.0,1
19,p038,0,2,25.96,100.0,0,25.96,100.0,100.0,1
19,p038,0,4,25.96,100.0,0,25.96,100.0,100.0,1
19,p038,0,8,25.96,100.0,0,25.96,100.0,100.0,1
19,p038,0,16,25.96,100.0,0,25.96,100.0,100.0,1
19,p038,0,32,45.34,95.71428571428571,1,25.96,100.0,100.0,1
19,p038,0,64,45.34,95.71428571428571,1,25.96,100.0,100.0,1
19,p038,1,1,14.36,100.0,0,14.36,100.0,100.0,1
19,p038,1,2,14.36,100.0,0,14.36,100.0,100.0,1
19,p038,1,4,47.400000000000006,15.0,1,14.66,100.0,100.0,1
19,p038,1,8,47.400000000000006,15.0,1,18.14,100.0,100.0,1
19,p038,1,16,47.400000000000006,15.0,1,27.419999999999998,98.0,98.0,1
19,p038,1,32,48.2,97.0,1,27.419999999999998,98.0,98.0,1
19,p038,1,64,97.38,58.888888888888886,1,27.419999999999998,98.0,98.0,1
19,p038,2,1,9.04,100.0,0,9.04,100.0,100.0,1
19,p038,2,2,9.34,100.0,0,9.34,100.0,100.0,1
19,p038,2,4,18.14,100.0,0,18.14,100.0,100.0,1
19,p038,2,8,18.14,100.0,0,18.14,100.0,100.0,1
19,p038,2,16,27.259999999999998,98.0,0,27.259999999999998,98.0,98.0,1
19,p038,2,32,56.839999999999996,97.27272727272728,1,27.259999999999998,98.0,98.0,1
19,p038,2,64,93.82,13.529411764705882,1,27.259999999999998,98.0,98.0,1
19,p038,3,1,9.04,100.0,0,9.04,100.0,100.0,1
19,p038,3,2,9.04,100.0,0,9.04,100.0,100.0,1
19,p038,3,4,9.66,100.0,0,9.66,100.0,100.0,1
19,p038,3,8,14.68,100.0,0,14.68,100.0,100.0,1
19,p038,3,16,15.14,100.0,0,15.14,100.0,100.0,1
19,p038,3,32,89.03999999999999,58.529411764705884,1,15.14,100.0,100.0,1
19,p038,3,64,89.03999999999999,58.529411764705884,1,32.58,98.33333333333333,98.33333333333333,1
19,p038,4,1,9.04,100.0,0,9.04,100.0,100.0,1
19,p038,4,2,11.88,20.0,0,11.88,20.0,20.0,1
19,p038,4,4,18.619999999999997,100.0,0,18.619999999999997,100.0,100.0,1
19,p038,4,8,34.44,100.0,0,34.44,100.0,100.0,1
19,p038,4,16,91.3,93.88888888888889,1,34.44,100.0,100.0,1
19,p038,4,32,91.3,93.88888888888889,1,34.44,100.0,100.0,1
19,p038,4,64,91.3,93.88888888888889,1,34.44,100.0,100.0,1
19,p038,5,1,9.34,100.0,0,9.34,100.0,100.0,1
19,p038,5,2,26.1,100.0,0,26.1,100.0,100.0,1
19,p038,5,4,26.1,100.0,0,26.1,100.0,100.0,1
19,p038,5,8,26.1,100.0,0,26.1,100.0,100.0,1
19,p038,5,16,26.1,100.0,0,26.1,100.0,100.0,1
19,p038,5,32,48.2,97.0,1,27.1,98.0,98.0,1
19,p038,5,64,48.2,97.0,1,34.5,18.0,18.0,1
19,p038,6,1,9.34,100.0,0,9.34,100.0,100.0,1
19,p038,6,2,9.34,100.0,0,9.34,100.0,100.0,1
19,p038,6,4,9.66,100.0,0,9.66,100.0,100.0,1
19,p038,6,8,25.64,100.0,0,25.64,100.0,100.0,1
19,p038,6,16,27.1,98.0,0,27.1,98.0,98.0,1
19,p038,6,32,46.1,18.57142857142857,0,46.1,18.57142857142857,18.57142857142857,1
19,p038,6,64,91.3,93.88888888888889,1,46.1,18.57142857142857,18.57142857142857,1
19,p038,7,1,11.4,20.0,0,11.4,20.0,20.0,1
19,p038,7,2,14.36,100.0,0,14.36,100.0,100.0,1
19,p038,7,4,14.36,100.0,0,14.36,100.0,100.0,1
19,p038,7,8,50.519999999999996,96.25,1,25.799999999999997,100.0,100.0,1
19,p038,7,16,50.519999999999996,96.25,1,25.799999999999997,100.0,100.0,1
19,p038,7,32,50.519999999999996,96.25,1,34.44,100.0,100.0,1
19,p038,7,64,50.519999999999996,96.25,1,34.44,100.0,100.0,1
19,p038,8,1,11.26,20.0,0,11.26,20.0,20.0,1
19,p038,8,2,11.26,20.0,0,11.26,20.0,20.0,1
19,p038,8,4,27.1,98.0,0,27.1,98.0,98.0,1
19,p038,8,8,27.1,98.0,0,27.1,98.0,98.0,1
19,p038,8,16,27.1,98.0,0,27.1,98.0,98.0,1
19,p038,8,32,27.1,98.0,0,27.1,98.0,98.0,1
19,p038,8,64,34.76,100.0,0,34.76,100.0,100.0,1
19,p038,9,1,9.04,100.0,0,9.04,100.0,100.0,1
19,p038,9,2,9.04,100.0,0,9.04,100.0,100.0,1
19,p038,9,4,14.68,100.0,0,14.68,100.0,100.0,1
19,p038,9,8,14.68,100.0,0,14.68,100.0,100.0,1
19,p038,9,16,56.86,97.27272727272728,1,20.84,20.0,20.0,1
19,p038,9,32,56.86,97.27272727272728,1,35.28,18.0,18.0,1
19,p038,9,64,58.44,17.0,1,35.28,18.0,18.0,1
19,p038,10,1,94.13999999999999,13.529411764705882,1,,,0.0,0
19,p038,10,2,94.13999999999999,13.529411764705882,1,,,0.0,0
19,p038,10,4,94.13999999999999,13.529411764705882,1,11.88,20.0,20.0,1
19,p038,10,8,94.13999999999999,13.529411764705882,1,18.46,100.0,100.0,1
19,p038,10,16,94.13999999999999,13.529411764705882,1,27.58,98.0,98.0,1
19,p038,10,32,94.13999999999999,13.529411764705882,1,27.58,98.0,98.0,1
19,p038,10,64,94.13999999999999,13.529411764705882,1,27.58,98.0,98.0,1
19,p038,11,1,9.04,100.0,0,9.04,100.0,100.0,1
19,p038,11,2,11.4,20.0,0,11.4,20.0,20.0,1
19,p038,11,4,11.4,20.0,0,11.4,20.0,20.0,1
19,p038,11,8,34.6,100.0,0,34.6,100.0,100.0,1
19,p038,11,16,34.6,100.0,0,34.6,100.0,100.0,1
19,p038,11,32,34.6,100.0,0,34.6,100.0,100.0,1
19,p038,11,64,91.44,93.88888888888889,1,34.6,100.0,100.0,1
19,p039,0,1,9.04,100.0,0,9.04,100.0,100.0,1
19,p039,0,2,9.34,100.0,0,9.34,100.0,100.0,1
19,p039,0,4,14.68,100.0,0,14.68,100.0,100.0,1
19,p039,0,8,47.260000000000005,97.0,1,35.06,100.0,100.0,1
19,p039,0,16,47.260000000000005,97.0,1,35.06,100.0,100.0,1
19,p039,0,32,48.2,97.0,1,35.06,100.0,100.0,1
19,p039,0,64,48.2,97.0,1,35.06,100.0,100.0,1
19,p039,1,1,12.82,100.0,0,12.82,100.0,100.0,1
19,p039,1,2,12.82,100.0,0,12.82,100.0,100.0,1
19,p039,1,4,20.22,20.0,0,20.22,20.0,20.0,1
19,p039,1,8,47.42,97.0,1,20.22,20.0,20.0,1
19,p039,1,16,47.42,97.0,1,20.84,20.0,20.0,1
19,p039,1,32,47.42,97.0,1,34.6,100.0,100.0,1
19,p039,1,64,47.42,97.0,1,34.76,100.0,100.0,1
19,p039,2,1,9.5,100.0,0,9.5,100.0,100.0,1
19,p039,2,2,9.5,100.0,0,9.5,100.0,100.0,1
19,p039,2,4,47.260000000000005,97.0,1,18.14,100.0,100.0,1
19,p039,2,8,47.260000000000005,97.0,1,25.64,100.0,100.0,1
19,p039,2,16,47.260000000000005,97.0,1,25.64,100.0,100.0,1
19,p039,2,32,48.2,97.0,1,25.96,100.0,100.0,1
19,p039,2,64,91.44,93.88888888888889,1,27.58,98.0,98.0,1
19,p039,3,1,11.72,20.0,0,11.72,20.0,20.0,1
19,p039,3,2,25.96,100.0,0,25.96,100.0,100.0,1
19,p039,3,4,25.96,100.0,0,25.96,100.0,100.0,1
19,p039,3,8,25.96,100.0,0,25.96,100.0,100.0,1
19,p039,3,16,45.02,95.71428571428571,1,26.1,100.0,100.0,1
19,p039,3,32,45.02,95.71428571428571,1,27.419999999999998,98.0,98.0,1
19,p039,3,64,45.02,95.71428571428571,1,27.419999999999998,98.0,98.0,1
19,p039,4,1,9.66,100.0,0,9.66,100.0,100.0,1
19,p039,4,2,18.46,100.0,0,18.46,100.0,100.0,1
19,p039,4,4,18.46,100.0,0,18.46,100.0,100.0,1
19,p039,4,8,18.46,100.0,0,18.46,100.0,100.0,1
19,p039,4,16,18.46,100.0,0,18.46,100.0,100.0,1
19,p039,4,32,48.2,97.0,1,25.479999999999997,100.0,100.0,1
19,p039,4,64,48.2,97.0,1,27.58,98.0,98.0,1
19,p039,5,1,18.46,100.0,0,18.46,100.0,100.0,1
19,p039,5,2,18.46,100.0,0,18.46,100.0,100.0,1
19,p039,5,4,45.34,95.71428571428571,1,18.46,100.0,100.0,1
19,p039,5,8,45.34,95.71428571428571,1,27.419999999999998,98.0,98.0,1
19,p039,5,16,45.34,95.71428571428571,1,27.419999999999998,98.0,98.0,1
19,p039,5,32,47.879999999999995,97.0,1,34.44,100.0,100.0,1
19,p039,5,64,47.879999999999995,97.0,1,34.44,100.0,100.0,1
19,p039,6,1,18.0,100.0,0,18.0,100.0,100.0,1
19,p039,6,2,18.0,100.0,0,18.0,100.0,100.0,1
19,p039,6,4,18.46,100.0,0,18.46,100.0,100.0,1
19,p039,6,8,49.48,16.666666666666664,1,18.46,100.0,100.0,1
19,p039,6,16,49.48,16.666666666666664,1,27.259999999999998,98.0,98.0,1
19,p039,6,32,49.48,16.666666666666664,1,27.259999999999998,98.0,98.0,1
19,p039,6,64,49.48,16.666666666666664,1,27.259999999999998,98.0,98.0,1
19,p039,7,1,26.96,98.0,0,26.96,98.0,98.0,1
19,p039,7,2,91.44,93.88888888888889,1,26.96,98.0,98.0,1
19,p039,7,4,91.44,93.88888888888889,1,26.96,98.0,98.0,1
19,p039,7,8,91.44,93.88888888888889,1,26.96,98.0,98.0,1
19,p039,7,16,91.44,93.88888888888889,1,26.96,98.0,98.0,1
19,p039,7,32,91.44,93.88888888888889,1,26.96,98.0,98.0,1
19,p039,7,64,91.44,93.88888888888889,1,26.96,98.0,98.0,1
19,p039,8,1,9.66,100.0,0,9.66,100.0,100.0,1
19,p039,8,2,9.66,100.0,0,9.66,100.0,100.0,1
19,p039,8,4,9.66,100.0,0,9.66,100.0,100.0,1
19,p039,8,8,11.56,20.0,0,11.56,20.0,20.0,1
19,p039,8,16,49.63999999999999,16.666666666666664,1,23.619999999999997,100.0,100.0,1
19,p039,8,32,49.63999999999999,16.666666666666664,1,23.619999999999997,100.0,100.0,1
19,p039,8,64,49.63999999999999,16.666666666666664,1,34.6,100.0,100.0,1
19,p039,9,1,18.0,100.0,0,18.0,100.0,100.0,1
19,p039,9,2,18.0,100.0,0,18.0,100.0,100.0,1
19,p039,9,4,18.0,100.0,0,18.0,100.0,100.0,1
19,p039,9,8,25.96,100.0,0,25.96,100.0,100.0,1
19,p039,9,16,25.96,100.0,0,25.96,100.0,100.0,1
19,p039,9,32,48.2,97.0,1,25.96,100.0,100.0,1
19,p039,9,64,48.2,97.0,1,27.419999999999998,98.0,98.0,1
19,p039,10,1,14.66,100.0,0,14.66,100.0,100.0,1
19,p039,10,2,14.66,100.0,0,14.66,100.0,100.0,1
19,p039,10,4,14.66,100.0,0,14.66,100.0,100.0,1
19,p039,10,8,27.259999999999998,98.0,0,27.259999999999998,98.0,98.0,1
19,p039,10,16,27.259999999999998,98.0,0,27.259999999999998,98.0,98.0,1
19,p039,10,32,27.259999999999998,98.0,0,27.259999999999998,98.0,98.0,1
19,p039,10,64,47.42,97.0,1,27.58,98.0,98.0,1
19,p039,11,1,25.479999999999997,100.0,0,25.479999999999997,100.0,100.0,1
19,p039,11,2,25.479999999999997,100.0,0,25.479999999999997,100.0,100.0,1
19,p039,11,4,25.479999999999997,100.0,0,25.479999999999997,100.0,100.0,1
19,p039,11,8,25.479999999999997,100.0,0,25.479999999999997,100.0,100.0,1
19,p039,11,16,36.82,20.0,1,27.1,98.0,98.0,1
19,p039,11,32,47.42,97.0,1,27.1,98.0,98.0,1
19,p039,11,64,47.42,97.0,1,27.1,98.0,98.0,1
19,p040,0,1,18.46,100.0,0,18.46,100.0,100.0,1
19,p040,0,2,18.46,100.0,0,18.46,100.0,100.0,1
19,p040,0,4,18.46,100.0,0,18.46,100.0,100.0,1
19,p040,0,8,18.46,100.0,0,18.46,100.0,100.0,1
19,p040,0,16,18.46,100.0,0,18.46,100.0,100.0,1
19,p040,0,32,27.58,98.0,0,27.58,98.0,98.0,1
19,p040,0,64,50.519999999999996,96.25,1,27.58,98.0,98.0,1
19,p040,1,1,15.3,100.0,0,15.3,100.0,100.0,1
19,p040,1,2,15.3,100.0,0,15.3,100.0,100.0,1
19,p040,1,4,45.02,95.71428571428571,1,15.3,100.0,100.0,1
19,p040,1,8,45.02,95.71428571428571,1,18.14,100.0,100.0,1
19,p040,1,16,45.02,95.71428571428571,1,27.58,98.0,98.0,1
19,p040,1,32,89.03999999999999,93.52941176470588,1,34.6,100.0,100.0,1
19,p040,1,64,89.03999999999999,93.52941176470588,1,34.6,100.0,100.0,1
19,p040,2,1,9.34,100.0,0,9.34,100.0,100.0,1
19,p040,2,2,11.56,20.0,0,11.56,20.0,20.0,1
19,p040,2,4,18.619999999999997,100.0,0,18.619999999999997,100.0,100.0,1
19,p040,2,8,18.619999999999997,100.0,0,18.619999999999997,100.0,100.0,1
19,p040,2,16,18.619999999999997,100.0,0,18.619999999999997,100.0,100.0,1
19,p040,2,32,32.6,98.33333333333333,0,32.6,98.33333333333333,98.33333333333333,1
19,p040,2,64,32.6,98.33333333333333,0,32.6,98.33333333333333,98.33333333333333,1
19,p040,3,1,18.46,100.0,0,18.46,100.0,100.0,1
19,p040,3,2,18.46,100.0,0,18.46,100.0,100.0,1
19,p040,3,4,18.46,100.0,0,18.46,100.0,100.0,1
19,p040,3,8,18.46,100.0,0,18.46,100.0,100.0,1
19,p040,3,16,27.259999999999998,98.0,0,27.259999999999998,98.0,98.0,1
19,p040,3,32,27.58,98.0,0,27.58,98.0,98.0,1
19,p040,3,64,34.92,100.0,1,27.58,98.0,98.0,1
19,p040,4,1,25.96,100.0,0,25.96,100.0,100.0,1
19,p040,4,2,25.96,100.0,0,25.96,100.0,100.0,1
19,p040,4,4,28.18,20.0,1,25.96,100.0,100.0,1
19,p040,4,8,28.18,20.0,1,25.96,100.0,100.0,1
19,p040,4,16,28.18,20.0,1,25.96,100.0,100.0,1
19,p040,4,32,43.56,98.75,1,26.1,100.0,100.0,1
19,p040,4,64,50.2,96.25,1,27.259999999999998,98.0,98.0,1
19,p040,5,1,9.66,100.0,0,9.66,100.0,100.0,1
19,p040,5,2,34.92,100.0,1,9.66,100.0,100.0,1
19,p040,5,4,34.92,100.0,1,9.66,100.0,100.0,1
19,p040,5,8,34.92,100.0,1,11.56,20.0,20.0,1
19,p040,5,16,34.92,100.0,1,26.1,100.0,100.0,1
19,p040,5,32,34.92,100.0,1,26.1,100.0,100.0,1
19,p040,5,64,91.6,93.88888888888889,1,34.8,18.0,18.0,1
19,p040,6,1,3.8600000000000003,100.0,0,3.8600000000000003,100.0,100.0,1
19,p040,6,2,11.56,20.0,0,11.56,20.0,20.0,1
19,p040,6,4,11.56,20.0,0,11.56,20.0,20.0,1
19,p040,6,8,24.1,100.0,0,24.1,100.0,100.0,1
19,p040,6,16,91.3,93.88888888888889,1,24.1,100.0,100.0,1
19,p040,6,32,91.3,93.88888888888889,1,24.1,100.0,100.0,1
19,p040,6,64,94.13999999999999,13.529411764705882,1,25.64,100.0,100.0,1
19,p040,7,1,91.44,93.88888888888889,1,,,0.0,0
19,p040,7,2,91.44,93.88888888888889,1,24.1,100.0,100.0,1
19,p040,7,4,91.44,93.88888888888889,1,24.1,100.0,100.0,1
19,p040,7,8,91.44,93.88888888888889,1,24.1,100.0,100.0,1
19,p040,7,16,91.44,93.88888888888889,1,24.1,100.0,100.0,1
19,p040,7,32,91.44,93.88888888888889,1,26.1,100.0,100.0,1
19,p040,7,64,91.44,93.88888888888889,1,27.1,98.0,98.0,1
19,p040,8,1,27.1,98.0,0,27.1,98.0,98.0,1
19,p040,8,2,27.1,98.0,0,27.1,98.0,98.0,1
19,p040,8,4,27.1,98.0,0,27.1,98.0,98.0,1
19,p040,8,8,27.1,98.0,0,27.1,98.0,98.0,1
19,p040,8,16,27.1,98.0,0,27.1,98.0,98.0,1
19,p040,8,32,65.8,96.66666666666667,1,33.06,98.33333333333333,98.33333333333333,1
19,p040,8,64,65.8,96.66666666666667,1,33.06,98.33333333333333,98.33333333333333,1
19,p040,9,1,9.66,100.0,0,9.66,100.0,100.0,1
19,p040,9,2,23.32,100.0,0,23.32,100.0,100.0,1
19,p040,9,4,23.32,100.0,0,23.32,100.0,100.0,1
19,p040,9,8,23.32,100.0,0,23.32,100.0,100.0,1
19,p040,9,16,27.1,98.0,0,27.1,98.0,98.0,1
19,p040,9,32,91.44,93.88888888888889,1,27.1,98.0,98.0,1
19,p040,9,64,91.6,93.88888888888889,1,27.1,98.0,98.0,1
19,p040,10,1,9.04,100.0,0,9.04,100.0,100.0,1
19,p040,10,2,9.04,100.0,0,9.04,100.0,100.0,1
19,p040,10,4,27.1,98.0,0,27.1,98.0,98.0,1
19,p040,10,8,27.86,20.0,1,27.1,98.0,98.0,1
19,p040,10,16,27.86,20.0,1,27.1,98.0,98.0,1
19,p040,10,32,33.06,98.33333333333333,0,33.06,98.33333333333333,98.33333333333333,1
19,p040,10,64,65.8,96.66666666666667,1,33.06,98.33333333333333,98.33333333333333,1
19,p040,11,1,14.36,100.0,0,14.36,100.0,100.0,1
19,p040,11,2,14.36,100.0,0,14.36,100.0,100.0,1
19,p040,11,4,47.10000000000001,15.0,1,14.36,100.0,100.0,1
19,p040,11,8,47.10000000000001,15.0,1,14.36,100.0,100.0,1
19,p040,11,16,47.10000000000001,15.0,1,27.419999999999998,98.0,98.0,1
19,p040,11,32,47.10000000000001,15.0,1,34.76,100.0,100.0,1
19,p040,11,64,56.38,97.27272727272728,1,34.76,100.0,100.0,1
19,p041,0,1,14.36,100.0,0,14.36,100.0,100.0,1
19,p041,0,2,14.36,100.0,0,14.36,100.0,100.0,1
19,p041,0,4,14.36,100.0,0,14.36,100.0,100.0,1
19,p041,0,8,14.66,100.0,0,14.66,100.0,100.0,1
19,p041,0,16,27.419999999999998,98.0,0,27.419999999999998,98.0,98.0,1
19,p041,0,32,27.419999999999998,98.0,0,27.419999999999998,98.0,98.0,1
19,p041,0,64,27.419999999999998,98.0,0,27.419999999999998,98.0,98.0,1
19,p041,1,1,9.34,100.0,0,9.34,100.0,100.0,1
19,p041,1,2,9.66,100.0,0,9.66,100.0,100.0,1
19,p041,1,4,14.68,100.0,0,14.68,100.0,100.0,1
19,p041,1,8,25.799999999999997,100.0,0,25.799999999999997,100.0,100.0,1
19,p041,1,16,26.1,100.0,0,26.1,100.0,100.0,1
19,p041,1,32,45.18000000000001,95.71428571428571,1,27.1,98.0,98.0,1
19,p041,1,64,47.879999999999995,97.0,1,33.06,98.33333333333333,98.33333333333333,1
19,p041,2,1,9.66,100.0,0,9.66,100.0,100.0,1
19,p041,2,2,9.66,100.0,0,9.66,100.0,100.0,1
19,p041,2,4,48.2,97.0,1,9.66,100.0,100.0,1
19,p041,2,8,48.2,97.0,1,18.619999999999997,100.0,100.0,1
19,p041,2,16,48.2,97.0,1,26.96,98.0,98.0,1
19,p041,2,32,48.2,97.0,1,27.58,98.0,98.0,1
19,p041,2,64,61.64,97.0,1,27.58,98.0,98.0,1
19,p041,3,1,9.5,100.0,0,9.5,100.0,100.0,1
19,p041,3,2,44.02,98.75,1,9.5,100.0,100.0,1
19,p041,3,4,44.02,98.75,1,9.5,100.0,100.0,1
19,p041,3,8,44.02,98.75,1,11.72,20.0,20.0,1
19,p041,3,16,89.2,93.52941176470588,1,18.14,100.0,100.0,1
19,p041,3,32,89.2,93.52941176470588,1,24.259999999999998,100.0,100.0,1
19,p041,3,64,89.2,93.52941176470588,1,25.96,100.0,100.0,1
19,p041,4,1,9.66,100.0,0,9.66,100.0,100.0,1
19,p041,4,2,27.259999999999998,98.0,0,27.259999999999998,98.0,98.0,1
19,p041,4,4,44.879999999999995,95.71428571428571,1,27.259999999999998,98.0,98.0,1
19,p041,4,8,44.879999999999995,95.71428571428571,1,27.259999999999998,98.0,98.0,1
19,p041,4,16,57.16,97.27272727272728,1,27.259999999999998,98.0,98.0,1
19,p041,4,32,91.6,93.88888888888889,1,34.6,100.0,100.0,1
19,p041,4,64,91.6,93.88888888888889,1,34.6,100.0,100.0,1
19,p041,5,1,9.34,100.0,0,9.34,100.0,100.0,1
19,p041,5,2,18.14,100.0,0,18.14,100.0,100.0,1
19,p041,5,4,18.14,100.0,0,18.14,100.0,100.0,1
19,p041,5,8,18.14,100.0,0,18.14,100.0,100.0,1
19,p041,5,16,23.64,100.0,0,23.64,100.0,100.0,1
19,p041,5,32,24.259999999999998,100.0,0,24.259999999999998,100.0,100.0,1
19,p041,5,64,93.52,13.529411764705882,1,27.259999999999998,98.0,98.0,1
19,p041,6,1,25.479999999999997,100.0,0,25.479999999999997,100.0,100.0,1
19,p041,6,2,25.479999999999997,100.0,0,25.479999999999997,100.0,100.0,1
19,p041,6,4,91.3,93.88888888888889,1,25.479999999999997,100.0,100.0,1
19,p041,6,8,91.3,93.88888888888889,1,25.479999999999997,100.0,100.0,1
19,p041,6,16,91.3,93.88888888888889,1,27.259999999999998,98.0,98.0,1
19,p041,6,32,91.3,93.88888888888889,1,27.259999999999998,98.0,98.0,1
19,p041,6,64,91.6,93.88888888888889,1,34.6,100.0,100.0,1
19,p041,7,1,18.46,100.0,0,18.46,100.0,100.0,1
19,p041,7,2,25.479999999999997,100.0,0,25.479999999999997,100.0,100.0,1
19,p041,7,4,25.479999999999997,100.0,0,25.479999999999997,100.0,100.0,1
19,p041,7,8,25.479999999999997,100.0,0,25.479999999999997,100.0,100.0,1
19,p041,7,16,91.44,93.88888888888889,1,25.479999999999997,100.0,100.0,1
19,p041,7,32,91.44,93.88888888888889,1,25.96,100.0,100.0,1
19,p041,7,64,91.44,93.88888888888889,1,25.96,100.0,100.0,1
19,p041,8,1,25.479999999999997,100.0,0,25.479999999999997,100.0,100.0,1
19,p041,8,2,25.479999999999997,100.0,0,25.479999999999997,100.0,100.0,1
19,p041,8,4,68.03999999999999,16.363636363636363,1,25.479999999999997,100.0,100.0,1
19,p041,8,8,68.03999999999999,16.363636363636363,1,25.479999999999997,100.0,100.0,1
19,p041,8,16,68.03999999999999,16.363636363636363,1,27.259999999999998,98.0,98.0,1
19,p041,8,32,68.03999999999999,16.363636363636363,1,27.259999999999998,98.0,98.0,1
19,p041,8,64,68.03999999999999,16.363636363636363,1,27.259999999999998,98.0,98.0,1
19,p041,9,1,9.34,100.0,0,9.34,100.0,100.0,1
19,p041,9,2,9.34,100.0,0,9.34,100.0,100.0,1
19,p041,9,4,9.5,100.0,0,9.5,100.0,100.0,1
19,p041,9,8,27.58,98.0,0,27.58,98.0,98.0,1
19,p041,9,16,34.5,18.0,0,34.5,18.0,18.0,1
19,p041,9,32,45.02,95.71428571428571,1,34.5,18.0,18.0,1
19,p041,9,64,47.879999999999995,97.0,1,34.5,18.0,18.0,1
19,p041,10,1,3.8600000000000003,100.0,0,3.8600000000000003,100.0,100.0,1
19,p041,10,2,34.76,100.0,0,34.76,100.0,100.0,1
19,p041,10,4,34.76,100.0,0,34.76,100.0,100.0,1
19,p041,10,8,34.76,100.0,0,34.76,100.0,100.0,1
19,p041,10,16,34.76,100.0,0,34.76,100.0,100.0,1
19,p041,10,32,50.519999999999996,96.25,1,34.76,100.0,100.0,1
19,p041,10,64,97.67999999999999,93.88888888888889,1,34.76,100.0,100.0,1
19,p041,11,1,6.080000000000001,20.0,0,6.080000000000001,20.0,20.0,1
19,p041,11,2,9.04,100.0,0,9.04,100.0,100.0,1
19,p041,11,4,9.5,100.0,0,9.5,100.0,100.0,1
19,p041,11,8,20.36,20.0,0,20.36,20.0,20.0,1
19,p041,11,16,27.419999999999998,98.0,0,27.419999999999998,98.0,98.0,1
19,p041,11,32,27.419999999999998,98.0,0,27.419999999999998,98.0,98.0,1
19,p041,11,64,35.06,100.0,0,35.06,100.0,100.0,1
19,p042,0,1,9.04,100.0,0,9.04,100.0,100.0,1
19,p042,0,2,9.5,100.0,0,9.5,100.0,100.0,1
19,p042,0,4,9.5,100.0,0,9.5,100.0,100.0,1
19,p042,0,8,29.32,17.5,1,25.64,100.0,100.0,1
19,p042,0,16,29.32,17.5,1,25.64,100.0,100.0,1
19,p042,0,32,91.3,93.88888888888889,1,26.48,20.0,20.0,1
19,p042,0,64,91.3,93.88888888888889,1,34.6,100.0,100.0,1
19,p042,1,1,9.18,100.0,0,9.18,100.0,100.0,1
19,p042,1,2,9.18,100.0,0,9.18,100.0,100.0,1
19,p042,1,4,25.479999999999997,100.0,0,25.479999999999997,100.0,100.0,1
19,p042,1,8,47.260000000000005,97.0,1,25.479999999999997,100.0,100.0,1
19,p042,1,16,56.38,97.27272727272728,1,32.28,98.33333333333333,98.33333333333333,1
19,p042,1,32,56.38,97.27272727272728,1,32.28,98.33333333333333,98.33333333333333,1
19,p042,1,64,56.38,97.27272727272728,1,32.28,98.33333333333333,98.33333333333333,1
19,p042,2,1,18.0,100.0,0,18.0,100.0,100.0,1
19,p042,2,2,27.58,98.0,0,27.58,98.0,98.0,1
19,p042,2,4,27.58,98.0,0,27.58,98.0,98.0,1
19,p042,2,8,27.58,98.0,0,27.58,98.0,98.0,1
19,p042,2,16,27.58,98.0,0,27.58,98.0,98.0,1
19,p042,2,32,47.879999999999995,97.0,1,35.06,100.0,100.0,1
19,p042,2,64,56.22,97.27272727272728,1,35.06,100.0,100.0,1
19,p042,3,1,9.66,100.0,0,9.66,100.0,100.0,1
19,p042,3,2,9.66,100.0,0,9.66,100.0,100.0,1
19,p042,3,4,11.88,20.0,0,11.88,20.0,20.0,1
19,p042,3,8,26.96,98.0,0,26.96,98.0,98.0,1
19,p042,3,16,26.96,98.0,0,26.96,98.0,98.0,1
19,p042,3,32,50.5,96.25,1,27.419999999999998,98.0,98.0,1
19,p042,3,64,93.97999999999999,13.529411764705882,1,27.419999999999998,98.0,98.0,1
19,p042,4,1,25.799999999999997,100.0,0,25.799999999999997,100.0,100.0,1
19,p042,4,2,25.799999999999997,100.0,0,25.799999999999997,100.0,100.0,1
19,p042,4,4,47.900000000000006,97.0,1,25.799999999999997,100.0,100.0,1
19,p042,4,8,47.900000000000006,97.0,1,25.799999999999997,100.0,100.0,1
19,p042,4,16,89.2,93.52941176470588,1,27.58,98.0,98.0,1
19,p042,4,32,89.2,93.52941176470588,1,27.58,98.0,98.0,1
19,p042,4,64,89.2,93.52941176470588,1,27.58,98.0,98.0,1
19,p042,5,1,91.6,93.88888888888889,1,,,0.0,0
19,p042,5,2,91.6,93.88888888888889,1,3.8600000000000003,100.0,100.0,1
19,p042,5,4,91.6,93.88888888888889,1,9.18,100.0,100.0,1
19,p042,5,8,91.6,93.88888888888889,1,15.3,100.0,100.0,1
19,p042,5,16,91.6,93.88888888888889,1,15.3,100.0,100.0,1
19,p042,5,32,91.6,93.88888888888889,1,26.1,100.0,100.0,1
19,p042,5,64,91.6,93.88888888888889,1,26.96,98.0,98.0,1
19,p042,6,1,9.34,100.0,0,9.34,100.0,100.0,1
19,p042,6,2,9.66,100.0,0,9.66,100.0,100.0,1
19,p042,6,4,9.66,100.0,0,9.66,100.0,100.0,1
19,p042,6,8,16.58,20.0,1,14.36,100.0,100.0,1
19,p042,6,16,16.58,20.0,1,14.66,100.0,100.0,1
19,p042,6,32,91.3,93.88888888888889,1,25.479999999999997,100.0,100.0,1
19,p042,6,64,91.3,93.88888888888889,1,34.6,100.0,100.0,1
19,p042,7,1,3.8600000000000003,100.0,0,3.8600000000000003,100.0,100.0,1
19,p042,7,2,14.66,100.0,0,14.66,100.0,100.0,1
19,p042,7,4,32.28,98.33333333333333,0,32.28,98.33333333333333,98.33333333333333,1
19,p042,7,8,32.28,98.33333333333333,0,32.28,98.33333333333333,98.33333333333333,1
19,p042,7,16,32.28,98.33333333333333,0,32.28,98.33333333333333,98.33333333333333,1
19,p042,7,32,47.260000000000005,97.0,1,32.28,98.33333333333333,98.33333333333333,1
19,p042,7,64,65.82000000000001,96.66666666666667,1,34.6,100.0,100.0,1
19,p042,8,1,9.66,100.0,0,9.66,100.0,100.0,1
19,p042,8,2,9.66,100.0,0,9.66,100.0,100.0,1
19,p042,8,4,27.1,98.0,0,27.1,98.0,98.0,1
19,p042,8,8,47.879999999999995,97.0,1,27.1,98.0,98.0,1
19,p042,8,16,47.879999999999995,97.0,1,27.1,98.0,98.0,1
19,p042,8,32,47.879999999999995,97.0,1,27.1,98.0,98.0,1
19,p042,8,64,56.839999999999996,97.27272727272728,1,27.58,98.0,98.0,1
19,p042,9,1,11.4,20.0,0,11.4,20.0,20.0,1
19,p042,9,2,11.4,20.0,0,11.4,20.0,20.0,1
19,p042,9,4,11.4,20.0,0,11.4,20.0,20.0,1
19,p042,9,8,18.0,100.0,0,18.0,100.0,100.0,1
19,p042,9,16,34.92,100.0,1,34.44,100.0,100.0,1
19,p042,9,32,34.92,100.0,1,34.5,18.0,18.0,1
19,p042,9,64,89.03999999999999,93.52941176470588,1,34.5,18.0,18.0,1
19,p042,10,1,9.04,100.0,0,9.04,100.0,100.0,1
19,p042,10,2,9.66,100.0,0,9.66,100.0,100.0,1
19,p042,10,4,89.03999999999999,93.52941176470588,1,11.88,20.0,20.0,1
19,p042,10,8,89.03999999999999,93.52941176470588,1,14.36,100.0,100.0,1
19,p042,10,16,89.03999999999999,93.52941176470588,1,27.58,98.0,98.0,1
19,p042,10,32,89.03999999999999,93.52941176470588,1,27.58,98.0,98.0,1
19,p042,10,64,89.03999999999999,93.52941176470588,1,27.58,98.0,98.0,1
19,p042,11,1,49.48,16.666666666666664,1,,,0.0,0
19,p042,11,2,49.48,16.666666666666664,1,9.04,100.0,100.0,1
19,p042,11,4,49.48,16.666666666666664,1,9.66,100.0,100.0,1
19,p042,11,8,49.48,16.666666666666664,1,15.3,100.0,100.0,1
19,p042,11,16,49.48,16.666666666666664,1,15.3,100.0,100.0,1
19,p042,11,32,49.48,16.666666666666664,1,26.1,100.0,100.0,1
19,p042,11,64,49.48,16.666666666666664,1,26.1,100.0,100.0,1
19,p043,0,1,18.46,100.0,0,18.46,100.0,100.0,1
19,p043,0,2,18.46,100.0,0,18.46,100.0,100.0,1
19,p043,0,4,18.46,100.0,0,18.46,100.0,100.0,1
19,p043,0,8,18.46,100.0,0,18.46,100.0,100.0,1
19,p043,0,16,18.46,100.0,0,18.46,100.0,100.0,1
19,p043,0,32,47.58,97.0,1,27.419999999999998,98.0,98.0,1
19,p043,0,64,47.58,97.0,1,27.419999999999998,98.0,98.0,1
19,p043,1,1,27.58,98.0,0,27.58,98.0,98.0,1
19,p043,1,2,27.58,98.0,0,27.58,98.0,98.0,1
19,p043,1,4,27.58,98.0,0,27.58,98.0,98.0,1
19,p043,1,8,27.58,98.0,0,27.58,98.0,98.0,1
19,p043,1,16,27.58,98.0,0,27.58,98.0,98.0,1
19,p043,1,32,32.6,98.33333333333333,0,32.6,98.33333333333333,98.33333333333333,1
19,p043,1,64,50.1,16.666666666666664,1,32.6,98.33333333333333,98.33333333333333,1
19,p043,2,1,9.82,100.0,0,9.82,100.0,100.0,1
19,p043,2,2,9.82,100.0,0,9.82,100.0,100.0,1
19,p043,2,4,25.96,100.0,0,25.96,100.0,100.0,1
19,p043,2,8,25.96,100.0,0,25.96,100.0,100.0,1
19,p043,2,16,25.96,100.0,0,25.96,100.0,100.0,1
19,p043,2,32,52.720000000000006,15.714285714285714,1,27.58,98.0,98.0,1
19,p043,2,64,89.52,58.529411764705884,1,27.58,98.0,98.0,1
19,p043,3,1,14.68,100.0,0,14.68,100.0,100.0,1
19,p043,3,2,14.68,100.0,0,14.68,100.0,100.0,1
19,p043,3,4,14.68,100.0,0,14.68,100.0,100.0,1
19,p043,3,8,47.58,97.0,1,20.36,20.0,20.0,1
19,p043,3,16,81.33999999999999,60.38461538461539,1,27.74,98.0,98.0,1
19,p043,3,32,81.33999999999999,60.38461538461539,1,27.74,98.0,98.0,1
19,p043,3,64,89.03999999999999,58.529411764705884,1,27.74,98.0,98.0,1
19,p043,4,1,4.180000000000001,100.0,0,4.180000000000001,100.0,100.0,1
19,p043,4,2,9.36,100.0,0,9.36,100.0,100.0,1
19,p043,4,4,11.26,20.0,0,11.26,20.0,20.0,1
19,p043,4,8,27.279999999999998,98.0,0,27.279999999999998,98.0,98.0,1
19,p043,4,16,27.279999999999998,98.0,0,27.279999999999998,98.0,98.0,1
19,p043,4,32,48.519999999999996,97.0,1,27.279999999999998,98.0,98.0,1
19,p043,4,64,48.519999999999996,97.0,1,27.279999999999998,98.0,98.0,1
19,p043,5,1,18.939999999999998,100.0,0,18.939999999999998,100.0,100.0,1
19,p043,5,2,18.939999999999998,100.0,0,18.939999999999998,100.0,100.0,1
19,p043,5,4,23.939999999999998,100.0,0,23.939999999999998,100.0,100.0,1
19,p043,5,8,25.96,100.0,0,25.96,100.0,100.0,1
19,p043,5,16,25.96,100.0,0,25.96,100.0,100.0,1
19,p043,5,32,89.36,58.529411764705884,1,27.9,98.0,98.0,1
19,p043,5,64,93.82,13.529411764705882,1,34.76,100.0,100.0,1
19,p043,6,1,20.52,20.0,0,20.52,20.0,20.0,1
19,p043,6,2,20.52,20.0,0,20.52,20.0,20.0,1
19,p043,6,4,20.52,20.0,0,20.52,20.0,20.0,1
19,p043,6,8,20.52,20.0,0,20.52,20.0,20.0,1
19,p043,6,16,48.2,97.0,1,25.96,100.0,100.0,1
19,p043,6,32,89.2,58.529411764705884,1,32.6,98.33333333333333,98.33333333333333,1
19,p043,6,64,97.86,58.888888888888886,1,32.6,98.33333333333333,98.33333333333333,1
19,p043,7,1,27.419999999999998,98.0,0,27.419999999999998,98.0,98.0,1
19,p043,7,2,27.419999999999998,98.0,0,27.419999999999998,98.0,98.0,1
19,p043,7,4,35.28,18.0,0,35.28,18.0,18.0,1
19,p043,7,8,48.2,97.0,1,35.28,18.0,18.0,1
19,p043,7,16,100.0,13.68421052631579,1,35.28,18.0,18.0,1
19,p043,7,32,100.0,13.68421052631579,1,35.28,18.0,18.0,1
19,p043,7,64,100.0,13.68421052631579,1,35.28,18.0,18.0,1
19,p043,8,1,11.88,20.0,0,11.88,20.0,20.0,1
19,p043,8,2,11.88,20.0,0,11.88,20.0,20.0,1
19,p043,8,4,11.88,20.0,0,11.88,20.0,20.0,1
19,p043,8,8,18.619999999999997,100.0,0,18.619999999999997,100.0,100.0,1
19,p043,8,16,26.119999999999997,100.0,0,26.119999999999997,100.0,100.0,1
19,p043,8,32,51.300000000000004,96.25,1,26.119999999999997,100.0,100.0,1
19,p043,8,64,89.52,58.529411764705884,1,34.76,100.0,100.0,1
19,p043,9,1,18.78,100.0,0,18.78,100.0,100.0,1
19,p043,9,2,18.78,100.0,0,18.78,100.0,100.0,1
19,p043,9,4,24.419999999999998,100.0,0,24.419999999999998,100.0,100.0,1
19,p043,9,8,27.86,20.0,1,24.419999999999998,100.0,100.0,1
19,p043,9,16,27.86,20.0,1,27.279999999999998,98.0,98.0,1
19,p043,9,32,100.0,58.68421052631579,1,27.279999999999998,98.0,98.0,1
19,p043,9,64,100.0,58.68421052631579,1,27.419999999999998,98.0,98.0,1
19,p043,10,1,9.5,100.0,0,9.5,100.0,100.0,1
19,p043,10,2,9.5,100.0,0,9.5,100.0,100.0,1
19,p043,10,4,9.82,100.0,0,9.82,100.0,100.0,1
19,p043,10,8,15.459999999999999,100.0,0,15.459999999999999,100.0,100.0,1
19,p043,10,16,27.279999999999998,98.0,0,27.279999999999998,98.0,98.0,1
19,p043,10,32,34.76,100.0,0,34.76,100.0,100.0,1
19,p043,10,64,47.74,97.0,1,34.76,100.0,100.0,1
19,p043,11,1,25.96,100.0,0,25.96,100.0,100.0,1
19,p043,11,2,49.48,16.666666666666664,1,25.96,100.0,100.0,1
19,p043,11,4,49.48,16.666666666666664,1,25.96,100.0,100.0,1
19,p043,11,8,49.48,16.666666666666664,1,25.96,100.0,100.0,1
19,p043,11,16,49.48,16.666666666666664,1,25.96,100.0,100.0,1
19,p043,11,32,49.48,16.666666666666664,1,25.96,100.0,100.0,1
19,p043,11,64,49.48,16.666666666666664,1,27.74,98.0,98.0,1
19,p044,0,1,9.66,100.0,0,9.66,100.0,100.0,1
19,p044,0,2,9.82,100.0,0,9.82,100.0,100.0,1
19,p044,0,4,9.98,100.0,0,9.98,100.0,100.0,1
19,p044,0,8,18.619999999999997,100.0,0,18.619999999999997,100.0,100.0,1
19,p044,0,16,26.279999999999998,100.0,0,26.279999999999998,100.0,100.0,1
19,p044,0,32,47.58,97.0,1,26.279999999999998,100.0,100.0,1
19,p044,0,64,47.58,97.0,1,27.279999999999998,98.0,98.0,1
19,p044,1,1,29.8,17.5,1,,,0.0,0
19,p044,1,2,29.8,17.5,1,9.36,100.0,100.0,1
19,p044,1,4,29.8,17.5,1,15.0,100.0,100.0,1
19,p044,1,8,48.22,97.0,1,27.279999999999998,98.0,98.0,1
19,p044,1,16,89.2,58.529411764705884,1,27.279999999999998,98.0,98.0,1
19,p044,1,32,89.2,58.529411764705884,1,27.279999999999998,98.0,98.0,1
19,p044,1,64,89.2,58.529411764705884,1,27.279999999999998,98.0,98.0,1
19,p044,2,1,13.14,100.0,0,13.14,100.0,100.0,1
19,p044,2,2,13.14,100.0,0,13.14,100.0,100.0,1
19,p044,2,4,25.799999999999997,100.0,0,25.799999999999997,100.0,100.0,1
19,p044,2,8,89.52,58.529411764705884,1,25.799999999999997,100.0,100.0,1
19,p044,2,16,89.52,58.529411764705884,1,25.799999999999997,100.0,100.0,1
19,p044,2,32,89.52,58.529411764705884,1,25.799999999999997,100.0,100.0,1
19,p044,2,64,89.52,58.529411764705884,1,27.9,98.0,98.0,1
19,p044,3,1,27.74,98.0,0,27.74,98.0,98.0,1
19,p044,3,2,27.74,98.0,0,27.74,98.0,98.0,1
19,p044,3,4,47.58,97.0,1,27.74,98.0,98.0,1
19,p044,3,8,47.58,97.0,1,27.74,98.0,98.0,1
19,p044,3,16,47.58,97.0,1,27.74,98.0,98.0,1
19,p044,3,32,47.58,97.0,1,27.74,98.0,98.0,1
19,p044,3,64,47.58,97.0,1,27.74,98.0,98.0,1
19,p044,4,1,26.419999999999998,100.0,0,26.419999999999998,100.0,100.0,1
19,p044,4,2,26.419999999999998,100.0,0,26.419999999999998,100.0,100.0,1
19,p044,4,4,26.419999999999998,100.0,0,26.419999999999998,100.0,100.0,1
19,p044,4,8,43.72,98.75,1,26.419999999999998,100.0,100.0,1
19,p044,4,16,43.72,98.75,1,26.419999999999998,100.0,100.0,1
19,p044,4,32,47.74,97.0,1,27.9,98.0,98.0,1
19,p044,4,64,47.74,97.0,1,27.9,98.0,98.0,1
19,p044,5,1,11.72,20.0,0,11.72,20.0,20.0,1
19,p044,5,2,11.72,20.0,0,11.72,20.0,20.0,1
19,p044,5,4,15.459999999999999,100.0,0,15.459999999999999,100.0,100.0,1
19,p044,5,8,29.64,17.5,1,27.58,98.0,98.0,1
19,p044,5,16,29.64,17.5,1,27.58,98.0,98.0,1
19,p044,5,32,89.03999999999999,58.529411764705884,1,27.58,98.0,98.0,1
19,p044,5,64,89.03999999999999,58.529411764705884,1,34.5,18.0,18.0,1
19,p044,6,1,9.82,100.0,0,9.82,100.0,100.0,1
19,p044,6,2,47.58,97.0,1,9.82,100.0,100.0,1
19,p044,6,4,47.58,97.0,1,11.56,20.0,20.0,1
19,p044,6,8,47.58,97.0,1,26.279999999999998,100.0,100.0,1
19,p044,6,16,47.58,97.0,1,26.279999999999998,100.0,100.0,1
19,p044,6,32,48.2,97.0,1,26.279999999999998,100.0,100.0,1
19,p044,6,64,48.2,97.0,1,27.279999999999998,98.0,98.0,1
19,p044,7,1,9.82,100.0,0,9.82,100.0,100.0,1
19,p044,7,2,9.82,100.0,0,9.82,100.0,100.0,1
19,p044,7,4,15.0,100.0,0,15.0,100.0,100.0,1
19,p044,7,8,20.22,20.0,0,20.22,20.0,20.0,1
19,p044,7,16,45.82000000000001,95.71428571428571,1,32.9,98.33333333333333,98.33333333333333,1
19,p044,7,32,45.82000000000001,95.71428571428571,1,32.9,98.33333333333333,98.33333333333333,1
19,p044,7,64,48.519999999999996,97.0,1,34.5,18.0,18.0,1
19,p044,8,1,9.82,100.0,0,9.82,100.0,100.0,1
19,p044,8,2,11.72,20.0,0,11.72,20.0,20.0,1
19,p044,8,4,16.9,20.0,1,15.62,100.0,100.0,1
19,p044,8,8,98.32,58.888888888888886,1,15.62,100.0,100.0,1
19,p044,8,16,98.32,58.888888888888886,1,27.9,98.0,98.0,1
19,p044,8,32,98.32,58.888888888888886,1,34.76,100.0,100.0,1
19,p044,8,64,98.32,58.888888888888886,1,34.76,100.0,100.0,1
19,p044,9,1,9.36,100.0,0,9.36,100.0,100.0,1
19,p044,9,2,26.119999999999997,100.0,0,26.119999999999997,100.0,100.0,1
19,p044,9,4,26.119999999999997,100.0,0,26.119999999999997,100.0,100.0,1
19,p044,9,8,26.119999999999997,100.0,0,26.119999999999997,100.0,100.0,1
19,p044,9,16,26.119999999999997,100.0,0,26.119999999999997,100.0,100.0,1
19,p044,9,32,27.58,98.0,0,27.58,98.0,98.0,1
19,p044,9,64,45.34,95.71428571428571,1,27.74,98.0,98.0,1
19,p044,10,1,18.46,100.0,0,18.46,100.0,100.0,1
19,p044,10,2,36.82,20.0,1,18.46,100.0,100.0,1
19,p044,10,4,36.82,20.0,1,18.46,100.0,100.0,1
19,p044,10,8,47.74,97.0,1,18.46,100.0,100.0,1
19,p044,10,16,48.22,97.0,1,26.119999999999997,100.0,100.0,1
19,p044,10,32,48.22,97.0,1,27.9,98.0,98.0,1
19,p044,10,64,48.22,97.0,1,27.9,98.0,98.0,1
19,p044,11,1,9.66,100.0,0,9.66,100.0,100.0,1
19,p044,11,2,18.619999999999997,100.0,0,18.619999999999997,100.0,100.0,1
19,p044,11,4,29.18,17.5,1,18.619999999999997,100.0,100.0,1
19,p044,11,8,29.18,17.5,1,27.279999999999998,98.0,98.0,1
19,p044,11,16,29.18,17.5,1,27.279999999999998,98.0,98.0,1
19,p044,11,32,29.18,17.5,1,27.279999999999998,98.0,98.0,1
19,p044,11,64,48.2,97.0,1,27.58,98.0,98.0,1
19,p045,0,1,9.5,100.0,0,9.5,100.0,100.0,1
19,p045,0,2,9.98,100.0,0,9.98,100.0,100.0,1
19,p045,0,4,9.98,100.0,0,9.98,100.0,100.0,1
19,p045,0,8,28.18,20.0,1,18.32,100.0,100.0,1
19,p045,0,16,45.34,95.71428571428571,1,18.32,100.0,100.0,1
19,p045,0,32,45.34,95.71428571428571,1,25.96,100.0,100.0,1
19,p045,0,64,89.52,58.529411764705884,1,26.119999999999997,100.0,100.0,1
19,p045,1,1,16.880000000000003,20.0,1,,,0.0,0
19,p045,1,2,20.36,20.0,0,20.36,20.0,20.0,1
19,p045,1,4,20.36,20.0,0,20.36,20.0,20.0,1
19,p045,1,8,25.799999999999997,100.0,0,25.799999999999997,100.0,100.0,1
19,p045,1,16,97.86,58.888888888888886,1,27.58,98.0,98.0,1
19,p045,1,32,97.86,58.888888888888886,1,27.58,98.0,98.0,1
19,p045,1,64,97.86,58.888888888888886,1,27.58,98.0,98.0,1
19,p045,2,1,13.14,100.0,0,13.14,100.0,100.0,1
19,p045,2,2,26.279999999999998,100.0,0,26.279999999999998,100.0,100.0,1
19,p045,2,4,26.279999999999998,100.0,0,26.279999999999998,100.0,100.0,1
19,p045,2,8,26.279999999999998,100.0,0,26.279999999999998,100.0,100.0,1
19,p045,2,16,27.279999999999998,98.0,0,27.279999999999998,98.0,98.0,1
19,p045,2,32,47.56,15.0,1,27.279999999999998,98.0,98.0,1
19,p045,2,64,47.56,15.0,1,32.9,98.33333333333333,98.33333333333333,1
19,p045,3,1,9.5,100.0,0,9.5,100.0,100.0,1
19,p045,3,2,9.82,100.0,0,9.82,100.0,100.0,1
19,p045,3,4,9.98,100.0,0,9.98,100.0,100.0,1
19,p045,3,8,18.939999999999998,100.0,0,18.939999999999998,100.0,100.0,1
19,p045,3,16,18.939999999999998,100.0,0,18.939999999999998,100.0,100.0,1
19,p045,3,32,34.92,100.0,1,18.939999999999998,100.0,100.0,1
19,p045,3,64,34.92,100.0,1,26.48,20.0,20.0,1
19,p045,4,1,9.36,100.0,0,9.36,100.0,100.0,1
19,p045,4,2,9.36,100.0,0,9.36,100.0,100.0,1
19,p045,4,4,9.82,100.0,0,9.82,100.0,100.0,1
19,p045,4,8,18.78,100.0,0,18.78,100.0,100.0,1
19,p045,4,16,25.96,100.0,0,25.96,100.0,100.0,1
19,p045,4,32,25.96,100.0,0,25.96,100.0,100.0,1
19,p045,4,64,45.660000000000004,95.71428571428571,1,27.74,98.0,98.0,1
19,p045,5,1,32.6,98.33333333333333,0,32.6,98.33333333333333,98.33333333333333,1
19,p045,5,2,32.6,98.33333333333333,0,32.6,98.33333333333333,98.33333333333333,1
19,p045,5,4,35.239999999999995,100.0,1,32.6,98.33333333333333,98.33333333333333,1
19,p045,5,8,35.239999999999995,100.0,1,32.6,98.33333333333333,98.33333333333333,1
19,p045,5,16,35.239999999999995,100.0,1,32.6,98.33333333333333,98.33333333333333,1
19,p045,5,32,88.9,58.529411764705884,1,32.6,98.33333333333333,98.33333333333333,1
19,p045,5,64,88.9,58.529411764705884,1,35.28,18.0,18.0,1
19,p045,6,1,14.68,100.0,0,14.68,100.0,100.0,1
19,p045,6,2,20.36,20.0,0,20.36,20.0,20.0,1
19,p045,6,4,27.74,98.0,0,27.74,98.0,98.0,1
19,p045,6,8,27.74,98.0,0,27.74,98.0,98.0,1
19,p045,6,16,27.74,98.0,0,27.74,98.0,98.0,1
19,p045,6,32,89.36,58.529411764705884,1,27.74,98.0,98.0,1
19,p045,6,64,89.36,58.529411764705884,1,27.74,98.0,98.0,1
19,p045,7,1,9.5,100.0,0,9.5,100.0,100.0,1
19,p045,7,2,9.82,100.0,0,9.82,100.0,100.0,1
19,p045,7,4,9.98,100.0,0,9.98,100.0,100.0,1
19,p045,7,8,27.74,98.0,0,27.74,98.0,98.0,1
19,p045,7,16,27.74,98.0,0,27.74,98.0,98.0,1
19,p045,7,32,100.0,13.0,1,27.74,98.0,98.0,1
19,p045,7,64,100.0,13.0,1,27.74,98.0,98.0,1
19,p045,8,1,4.180000000000001,100.0,0,4.180000000000001,100.0,100.0,1
19,p045,8,2,9.36,100.0,0,9.36,100.0,100.0,1
19,p045,8,4,11.4,20.0,0,11.4,20.0,20.0,1
19,p045,8,8,18.32,100.0,0,18.32,100.0,100.0,1
19,p045,8,16,27.279999999999998,98.0,0,27.279999999999998,98.0,98.0,1
19,p045,8,32,56.7,97.27272727272728,1,27.74,98.0,98.0,1
19,p045,8,64,89.36,58.529411764705884,1,34.82,18.0,18.0,1
19,p045,9,1,9.66,100.0,0,9.66,100.0,100.0,1
19,p045,9,2,9.82,100.0,0,9.82,100.0,100.0,1
19,p045,9,4,18.619999999999997,100.0,0,18.619999999999997,100.0,100.0,1
19,p045,9,8,57.18,97.27272727272728,1,18.619999999999997,100.0,100.0,1
19,p045,9,16,57.18,97.27272727272728,1,26.119999999999997,100.0,100.0,1
19,p045,9,32,57.18,97.27272727272728,1,27.279999999999998,98.0,98.0,1
19,p045,9,64,57.18,97.27272727272728,1,27.279999999999998,98.0,98.0,1
19,p045,10,1,44.04,98.75,1,,,0.0,0
19,p045,10,2,44.04,98.75,1,9.36,100.0,100.0,1
19,p045,10,4,44.04,98.75,1,14.98,100.0,100.0,1
19,p045,10,8,44.04,98.75,1,18.619999999999997,100.0,100.0,1
19,p045,10,16,44.04,98.75,1,18.619999999999997,100.0,100.0,1
19,p045,10,32,89.52,58.529411764705884,1,25.96,100.0,100.0,1
19,p045,10,64,89.52,58.529411764705884,1,25.96,100.0,100.0,1
19,p045,11,1,18.46,100.0,0,18.46,100.0,100.0,1
19,p045,11,2,18.46,100.0,0,18.46,100.0,100.0,1
19,p045,11,4,49.48,16.666666666666664,1,18.619999999999997,100.0,100.0,1
19,p045,11,8,49.48,16.666666666666664,1,18.619999999999997,100.0,100.0,1
19,p045,11,16,49.48,16.666666666666664,1,26.279999999999998,100.0,100.0,1
19,p045,11,32,49.48,16.666666666666664,1,27.58,98.0,98.0,1
19,p045,11,64,49.48,16.666666666666664,1,27.9,98.0,98.0,1
19,p046,0,1,10.280000000000001,100.0,0,10.280000000000001,100.0,100.0,1
19,p046,0,2,28.36,98.0,0,28.36,98.0,98.0,1
19,p046,0,4,28.36,98.0,0,28.36,98.0,98.0,1
19,p046,0,8,28.36,98.0,0,28.36,98.0,98.0,1
19,p046,0,16,62.88,97.0,1,28.36,98.0,98.0,1
19,p046,0,32,62.88,97.0,1,28.36,98.0,98.0,1
19,p046,0,64,89.2,58.529411764705884,1,28.36,98.0,98.0,1
19,p046,1,1,4.8,100.0,0,4.8,100.0,100.0,1
19,p046,1,2,16.08,100.0,0,16.08,100.0,100.0,1
19,p046,1,4,16.08,100.0,0,16.08,100.0,100.0,1
19,p046,1,8,48.82000000000001,97.0,1,26.58,100.0,100.0,1
19,p046,1,16,48.82000000000001,97.0,1,26.58,100.0,100.0,1
19,p046,1,32,48.82000000000001,97.0,1,26.9,100.0,100.0,1
19,p046,1,64,48.82000000000001,97.0,1,28.36,98.0,98.0,1
19,p046,2,1,15.600000000000001,100.0,0,15.600000000000001,100.0,100.0,1
19,p046,2,2,27.9,98.0,0,27.9,98.0,98.0,1
19,p046,2,4,27.9,98.0,0,27.9,98.0,98.0,1
19,p046,2,8,27.9,98.0,0,27.9,98.0,98.0,1
19,p046,2,16,27.9,98.0,0,27.9,98.0,98.0,1
19,p046,2,32,47.10000000000001,15.0,1,27.9,98.0,98.0,1
19,p046,2,64,100.0,58.68421052631579,1,28.04,98.0,98.0,1
19,p046,3,1,9.98,100.0,0,9.98,100.0,100.0,1
19,p046,3,2,11.56,20.0,0,11.56,20.0,20.0,1
19,p046,3,4,27.04,100.0,0,27.04,100.0,100.0,1
19,p046,3,8,27.7,20.0,1,27.04,100.0,100.0,1
19,p046,3,16,27.7,20.0,1,27.04,100.0,100.0,1
19,p046,3,32,28.04,98.0,0,28.04,98.0,98.0,1
19,p046,3,64,49.14,97.0,1,28.2,98.0,98.0,1
19,p046,4,1,10.440000000000001,100.0,0,10.440000000000001,100.0,100.0,1
19,p046,4,2,28.52,98.0,1,10.440000000000001,100.0,100.0,1
19,p046,4,4,28.52,98.0,1,27.04,100.0,100.0,1
19,p046,4,8,28.52,98.0,1,27.04,100.0,100.0,1
19,p046,4,16,33.54,98.33333333333333,1,27.04,100.0,100.0,1
19,p046,4,32,46.44,95.71428571428571,1,28.2,98.0,98.0,1
19,p046,4,64,89.82,58.529411764705884,1,28.2,98.0,98.0,1
19,p046,5,1,10.440000000000001,100.0,0,10.440000000000001,100.0,100.0,1
19,p046,5,2,11.88,20.0,0,11.88,20.0,20.0,1
19,p046,5,4,11.88,20.0,0,11.88,20.0,20.0,1
19,p046,5,8,27.86,20.0,1,20.36,20.0,20.0,1
19,p046,5,16,28.36,98.0,0,28.36,98.0,98.0,1
19,p046,5,32,35.54,100.0,1,28.36,98.0,98.0,1
19,p046,5,64,89.5,58.529411764705884,1,28.36,98.0,98.0,1
19,p046,6,1,10.280000000000001,100.0,0,10.280000000000001,100.0,100.0,1
19,p046,6,2,10.440000000000001,100.0,0,10.440000000000001,100.0,100.0,1
19,p046,6,4,11.72,20.0,0,11.72,20.0,20.0,1
19,p046,6,8,24.259999999999998,100.0,0,24.259999999999998,100.0,100.0,1
19,p046,6,16,24.259999999999998,100.0,0,24.259999999999998,100.0,100.0,1
19,p046,6,32,48.36,97.0,1,24.259999999999998,100.0,100.0,1
19,p046,6,64,48.36,97.0,1,26.9,100.0,100.0,1
19,p046,7,1,10.600000000000001,100.0,0,10.600000000000001,100.0,100.0,1
19,p046,7,2,20.52,20.0,0,20.52,20.0,20.0,1
19,p046,7,4,33.54,98.33333333333333,1,20.52,20.0,20.0,1
19,p046,7,8,48.839999999999996,97.0,1,27.04,100.0,100.0,1
19,p046,7,16,48.839999999999996,97.0,1,28.04,98.0,98.0,1
19,p046,7,32,48.839999999999996,97.0,1,28.04,98.0,98.0,1
19,p046,7,64,89.2,58.529411764705884,1,28.04,98.0,98.0,1
19,p046,8,1,24.259999999999998,100.0,0,24.259999999999998,100.0,100.0,1
19,p046,8,2,24.259999999999998,100.0,0,24.259999999999998,100.0,100.0,1
19,p046,8,4,24.259999999999998,100.0,0,24.259999999999998,100.0,100.0,1
19,p046,8,8,24.259999999999998,100.0,0,24.259999999999998,100.0,100.0,1
19,p046,8,16,47.24,15.0,1,24.259999999999998,100.0,100.0,1
19,p046,8,32,47.24,15.0,1,27.9,98.0,98.0,1
19,p046,8,64,89.5,58.529411764705884,1,27.9,98.0,98.0,1
19,p046,9,1,10.120000000000001,100.0,0,10.120000000000001,100.0,100.0,1
19,p046,9,2,10.120000000000001,100.0,0,10.120000000000001,100.0,100.0,1
19,p046,9,4,16.240000000000002,100.0,0,16.240000000000002,100.0,100.0,1
19,p046,9,8,16.240000000000002,100.0,0,16.240000000000002,100.0,100.0,1
19,p046,9,16,26.74,100.0,0,26.74,100.0,100.0,1
19,p046,9,32,26.74,100.0,0,26.74,100.0,100.0,1
19,p046,9,64,53.36000000000001,15.714285714285714,1,27.04,100.0,100.0,1
19,p046,10,1,15.62,100.0,0,15.62,100.0,100.0,1
19,p046,10,2,15.62,100.0,0,15.62,100.0,100.0,1
19,p046,10,4,15.62,100.0,0,15.62,100.0,100.0,1
19,p046,10,8,27.04,100.0,0,27.04,100.0,100.0,1
19,p046,10,16,28.02,20.0,1,27.04,100.0,100.0,1
19,p046,10,32,35.7,100.0,1,27.04,100.0,100.0,1
19,p046,10,64,66.75999999999999,96.66666666666667,1,28.04,98.0,98.0,1
19,p046,11,1,10.280000000000001,100.0,0,10.280000000000001,100.0,100.0,1
19,p046,11,2,10.600000000000001,100.0,0,10.600000000000001,100.0,100.0,1
19,p046,11,4,25.04,100.0,0,25.04,100.0,100.0,1
19,p046,11,8,28.52,98.0,1,26.74,100.0,100.0,1
19,p046,11,16,28.52,98.0,1,26.74,100.0,100.0,1
19,p046,11,32,48.839999999999996,97.0,1,26.74,100.0,100.0,1
19,p046,11,64,48.839999999999996,97.0,1,28.36,98.0,98.0,1
19,p047,0,1,4.8,100.0,0,4.8,100.0,100.0,1
19,p047,0,2,10.440000000000001,100.0,0,10.440000000000001,100.0,100.0,1
19,p047,0,4,45.96,95.71428571428571,1,19.08,100.0,100.0,1
19,p047,0,8,100.0,58.68421052631579,1,19.08,100.0,100.0,1
19,p047,0,16,100.0,58.68421052631579,1,28.2,98.0,98.0,1
19,p047,0,32,100.0,58.68421052631579,1,28.2,98.0,98.0,1
19,p047,0,64,100.0,58.68421052631579,1,28.2,98.0,98.0,1
19,p047,1,1,19.240000000000002,100.0,0,19.240000000000002,100.0,100.0,1
19,p047,1,2,19.240000000000002,100.0,0,19.240000000000002,100.0,100.0,1
19,p047,1,4,19.240000000000002,100.0,0,19.240000000000002,100.0,100.0,1
19,p047,1,8,49.14,97.0,1,19.240000000000002,100.0,100.0,1
19,p047,1,16,49.14,97.0,1,19.240000000000002,100.0,100.0,1
19,p047,1,32,49.14,97.0,1,19.240000000000002,100.0,100.0,1
19,p047,1,64,50.1,16.666666666666664,1,26.419999999999998,100.0,100.0,1
19,p047,2,1,24.560000000000002,100.0,0,24.560000000000002,100.0,100.0,1
19,p047,2,2,24.560000000000002,100.0,0,24.560000000000002,100.0,100.0,1
19,p047,2,4,24.560000000000002,100.0,0,24.560000000000002,100.0,100.0,1
19,p047,2,8,24.560000000000002,100.0,0,24.560000000000002,100.0,100.0,1
19,p047,2,16,35.7,100.0,1,24.560000000000002,100.0,100.0,1
19,p047,2,32,35.7,100.0,1,26.9,100.0,100.0,1
19,p047,2,64,47.56,15.0,1,27.04,100.0,100.0,1
19,p047,3,1,10.280000000000001,100.0,0,10.280000000000001,100.0,100.0,1
19,p047,3,2,10.280000000000001,100.0,0,10.280000000000001,100.0,100.0,1
19,p047,3,4,10.280000000000001,100.0,0,10.280000000000001,100.0,100.0,1
19,p047,3,8,94.13999999999999,13.529411764705882,1,10.280000000000001,100.0,100.0,1
19,p047,3,16,94.13999999999999,13.529411764705882,1,19.4,100.0,100.0,1
19,p047,3,32,94.13999999999999,13.529411764705882,1,26.48,20.0,20.0,1
19,p047,3,64,94.13999999999999,13.529411764705882,1,26.48,20.0,20.0,1
19,p047,4,1,49.14,97.0,1,,,0.0,0
19,p047,4,2,49.14,97.0,1,4.8,100.0,100.0,1
19,p047,4,4,49.14,97.0,1,28.2,98.0,98.0,1
19,p047,4,8,49.14,97.0,1,28.2,98.0,98.0,1
19,p047,4,16,49.14,97.0,1,28.2,98.0,98.0,1
19,p047,4,32,49.14,97.0,1,28.2,98.0,98.0,1
19,p047,4,64,93.66,13.529411764705882,1,28.2,98.0,98.0,1
19,p047,5,1,10.440000000000001,100.0,0,10.440000000000001,100.0,100.0,1
19,p047,5,2,16.58,20.0,1,10.440000000000001,100.0,100.0,1
19,p047,5,4,16.58,20.0,1,15.62,100.0,100.0,1
19,p047,5,8,26.9,100.0,0,26.9,100.0,100.0,1
19,p047,5,16,26.9,100.0,0,26.9,100.0,100.0,1
19,p047,5,32,48.2,97.0,1,26.9,100.0,100.0,1
19,p047,5,64,89.66,58.529411764705884,1,28.04,98.0,98.0,1
19,p047,6,1,10.600000000000001,100.0,0,10.600000000000001,100.0,100.0,1
19,p047,6,2,24.560000000000002,100.0,0,24.560000000000002,100.0,100.0,1
19,p047,6,4,24.560000000000002,100.0,0,24.560000000000002,100.0,100.0,1
19,p047,6,8,24.560000000000002,100.0,0,24.560000000000002,100.0,100.0,1
19,p047,6,16,81.94,60.38461538461539,1,35.44,18.0,18.0,1
19,p047,6,32,84.66,95.71428571428571,1,35.44,18.0,18.0,1
19,p047,6,64,94.13999999999999,13.529411764705882,1,35.44,18.0,18.0,1
19,p047,7,1,9.98,100.0,0,9.98,100.0,100.0,1
19,p047,7,2,9.98,100.0,0,9.98,100.0,100.0,1
19,p047,7,4,16.08,100.0,0,16.08,100.0,100.0,1
19,p047,7,8,16.08,100.0,0,16.08,100.0,100.0,1
19,p047,7,16,16.240000000000002,100.0,0,16.240000000000002,100.0,100.0,1
19,p047,7,32,48.36,97.0,1,28.2,98.0,98.0,1
19,p047,7,64,48.36,97.0,1,28.2,98.0,98.0,1
19,p047,8,1,10.120000000000001,100.0,0,10.120000000000001,100.0,100.0,1
19,p047,8,2,16.240000000000002,100.0,0,16.240000000000002,100.0,100.0,1
19,p047,8,4,16.240000000000002,100.0,0,16.240000000000002,100.0,100.0,1
19,p047,8,8,50.1,16.666666666666664,1,26.419999999999998,100.0,100.0,1
19,p047,8,16,50.1,16.666666666666664,1,26.419999999999998,100.0,100.0,1
19,p047,8,32,50.1,16.666666666666664,1,26.419999999999998,100.0,100.0,1
19,p047,8,64,50.1,16.666666666666664,1,34.8,18.0,18.0,1
19,p047,9,1,9.98,100.0,0,9.98,100.0,100.0,1
19,p047,9,2,29.32,17.5,1,9.98,100.0,100.0,1
19,p047,9,4,29.32,17.5,1,10.440000000000001,100.0,100.0,1
19,p047,9,8,29.32,17.5,1,26.58,100.0,100.0,1
19,p047,9,16,29.32,17.5,1,26.58,100.0,100.0,1
19,p047,9,32,29.32,17.5,1,26.58,100.0,100.0,1
19,p047,9,64,45.96,95.71428571428571,1,28.36,98.0,98.0,1
19,p047,10,1,10.600000000000001,100.0,0,10.600000000000001,100.0,100.0,1
19,p047,10,2,10.600000000000001,100.0,0,10.600000000000001,100.0,100.0,1
19,p047,10,4,19.4,100.0,0,19.4,100.0,100.0,1
19,p047,10,8,26.74,100.0,0,26.74,100.0,100.0,1
19,p047,10,16,36.980000000000004,20.0,1,26.74,100.0,100.0,1
19,p047,10,32,48.82000000000001,97.0,1,26.74,100.0,100.0,1
19,p047,10,64,89.2,58.529411764705884,1,28.36,98.0,98.0,1
19,p047,11,1,11.56,20.0,0,11.56,20.0,20.0,1
19,p047,11,2,11.56,20.0,0,11.56,20.0,20.0,1
19,p047,11,4,11.56,20.0,0,11.56,20.0,20.0,1
19,p047,11,8,16.08,100.0,0,16.08,100.0,100.0,1
19,p047,11,16,26.58,100.0,0,26.58,100.0,100.0,1
19,p047,11,32,50.12,16.666666666666664,1,27.04,100.0,100.0,1
19,p047,11,64,50.12,16.666666666666664,1,28.2,98.0,98.0,1
19,p048,0,1,10.440000000000001,100.0,0,10.440000000000001,100.0,100.0,1
19,p048,0,2,10.440000000000001,100.0,0,10.440000000000001,100.0,100.0,1
19,p048,0,4,28.32,20.0,1,10.440000000000001,100.0,100.0,1
19,p048,0,8,89.82,58.529411764705884,1,10.440000000000001,100.0,100.0,1
19,p048,0,16,89.82,58.529411764705884,1,19.4,100.0,100.0,1
19,p048,0,32,89.82,58.529411764705884,1,27.04,100.0,100.0,1
19,p048,0,64,89.82,58.529411764705884,1,27.04,100.0,100.0,1
19,p048,1,1,11.88,20.0,0,11.88,20.0,20.0,1
19,p048,1,2,19.240000000000002,100.0,0,19.240000000000002,100.0,100.0,1
19,p048,1,4,19.240000000000002,100.0,0,19.240000000000002,100.0,100.0,1
19,p048,1,8,24.560000000000002,100.0,0,24.560000000000002,100.0,100.0,1
19,p048,1,16,89.33999999999999,58.529411764705884,1,28.04,98.0,98.0,1
19,p048,1,32,89.82,58.529411764705884,1,28.04,98.0,98.0,1
19,p048,1,64,89.82,58.529411764705884,1,28.36,98.0,98.0,1
19,p048,2,1,10.440000000000001,100.0,0,10.440000000000001,100.0,100.0,1
19,p048,2,2,10.440000000000001,100.0,0,10.440000000000001,100.0,100.0,1
19,p048,2,4,10.440000000000001,100.0,0,10.440000000000001,100.0,100.0,1
19,p048,2,8,57.16,97.27272727272728,1,10.440000000000001,100.0,100.0,1
19,p048,2,16,57.16,97.27272727272728,1,26.9,100.0,100.0,1
19,p048,2,32,89.5,58.529411764705884,1,26.9,100.0,100.0,1
19,p048,2,64,89.5,58.529411764705884,1,26.9,100.0,100.0,1
19,p048,3,1,26.419999999999998,100.0,0,26.419999999999998,100.0,100.0,1
19,p048,3,2,26.419999999999998,100.0,0,26.419999999999998,100.0,100.0,1
19,p048,3,4,26.419999999999998,100.0,0,26.419999999999998,100.0,100.0,1
19,p048,3,8,26.58,100.0,0,26.58,100.0,100.0,1
19,p048,3,16,26.58,100.0,0,26.58,100.0,100.0,1
19,p048,3,32,26.58,100.0,0,26.58,100.0,100.0,1
19,p048,3,64,89.33999999999999,58.529411764705884,1,27.04,100.0,100.0,1
19,p048,4,1,11.4,20.0,0,11.4,20.0,20.0,1
19,p048,4,2,20.52,20.0,0,20.52,20.0,20.0,1
19,p048,4,4,26.74,100.0,0,26.74,100.0,100.0,1
19,p048,4,8,26.74,100.0,0,26.74,100.0,100.0,1
19,p048,4,16,26.74,100.0,0,26.74,100.0,100.0,1
19,p048,4,32,29.8,17.5,1,26.9,100.0,100.0,1
19,p048,4,64,89.2,58.529411764705884,1,27.9,98.0,98.0,1
19,p048,5,1,19.08,100.0,0,19.08,100.0,100.0,1
19,p048,5,2,19.08,100.0,0,19.08,100.0,100.0,1
19,p048,5,4,89.2,58.529411764705884,1,19.08,100.0,100.0,1
19,p048,5,8,89.2,58.529411764705884,1,19.560000000000002,100.0,100.0,1
19,p048,5,16,89.2,58.529411764705884,1,19.560000000000002,100.0,100.0,1
19,p048,5,32,89.2,58.529411764705884,1,24.560000000000002,100.0,100.0,1
19,p048,5,64,98.3,58.888888888888886,1,27.04,100.0,100.0,1
19,p048,6,1,10.440000000000001,100.0,0,10.440000000000001,100.0,100.0,1
19,p048,6,2,10.600000000000001,100.0,0,10.600000000000001,100.0,100.0,1
19,p048,6,4,11.56,20.0,0,11.56,20.0,20.0,1
19,p048,6,8,16.08,100.0,0,16.08,100.0,100.0,1
19,p048,6,16,28.36,98.0,0,28.36,98.0,98.0,1
19,p048,6,32,45.96,95.71428571428571,1,28.36,98.0,98.0,1
19,p048,6,64,48.36,97.0,1,28.36,98.0,98.0,1
19,p048,7,1,11.88,20.0,0,11.88,20.0,20.0,1
19,p048,7,2,11.88,20.0,0,11.88,20.0,20.0,1
19,p048,7,4,18.939999999999998,100.0,0,18.939999999999998,100.0,100.0,1
19,p048,7,8,18.939999999999998,100.0,0,18.939999999999998,100.0,100.0,1
19,p048,7,16,19.4,100.0,0,19.4,100.0,100.0,1
19,p048,7,32,19.4,100.0,0,19.4,100.0,100.0,1
19,p048,7,64,48.2,97.0,1,28.04,98.0,98.0,1
19,p048,8,1,15.62,100.0,0,15.62,100.0,100.0,1
19,p048,8,2,15.62,100.0,0,15.62,100.0,100.0,1
19,p048,8,4,28.36,98.0,0,28.36,98.0,98.0,1
19,p048,8,8,28.36,98.0,0,28.36,98.0,98.0,1
19,p048,8,16,28.36,98.0,0,28.36,98.0,98.0,1
19,p048,8,32,34.16,98.33333333333333,1,28.36,98.0,98.0,1
19,p048,8,64,46.44,95.71428571428571,1,28.36,98.0,98.0,1
19,p048,9,1,10.120000000000001,100.0,0,10.120000000000001,100.0,100.0,1
19,p048,9,2,19.560000000000002,100.0,0,19.560000000000002,100.0,100.0,1
19,p048,9,4,19.560000000000002,100.0,0,19.560000000000002,100.0,100.0,1
19,p048,9,8,20.22,20.0,0,20.22,20.0,20.0,1
19,p048,9,16,48.2,97.0,1,20.22,20.0,20.0,1
19,p048,9,32,48.2,97.0,1,24.58,100.0,100.0,1
19,p048,9,64,48.36,97.0,1,26.9,100.0,100.0,1
19,p048,10,1,9.98,100.0,0,9.98,100.0,100.0,1
19,p048,10,2,47.720000000000006,15.0,1,9.98,100.0,100.0,1
19,p048,10,4,47.720000000000006,15.0,1,10.440000000000001,100.0,100.0,1
19,p048,10,8,48.82000000000001,97.0,1,19.560000000000002,100.0,100.0,1
19,p048,10,16,49.48,16.666666666666664,1,26.74,100.0,100.0,1
19,p048,10,32,49.48,16.666666666666664,1,26.74,100.0,100.0,1
19,p048,10,64,89.82,58.529411764705884,1,26.74,100.0,100.0,1
19,p048,11,1,10.440000000000001,100.0,0,10.440000000000001,100.0,100.0,1
19,p048,11,2,18.939999999999998,100.0,0,18.939999999999998,100.0,100.0,1
19,p048,11,4,26.9,100.0,0,26.9,100.0,100.0,1
19,p048,11,8,26.9,100.0,0,26.9,100.0,100.0,1
19,p048,11,16,26.9,100.0,0,26.9,100.0,100.0,1
19,p048,11,32,28.52,98.0,1,26.9,100.0,100.0,1
19,p048,11,64,48.82000000000001,97.0,1,28.04,98.0,98.0,1
42,p037,0,1,9.34,100.0,0,9.34,100.0,100.0,1
42,p037,0,2,14.68,100.0,0,14.68,100.0,100.0,1
42,p037,0,4,44.879999999999995,95.71428571428571,1,14.68,100.0,100.0,1
42,p037,0,8,44.879999999999995,95.71428571428571,1,14.68,100.0,100.0,1
42,p037,0,16,47.400000000000006,15.0,1,14.68,100.0,100.0,1
42,p037,0,32,47.400000000000006,15.0,1,20.52,20.0,20.0,1
42,p037,0,64,91.6,93.88888888888889,1,26.48,20.0,20.0,1
42,p037,1,1,9.18,100.0,0,9.18,100.0,100.0,1
42,p037,1,2,9.18,100.0,0,9.18,100.0,100.0,1
42,p037,1,4,11.72,20.0,0,11.72,20.0,20.0,1
42,p037,1,8,51.14,96.25,1,11.72,20.0,20.0,1
42,p037,1,16,51.14,96.25,1,20.36,20.0,20.0,1
42,p037,1,32,51.14,96.25,1,20.36,20.0,20.0,1
42,p037,1,64,91.3,93.88888888888889,1,25.799999999999997,100.0,100.0,1
42,p037,2,1,45.02,95.71428571428571,1,,,0.0,0
42,p037,2,2,45.02,95.71428571428571,1,14.66,100.0,100.0,1
42,p037,2,4,45.02,95.71428571428571,1,14.66,100.0,100.0,1
42,p037,2,8,45.02,95.71428571428571,1,25.799999999999997,100.0,100.0,1
42,p037,2,16,47.900000000000006,97.0,1,32.28,98.33333333333333,98.33333333333333,1
42,p037,2,32,91.3,93.88888888888889,1,32.28,98.33333333333333,98.33333333333333,1
42,p037,2,64,91.3,93.88888888888889,1,32.28,98.33333333333333,98.33333333333333,1
42,p037,3,1,9.04,100.0,0,9.04,100.0,100.0,1
42,p037,3,2,14.68,100.0,0,14.68,100.0,100.0,1
42,p037,3,4,14.68,100.0,0,14.68,100.0,100.0,1
42,p037,3,8,21.78,97.5,1,14.68,100.0,100.0,1
42,p037,3,16,21.78,97.5,1,14.68,100.0,100.0,1
42,p037,3,32,63.70000000000001,16.666666666666664,1,18.3,100.0,100.0,1
42,p037,3,64,63.70000000000001,16.666666666666664,1,26.32,20.0,20.0,1
42,p037,4,1,9.34,100.0,0,9.34,100.0,100.0,1
42,p037,4,2,11.72,20.0,0,11.72,20.0,20.0,1
42,p037,4,4,15.3,100.0,0,15.3,100.0,100.0,1
42,p037,4,8,47.900000000000006,97.0,1,18.14,100.0,100.0,1
42,p037,4,16,47.900000000000006,97.0,1,27.259999999999998,98.0,98.0,1
42,p037,4,32,47.900000000000006,97.0,1,27.419999999999998,98.0,98.0,1
42,p037,4,64,47.900000000000006,97.0,1,27.419999999999998,98.0,98.0,1
42,p037,5,1,18.3,100.0,0,18.3,100.0,100.0,1
42,p037,5,2,18.3,100.0,0,18.3,100.0,100.0,1
42,p037,5,4,18.3,100.0,0,18.3,100.0,100.0,1
42,p037,5,8,25.64,100.0,0,25.64,100.0,100.0,1
42,p037,5,16,25.64,100.0,0,25.64,100.0,100.0,1
42,p037,5,32,48.2,97.0,1,25.799999999999997,100.0,100.0,1
42,p037,5,64,89.03999999999999,58.529411764705884,1,34.76,100.0,100.0,1
42,p037,6,1,18.0,100.0,0,18.0,100.0,100.0,1
42,p037,6,2,18.0,100.0,0,18.0,100.0,100.0,1
42,p037,6,4,18.14,100.0,0,18.14,100.0,100.0,1
42,p037,6,8,23.32,100.0,0,23.32,100.0,100.0,1
42,p037,6,16,26.96,98.0,0,26.96,98.0,98.0,1
42,p037,6,32,47.42,97.0,1,26.96,98.0,98.0,1
42,p037,6,64,47.42,97.0,1,27.419999999999998,98.0,98.0,1
42,p037,7,1,14.68,100.0,0,14.68,100.0,100.0,1
42,p037,7,2,15.14,100.0,0,15.14,100.0,100.0,1
42,p037,7,4,15.14,100.0,0,15.14,100.0,100.0,1
42,p037,7,8,15.14,100.0,0,15.14,100.0,100.0,1
42,p037,7,16,56.86,97.27272727272728,1,15.14,100.0,100.0,1
42,p037,7,32,56.86,97.27272727272728,1,15.3,100.0,100.0,1
42,p037,7,64,91.6,93.88888888888889,1,35.06,100.0,100.0,1
42,p037,8,1,45.02,95.71428571428571,1,,,0.0,0
42,p037,8,2,45.02,95.71428571428571,1,9.66,100.0,100.0,1
42,p037,8,4,45.02,95.71428571428571,1,18.0,100.0,100.0,1
42,p037,8,8,45.02,95.71428571428571,1,18.0,100.0,100.0,1
42,p037,8,16,45.02,95.71428571428571,1,18.0,100.0,100.0,1
42,p037,8,32,100.0,58.68421052631579,1,27.419999999999998,98.0,98.0,1
42,p037,8,64,100.0,58.68421052631579,1,46.1,18.57142857142857,18.57142857142857,1
42,p037,9,1,26.96,98.0,0,26.96,98.0,98.0,1
42,p037,9,2,26.96,98.0,0,26.96,98.0,98.0,1
42,p037,9,4,26.96,98.0,0,26.96,98.0,98.0,1
42,p037,9,8,26.96,98.0,0,26.96,98.0,98.0,1
42,p037,9,16,45.5,95.71428571428571,1,26.96,98.0,98.0,1
42,p037,9,32,47.42,97.0,1,26.96,98.0,98.0,1
42,p037,9,64,91.3,93.88888888888889,1,26.96,98.0,98.0,1
42,p037,10,1,9.5,100.0,0,9.5,100.0,100.0,1
42,p037,10,2,47.260000000000005,97.0,1,9.5,100.0,100.0,1
42,p037,10,4,47.260000000000005,97.0,1,11.56,20.0,20.0,1
42,p037,10,8,47.260000000000005,97.0,1,14.66,100.0,100.0,1
42,p037,10,16,47.260000000000005,97.0,1,25.84,20.0,20.0,1
42,p037,10,32,47.260000000000005,97.0,1,25.84,20.0,20.0,1
42,p037,10,64,48.2,97.0,1,32.58,98.33333333333333,98.33333333333333,1
42,p037,11,1,20.68,20.0,0,20.68,20.0,20.0,1
42,p037,11,2,20.68,20.0,0,20.68,20.0,20.0,1
42,p037,11,4,20.68,20.0,0,20.68,20.0,20.0,1
42,p037,11,8,20.68,20.0,0,20.68,20.0,20.0,1
42,p037,11,16,56.86,97.27272727272728,1,20.68,20.0,20.0,1
42,p037,11,32,91.6,93.88888888888889,1,20.68,20.0,20.0,1
42,p037,11,64,91.6,93.88888888888889,1,26.96,98.0,98.0,1
42,p038,0,1,9.04,100.0,0,9.04,100.0,100.0,1
42,p038,0,2,9.34,100.0,0,9.34,100.0,100.0,1
42,p038,0,4,18.619999999999997,100.0,0,18.619999999999997,100.0,100.0,1
42,p038,0,8,18.619999999999997,100.0,0,18.619999999999997,100.0,100.0,1
42,p038,0,16,18.619999999999997,100.0,0,18.619999999999997,100.0,100.0,1
42,p038,0,32,56.839999999999996,97.27272727272728,1,25.479999999999997,100.0,100.0,1
42,p038,0,64,89.03999999999999,58.529411764705884,1,26.96,98.0,98.0,1
42,p038,1,1,9.5,100.0,0,9.5,100.0,100.0,1
42,p038,1,2,11.4,20.0,0,11.4,20.0,20.0,1
42,p038,1,4,15.14,100.0,0,15.14,100.0,100.0,1
42,p038,1,8,15.3,100.0,0,15.3,100.0,100.0,1
42,p038,1,16,27.58,98.0,0,27.58,98.0,98.0,1
42,p038,1,32,51.14,96.25,1,27.58,98.0,98.0,1
42,p038,1,64,91.3,93.88888888888889,1,27.58,98.0,98.0,1
42,p038,2,1,14.66,100.0,0,14.66,100.0,100.0,1
42,p038,2,2,14.66,100.0,0,14.66,100.0,100.0,1
42,p038,2,4,25.799999999999997,100.0,0,25.799999999999997,100.0,100.0,1
42,p038,2,8,25.799999999999997,100.0,0,25.799999999999997,100.0,100.0,1
42,p038,2,16,25.799999999999997,100.0,0,25.799999999999997,100.0,100.0,1
42,p038,2,32,43.56,98.75,1,25.799999999999997,100.0,100.0,1
42,p038,2,64,93.52,13.529411764705882,1,27.419999999999998,98.0,98.0,1
42,p038,3,1,14.36,100.0,0,14.36,100.0,100.0,1
42,p038,3,2,14.36,100.0,0,14.36,100.0,100.0,1
42,p038,3,4,18.14,100.0,0,18.14,100.0,100.0,1
42,p038,3,8,20.52,20.0,0,20.52,20.0,20.0,1
42,p038,3,16,61.940000000000005,97.0,1,23.32,100.0,100.0,1
42,p038,3,32,61.940000000000005,97.0,1,27.259999999999998,98.0,98.0,1
42,p038,3,64,61.940000000000005,97.0,1,32.6,98.33333333333333,98.33333333333333,1
42,p038,4,1,9.5,100.0,0,9.5,100.0,100.0,1
42,p038,4,2,9.5,100.0,0,9.5,100.0,100.0,1
42,p038,4,4,9.66,100.0,0,9.66,100.0,100.0,1
42,p038,4,8,48.2,97.0,1,11.56,20.0,20.0,1
42,p038,4,16,100.0,13.88888888888889,1,27.259999999999998,98.0,98.0,1
42,p038,4,32,100.0,13.88888888888889,1,27.259999999999998,98.0,98.0,1
42,p038,4,64,100.0,13.88888888888889,1,27.58,98.0,98.0,1
42,p038,5,1,3.8600000000000003,100.0,0,3.8600000000000003,100.0,100.0,1
42,p038,5,2,9.66,100.0,0,9.66,100.0,100.0,1
42,p038,5,4,18.46,100.0,0,18.46,100.0,100.0,1
42,p038,5,8,56.839999999999996,97.27272727272728,1,18.619999999999997,100.0,100.0,1
42,p038,5,16,56.839999999999996,97.27272727272728,1,25.96,100.0,100.0,1
42,p038,5,32,56.839999999999996,97.27272727272728,1,25.96,100.0,100.0,1
42,p038,5,64,56.839999999999996,97.27272727272728,1,27.419999999999998,98.0,98.0,1
42,p038,6,1,32.58,98.33333333333333,0,32.58,98.33333333333333,98.33333333333333,1
42,p038,6,2,32.58,98.33333333333333,0,32.58,98.33333333333333,98.33333333333333,1
42,p038,6,4,32.58,98.33333333333333,0,32.58,98.33333333333333,98.33333333333333,1
42,p038,6,8,32.58,98.33333333333333,0,32.58,98.33333333333333,98.33333333333333,1
42,p038,6,16,32.58,98.33333333333333,0,32.58,98.33333333333333,98.33333333333333,1
42,p038,6,32,32.58,98.33333333333333,0,32.58,98.33333333333333,98.33333333333333,1
42,p038,6,64,93.97999999999999,13.529411764705882,1,32.58,98.33333333333333,98.33333333333333,1
42,p038,7,1,9.34,100.0,0,9.34,100.0,100.0,1
42,p038,7,2,14.36,100.0,0,14.36,100.0,100.0,1
42,p038,7,4,18.3,100.0,0,18.3,100.0,100.0,1
42,p038,7,8,47.42,97.0,1,18.3,100.0,100.0,1
42,p038,7,16,47.42,97.0,1,25.64,100.0,100.0,1
42,p038,7,32,48.2,97.0,1,27.259999999999998,98.0,98.0,1
42,p038,7,64,48.2,97.0,1,32.58,98.33333333333333,98.33333333333333,1
42,p038,8,1,16.9,20.0,1,,,0.0,0
42,p038,8,2,16.9,20.0,1,9.5,100.0,100.0,1
42,p038,8,4,16.9,20.0,1,9.66,100.0,100.0,1
42,p038,8,8,27.58,98.0,0,27.58,98.0,98.0,1
42,p038,8,16,35.06,100.0,0,35.06,100.0,100.0,1
42,p038,8,32,35.06,100.0,0,35.06,100.0,100.0,1
42,p038,8,64,59.06,17.0,1,35.06,100.0,100.0,1
42,p038,9,1,9.04,100.0,0,9.04,100.0,100.0,1
42,p038,9,2,15.3,100.0,0,15.3,100.0,100.0,1
42,p038,9,4,16.9,20.0,1,15.3,100.0,100.0,1
42,p038,9,8,16.9,20.0,1,15.3,100.0,100.0,1
42,p038,9,16,49.63999999999999,16.666666666666664,1,15.3,100.0,100.0,1
42,p038,9,32,49.63999999999999,16.666666666666664,1,25.64,100.0,100.0,1
42,p038,9,64,89.03999999999999,58.529411764705884,1,27.58,98.0,98.0,1
42,p038,10,1,9.18,100.0,0,9.18,100.0,100.0,1
42,p038,10,2,9.18,100.0,0,9.18,100.0,100.0,1
42,p038,10,4,9.34,100.0,0,9.34,100.0,100.0,1
42,p038,10,8,15.14,100.0,0,15.14,100.0,100.0,1
42,p038,10,16,34.92,100.0,1,25.479999999999997,100.0,100.0,1
42,p038,10,32,47.260000000000005,97.0,1,25.64,100.0,100.0,1
42,p038,10,64,100.0,13.68421052631579,1,27.259999999999998,98.0,98.0,1
42,p038,11,1,9.04,100.0,0,9.04,100.0,100.0,1
42,p038,11,2,9.18,100.0,0,9.18,100.0,100.0,1
42,p038,11,4,9.5,100.0,0,9.5,100.0,100.0,1
42,p038,11,8,37.28,20.0,1,18.0,100.0,100.0,1
42,p038,11,16,47.260000000000005,97.0,1,18.0,100.0,100.0,1
42,p038,11,32,47.260000000000005,97.0,1,26.1,100.0,100.0,1
42,p038,11,64,47.260000000000005,97.0,1,32.28,98.33333333333333,98.33333333333333,1
42,p039,0,1,47.42,97.0,1,,,0.0,0
42,p039,0,2,47.42,97.0,1,9.5,100.0,100.0,1
42,p039,0,4,47.42,97.0,1,9.5,100.0,100.0,1
42,p039,0,8,47.42,97.0,1,11.4,20.0,20.0,1
42,p039,0,16,47.42,97.0,1,25.799999999999997,100.0,100.0,1
42,p039,0,32,47.42,97.0,1,27.58,98.0,98.0,1
42,p039,0,64,91.3,93.88888888888889,1,27.58,98.0,98.0,1
42,p039,1,1,3.8600000000000003,100.0,0,3.8600000000000003,100.0,100.0,1
42,p039,1,2,9.66,100.0,0,9.66,100.0,100.0,1
42,p039,1,4,15.14,100.0,0,15.14,100.0,100.0,1
42,p039,1,8,16.58,20.0,1,15.14,100.0,100.0,1
42,p039,1,16,23.32,100.0,0,23.32,100.0,100.0,1
42,p039,1,32,50.42,16.666666666666664,1,25.96,100.0,100.0,1
42,p039,1,64,50.42,16.666666666666664,1,27.259999999999998,98.0,98.0,1
42,p039,2,1,48.2,97.0,1,,,0.0,0
42,p039,2,2,48.2,97.0,1,9.66,100.0,100.0,1
42,p039,2,4,48.2,97.0,1,9.66,100.0,100.0,1
42,p039,2,8,48.2,97.0,1,9.66,100.0,100.0,1
42,p039,2,16,48.2,97.0,1,17.52,20.0,20.0,1
42,p039,2,32,91.44,93.88888888888889,1,32.58,98.33333333333333,98.33333333333333,1
42,p039,2,64,91.44,93.88888888888889,1,32.58,98.33333333333333,98.33333333333333,1
42,p039,3,1,9.18,100.0,0,9.18,100.0,100.0,1
42,p039,3,2,9.66,100.0,0,9.66,100.0,100.0,1
42,p039,3,4,11.56,20.0,0,11.56,20.0,20.0,1
42,p039,3,8,18.46,100.0,0,18.46,100.0,100.0,1
42,p039,3,16,18.46,100.0,0,18.46,100.0,100.0,1
42,p039,3,32,25.479999999999997,100.0,0,25.479999999999997,100.0,100.0,1
42,p039,3,64,49.63999999999999,16.666666666666664,1,27.419999999999998,98.0,98.0,1
42,p039,4,1,15.14,100.0,0,15.14,100.0,100.0,1
42,p039,4,2,15.14,100.0,0,15.14,100.0,100.0,1
42,p039,4,4,15.14,100.0,0,15.14,100.0,100.0,1
42,p039,4,8,15.14,100.0,0,15.14,100.0,100.0,1
42,p039,4,16,15.14,100.0,0,15.14,100.0,100.0,1
42,p039,4,32,28.32,20.0,1,27.419999999999998,98.0,98.0,1
42,p039,4,64,56.38,97.27272727272728,1,34.76,100.0,100.0,1
42,p039,5,1,9.18,100.0,0,9.18,100.0,100.0,1
42,p039,5,2,11.4,20.0,0,11.4,20.0,20.0,1
42,p039,5,4,23.619999999999997,100.0,0,23.619999999999997,100.0,100.0,1
42,p039,5,8,23.619999999999997,100.0,0,23.619999999999997,100.0,100.0,1
42,p039,5,16,94.13999999999999,13.529411764705882,1,23.619999999999997,100.0,100.0,1
42,p039,5,32,94.13999999999999,13.529411764705882,1,35.06,100.0,100.0,1
42,p039,5,64,94.13999999999999,13.529411764705882,1,35.06,100.0,100.0,1
42,p039,6,1,9.66,100.0,0,9.66,100.0,100.0,1
42,p039,6,2,49.63999999999999,16.666666666666664,1,9.66,100.0,100.0,1
42,p039,6,4,49.63999999999999,16.666666666666664,1,9.66,100.0,100.0,1
42,p039,6,8,49.63999999999999,16.666666666666664,1,25.54,20.0,20.0,1
42,p039,6,16,49.63999999999999,16.666666666666664,1,25.54,20.0,20.0,1
42,p039,6,32,49.63999999999999,16.666666666666664,1,25.64,100.0,100.0,1
42,p039,6,64,88.88,58.529411764705884,1,26.1,100.0,100.0,1
42,p039,7,1,9.18,100.0,0,9.18,100.0,100.0,1
42,p039,7,2,9.18,100.0,0,9.18,100.0,100.0,1
42,p039,7,4,15.3,100.0,0,15.3,100.0,100.0,1
42,p039,7,8,48.2,97.0,1,27.419999999999998,98.0,98.0,1
42,p039,7,16,48.2,97.0,1,27.419999999999998,98.0,98.0,1
42,p039,7,32,48.2,97.0,1,27.419999999999998,98.0,98.0,1
42,p039,7,64,94.13999999999999,13.529411764705882,1,27.419999999999998,98.0,98.0,1
42,p039,8,1,9.5,100.0,0,9.5,100.0,100.0,1
42,p039,8,2,9.5,100.0,0,9.5,100.0,100.0,1
42,p039,8,4,9.5,100.0,0,9.5,100.0,100.0,1
42,p039,8,8,45.18000000000001,95.71428571428571,1,11.56,20.0,20.0,1
42,p039,8,16,47.42,97.0,1,25.479999999999997,100.0,100.0,1
42,p039,8,32,47.42,97.0,1,27.1,98.0,98.0,1
42,p039,8,64,47.42,97.0,1,34.8,18.0,18.0,1
42,p039,9,1,9.18,100.0,0,9.18,100.0,100.0,1
42,p039,9,2,11.56,20.0,0,11.56,20.0,20.0,1
42,p039,9,4,25.799999999999997,100.0,0,25.799999999999997,100.0,100.0,1
42,p039,9,8,25.799999999999997,100.0,0,25.799999999999997,100.0,100.0,1
42,p039,9,16,25.96,100.0,0,25.96,100.0,100.0,1
42,p039,9,32,27.259999999999998,98.0,0,27.259999999999998,98.0,98.0,1
42,p039,9,64,50.12,16.666666666666664,1,27.259999999999998,98.0,98.0,1
42,p039,10,1,27.419999999999998,98.0,0,27.419999999999998,98.0,98.0,1
42,p039,10,2,27.419999999999998,98.0,0,27.419999999999998,98.0,98.0,1
42,p039,10,4,27.419999999999998,98.0,0,27.419999999999998,98.0,98.0,1
42,p039,10,8,27.419999999999998,98.0,0,27.419999999999998,98.0,98.0,1
42,p039,10,16,27.419999999999998,98.0,0,27.419999999999998,98.0,98.0,1
42,p039,10,32,27.419999999999998,98.0,0,27.419999999999998,98.0,98.0,1
42,p039,10,64,89.03999999999999,58.529411764705884,1,27.419999999999998,98.0,98.0,1
42,p039,11,1,18.14,100.0,0,18.14,100.0,100.0,1
42,p039,11,2,18.14,100.0,0,18.14,100.0,100.0,1
42,p039,11,4,18.14,100.0,0,18.14,100.0,100.0,1
42,p039,11,8,45.02,95.71428571428571,1,18.14,100.0,100.0,1
42,p039,11,16,48.2,97.0,1,27.58,98.0,98.0,1
42,p039,11,32,89.03999999999999,58.529411764705884,1,27.58,98.0,98.0,1
42,p039,11,64,89.03999999999999,58.529411764705884,1,27.58,98.0,98.0,1
42,p040,0,1,3.8600000000000003,100.0,0,3.8600000000000003,100.0,100.0,1
42,p040,0,2,11.26,20.0,0,11.26,20.0,20.0,1
42,p040,0,4,11.26,20.0,0,11.26,20.0,20.0,1
42,p040,0,8,47.900000000000006,97.0,1,18.619999999999997,100.0,100.0,1
42,p040,0,16,47.900000000000006,97.0,1,24.259999999999998,100.0,100.0,1
42,p040,0,32,47.900000000000006,97.0,1,27.1,98.0,98.0,1
42,p040,0,64,51.14,96.25,1,27.1,98.0,98.0,1
42,p040,1,1,65.34,96.66666666666667,1,,,0.0,0
42,p040,1,2,65.34,96.66666666666667,1,25.64,100.0,100.0,1
42,p040,1,4,65.34,96.66666666666667,1,25.64,100.0,100.0,1
42,p040,1,8,65.34,96.66666666666667,1,25.96,100.0,100.0,1
42,p040,1,16,98.16,93.88888888888889,1,25.96,100.0,100.0,1
42,p040,1,32,98.16,93.88888888888889,1,26.1,100.0,100.0,1
42,p040,1,64,98.16,93.88888888888889,1,26.1,100.0,100.0,1
42,p040,2,1,16.9,20.0,1,,,0.0,0
42,p040,2,2,16.9,20.0,1,9.18,100.0,100.0,1
42,p040,2,4,16.9,20.0,1,9.18,100.0,100.0,1
42,p040,2,8,16.9,20.0,1,9.66,100.0,100.0,1
42,p040,2,16,27.86,20.0,1,25.479999999999997,100.0,100.0,1
42,p040,2,32,89.03999999999999,93.52941176470588,1,26.1,100.0,100.0,1
42,p040,2,64,89.03999999999999,93.52941176470588,1,26.96,98.0,98.0,1
42,p040,3,1,9.18,100.0,0,9.18,100.0,100.0,1
42,p040,3,2,9.5,100.0,0,9.5,100.0,100.0,1
42,p040,3,4,9.5,100.0,0,9.5,100.0,100.0,1
42,p040,3,8,24.1,100.0,0,24.1,100.0,100.0,1
42,p040,3,16,47.260000000000005,97.0,1,27.1,98.0,98.0,1
42,p040,3,32,47.260000000000005,97.0,1,27.419999999999998,98.0,98.0,1
42,p040,3,64,47.42,97.0,1,27.419999999999998,98.0,98.0,1
42,p040,4,1,9.5,100.0,0,9.5,100.0,100.0,1
42,p040,4,2,14.66,100.0,0,14.66,100.0,100.0,1
42,p040,4,4,45.5,95.71428571428571,1,14.66,100.0,100.0,1
42,p040,4,8,45.5,95.71428571428571,1,26.96,98.0,98.0,1
42,p040,4,16,47.260000000000005,97.0,1,27.259999999999998,98.0,98.0,1
42,p040,4,32,47.900000000000006,97.0,1,27.259999999999998,98.0,98.0,1
42,p040,4,64,47.900000000000006,97.0,1,34.76,100.0,100.0,1
42,p040,5,1,9.34,100.0,0,9.34,100.0,100.0,1
42,p040,5,2,9.34,100.0,0,9.34,100.0,100.0,1
42,p040,5,4,49.63999999999999,16.666666666666664,1,24.259999999999998,100.0,100.0,1
42,p040,5,8,49.63999999999999,16.666666666666664,1,25.799999999999997,100.0,100.0,1
42,p040,5,16,56.839999999999996,97.27272727272728,1,26.1,100.0,100.0,1
42,p040,5,32,56.839999999999996,97.27272727272728,1,26.1,100.0,100.0,1
42,p040,5,64,56.839999999999996,97.27272727272728,1,27.419999999999998,98.0,98.0,1
42,p040,6,1,21.78,97.5,1,,,0.0,0
42,p040,6,2,21.78,97.5,1,9.04,100.0,100.0,1
42,p040,6,4,21.78,97.5,1,11.4,20.0,20.0,1
42,p040,6,8,21.78,97.5,1,11.4,20.0,20.0,1
42,p040,6,16,47.900000000000006,97.0,1,25.96,100.0,100.0,1
42,p040,6,32,47.900000000000006,97.0,1,27.259999999999998,98.0,98.0,1
42,p040,6,64,50.519999999999996,96.25,1,27.259999999999998,98.0,98.0,1
42,p040,7,1,25.64,100.0,0,25.64,100.0,100.0,1
42,p040,7,2,26.48,20.0,0,26.48,20.0,20.0,1
42,p040,7,4,26.48,20.0,0,26.48,20.0,20.0,1
42,p040,7,8,26.48,20.0,0,26.48,20.0,20.0,1
42,p040,7,16,26.48,20.0,0,26.48,20.0,20.0,1
42,p040,7,32,32.6,98.33333333333333,0,32.6,98.33333333333333,98.33333333333333,1
42,p040,7,64,61.64,97.0,1,32.6,98.33333333333333,98.33333333333333,1
42,p040,8,1,9.34,100.0,0,9.34,100.0,100.0,1
42,p040,8,2,23.64,100.0,0,23.64,100.0,100.0,1
42,p040,8,4,91.6,93.88888888888889,1,23.64,100.0,100.0,1
42,p040,8,8,91.6,93.88888888888889,1,23.64,100.0,100.0,1
42,p040,8,16,91.6,93.88888888888889,1,23.64,100.0,100.0,1
42,p040,8,32,91.6,93.88888888888889,1,23.64,100.0,100.0,1
42,p040,8,64,91.6,93.88888888888889,1,35.06,100.0,100.0,1
42,p040,9,1,9.5,100.0,0,9.5,100.0,100.0,1
42,p040,9,2,35.06,100.0,0,35.06,100.0,100.0,1
42,p040,9,4,35.06,100.0,0,35.06,100.0,100.0,1
42,p040,9,8,35.06,100.0,0,35.06,100.0,100.0,1
42,p040,9,16,35.06,100.0,0,35.06,100.0,100.0,1
42,p040,9,32,35.06,100.0,0,35.06,100.0,100.0,1
42,p040,9,64,50.980000000000004,96.25,1,35.06,100.0,100.0,1
42,p040,10,1,14.36,100.0,0,14.36,100.0,100.0,1
42,p040,10,2,14.36,100.0,0,14.36,100.0,100.0,1
42,p040,10,4,14.36,100.0,0,14.36,100.0,100.0,1
42,p040,10,8,25.479999999999997,100.0,0,25.479999999999997,100.0,100.0,1
42,p040,10,16,25.479999999999997,100.0,0,25.479999999999997,100.0,100.0,1
42,p040,10,32,61.48,97.0,1,25.54,20.0,20.0,1
42,p040,10,64,61.48,97.0,1,32.28,98.33333333333333,98.33333333333333,1
42,p040,11,1,21.78,97.5,1,,,0.0,0
42,p040,11,2,23.64,100.0,0,23.64,100.0,100.0,1
42,p040,11,4,23.64,100.0,0,23.64,100.0,100.0,1
42,p040,11,8,23.64,100.0,0,23.64,100.0,100.0,1
42,p040,11,16,26.96,98.0,0,26.96,98.0,98.0,1
42,p040,11,32,47.900000000000006,97.0,1,26.96,98.0,98.0,1
42,p040,11,64,47.900000000000006,97.0,1,27.58,98.0,98.0,1
42,p041,0,1,50.519999999999996,96.25,1,,,0.0,0
42,p041,0,2,50.519999999999996,96.25,1,9.66,100.0,100.0,1
42,p041,0,4,50.519999999999996,96.25,1,9.66,100.0,100.0,1
42,p041,0,8,50.519999999999996,96.25,1,20.68,20.0,20.0,1
42,p041,0,16,50.519999999999996,96.25,1,32.58,98.33333333333333,98.33333333333333,1
42,p041,0,32,50.980000000000004,96.25,1,32.58,98.33333333333333,98.33333333333333,1
42,p041,0,64,50.980000000000004,96.25,1,32.58,98.33333333333333,98.33333333333333,1
42,p041,1,1,9.34,100.0,0,9.34,100.0,100.0,1
42,p041,1,2,18.3,100.0,0,18.3,100.0,100.0,1
42,p041,1,4,18.3,100.0,0,18.3,100.0,100.0,1
42,p041,1,8,20.52,20.0,0,20.52,20.0,20.0,1
42,p041,1,16,47.42,97.0,1,20.52,20.0,20.0,1
42,p041,1,32,47.42,97.0,1,27.58,98.0,98.0,1
42,p041,1,64,91.44,93.88888888888889,1,27.58,98.0,98.0,1
42,p041,2,1,9.5,100.0,0,9.5,100.0,100.0,1
42,p041,2,2,25.64,100.0,0,25.64,100.0,100.0,1
42,p041,2,4,25.64,100.0,0,25.64,100.0,100.0,1
42,p041,2,8,25.64,100.0,0,25.64,100.0,100.0,1
42,p041,2,16,25.799999999999997,100.0,0,25.799999999999997,100.0,100.0,1
42,p041,2,32,25.799999999999997,100.0,0,25.799999999999997,100.0,100.0,1
42,p041,2,64,47.900000000000006,97.0,1,27.58,98.0,98.0,1
42,p041,3,1,18.46,100.0,0,18.46,100.0,100.0,1
42,p041,3,2,18.46,100.0,0,18.46,100.0,100.0,1
42,p041,3,4,47.879999999999995,97.0,1,18.46,100.0,100.0,1
42,p041,3,8,47.879999999999995,97.0,1,18.46,100.0,100.0,1
42,p041,3,16,47.879999999999995,97.0,1,35.06,100.0,100.0,1
42,p041,3,32,47.879999999999995,97.0,1,35.06,100.0,100.0,1
42,p041,3,64,47.879999999999995,97.0,1,35.06,100.0,100.0,1
42,p041,4,1,18.0,100.0,0,18.0,100.0,100.0,1
42,p041,4,2,26.96,98.0,0,26.96,98.0,98.0,1
42,p041,4,4,26.96,98.0,0,26.96,98.0,98.0,1
42,p041,4,8,26.96,98.0,0,26.96,98.0,98.0,1
42,p041,4,16,37.28,20.0,1,26.96,98.0,98.0,1
42,p041,4,32,37.28,20.0,1,34.6,100.0,100.0,1
42,p041,4,64,45.78,18.57142857142857,1,34.6,100.0,100.0,1
42,p041,5,1,9.34,100.0,0,9.34,100.0,100.0,1
42,p041,5,2,11.88,20.0,0,11.88,20.0,20.0,1
42,p041,5,4,47.42,97.0,1,11.88,20.0,20.0,1
42,p041,5,8,47.42,97.0,1,14.68,100.0,100.0,1
42,p041,5,16,47.42,97.0,1,26.1,100.0,100.0,1
42,p041,5,32,89.2,93.52941176470588,1,26.1,100.0,100.0,1
42,p041,5,64,93.52,13.529411764705882,1,26.1,100.0,100.0,1
42,p041,6,1,14.36,100.0,0,14.36,100.0,100.0,1
42,p041,6,2,14.36,100.0,0,14.36,100.0,100.0,1
42,p041,6,4,18.0,100.0,0,18.0,100.0,100.0,1
42,p041,6,8,35.06,100.0,0,35.06,100.0,100.0,1
42,p041,6,16,35.06,100.0,0,35.06,100.0,100.0,1
42,p041,6,32,100.0,93.6842105263158,1,35.06,100.0,100.0,1
42,p041,6,64,100.0,93.6842105263158,1,35.06,100.0,100.0,1
42,p041,7,1,18.46,100.0,0,18.46,100.0,100.0,1
42,p041,7,2,18.46,100.0,0,18.46,100.0,100.0,1
42,p041,7,4,18.46,100.0,0,18.46,100.0,100.0,1
42,p041,7,8,29.64,17.5,1,27.259999999999998,98.0,98.0,1
42,p041,7,16,50.519999999999996,96.25,1,27.259999999999998,98.0,98.0,1
42,p041,7,32,50.519999999999996,96.25,1,27.259999999999998,98.0,98.0,1
42,p041,7,64,58.44,17.0,1,34.44,100.0,100.0,1
42,p041,8,1,3.8600000000000003,100.0,0,3.8600000000000003,100.0,100.0,1
42,p041,8,2,9.5,100.0,0,9.5,100.0,100.0,1
42,p041,8,4,9.5,100.0,0,9.5,100.0,100.0,1
42,p041,8,8,11.26,20.0,0,11.26,20.0,20.0,1
42,p041,8,16,91.6,93.88888888888889,1,23.619999999999997,100.0,100.0,1
42,p041,8,32,91.6,93.88888888888889,1,25.799999999999997,100.0,100.0,1
42,p041,8,64,91.6,93.88888888888889,1,27.419999999999998,98.0,98.0,1
42,p041,9,1,9.18,100.0,0,9.18,100.0,100.0,1
42,p041,9,2,18.14,100.0,0,18.14,100.0,100.0,1
42,p041,9,4,18.3,100.0,0,18.3,100.0,100.0,1
42,p041,9,8,18.3,100.0,0,18.3,100.0,100.0,1
42,p041,9,16,29.32,17.5,1,18.3,100.0,100.0,1
42,p041,9,32,35.06,100.0,0,35.06,100.0,100.0,1
42,p041,9,64,89.03999999999999,93.52941176470588,1,35.06,100.0,100.0,1
42,p041,10,1,9.66,100.0,0,9.66,100.0,100.0,1
42,p041,10,2,26.1,100.0,0,26.1,100.0,100.0,1
42,p041,10,4,26.1,100.0,0,26.1,100.0,100.0,1
42,p041,10,8,26.1,100.0,0,26.1,100.0,100.0,1
42,p041,10,16,100.0,93.6842105263158,1,26.1,100.0,100.0,1
42,p041,10,32,100.0,93.6842105263158,1,26.1,100.0,100.0,1
42,p041,10,64,100.0,93.6842105263158,1,26.1,100.0,100.0,1
42,p041,11,1,26.1,100.0,0,26.1,100.0,100.0,1
42,p041,11,2,26.1,100.0,0,26.1,100.0,100.0,1
42,p041,11,4,27.58,98.0,0,27.58,98.0,98.0,1
42,p041,11,8,43.72,98.75,1,27.58,98.0,98.0,1
42,p041,11,16,47.10000000000001,15.0,1,27.58,98.0,98.0,1
42,p041,11,32,93.82,13.529411764705882,1,27.58,98.0,98.0,1
42,p041,11,64,93.82,13.529411764705882,1,27.58,98.0,98.0,1
42,p042,0,1,9.66,100.0,0,9.66,100.0,100.0,1
42,p042,0,2,9.66,100.0,0,9.66,100.0,100.0,1
42,p042,0,4,11.88,20.0,0,11.88,20.0,20.0,1
42,p042,0,8,32.6,98.33333333333333,0,32.6,98.33333333333333,98.33333333333333,1
42,p042,0,16,32.6,98.33333333333333,0,32.6,98.33333333333333,98.33333333333333,1
42,p042,0,32,47.879999999999995,97.0,1,32.6,98.33333333333333,98.33333333333333,1
42,p042,0,64,91.44,93.88888888888889,1,32.6,98.33333333333333,98.33333333333333,1
42,p042,1,1,9.18,100.0,0,9.18,100.0,100.0,1
42,p042,1,2,9.66,100.0,0,9.66,100.0,100.0,1
42,p042,1,4,25.64,100.0,0,25.64,100.0,100.0,1
42,p042,1,8,45.78,18.57142857142857,1,25.64,100.0,100.0,1
42,p042,1,16,47.260000000000005,97.0,1,33.06,98.33333333333333,98.33333333333333,1
42,p042,1,32,47.260000000000005,97.0,1,33.06,98.33333333333333,98.33333333333333,1
42,p042,1,64,47.260000000000005,97.0,1,35.06,100.0,100.0,1
42,p042,2,1,9.34,100.0,0,9.34,100.0,100.0,1
42,p042,2,2,14.66,100.0,0,14.66,100.0,100.0,1
42,p042,2,4,14.66,100.0,0,14.66,100.0,100.0,1
42,p042,2,8,14.68,100.0,0,14.68,100.0,100.0,1
42,p042,2,16,14.68,100.0,0,14.68,100.0,100.0,1
42,p042,2,32,93.82,13.529411764705882,1,27.259999999999998,98.0,98.0,1
42,p042,2,64,93.82,13.529411764705882,1,27.419999999999998,98.0,98.0,1
42,p042,3,1,16.9,20.0,1,,,0.0,0
42,p042,3,2,16.9,20.0,1,9.34,100.0,100.0,1
42,p042,3,4,47.900000000000006,97.0,1,15.3,100.0,100.0,1
42,p042,3,8,47.900000000000006,97.0,1,23.32,100.0,100.0,1
42,p042,3,16,47.900000000000006,97.0,1,23.32,100.0,100.0,1
42,p042,3,32,50.980000000000004,96.25,1,27.1,98.0,98.0,1
42,p042,3,64,50.980000000000004,96.25,1,27.1,98.0,98.0,1
42,p042,4,1,18.14,100.0,0,18.14,100.0,100.0,1
42,p042,4,2,18.14,100.0,0,18.14,100.0,100.0,1
42,p042,4,4,18.14,100.0,0,18.14,100.0,100.0,1
42,p042,4,8,32.28,98.33333333333333,0,32.28,98.33333333333333,98.33333333333333,1
42,p042,4,16,65.82000000000001,96.66666666666667,1,32.28,98.33333333333333,98.33333333333333,1
42,p042,4,32,65.82000000000001,96.66666666666667,1,45.94,18.57142857142857,18.57142857142857,1
42,p042,4,64,65.82000000000001,96.66666666666667,1,45.94,18.57142857142857,18.57142857142857,1
42,p042,5,1,11.88,20.0,0,11.88,20.0,20.0,1
42,p042,5,2,11.88,20.0,0,11.88,20.0,20.0,1
42,p042,5,4,11.88,20.0,0,11.88,20.0,20.0,1
42,p042,5,8,27.7,20.0,1,11.88,20.0,20.0,1
42,p042,5,16,27.7,20.0,1,27.1,98.0,98.0,1
42,p042,5,32,91.6,93.88888888888889,1,34.6,100.0,100.0,1
42,p042,5,64,91.6,93.88888888888889,1,34.6,100.0,100.0,1
42,p042,6,1,11.88,20.0,0,11.88,20.0,20.0,1
42,p042,6,2,15.3,100.0,0,15.3,100.0,100.0,1
42,p042,6,4,15.3,100.0,0,15.3,100.0,100.0,1
42,p042,6,8,25.96,100.0,0,25.96,100.0,100.0,1
42,p042,6,16,27.58,98.0,0,27.58,98.0,98.0,1
42,p042,6,32,50.12,16.666666666666664,1,35.44,18.0,18.0,1
42,p042,6,64,50.12,16.666666666666664,1,35.44,18.0,18.0,1
42,p042,7,1,11.56,20.0,0,11.56,20.0,20.0,1
42,p042,7,2,47.260000000000005,97.0,1,11.56,20.0,20.0,1
42,p042,7,4,47.260000000000005,97.0,1,25.479999999999997,100.0,100.0,1
42,p042,7,8,47.260000000000005,97.0,1,34.6,100.0,100.0,1
42,p042,7,16,47.260000000000005,97.0,1,34.6,100.0,100.0,1
42,p042,7,32,47.879999999999995,97.0,1,34.6,100.0,100.0,1
42,p042,7,64,48.2,97.0,1,34.6,100.0,100.0,1
42,p042,8,1,9.04,100.0,0,9.04,100.0,100.0,1
42,p042,8,2,14.66,100.0,0,14.66,100.0,100.0,1
42,p042,8,4,15.14,100.0,0,15.14,100.0,100.0,1
42,p042,8,8,20.68,20.0,0,20.68,20.0,20.0,1
42,p042,8,16,26.1,100.0,0,26.1,100.0,100.0,1
42,p042,8,32,47.42,97.0,1,35.06,100.0,100.0,1
42,p042,8,64,47.42,97.0,1,35.06,100.0,100.0,1
42,p042,9,1,18.3,100.0,0,18.3,100.0,100.0,1
42,p042,9,2,27.58,98.0,0,27.58,98.0,98.0,1
42,p042,9,4,27.58,98.0,0,27.58,98.0,98.0,1
42,p042,9,8,27.58,98.0,0,27.58,98.0,98.0,1
42,p042,9,16,56.22,97.27272727272728,1,27.58,98.0,98.0,1
42,p042,9,32,61.940000000000005,97.0,1,27.58,98.0,98.0,1
42,p042,9,64,89.03999999999999,93.52941176470588,1,34.44,100.0,100.0,1
42,p042,10,1,9.66,100.0,0,9.66,100.0,100.0,1
42,p042,10,2,11.4,20.0,0,11.4,20.0,20.0,1
42,p042,10,4,11.4,20.0,0,11.4,20.0,20.0,1
42,p042,10,8,14.66,100.0,0,14.66,100.0,100.0,1
42,p042,10,16,27.86,20.0,1,18.3,100.0,100.0,1
42,p042,10,32,93.52,13.529411764705882,1,27.259999999999998,98.0,98.0,1
42,p042,10,64,93.52,13.529411764705882,1,34.44,100.0,100.0,1
42,p042,11,1,14.66,100.0,0,14.66,100.0,100.0,1
42,p042,11,2,14.66,100.0,0,14.66,100.0,100.0,1
42,p042,11,4,15.3,100.0,0,15.3,100.0,100.0,1
42,p042,11,8,18.619999999999997,100.0,0,18.619999999999997,100.0,100.0,1
42,p042,11,16,28.18,20.0,1,18.619999999999997,100.0,100.0,1
42,p042,11,32,51.14,96.25,1,18.619999999999997,100.0,100.0,1
42,p042,11,64,51.14,96.25,1,27.58,98.0,98.0,1
42,p043,0,1,11.56,20.0,0,11.56,20.0,20.0,1
42,p043,0,2,50.1,16.666666666666664,1,11.56,20.0,20.0,1
42,p043,0,4,88.9,58.529411764705884,1,11.56,20.0,20.0,1
42,p043,0,8,88.9,58.529411764705884,1,11.56,20.0,20.0,1
42,p043,0,16,88.9,58.529411764705884,1,26.279999999999998,100.0,100.0,1
42,p043,0,32,88.9,58.529411764705884,1,26.279999999999998,100.0,100.0,1
42,p043,0,64,88.9,58.529411764705884,1,27.419999999999998,98.0,98.0,1
42,p043,1,1,14.68,100.0,0,14.68,100.0,100.0,1
42,p043,1,2,18.939999999999998,100.0,0,18.939999999999998,100.0,100.0,1
42,p043,1,4,18.939999999999998,100.0,0,18.939999999999998,100.0,100.0,1
42,p043,1,8,24.58,100.0,0,24.58,100.0,100.0,1
42,p043,1,16,50.1,16.666666666666664,1,26.279999999999998,100.0,100.0,1
42,p043,1,32,50.1,16.666666666666664,1,26.279999999999998,100.0,100.0,1
42,p043,1,64,50.1,16.666666666666664,1,27.74,98.0,98.0,1
42,p043,2,1,9.66,100.0,0,9.66,100.0,100.0,1
42,p043,2,2,14.68,100.0,0,14.68,100.0,100.0,1
42,p043,2,4,14.68,100.0,0,14.68,100.0,100.0,1
42,p043,2,8,57.18,97.27272727272728,1,15.459999999999999,100.0,100.0,1
42,p043,2,16,57.18,97.27272727272728,1,27.279999999999998,98.0,98.0,1
42,p043,2,32,57.18,97.27272727272728,1,27.279999999999998,98.0,98.0,1
42,p043,2,64,57.18,97.27272727272728,1,27.74,98.0,98.0,1
42,p043,3,1,9.5,100.0,0,9.5,100.0,100.0,1
42,p043,3,2,18.78,100.0,0,18.78,100.0,100.0,1
42,p043,3,4,18.78,100.0,0,18.78,100.0,100.0,1
42,p043,3,8,18.78,100.0,0,18.78,100.0,100.0,1
42,p043,3,16,23.96,100.0,0,23.96,100.0,100.0,1
42,p043,3,32,48.22,97.0,1,23.96,100.0,100.0,1
42,p043,3,64,48.22,97.0,1,25.96,100.0,100.0,1
42,p043,4,1,9.5,100.0,0,9.5,100.0,100.0,1
42,p043,4,2,11.56,20.0,0,11.56,20.0,20.0,1
42,p043,4,4,15.0,100.0,0,15.0,100.0,100.0,1
42,p043,4,8,25.799999999999997,100.0,0,25.799999999999997,100.0,100.0,1
42,p043,4,16,27.58,98.0,0,27.58,98.0,98.0,1
42,p043,4,32,27.58,98.0,0,27.58,98.0,98.0,1
42,p043,4,64,100.0,13.88888888888889,1,32.9,98.33333333333333,98.33333333333333,1
42,p043,5,1,9.98,100.0,0,9.98,100.0,100.0,1
42,p043,5,2,9.98,100.0,0,9.98,100.0,100.0,1
42,p043,5,4,18.78,100.0,0,18.78,100.0,100.0,1
42,p043,5,8,93.66,13.529411764705882,1,18.78,100.0,100.0,1
42,p043,5,16,93.66,13.529411764705882,1,26.279999999999998,100.0,100.0,1
42,p043,5,32,93.66,13.529411764705882,1,26.279999999999998,100.0,100.0,1
42,p043,5,64,93.66,13.529411764705882,1,27.58,98.0,98.0,1
42,p043,6,1,9.98,100.0,0,9.98,100.0,100.0,1
42,p043,6,2,9.98,100.0,0,9.98,100.0,100.0,1
42,p043,6,4,9.98,100.0,0,9.98,100.0,100.0,1
42,p043,6,8,26.119999999999997,100.0,0,26.119999999999997,100.0,100.0,1
42,p043,6,16,26.279999999999998,100.0,0,26.279999999999998,100.0,100.0,1
42,p043,6,32,26.279999999999998,100.0,0,26.279999999999998,100.0,100.0,1
42,p043,6,64,47.74,97.0,1,27.74,98.0,98.0,1
42,p043,7,1,9.36,100.0,0,9.36,100.0,100.0,1
42,p043,7,2,9.5,100.0,0,9.5,100.0,100.0,1
42,p043,7,4,9.82,100.0,0,9.82,100.0,100.0,1
42,p043,7,8,15.0,100.0,0,15.0,100.0,100.0,1
42,p043,7,16,15.0,100.0,0,15.0,100.0,100.0,1
42,p043,7,32,23.96,100.0,0,23.96,100.0,100.0,1
42,p043,7,64,48.519999999999996,97.0,1,26.279999999999998,100.0,100.0,1
42,p043,8,1,9.5,100.0,0,9.5,100.0,100.0,1
42,p043,8,2,9.5,100.0,0,9.5,100.0,100.0,1
42,p043,8,4,9.98,100.0,0,9.98,100.0,100.0,1
42,p043,8,8,17.52,20.0,0,17.52,20.0,20.0,1
42,p043,8,16,27.86,20.0,1,17.52,20.0,20.0,1
42,p043,8,32,37.28,20.0,1,26.419999999999998,100.0,100.0,1
42,p043,8,64,45.660000000000004,95.71428571428571,1,32.9,98.33333333333333,98.33333333333333,1
42,p043,9,1,9.36,100.0,0,9.36,100.0,100.0,1
42,p043,9,2,9.5,100.0,0,9.5,100.0,100.0,1
42,p043,9,4,26.419999999999998,100.0,0,26.419999999999998,100.0,100.0,1
42,p043,9,8,26.419999999999998,100.0,0,26.419999999999998,100.0,100.0,1
42,p043,9,16,45.34,95.71428571428571,1,27.419999999999998,98.0,98.0,1
42,p043,9,32,45.34,95.71428571428571,1,27.419999999999998,98.0,98.0,1
42,p043,9,64,89.52,58.529411764705884,1,27.58,98.0,98.0,1
42,p043,10,1,9.82,100.0,0,9.82,100.0,100.0,1
42,p043,10,2,9.82,100.0,0,9.82,100.0,100.0,1
42,p043,10,4,9.82,100.0,0,9.82,100.0,100.0,1
42,p043,10,8,9.98,100.0,0,9.98,100.0,100.0,1
42,p043,10,16,27.419999999999998,98.0,0,27.419999999999998,98.0,98.0,1
42,p043,10,32,47.10000000000001,15.0,1,27.419999999999998,98.0,98.0,1
42,p043,10,64,89.36,58.529411764705884,1,27.58,98.0,98.0,1
42,p043,11,1,9.36,100.0,0,9.36,100.0,100.0,1
42,p043,11,2,9.82,100.0,0,9.82,100.0,100.0,1
42,p043,11,4,15.0,100.0,0,15.0,100.0,100.0,1
42,p043,11,8,15.0,100.0,0,15.0,100.0,100.0,1
42,p043,11,16,26.419999999999998,100.0,0,26.419999999999998,100.0,100.0,1
42,p043,11,32,34.92,100.0,1,26.419999999999998,100.0,100.0,1
42,p043,11,64,47.56,15.0,1,32.9,98.33333333333333,98.33333333333333,1
42,p044,0,1,9.36,100.0,0,9.36,100.0,100.0,1
42,p044,0,2,9.5,100.0,0,9.5,100.0,100.0,1
42,p044,0,4,48.2,97.0,1,11.4,20.0,20.0,1
42,p044,0,8,48.2,97.0,1,26.419999999999998,100.0,100.0,1
42,p044,0,16,48.2,97.0,1,26.419999999999998,100.0,100.0,1
42,p044,0,32,48.2,97.0,1,27.279999999999998,98.0,98.0,1
42,p044,0,64,89.2,58.529411764705884,1,27.279999999999998,98.0,98.0,1
42,p044,1,1,15.62,100.0,0,15.62,100.0,100.0,1
42,p044,1,2,15.62,100.0,0,15.62,100.0,100.0,1
42,p044,1,4,20.36,20.0,0,20.36,20.0,20.0,1
42,p044,1,8,20.36,20.0,0,20.36,20.0,20.0,1
42,p044,1,16,83.41999999999999,95.71428571428571,1,20.36,20.0,20.0,1
42,p044,1,32,83.41999999999999,95.71428571428571,1,20.36,20.0,20.0,1
42,p044,1,64,83.41999999999999,95.71428571428571,1,27.9,98.0,98.0,1
42,p044,2,1,9.66,100.0,0,9.66,100.0,100.0,1
42,p044,2,2,9.66,100.0,0,9.66,100.0,100.0,1
42,p044,2,4,15.459999999999999,100.0,0,15.459999999999999,100.0,100.0,1
42,p044,2,8,15.459999999999999,100.0,0,15.459999999999999,100.0,100.0,1
42,p044,2,16,34.92,100.0,1,27.74,98.0,98.0,1
42,p044,2,32,34.92,100.0,1,27.74,98.0,98.0,1
42,p044,2,64,48.519999999999996,97.0,1,32.9,98.33333333333333,98.33333333333333,1
42,p044,3,1,14.68,100.0,0,14.68,100.0,100.0,1
42,p044,3,2,14.68,100.0,0,14.68,100.0,100.0,1
42,p044,3,4,18.619999999999997,100.0,0,18.619999999999997,100.0,100.0,1
42,p044,3,8,18.619999999999997,100.0,0,18.619999999999997,100.0,100.0,1
42,p044,3,16,25.799999999999997,100.0,0,25.799999999999997,100.0,100.0,1
42,p044,3,32,27.58,98.0,0,27.58,98.0,98.0,1
42,p044,3,64,28.32,20.0,1,27.58,98.0,98.0,1
42,p044,4,1,9.98,100.0,0,9.98,100.0,100.0,1
42,p044,4,2,29.64,17.5,1,9.98,100.0,100.0,1
42,p044,4,4,29.64,17.5,1,15.62,100.0,100.0,1
42,p044,4,8,44.2,98.75,1,34.82,18.0,18.0,1
42,p044,4,16,44.2,98.75,1,34.82,18.0,18.0,1
42,p044,4,32,45.34,95.71428571428571,1,34.82,18.0,18.0,1
42,p044,4,64,47.58,97.0,1,34.82,18.0,18.0,1
42,p044,5,1,4.180000000000001,100.0,0,4.180000000000001,100.0,100.0,1
42,p044,5,2,20.68,20.0,0,20.68,20.0,20.0,1
42,p044,5,4,20.68,20.0,0,20.68,20.0,20.0,1
42,p044,5,8,20.68,20.0,0,20.68,20.0,20.0,1
42,p044,5,16,89.36,58.529411764705884,1,27.419999999999998,98.0,98.0,1
42,p044,5,32,89.36,58.529411764705884,1,27.419999999999998,98.0,98.0,1
42,p044,5,64,89.36,58.529411764705884,1,27.419999999999998,98.0,98.0,1
42,p044,6,1,18.32,100.0,0,18.32,100.0,100.0,1
42,p044,6,2,18.32,100.0,0,18.32,100.0,100.0,1
42,p044,6,4,18.939999999999998,100.0,0,18.939999999999998,100.0,100.0,1
42,p044,6,8,26.119999999999997,100.0,0,26.119999999999997,100.0,100.0,1
42,p044,6,16,26.119999999999997,100.0,0,26.119999999999997,100.0,100.0,1
42,p044,6,32,26.119999999999997,100.0,0,26.119999999999997,100.0,100.0,1
42,p044,6,64,97.86,58.888888888888886,1,27.9,98.0,98.0,1
42,p044,7,1,9.82,100.0,0,9.82,100.0,100.0,1
42,p044,7,2,13.14,100.0,0,13.14,100.0,100.0,1
42,p044,7,4,13.14,100.0,0,13.14,100.0,100.0,1
42,p044,7,8,13.14,100.0,0,13.14,100.0,100.0,1
42,p044,7,16,17.36,20.0,1,14.68,100.0,100.0,1
42,p044,7,32,50.12,16.666666666666664,1,25.799999999999997,100.0,100.0,1
42,p044,7,64,50.12,16.666666666666664,1,27.58,98.0,98.0,1
42,p044,8,1,15.62,100.0,0,15.62,100.0,100.0,1
42,p044,8,2,15.62,100.0,0,15.62,100.0,100.0,1
42,p044,8,4,15.62,100.0,0,15.62,100.0,100.0,1
42,p044,8,8,98.0,58.888888888888886,1,15.62,100.0,100.0,1
42,p044,8,16,98.0,58.888888888888886,1,27.58,98.0,98.0,1
42,p044,8,32,98.0,58.888888888888886,1,27.58,98.0,98.0,1
42,p044,8,64,98.0,58.888888888888886,1,27.58,98.0,98.0,1
42,p044,9,1,11.72,20.0,0,11.72,20.0,20.0,1
42,p044,9,2,11.72,20.0,0,11.72,20.0,20.0,1
42,p044,9,4,26.419999999999998,100.0,0,26.419999999999998,100.0,100.0,1
42,p044,9,8,26.419999999999998,100.0,0,26.419999999999998,100.0,100.0,1
42,p044,9,16,98.47999999999999,58.888888888888886,1,26.419999999999998,100.0,100.0,1
42,p044,9,32,98.47999999999999,58.888888888888886,1,27.9,98.0,98.0,1
42,p044,9,64,98.47999999999999,58.888888888888886,1,27.9,98.0,98.0,1
42,p044,10,1,9.66,100.0,0,9.66,100.0,100.0,1
42,p044,10,2,9.66,100.0,0,9.66,100.0,100.0,1
42,p044,10,4,18.32,100.0,0,18.32,100.0,100.0,1
42,p044,10,8,56.54,97.27272727272728,1,18.32,100.0,100.0,1
42,p044,10,16,56.54,97.27272727272728,1,24.58,100.0,100.0,1
42,p044,10,32,56.54,97.27272727272728,1,25.84,20.0,20.0,1
42,p044,10,64,56.54,97.27272727272728,1,26.279999999999998,100.0,100.0,1
42,p044,11,1,15.459999999999999,100.0,0,15.459999999999999,100.0,100.0,1
42,p044,11,2,15.459999999999999,100.0,0,15.459999999999999,100.0,100.0,1
42,p044,11,4,15.459999999999999,100.0,0,15.459999999999999,100.0,100.0,1
42,p044,11,8,15.459999999999999,100.0,0,15.459999999999999,100.0,100.0,1
42,p044,11,16,15.459999999999999,100.0,0,15.459999999999999,100.0,100.0,1
42,p044,11,32,40.019999999999996,95.0,1,25.799999999999997,100.0,100.0,1
42,p044,11,64,40.019999999999996,95.0,1,26.119999999999997,100.0,100.0,1
42,p045,0,1,9.98,100.0,0,9.98,100.0,100.0,1
42,p045,0,2,18.32,100.0,0,18.32,100.0,100.0,1
42,p045,0,4,88.9,58.529411764705884,1,26.119999999999997,100.0,100.0,1
42,p045,0,8,88.9,58.529411764705884,1,26.119999999999997,100.0,100.0,1
42,p045,0,16,88.9,58.529411764705884,1,26.119999999999997,100.0,100.0,1
42,p045,0,32,88.9,58.529411764705884,1,26.419999999999998,100.0,100.0,1
42,p045,0,64,88.9,58.529411764705884,1,26.419999999999998,100.0,100.0,1
42,p045,1,1,14.98,100.0,0,14.98,100.0,100.0,1
42,p045,1,2,14.98,100.0,0,14.98,100.0,100.0,1
42,p045,1,4,26.419999999999998,100.0,0,26.419999999999998,100.0,100.0,1
42,p045,1,8,27.419999999999998,98.0,0,27.419999999999998,98.0,98.0,1
42,p045,1,16,27.419999999999998,98.0,0,27.419999999999998,98.0,98.0,1
42,p045,1,32,88.9,58.529411764705884,1,27.419999999999998,98.0,98.0,1
42,p045,1,64,88.9,58.529411764705884,1,27.58,98.0,98.0,1
42,p045,2,1,20.22,20.0,0,20.22,20.0,20.0,1
42,p045,2,2,20.22,20.0,0,20.22,20.0,20.0,1
42,p045,2,4,20.22,20.0,0,20.22,20.0,20.0,1
42,p045,2,8,50.519999999999996,96.25,1,20.22,20.0,20.0,1
42,p045,2,16,50.519999999999996,96.25,1,35.28,18.0,18.0,1
42,p045,2,32,50.519999999999996,96.25,1,46.1,18.57142857142857,18.57142857142857,1
42,p045,2,64,50.519999999999996,96.25,1,46.1,18.57142857142857,18.57142857142857,1
42,p045,3,1,9.5,100.0,0,9.5,100.0,100.0,1
42,p045,3,2,9.5,100.0,0,9.5,100.0,100.0,1
42,p045,3,4,18.78,100.0,0,18.78,100.0,100.0,1
42,p045,3,8,26.279999999999998,100.0,0,26.279999999999998,100.0,100.0,1
42,p045,3,16,48.519999999999996,97.0,1,26.279999999999998,100.0,100.0,1
42,p045,3,32,48.519999999999996,97.0,1,26.279999999999998,100.0,100.0,1
42,p045,3,64,50.12,16.666666666666664,1,26.419999999999998,100.0,100.0,1
42,p045,4,1,11.72,20.0,0,11.72,20.0,20.0,1
42,p045,4,2,18.32,100.0,0,18.32,100.0,100.0,1
42,p045,4,4,26.279999999999998,100.0,0,26.279999999999998,100.0,100.0,1
42,p045,4,8,26.279999999999998,100.0,0,26.279999999999998,100.0,100.0,1
42,p045,4,16,26.279999999999998,100.0,0,26.279999999999998,100.0,100.0,1
42,p045,4,32,27.58,98.0,0,27.58,98.0,98.0,1
42,p045,4,64,47.58,97.0,1,27.9,98.0,98.0,1
42,p045,5,1,9.98,100.0,0,9.98,100.0,100.0,1
42,p045,5,2,9.98,100.0,0,9.98,100.0,100.0,1
42,p045,5,4,9.98,100.0,0,9.98,100.0,100.0,1
42,p045,5,8,9.98,100.0,0,9.98,100.0,100.0,1
42,p045,5,16,89.2,58.529411764705884,1,18.78,100.0,100.0,1
42,p045,5,32,89.2,58.529411764705884,1,27.279999999999998,98.0,98.0,1
42,p045,5,64,89.2,58.529411764705884,1,27.279999999999998,98.0,98.0,1
42,p045,6,1,9.82,100.0,0,9.82,100.0,100.0,1
42,p045,6,2,9.82,100.0,0,9.82,100.0,100.0,1
42,p045,6,4,27.9,98.0,0,27.9,98.0,98.0,1
42,p045,6,8,27.9,98.0,0,27.9,98.0,98.0,1
42,p045,6,16,27.9,98.0,0,27.9,98.0,98.0,1
42,p045,6,32,27.9,98.0,0,27.9,98.0,98.0,1
42,p045,6,64,89.36,58.529411764705884,1,27.9,98.0,98.0,1
42,p045,7,1,11.88,20.0,0,11.88,20.0,20.0,1
42,p045,7,2,48.519999999999996,97.0,1,11.88,20.0,20.0,1
42,p045,7,4,48.519999999999996,97.0,1,14.68,100.0,100.0,1
42,p045,7,8,48.519999999999996,97.0,1,14.98,100.0,100.0,1
42,p045,7,16,48.519999999999996,97.0,1,18.32,100.0,100.0,1
42,p045,7,32,56.7,97.27272727272728,1,23.939999999999998,100.0,100.0,1
42,p045,7,64,56.7,97.27272727272728,1,27.9,98.0,98.0,1
42,p045,8,1,9.5,100.0,0,9.5,100.0,100.0,1
42,p045,8,2,9.82,100.0,0,9.82,100.0,100.0,1
42,p045,8,4,15.62,100.0,0,15.62,100.0,100.0,1
42,p045,8,8,47.58,97.0,1,15.62,100.0,100.0,1
42,p045,8,16,47.58,97.0,1,27.279999999999998,98.0,98.0,1
42,p045,8,32,93.66,13.529411764705882,1,27.279999999999998,98.0,98.0,1
42,p045,8,64,93.66,13.529411764705882,1,34.76,100.0,100.0,1
42,p045,9,1,23.64,100.0,0,23.64,100.0,100.0,1
42,p045,9,2,23.64,100.0,0,23.64,100.0,100.0,1
42,p045,9,4,27.7,20.0,1,25.799999999999997,100.0,100.0,1
42,p045,9,8,27.7,20.0,1,25.799999999999997,100.0,100.0,1
42,p045,9,16,27.7,20.0,1,25.799999999999997,100.0,100.0,1
42,p045,9,32,27.7,20.0,1,25.799999999999997,100.0,100.0,1
42,p045,9,64,57.16,97.27272727272728,1,27.279999999999998,98.0,98.0,1
42,p045,10,1,89.03999999999999,58.529411764705884,1,,,0.0,0
42,p045,10,2,89.03999999999999,58.529411764705884,1,18.46,100.0,100.0,1
42,p045,10,4,89.03999999999999,58.529411764705884,1,18.939999999999998,100.0,100.0,1
42,p045,10,8,89.03999999999999,58.529411764705884,1,18.939999999999998,100.0,100.0,1
42,p045,10,16,89.03999999999999,58.529411764705884,1,18.939999999999998,100.0,100.0,1
42,p045,10,32,89.36,58.529411764705884,1,18.939999999999998,100.0,100.0,1
42,p045,10,64,89.36,58.529411764705884,1,25.96,100.0,100.0,1
42,p045,11,1,9.98,100.0,0,9.98,100.0,100.0,1
42,p045,11,2,9.98,100.0,0,9.98,100.0,100.0,1
42,p045,11,4,27.74,98.0,0,27.74,98.0,98.0,1
42,p045,11,8,27.74,98.0,0,27.74,98.0,98.0,1
42,p045,11,16,34.76,100.0,0,34.76,100.0,100.0,1
42,p045,11,32,34.8,18.0,0,34.8,18.0,18.0,1
42,p045,11,64,45.2,95.71428571428571,1,34.8,18.0,18.0,1
42,p046,0,1,17.52,20.0,0,17.52,20.0,20.0,1
42,p046,0,2,17.52,20.0,0,17.52,20.0,20.0,1
42,p046,0,4,17.52,20.0,0,17.52,20.0,20.0,1
42,p046,0,8,17.52,20.0,0,17.52,20.0,20.0,1
42,p046,0,16,24.58,100.0,0,24.58,100.0,100.0,1
42,p046,0,32,57.32,97.27272727272728,1,25.04,100.0,100.0,1
42,p046,0,64,68.34,16.363636363636363,1,27.9,98.0,98.0,1
42,p046,1,1,9.98,100.0,0,9.98,100.0,100.0,1
42,p046,1,2,15.62,100.0,0,15.62,100.0,100.0,1
42,p046,1,4,28.04,98.0,0,28.04,98.0,98.0,1
42,p046,1,8,28.04,98.0,0,28.04,98.0,98.0,1
42,p046,1,16,28.04,98.0,0,28.04,98.0,98.0,1
42,p046,1,32,47.400000000000006,15.0,1,34.5,18.0,18.0,1
42,p046,1,64,47.400000000000006,15.0,1,34.5,18.0,18.0,1
42,p046,2,1,4.8,100.0,0,4.8,100.0,100.0,1
42,p046,2,2,26.74,100.0,0,26.74,100.0,100.0,1
42,p046,2,4,26.74,100.0,0,26.74,100.0,100.0,1
42,p046,2,8,26.74,100.0,0,26.74,100.0,100.0,1
42,p046,2,16,33.22,98.33333333333333,1,26.74,100.0,100.0,1
42,p046,2,32,33.22,98.33333333333333,1,26.74,100.0,100.0,1
42,p046,2,64,33.22,98.33333333333333,1,28.04,98.0,98.0,1
42,p046,3,1,10.120000000000001,100.0,0,10.120000000000001,100.0,100.0,1
42,p046,3,2,10.120000000000001,100.0,0,10.120000000000001,100.0,100.0,1
42,p046,3,4,11.56,20.0,0,11.56,20.0,20.0,1
42,p046,3,8,16.240000000000002,100.0,0,16.240000000000002,100.0,100.0,1
42,p046,3,16,22.72,97.5,1,19.240000000000002,100.0,100.0,1
42,p046,3,32,33.22,98.33333333333333,1,27.04,100.0,100.0,1
42,p046,3,64,45.96,95.71428571428571,1,27.04,100.0,100.0,1
42,p046,4,1,10.600000000000001,100.0,0,10.600000000000001,100.0,100.0,1
42,p046,4,2,10.600000000000001,100.0,0,10.600000000000001,100.0,100.0,1
42,p046,4,4,19.560000000000002,100.0,0,19.560000000000002,100.0,100.0,1
42,p046,4,8,19.560000000000002,100.0,0,19.560000000000002,100.0,100.0,1
42,p046,4,16,89.5,58.529411764705884,1,27.04,100.0,100.0,1
42,p046,4,32,89.5,58.529411764705884,1,27.9,98.0,98.0,1
42,p046,4,64,89.5,58.529411764705884,1,28.36,98.0,98.0,1
42,p046,5,1,9.98,100.0,0,9.98,100.0,100.0,1
42,p046,5,2,10.280000000000001,100.0,0,10.280000000000001,100.0,100.0,1
42,p046,5,4,24.560000000000002,100.0,0,24.560000000000002,100.0,100.0,1
42,p046,5,8,29.64,17.5,1,24.560000000000002,100.0,100.0,1
42,p046,5,16,29.64,17.5,1,24.560000000000002,100.0,100.0,1
42,p046,5,32,29.64,17.5,1,24.560000000000002,100.0,100.0,1
42,p046,5,64,98.46,58.888888888888886,1,26.9,100.0,100.0,1
42,p046,6,1,28.36,98.0,0,28.36,98.0,98.0,1
42,p046,6,2,28.36,98.0,0,28.36,98.0,98.0,1
42,p046,6,4,28.36,98.0,0,28.36,98.0,98.0,1
42,p046,6,8,28.36,98.0,0,28.36,98.0,98.0,1
42,p046,6,16,48.839999999999996,97.0,1,28.36,98.0,98.0,1
42,p046,6,32,48.839999999999996,97.0,1,28.36,98.0,98.0,1
42,p046,6,64,58.1,97.27272727272728,1,28.36,98.0,98.0,1
42,p046,7,1,11.88,20.0,0,11.88,20.0,20.0,1
42,p046,7,2,19.560000000000002,100.0,0,19.560000000000002,100.0,100.0,1
42,p046,7,4,19.560000000000002,100.0,0,19.560000000000002,100.0,100.0,1
42,p046,7,8,26.419999999999998,100.0,0,26.419999999999998,100.0,100.0,1
42,p046,7,16,26.419999999999998,100.0,0,26.419999999999998,100.0,100.0,1
42,p046,7,32,26.9,100.0,0,26.9,100.0,100.0,1
42,p046,7,64,45.96,95.71428571428571,1,28.04,98.0,98.0,1
42,p046,8,1,19.4,100.0,0,19.4,100.0,100.0,1
42,p046,8,2,19.4,100.0,0,19.4,100.0,100.0,1
42,p046,8,4,93.66,13.529411764705882,1,19.4,100.0,100.0,1
42,p046,8,8,93.66,13.529411764705882,1,19.4,100.0,100.0,1
42,p046,8,16,93.66,13.529411764705882,1,19.4,100.0,100.0,1
42,p046,8,32,93.66,13.529411764705882,1,28.04,98.0,98.0,1
42,p046,8,64,93.66,13.529411764705882,1,34.8,18.0,18.0,1
42,p046,9,1,17.52,20.0,0,17.52,20.0,20.0,1
42,p046,9,2,28.36,98.0,0,28.36,98.0,98.0,1
42,p046,9,4,28.36,98.0,0,28.36,98.0,98.0,1
42,p046,9,8,28.36,98.0,0,28.36,98.0,98.0,1
42,p046,9,16,28.36,98.0,0,28.36,98.0,98.0,1
42,p046,9,32,49.14,97.0,1,28.36,98.0,98.0,1
42,p046,9,64,98.16,58.888888888888886,1,28.36,98.0,98.0,1
42,p046,10,1,28.04,98.0,0,28.04,98.0,98.0,1
42,p046,10,2,28.04,98.0,0,28.04,98.0,98.0,1
42,p046,10,4,28.04,98.0,0,28.04,98.0,98.0,1
42,p046,10,8,28.04,98.0,0,28.04,98.0,98.0,1
42,p046,10,16,28.04,98.0,0,28.04,98.0,98.0,1
42,p046,10,32,89.82,58.529411764705884,1,28.04,98.0,98.0,1
42,p046,10,64,89.82,58.529411764705884,1,28.04,98.0,98.0,1
42,p046,11,1,10.440000000000001,100.0,0,10.440000000000001,100.0,100.0,1
42,p046,11,2,10.440000000000001,100.0,0,10.440000000000001,100.0,100.0,1
42,p046,11,4,18.939999999999998,100.0,0,18.939999999999998,100.0,100.0,1
42,p046,11,8,20.22,20.0,0,20.22,20.0,20.0,1
42,p046,11,16,33.52,98.33333333333333,1,26.58,100.0,100.0,1
42,p046,11,32,33.52,98.33333333333333,1,27.9,98.0,98.0,1
42,p046,11,64,89.82,58.529411764705884,1,27.9,98.0,98.0,1
42,p047,0,1,16.240000000000002,100.0,0,16.240000000000002,100.0,100.0,1
42,p047,0,2,16.240000000000002,100.0,0,16.240000000000002,100.0,100.0,1
42,p047,0,4,19.08,100.0,0,19.08,100.0,100.0,1
42,p047,0,8,19.08,100.0,0,19.08,100.0,100.0,1
42,p047,0,16,34.16,98.33333333333333,1,19.08,100.0,100.0,1
42,p047,0,32,34.16,98.33333333333333,1,19.08,100.0,100.0,1
42,p047,0,64,57.16,97.27272727272728,1,26.58,100.0,100.0,1
42,p047,1,1,16.240000000000002,100.0,0,16.240000000000002,100.0,100.0,1
42,p047,1,2,16.240000000000002,100.0,0,16.240000000000002,100.0,100.0,1
42,p047,1,4,16.240000000000002,100.0,0,16.240000000000002,100.0,100.0,1
42,p047,1,8,49.14,97.0,1,16.240000000000002,100.0,100.0,1
42,p047,1,16,49.14,97.0,1,24.259999999999998,100.0,100.0,1
42,p047,1,32,49.14,97.0,1,28.2,98.0,98.0,1
42,p047,1,64,49.14,97.0,1,28.2,98.0,98.0,1
42,p047,2,1,16.240000000000002,100.0,0,16.240000000000002,100.0,100.0,1
42,p047,2,2,26.74,100.0,0,26.74,100.0,100.0,1
42,p047,2,4,26.74,100.0,0,26.74,100.0,100.0,1
42,p047,2,8,26.74,100.0,0,26.74,100.0,100.0,1
42,p047,2,16,26.74,100.0,0,26.74,100.0,100.0,1
42,p047,2,32,26.74,100.0,0,26.74,100.0,100.0,1
42,p047,2,64,49.14,97.0,1,28.36,98.0,98.0,1
42,p047,3,1,4.8,100.0,0,4.8,100.0,100.0,1
42,p047,3,2,19.240000000000002,100.0,0,19.240000000000002,100.0,100.0,1
42,p047,3,4,19.240000000000002,100.0,0,19.240000000000002,100.0,100.0,1
42,p047,3,8,19.240000000000002,100.0,0,19.240000000000002,100.0,100.0,1
42,p047,3,16,89.2,58.529411764705884,1,19.240000000000002,100.0,100.0,1
42,p047,3,32,89.2,58.529411764705884,1,26.58,100.0,100.0,1
42,p047,3,64,89.2,58.529411764705884,1,26.58,100.0,100.0,1
42,p047,4,1,4.8,100.0,0,4.8,100.0,100.0,1
42,p047,4,2,10.440000000000001,100.0,0,10.440000000000001,100.0,100.0,1
42,p047,4,4,10.440000000000001,100.0,0,10.440000000000001,100.0,100.0,1
42,p047,4,8,10.440000000000001,100.0,0,10.440000000000001,100.0,100.0,1
42,p047,4,16,19.08,100.0,0,19.08,100.0,100.0,1
42,p047,4,32,28.2,98.0,0,28.2,98.0,98.0,1
42,p047,4,64,89.82,58.529411764705884,1,28.2,98.0,98.0,1
42,p047,5,1,9.98,100.0,0,9.98,100.0,100.0,1
42,p047,5,2,9.98,100.0,0,9.98,100.0,100.0,1
42,p047,5,4,10.280000000000001,100.0,0,10.280000000000001,100.0,100.0,1
42,p047,5,8,19.08,100.0,0,19.08,100.0,100.0,1
42,p047,5,16,28.2,98.0,0,28.2,98.0,98.0,1
42,p047,5,32,28.2,98.0,0,28.2,98.0,98.0,1
42,p047,5,64,28.2,98.0,0,28.2,98.0,98.0,1
42,p047,6,1,10.120000000000001,100.0,0,10.120000000000001,100.0,100.0,1
42,p047,6,2,10.600000000000001,100.0,0,10.600000000000001,100.0,100.0,1
42,p047,6,4,11.88,20.0,0,11.88,20.0,20.0,1
42,p047,6,8,18.939999999999998,100.0,0,18.939999999999998,100.0,100.0,1
42,p047,6,16,19.560000000000002,100.0,0,19.560000000000002,100.0,100.0,1
42,p047,6,32,26.32,20.0,0,26.32,20.0,20.0,1
42,p047,6,64,84.04,95.71428571428571,1,26.32,20.0,20.0,1
42,p047,7,1,10.440000000000001,100.0,0,10.440000000000001,100.0,100.0,1
42,p047,7,2,11.72,20.0,0,11.72,20.0,20.0,1
42,p047,7,4,50.42,16.666666666666664,1,11.72,20.0,20.0,1
42,p047,7,8,50.42,16.666666666666664,1,11.72,20.0,20.0,1
42,p047,7,16,93.82,13.529411764705882,1,26.74,100.0,100.0,1
42,p047,7,32,93.82,13.529411764705882,1,28.36,98.0,98.0,1
42,p047,7,64,93.82,13.529411764705882,1,28.36,98.0,98.0,1
42,p047,8,1,10.280000000000001,100.0,0,10.280000000000001,100.0,100.0,1
42,p047,8,2,18.939999999999998,100.0,0,18.939999999999998,100.0,100.0,1
42,p047,8,4,26.74,100.0,0,26.74,100.0,100.0,1
42,p047,8,8,28.52,98.0,1,26.74,100.0,100.0,1
42,p047,8,16,28.52,98.0,1,27.04,100.0,100.0,1
42,p047,8,32,35.86,100.0,1,27.04,100.0,100.0,1
42,p047,8,64,50.1,16.666666666666664,1,28.2,98.0,98.0,1
42,p047,9,1,10.280000000000001,100.0,0,10.280000000000001,100.0,100.0,1
42,p047,9,2,10.280000000000001,100.0,0,10.280000000000001,100.0,100.0,1
42,p047,9,4,15.3,100.0,0,15.3,100.0,100.0,1
42,p047,9,8,29.48,17.5,1,15.600000000000001,100.0,100.0,1
42,p047,9,16,29.48,17.5,1,16.08,100.0,100.0,1
42,p047,9,32,46.120000000000005,95.71428571428571,1,26.58,100.0,100.0,1
42,p047,9,64,98.78,58.888888888888886,1,28.04,98.0,98.0,1
42,p047,10,1,19.4,100.0,0,19.4,100.0,100.0,1
42,p047,10,2,19.4,100.0,0,19.4,100.0,100.0,1
42,p047,10,4,19.4,100.0,0,19.4,100.0,100.0,1
42,p047,10,8,27.86,20.0,1,20.52,20.0,20.0,1
42,p047,10,16,89.66,58.529411764705884,1,20.52,20.0,20.0,1
42,p047,10,32,89.66,58.529411764705884,1,26.58,100.0,100.0,1
42,p047,10,64,89.66,58.529411764705884,1,27.04,100.0,100.0,1
42,p047,11,1,9.98,100.0,0,9.98,100.0,100.0,1
42,p047,11,2,10.120000000000001,100.0,0,10.120000000000001,100.0,100.0,1
42,p047,11,4,19.08,100.0,0,19.08,100.0,100.0,1
42,p047,11,8,45.96,95.71428571428571,1,24.58,100.0,100.0,1
42,p047,11,16,45.96,95.71428571428571,1,26.58,100.0,100.0,1
42,p047,11,32,48.2,97.0,1,28.2,98.0,98.0,1
42,p047,11,64,89.33999999999999,58.529411764705884,1,28.2,98.0,98.0,1
42,p048,0,1,26.74,100.0,0,26.74,100.0,100.0,1
42,p048,0,2,26.74,100.0,0,26.74,100.0,100.0,1
42,p048,0,4,26.74,100.0,0,26.74,100.0,100.0,1
42,p048,0,8,26.74,100.0,0,26.74,100.0,100.0,1
42,p048,0,16,35.54,100.0,1,26.74,100.0,100.0,1
42,p048,0,32,50.1,16.666666666666664,1,27.9,98.0,98.0,1
42,p048,0,64,50.1,16.666666666666664,1,27.9,98.0,98.0,1
42,p048,1,1,15.600000000000001,100.0,0,15.600000000000001,100.0,100.0,1
42,p048,1,2,15.600000000000001,100.0,0,15.600000000000001,100.0,100.0,1
42,p048,1,4,15.600000000000001,100.0,0,15.600000000000001,100.0,100.0,1
42,p048,1,8,26.74,100.0,0,26.74,100.0,100.0,1
42,p048,1,16,34.8,18.0,0,34.8,18.0,18.0,1
42,p048,1,32,34.8,18.0,0,34.8,18.0,18.0,1
42,p048,1,64,89.33999999999999,58.529411764705884,1,34.8,18.0,18.0,1
42,p048,2,1,15.600000000000001,100.0,0,15.600000000000001,100.0,100.0,1
42,p048,2,2,15.600000000000001,100.0,0,15.600000000000001,100.0,100.0,1
42,p048,2,4,15.600000000000001,100.0,0,15.600000000000001,100.0,100.0,1
42,p048,2,8,28.32,20.0,1,18.939999999999998,100.0,100.0,1
42,p048,2,16,28.32,20.0,1,18.939999999999998,100.0,100.0,1
42,p048,2,32,28.52,98.0,1,26.419999999999998,100.0,100.0,1
42,p048,2,64,48.36,97.0,1,27.04,100.0,100.0,1
42,p048,3,1,10.280000000000001,100.0,0,10.280000000000001,100.0,100.0,1
42,p048,3,2,10.440000000000001,100.0,0,10.440000000000001,100.0,100.0,1
42,p048,3,4,15.62,100.0,0,15.62,100.0,100.0,1
42,p048,3,8,18.939999999999998,100.0,0,18.939999999999998,100.0,100.0,1
42,p048,3,16,27.04,100.0,0,27.04,100.0,100.0,1
42,p048,3,32,48.82000000000001,97.0,1,27.04,100.0,100.0,1
42,p048,3,64,89.2,58.529411764705884,1,27.04,100.0,100.0,1
42,p048,4,1,9.98,100.0,0,9.98,100.0,100.0,1
42,p048,4,2,46.120000000000005,95.71428571428571,1,9.98,100.0,100.0,1
42,p048,4,4,46.120000000000005,95.71428571428571,1,18.939999999999998,100.0,100.0,1
42,p048,4,8,46.120000000000005,95.71428571428571,1,20.52,20.0,20.0,1
42,p048,4,16,48.839999999999996,97.0,1,26.58,100.0,100.0,1
42,p048,4,32,48.839999999999996,97.0,1,28.2,98.0,98.0,1
42,p048,4,64,48.839999999999996,97.0,1,28.2,98.0,98.0,1
42,p048,5,1,10.280000000000001,100.0,0,10.280000000000001,100.0,100.0,1
42,p048,5,2,48.839999999999996,97.0,1,10.280000000000001,100.0,100.0,1
42,p048,5,4,48.839999999999996,97.0,1,10.280000000000001,100.0,100.0,1
42,p048,5,8,48.839999999999996,97.0,1,17.52,20.0,20.0,1
42,p048,5,16,48.839999999999996,97.0,1,17.52,20.0,20.0,1
42,p048,5,32,48.839999999999996,97.0,1,28.2,98.0,98.0,1
42,p048,5,64,48.839999999999996,97.0,1,28.2,98.0,98.0,1
42,p048,6,1,27.04,100.0,0,27.04,100.0,100.0,1
42,p048,6,2,27.04,100.0,0,27.04,100.0,100.0,1
42,p048,6,4,27.04,100.0,0,27.04,100.0,100.0,1
42,p048,6,8,27.04,100.0,0,27.04,100.0,100.0,1
42,p048,6,16,49.63999999999999,16.666666666666664,1,27.04,100.0,100.0,1
42,p048,6,32,49.63999999999999,16.666666666666664,1,28.04,98.0,98.0,1
42,p048,6,64,89.82,58.529411764705884,1,28.04,98.0,98.0,1
42,p048,7,1,9.98,100.0,0,9.98,100.0,100.0,1
42,p048,7,2,10.600000000000001,100.0,0,10.600000000000001,100.0,100.0,1
42,p048,7,4,57.78,97.27272727272728,1,15.600000000000001,100.0,100.0,1
42,p048,7,8,57.78,97.27272727272728,1,16.08,100.0,100.0,1
42,p048,7,16,57.78,97.27272727272728,1,26.74,100.0,100.0,1
42,p048,7,32,57.78,97.27272727272728,1,26.74,100.0,100.0,1
42,p048,7,64,57.78,97.27272727272728,1,28.36,98.0,98.0,1
42,p048,8,1,4.8,100.0,0,4.8,100.0,100.0,1
42,p048,8,2,9.98,100.0,0,9.98,100.0,100.0,1
42,p048,8,4,10.440000000000001,100.0,0,10.440000000000001,100.0,100.0,1
42,p048,8,8,93.66,13.529411764705882,1,24.560000000000002,100.0,100.0,1
42,p048,8,16,93.66,13.529411764705882,1,24.58,100.0,100.0,1
42,p048,8,32,93.66,13.529411764705882,1,24.58,100.0,100.0,1
42,p048,8,64,93.66,13.529411764705882,1,26.58,100.0,100.0,1
42,p048,9,1,10.280000000000001,100.0,0,10.280000000000001,100.0,100.0,1
42,p048,9,2,10.280000000000001,100.0,0,10.280000000000001,100.0,100.0,1
42,p048,9,4,10.440000000000001,100.0,0,10.440000000000001,100.0,100.0,1
42,p048,9,8,26.419999999999998,100.0,0,26.419999999999998,100.0,100.0,1
42,p048,9,16,26.419999999999998,100.0,0,26.419999999999998,100.0,100.0,1
42,p048,9,32,48.82000000000001,97.0,1,27.04,100.0,100.0,1
42,p048,9,64,58.44,17.0,1,27.04,100.0,100.0,1
42,p048,10,1,10.440000000000001,100.0,0,10.440000000000001,100.0,100.0,1
42,p048,10,2,15.3,100.0,0,15.3,100.0,100.0,1
42,p048,10,4,15.3,100.0,0,15.3,100.0,100.0,1
42,p048,10,8,15.3,100.0,0,15.3,100.0,100.0,1
42,p048,10,16,27.7,20.0,1,26.9,100.0,100.0,1
42,p048,10,32,27.7,20.0,1,27.04,100.0,100.0,1
42,p048,10,64,48.839999999999996,97.0,1,27.04,100.0,100.0,1
42,p048,11,1,9.98,100.0,0,9.98,100.0,100.0,1
42,p048,11,2,10.600000000000001,100.0,0,10.600000000000001,100.0,100.0,1
42,p048,11,4,10.600000000000001,100.0,0,10.600000000000001,100.0,100.0,1
42,p048,11,8,15.62,100.0,0,15.62,100.0,100.0,1
42,p048,11,16,18.939999999999998,100.0,0,18.939999999999998,100.0,100.0,1
42,p048,11,32,28.18,20.0,1,19.4,100.0,100.0,1
42,p048,11,64,89.66,58.529411764705884,1,26.9,100.0,100.0,1
73,p037,0,1,11.26,20.0,0,11.26,20.0,20.0,1
73,p037,0,2,11.26,20.0,0,11.26,20.0,20.0,1
73,p037,0,4,18.0,100.0,0,18.0,100.0,100.0,1
73,p037,0,8,27.1,98.0,0,27.1,98.0,98.0,1
73,p037,0,16,27.1,98.0,0,27.1,98.0,98.0,1
73,p037,0,32,48.2,97.0,1,27.1,98.0,98.0,1
73,p037,0,64,100.0,58.68421052631579,1,34.76,100.0,100.0,1
73,p037,1,1,9.5,100.0,0,9.5,100.0,100.0,1
73,p037,1,2,9.5,100.0,0,9.5,100.0,100.0,1
73,p037,1,4,26.1,100.0,0,26.1,100.0,100.0,1
73,p037,1,8,29.48,17.5,1,26.1,100.0,100.0,1
73,p037,1,16,47.42,97.0,1,27.58,98.0,98.0,1
73,p037,1,32,47.879999999999995,97.0,1,27.58,98.0,98.0,1
73,p037,1,64,57.16,97.27272727272728,1,45.94,18.57142857142857,18.57142857142857,1
73,p037,2,1,25.479999999999997,100.0,0,25.479999999999997,100.0,100.0,1
73,p037,2,2,25.479999999999997,100.0,0,25.479999999999997,100.0,100.0,1
73,p037,2,4,25.479999999999997,100.0,0,25.479999999999997,100.0,100.0,1
73,p037,2,8,29.48,17.5,1,27.1,98.0,98.0,1
73,p037,2,16,91.3,93.88888888888889,1,27.1,98.0,98.0,1
73,p037,2,32,91.3,93.88888888888889,1,27.1,98.0,98.0,1
73,p037,2,64,98.0,58.888888888888886,1,27.419999999999998,98.0,98.0,1
73,p037,3,1,15.3,100.0,0,15.3,100.0,100.0,1
73,p037,3,2,15.3,100.0,0,15.3,100.0,100.0,1
73,p037,3,4,15.3,100.0,0,15.3,100.0,100.0,1
73,p037,3,8,25.479999999999997,100.0,0,25.479999999999997,100.0,100.0,1
73,p037,3,16,44.879999999999995,95.71428571428571,1,25.479999999999997,100.0,100.0,1
73,p037,3,32,89.03999999999999,58.529411764705884,1,27.259999999999998,98.0,98.0,1
73,p037,3,64,89.03999999999999,58.529411764705884,1,27.259999999999998,98.0,98.0,1
73,p037,4,1,9.18,100.0,0,9.18,100.0,100.0,1
73,p037,4,2,9.18,100.0,0,9.18,100.0,100.0,1
73,p037,4,4,15.14,100.0,0,15.14,100.0,100.0,1
73,p037,4,8,25.479999999999997,100.0,0,25.479999999999997,100.0,100.0,1
73,p037,4,16,48.2,97.0,1,25.479999999999997,100.0,100.0,1
73,p037,4,32,48.2,97.0,1,25.479999999999997,100.0,100.0,1
73,p037,4,64,56.86,97.27272727272728,1,26.96,98.0,98.0,1
73,p037,5,1,47.720000000000006,15.0,1,,,0.0,0
73,p037,5,2,47.720000000000006,15.0,1,9.18,100.0,100.0,1
73,p037,5,4,47.720000000000006,15.0,1,9.5,100.0,100.0,1
73,p037,5,8,97.38,58.888888888888886,1,23.32,100.0,100.0,1
73,p037,5,16,97.38,58.888888888888886,1,25.799999999999997,100.0,100.0,1
73,p037,5,32,97.38,58.888888888888886,1,25.799999999999997,100.0,100.0,1
73,p037,5,64,97.38,58.888888888888886,1,25.96,100.0,100.0,1
73,p037,6,1,18.46,100.0,0,18.46,100.0,100.0,1
73,p037,6,2,18.46,100.0,0,18.46,100.0,100.0,1
73,p037,6,4,18.46,100.0,0,18.46,100.0,100.0,1
73,p037,6,8,25.64,100.0,0,25.64,100.0,100.0,1
73,p037,6,16,27.259999999999998,98.0,0,27.259999999999998,98.0,98.0,1
73,p037,6,32,32.28,98.33333333333333,0,32.28,98.33333333333333,98.33333333333333,1
73,p037,6,64,35.06,100.0,0,35.06,100.0,100.0,1
73,p037,7,1,9.5,100.0,0,9.5,100.0,100.0,1
73,p037,7,2,14.36,100.0,0,14.36,100.0,100.0,1
73,p037,7,4,14.68,100.0,0,14.68,100.0,100.0,1
73,p037,7,8,15.14,100.0,0,15.14,100.0,100.0,1
73,p037,7,16,33.06,98.33333333333333,0,33.06,98.33333333333333,98.33333333333333,1
73,p037,7,32,33.06,98.33333333333333,0,33.06,98.33333333333333,98.33333333333333,1
73,p037,7,64,33.06,98.33333333333333,0,33.06,98.33333333333333,98.33333333333333,1
73,p037,8,1,9.34,100.0,0,9.34,100.0,100.0,1
73,p037,8,2,9.34,100.0,0,9.34,100.0,100.0,1
73,p037,8,4,9.34,100.0,0,9.34,100.0,100.0,1
73,p037,8,8,32.6,98.33333333333333,0,32.6,98.33333333333333,98.33333333333333,1
73,p037,8,16,32.6,98.33333333333333,0,32.6,98.33333333333333,98.33333333333333,1
73,p037,8,32,32.6,98.33333333333333,0,32.6,98.33333333333333,98.33333333333333,1
73,p037,8,64,47.879999999999995,97.0,1,35.06,100.0,100.0,1
73,p037,9,1,11.26,20.0,0,11.26,20.0,20.0,1
73,p037,9,2,11.26,20.0,0,11.26,20.0,20.0,1
73,p037,9,4,47.879999999999995,97.0,1,11.26,20.0,20.0,1
73,p037,9,8,47.879999999999995,97.0,1,11.26,20.0,20.0,1
73,p037,9,16,48.2,97.0,1,18.3,100.0,100.0,1
73,p037,9,32,48.2,97.0,1,24.1,100.0,100.0,1
73,p037,9,64,48.2,97.0,1,26.1,100.0,100.0,1
73,p037,10,1,11.72,20.0,0,11.72,20.0,20.0,1
73,p037,10,2,18.14,100.0,0,18.14,100.0,100.0,1
73,p037,10,4,18.14,100.0,0,18.14,100.0,100.0,1
73,p037,10,8,18.14,100.0,0,18.14,100.0,100.0,1
73,p037,10,16,43.879999999999995,98.75,1,33.06,98.33333333333333,98.33333333333333,1
73,p037,10,32,47.879999999999995,97.0,1,33.06,98.33333333333333,98.33333333333333,1
73,p037,10,64,91.44,93.88888888888889,1,33.06,98.33333333333333,98.33333333333333,1
73,p037,11,1,11.4,20.0,0,11.4,20.0,20.0,1
73,p037,11,2,11.4,20.0,0,11.4,20.0,20.0,1
73,p037,11,4,47.42,97.0,1,11.4,20.0,20.0,1
73,p037,11,8,47.42,97.0,1,27.259999999999998,98.0,98.0,1
73,p037,11,16,47.42,97.0,1,34.6,100.0,100.0,1
73,p037,11,32,91.44,93.88888888888889,1,34.6,100.0,100.0,1
73,p037,11,64,91.44,93.88888888888889,1,34.6,100.0,100.0,1
73,p038,0,1,3.8600000000000003,100.0,0,3.8600000000000003,100.0,100.0,1
73,p038,0,2,18.46,100.0,0,18.46,100.0,100.0,1
73,p038,0,4,20.84,20.0,0,20.84,20.0,20.0,1
73,p038,0,8,20.84,20.0,0,20.84,20.0,20.0,1
73,p038,0,16,23.32,100.0,0,23.32,100.0,100.0,1
73,p038,0,32,47.260000000000005,97.0,1,23.32,100.0,100.0,1
73,p038,0,64,47.260000000000005,97.0,1,26.1,100.0,100.0,1
73,p038,1,1,9.34,100.0,0,9.34,100.0,100.0,1
73,p038,1,2,11.72,20.0,0,11.72,20.0,20.0,1
73,p038,1,4,16.9,20.0,1,11.72,20.0,20.0,1
73,p038,1,8,34.92,100.0,1,18.46,100.0,100.0,1
73,p038,1,16,34.92,100.0,1,25.96,100.0,100.0,1
73,p038,1,32,50.42,16.666666666666664,1,25.96,100.0,100.0,1
73,p038,1,64,50.42,16.666666666666664,1,27.419999999999998,98.0,98.0,1
73,p038,2,1,26.1,100.0,0,26.1,100.0,100.0,1
73,p038,2,2,26.1,100.0,0,26.1,100.0,100.0,1
73,p038,2,4,26.1,100.0,0,26.1,100.0,100.0,1
73,p038,2,8,26.1,100.0,0,26.1,100.0,100.0,1
73,p038,2,16,27.7,20.0,1,26.1,100.0,100.0,1
73,p038,2,32,91.6,93.88888888888889,1,26.1,100.0,100.0,1
73,p038,2,64,91.6,93.88888888888889,1,26.1,100.0,100.0,1
73,p038,3,1,9.04,100.0,0,9.04,100.0,100.0,1
73,p038,3,2,9.66,100.0,0,9.66,100.0,100.0,1
73,p038,3,4,11.4,20.0,0,11.4,20.0,20.0,1
73,p038,3,8,18.14,100.0,0,18.14,100.0,100.0,1
73,p038,3,16,18.46,100.0,0,18.46,100.0,100.0,1
73,p038,3,32,56.839999999999996,97.27272727272728,1,18.46,100.0,100.0,1
73,p038,3,64,56.839999999999996,97.27272727272728,1,27.58,98.0,98.0,1
73,p038,4,1,9.18,100.0,0,9.18,100.0,100.0,1
73,p038,4,2,9.34,100.0,0,9.34,100.0,100.0,1
73,p038,4,4,9.5,100.0,0,9.5,100.0,100.0,1
73,p038,4,8,25.96,100.0,0,25.96,100.0,100.0,1
73,p038,4,16,25.96,100.0,0,25.96,100.0,100.0,1
73,p038,4,32,48.2,97.0,1,34.76,100.0,100.0,1
73,p038,4,64,48.2,97.0,1,34.76,100.0,100.0,1
73,p038,5,1,9.18,100.0,0,9.18,100.0,100.0,1
73,p038,5,2,11.88,20.0,0,11.88,20.0,20.0,1
73,p038,5,4,25.64,100.0,0,25.64,100.0,100.0,1
73,p038,5,8,25.64,100.0,0,25.64,100.0,100.0,1
73,p038,5,16,26.1,100.0,0,26.1,100.0,100.0,1
73,p038,5,32,26.1,100.0,0,26.1,100.0,100.0,1
73,p038,5,64,36.82,20.0,1,26.1,100.0,100.0,1
73,p038,6,1,9.04,100.0,0,9.04,100.0,100.0,1
73,p038,6,2,9.34,100.0,0,9.34,100.0,100.0,1
73,p038,6,4,9.34,100.0,0,9.34,100.0,100.0,1
73,p038,6,8,18.14,100.0,0,18.14,100.0,100.0,1
73,p038,6,16,25.96,100.0,0,25.96,100.0,100.0,1
73,p038,6,32,91.3,93.88888888888889,1,34.6,100.0,100.0,1
73,p038,6,64,91.3,93.88888888888889,1,34.6,100.0,100.0,1
73,p038,7,1,26.1,100.0,0,26.1,100.0,100.0,1
73,p038,7,2,26.1,100.0,0,26.1,100.0,100.0,1
73,p038,7,4,27.419999999999998,98.0,0,27.419999999999998,98.0,98.0,1
73,p038,7,8,27.419999999999998,98.0,0,27.419999999999998,98.0,98.0,1
73,p038,7,16,47.879999999999995,97.0,1,27.419999999999998,98.0,98.0,1
73,p038,7,32,91.3,93.88888888888889,1,27.419999999999998,98.0,98.0,1
73,p038,7,64,91.3,93.88888888888889,1,35.44,18.0,18.0,1
73,p038,8,1,43.4,98.75,1,,,0.0,0
73,p038,8,2,43.4,98.75,1,18.0,100.0,100.0,1
73,p038,8,4,43.4,98.75,1,18.46,100.0,100.0,1
73,p038,8,8,43.4,98.75,1,27.259999999999998,98.0,98.0,1
73,p038,8,16,43.4,98.75,1,27.419999999999998,98.0,98.0,1
73,p038,8,32,47.879999999999995,97.0,1,27.58,98.0,98.0,1
73,p038,8,64,48.2,97.0,1,32.28,98.33333333333333,98.33333333333333,1
73,p038,9,1,11.88,20.0,0,11.88,20.0,20.0,1
73,p038,9,2,15.14,100.0,0,15.14,100.0,100.0,1
73,p038,9,4,18.3,100.0,0,18.3,100.0,100.0,1
73,p038,9,8,18.3,100.0,0,18.3,100.0,100.0,1
73,p038,9,16,18.3,100.0,0,18.3,100.0,100.0,1
73,p038,9,32,56.22,97.27272727272728,1,20.84,20.0,20.0,1
73,p038,9,64,61.48,97.0,1,33.06,98.33333333333333,98.33333333333333,1
73,p038,10,1,18.14,100.0,0,18.14,100.0,100.0,1
73,p038,10,2,18.14,100.0,0,18.14,100.0,100.0,1
73,p038,10,4,18.14,100.0,0,18.14,100.0,100.0,1
73,p038,10,8,18.14,100.0,0,18.14,100.0,100.0,1
73,p038,10,16,18.14,100.0,0,18.14,100.0,100.0,1
73,p038,10,32,23.64,100.0,0,23.64,100.0,100.0,1
73,p038,10,64,97.67999999999999,58.888888888888886,1,26.48,20.0,20.0,1
73,p038,11,1,3.8600000000000003,100.0,0,3.8600000000000003,100.0,100.0,1
73,p038,11,2,11.88,20.0,0,11.88,20.0,20.0,1
73,p038,11,4,45.5,95.71428571428571,1,11.88,20.0,20.0,1
73,p038,11,8,45.5,95.71428571428571,1,11.88,20.0,20.0,1
73,p038,11,16,45.5,95.71428571428571,1,18.46,100.0,100.0,1
73,p038,11,32,58.599999999999994,17.0,1,18.46,100.0,100.0,1
73,p038,11,64,63.70000000000001,16.666666666666664,1,27.419999999999998,98.0,98.0,1
73,p039,0,1,9.04,100.0,0,9.04,100.0,100.0,1
73,p039,0,2,9.34,100.0,0,9.34,100.0,100.0,1
73,p039,0,4,12.82,100.0,0,12.82,100.0,100.0,1
73,p039,0,8,26.1,100.0,0,26.1,100.0,100.0,1
73,p039,0,16,26.1,100.0,0,26.1,100.0,100.0,1
73,p039,0,32,27.259999999999998,98.0,0,27.259999999999998,98.0,98.0,1
73,p039,0,64,65.8,96.66666666666667,1,34.6,100.0,100.0,1
73,p039,1,1,9.5,100.0,0,9.5,100.0,100.0,1
73,p039,1,2,9.5,100.0,0,9.5,100.0,100.0,1
73,p039,1,4,23.32,100.0,0,23.32,100.0,100.0,1
73,p039,1,8,23.32,100.0,0,23.32,100.0,100.0,1
73,p039,1,16,89.03999999999999,58.529411764705884,1,27.259999999999998,98.0,98.0,1
73,p039,1,32,89.03999999999999,58.529411764705884,1,27.419999999999998,98.0,98.0,1
73,p039,1,64,89.03999999999999,58.529411764705884,1,27.58,98.0,98.0,1
73,p039,2,1,18.0,100.0,0,18.0,100.0,100.0,1
73,p039,2,2,47.260000000000005,97.0,1,18.0,100.0,100.0,1
73,p039,2,4,47.900000000000006,97.0,1,18.0,100.0,100.0,1
73,p039,2,8,47.900000000000006,97.0,1,18.0,100.0,100.0,1
73,p039,2,16,47.900000000000006,97.0,1,18.0,100.0,100.0,1
73,p039,2,32,56.86,97.27272727272728,1,27.419999999999998,98.0,98.0,1
73,p039,2,64,56.86,97.27272727272728,1,27.419999999999998,98.0,98.0,1
73,p039,3,1,9.5,100.0,0,9.5,100.0,100.0,1
73,p039,3,2,9.66,100.0,0,9.66,100.0,100.0,1
73,p039,3,4,27.259999999999998,98.0,0,27.259999999999998,98.0,98.0,1
73,p039,3,8,27.259999999999998,98.0,0,27.259999999999998,98.0,98.0,1
73,p039,3,16,45.18000000000001,95.71428571428571,1,27.259999999999998,98.0,98.0,1
73,p039,3,32,45.18000000000001,95.71428571428571,1,27.259999999999998,98.0,98.0,1
73,p039,3,64,50.42,16.666666666666664,1,27.259999999999998,98.0,98.0,1
73,p039,4,1,18.0,100.0,0,18.0,100.0,100.0,1
73,p039,4,2,18.0,100.0,0,18.0,100.0,100.0,1
73,p039,4,4,18.0,100.0,0,18.0,100.0,100.0,1
73,p039,4,8,25.64,100.0,0,25.64,100.0,100.0,1
73,p039,4,16,45.02,95.71428571428571,1,25.64,100.0,100.0,1
73,p039,4,32,56.22,97.27272727272728,1,25.96,100.0,100.0,1
73,p039,4,64,98.0,58.888888888888886,1,25.96,100.0,100.0,1
73,p039,5,1,18.619999999999997,100.0,0,18.619999999999997,100.0,100.0,1
73,p039,5,2,18.619999999999997,100.0,0,18.619999999999997,100.0,100.0,1
73,p039,5,4,32.28,98.33333333333333,0,32.28,98.33333333333333,98.33333333333333,1
73,p039,5,8,50.2,96.25,1,32.28,98.33333333333333,98.33333333333333,1
73,p039,5,16,50.2,96.25,1,32.28,98.33333333333333,98.33333333333333,1
73,p039,5,32,91.3,93.88888888888889,1,32.28,98.33333333333333,98.33333333333333,1
73,p039,5,64,91.3,93.88888888888889,1,32.28,98.33333333333333,98.33333333333333,1
73,p039,6,1,28.32,20.0,1,,,0.0,0
73,p039,6,2,28.32,20.0,1,9.04,100.0,100.0,1
73,p039,6,4,28.32,20.0,1,9.18,100.0,100.0,1
73,p039,6,8,28.32,20.0,1,14.68,100.0,100.0,1
73,p039,6,16,28.32,20.0,1,14.68,100.0,100.0,1
73,p039,6,32,65.18,96.66666666666667,1,18.0,100.0,100.0,1
73,p039,6,64,65.18,96.66666666666667,1,25.96,100.0,100.0,1
73,p039,7,1,9.34,100.0,0,9.34,100.0,100.0,1
73,p039,7,2,11.88,20.0,0,11.88,20.0,20.0,1
73,p039,7,4,17.36,20.0,1,15.14,100.0,100.0,1
73,p039,7,8,18.14,100.0,0,18.14,100.0,100.0,1
73,p039,7,16,25.64,100.0,0,25.64,100.0,100.0,1
73,p039,7,32,25.64,100.0,0,25.64,100.0,100.0,1
73,p039,7,64,45.02,95.71428571428571,1,27.419999999999998,98.0,98.0,1
73,p039,8,1,9.5,100.0,0,9.5,100.0,100.0,1
73,p039,8,2,9.5,100.0,0,9.5,100.0,100.0,1
73,p039,8,4,48.2,97.0,1,11.72,20.0,20.0,1
73,p039,8,8,48.2,97.0,1,32.58,98.33333333333333,98.33333333333333,1
73,p039,8,16,48.2,97.0,1,32.58,98.33333333333333,98.33333333333333,1
73,p039,8,32,48.2,97.0,1,32.58,98.33333333333333,98.33333333333333,1
73,p039,8,64,88.88,58.529411764705884,1,32.58,98.33333333333333,98.33333333333333,1
73,p039,9,1,9.34,100.0,0,9.34,100.0,100.0,1
73,p039,9,2,9.34,100.0,0,9.34,100.0,100.0,1
73,p039,9,4,9.34,100.0,0,9.34,100.0,100.0,1
73,p039,9,8,39.7,95.0,1,33.06,98.33333333333333,98.33333333333333,1
73,p039,9,16,39.7,95.0,1,33.06,98.33333333333333,98.33333333333333,1
73,p039,9,32,39.7,95.0,1,34.76,100.0,100.0,1
73,p039,9,64,50.2,96.25,1,34.76,100.0,100.0,1
73,p039,10,1,25.799999999999997,100.0,0,25.799999999999997,100.0,100.0,1
73,p039,10,2,25.799999999999997,100.0,0,25.799999999999997,100.0,100.0,1
73,p039,10,4,25.799999999999997,100.0,0,25.799999999999997,100.0,100.0,1
73,p039,10,8,25.799999999999997,100.0,0,25.799999999999997,100.0,100.0,1
73,p039,10,16,59.38,17.0,1,34.8,18.0,18.0,1
73,p039,10,32,59.38,17.0,1,34.8,18.0,18.0,1
73,p039,10,64,97.52,58.888888888888886,1,34.8,18.0,18.0,1
73,p039,11,1,25.479999999999997,100.0,0,25.479999999999997,100.0,100.0,1
73,p039,11,2,25.479999999999997,100.0,0,25.479999999999997,100.0,100.0,1
73,p039,11,4,25.479999999999997,100.0,0,25.479999999999997,100.0,100.0,1
73,p039,11,8,91.3,93.88888888888889,1,25.479999999999997,100.0,100.0,1
73,p039,11,16,91.3,93.88888888888889,1,25.479999999999997,100.0,100.0,1
73,p039,11,32,91.3,93.88888888888889,1,25.799999999999997,100.0,100.0,1
73,p039,11,64,91.44,93.88888888888889,1,26.1,100.0,100.0,1
73,p040,0,1,89.2,93.52941176470588,1,,,0.0,0
73,p040,0,2,89.2,93.52941176470588,1,24.1,100.0,100.0,1
73,p040,0,4,89.2,93.52941176470588,1,24.1,100.0,100.0,1
73,p040,0,8,89.2,93.52941176470588,1,24.1,100.0,100.0,1
73,p040,0,16,89.2,93.52941176470588,1,25.799999999999997,100.0,100.0,1
73,p040,0,32,89.2,93.52941176470588,1,27.419999999999998,98.0,98.0,1
73,p040,0,64,100.0,13.88888888888889,1,27.419999999999998,98.0,98.0,1
73,p040,1,1,26.1,100.0,0,26.1,100.0,100.0,1
73,p040,1,2,27.58,98.0,0,27.58,98.0,98.0,1
73,p040,1,4,27.58,98.0,0,27.58,98.0,98.0,1
73,p040,1,8,27.58,98.0,0,27.58,98.0,98.0,1
73,p040,1,16,47.879999999999995,97.0,1,27.58,98.0,98.0,1
73,p040,1,32,51.14,96.25,1,27.58,98.0,98.0,1
73,p040,1,64,51.14,96.25,1,27.58,98.0,98.0,1
73,p040,2,1,9.66,100.0,0,9.66,100.0,100.0,1
73,p040,2,2,27.419999999999998,98.0,0,27.419999999999998,98.0,98.0,1
73,p040,2,4,27.419999999999998,98.0,0,27.419999999999998,98.0,98.0,1
73,p040,2,8,27.419999999999998,98.0,0,27.419999999999998,98.0,98.0,1
73,p040,2,16,47.42,97.0,1,27.419999999999998,98.0,98.0,1
73,p040,2,32,47.42,97.0,1,27.58,98.0,98.0,1
73,p040,2,64,91.3,93.88888888888889,1,27.58,98.0,98.0,1
73,p040,3,1,9.34,100.0,0,9.34,100.0,100.0,1
73,p040,3,2,11.4,20.0,0,11.4,20.0,20.0,1
73,p040,3,4,11.4,20.0,0,11.4,20.0,20.0,1
73,p040,3,8,18.14,100.0,0,18.14,100.0,100.0,1
73,p040,3,16,18.14,100.0,0,18.14,100.0,100.0,1
73,p040,3,32,32.6,98.33333333333333,0,32.6,98.33333333333333,98.33333333333333,1
73,p040,3,64,32.6,98.33333333333333,0,32.6,98.33333333333333,98.33333333333333,1
73,p040,4,1,93.52,13.529411764705882,1,,,0.0,0
73,p040,4,2,93.52,13.529411764705882,1,9.18,100.0,100.0,1
73,p040,4,4,93.52,13.529411764705882,1,14.68,100.0,100.0,1
73,p040,4,8,93.52,13.529411764705882,1,34.76,100.0,100.0,1
73,p040,4,16,93.52,13.529411764705882,1,34.76,100.0,100.0,1
73,p040,4,32,100.0,93.6842105263158,1,34.76,100.0,100.0,1
73,p040,4,64,100.0,93.6842105263158,1,34.76,100.0,100.0,1
73,p040,5,1,11.4,20.0,0,11.4,20.0,20.0,1
73,p040,5,2,11.4,20.0,0,11.4,20.0,20.0,1
73,p040,5,4,11.4,20.0,0,11.4,20.0,20.0,1
73,p040,5,8,27.259999999999998,98.0,0,27.259999999999998,98.0,98.0,1
73,p040,5,16,47.42,97.0,1,27.259999999999998,98.0,98.0,1
73,p040,5,32,83.72,95.71428571428571,1,27.259999999999998,98.0,98.0,1
73,p040,5,64,83.72,95.71428571428571,1,27.259999999999998,98.0,98.0,1
73,p040,6,1,9.34,100.0,0,9.34,100.0,100.0,1
73,p040,6,2,9.34,100.0,0,9.34,100.0,100.0,1
73,p040,6,4,27.7,20.0,1,23.64,100.0,100.0,1
73,p040,6,8,27.7,20.0,1,25.64,100.0,100.0,1
73,p040,6,16,27.7,20.0,1,25.64,100.0,100.0,1
73,p040,6,32,47.260000000000005,97.0,1,25.799999999999997,100.0,100.0,1
73,p040,6,64,47.260000000000005,97.0,1,27.58,98.0,98.0,1
73,p040,7,1,9.34,100.0,0,9.34,100.0,100.0,1
73,p040,7,2,9.5,100.0,0,9.5,100.0,100.0,1
73,p040,7,4,25.96,100.0,0,25.96,100.0,100.0,1
73,p040,7,8,25.96,100.0,0,25.96,100.0,100.0,1
73,p040,7,16,34.92,100.0,1,25.96,100.0,100.0,1
73,p040,7,32,34.92,100.0,1,25.96,100.0,100.0,1
73,p040,7,64,89.03999999999999,93.52941176470588,1,27.1,98.0,98.0,1
73,p040,8,1,9.66,100.0,0,9.66,100.0,100.0,1
73,p040,8,2,9.66,100.0,0,9.66,100.0,100.0,1
73,p040,8,4,26.1,100.0,0,26.1,100.0,100.0,1
73,p040,8,8,26.1,100.0,0,26.1,100.0,100.0,1
73,p040,8,16,83.25999999999999,95.71428571428571,1,26.1,100.0,100.0,1
73,p040,8,32,83.25999999999999,95.71428571428571,1,26.1,100.0,100.0,1
73,p040,8,64,83.25999999999999,95.71428571428571,1,27.419999999999998,98.0,98.0,1
73,p040,9,1,26.1,100.0,0,26.1,100.0,100.0,1
73,p040,9,2,26.1,100.0,0,26.1,100.0,100.0,1
73,p040,9,4,47.260000000000005,97.0,1,26.1,100.0,100.0,1
73,p040,9,8,47.260000000000005,97.0,1,26.1,100.0,100.0,1
73,p040,9,16,47.260000000000005,97.0,1,26.1,100.0,100.0,1
73,p040,9,32,47.260000000000005,97.0,1,26.1,100.0,100.0,1
73,p040,9,64,91.44,93.88888888888889,1,27.58,98.0,98.0,1
73,p040,10,1,14.68,100.0,0,14.68,100.0,100.0,1
73,p040,10,2,26.1,100.0,0,26.1,100.0,100.0,1
73,p040,10,4,26.1,100.0,0,26.1,100.0,100.0,1
73,p040,10,8,26.1,100.0,0,26.1,100.0,100.0,1
73,p040,10,16,27.58,98.0,0,27.58,98.0,98.0,1
73,p040,10,32,89.2,93.52941176470588,1,27.58,98.0,98.0,1
73,p040,10,64,98.0,93.88888888888889,1,27.58,98.0,98.0,1
73,p040,11,1,9.04,100.0,0,9.04,100.0,100.0,1
73,p040,11,2,9.66,100.0,0,9.66,100.0,100.0,1
73,p040,11,4,9.66,100.0,0,9.66,100.0,100.0,1
73,p040,11,8,11.88,20.0,0,11.88,20.0,20.0,1
73,p040,11,16,39.7,95.0,1,27.58,98.0,98.0,1
73,p040,11,32,39.7,95.0,1,27.58,98.0,98.0,1
73,p040,11,64,39.7,95.0,1,27.58,98.0,98.0,1
73,p041,0,1,27.58,98.0,0,27.58,98.0,98.0,1
73,p041,0,2,27.58,98.0,0,27.58,98.0,98.0,1
73,p041,0,4,27.58,98.0,0,27.58,98.0,98.0,1
73,p041,0,8,47.24,15.0,1,34.6,100.0,100.0,1
73,p041,0,16,47.24,15.0,1,34.6,100.0,100.0,1
73,p041,0,32,47.24,15.0,1,34.6,100.0,100.0,1
73,p041,0,64,47.24,15.0,1,34.6,100.0,100.0,1
73,p041,1,1,9.18,100.0,0,9.18,100.0,100.0,1
73,p041,1,2,9.18,100.0,0,9.18,100.0,100.0,1
73,p041,1,4,9.66,100.0,0,9.66,100.0,100.0,1
73,p041,1,8,15.14,100.0,0,15.14,100.0,100.0,1
73,p041,1,16,27.86,20.0,1,25.479999999999997,100.0,100.0,1
73,p041,1,32,100.0,93.6842105263158,1,26.96,98.0,98.0,1
73,p041,1,64,100.0,93.6842105263158,1,32.6,98.33333333333333,98.33333333333333,1
73,p041,2,1,11.56,20.0,0,11.56,20.0,20.0,1
73,p041,2,2,27.419999999999998,98.0,0,27.419999999999998,98.0,98.0,1
73,p041,2,4,27.419999999999998,98.0,0,27.419999999999998,98.0,98.0,1
73,p041,2,8,27.419999999999998,98.0,0,27.419999999999998,98.0,98.0,1
73,p041,2,16,27.419999999999998,98.0,0,27.419999999999998,98.0,98.0,1
73,p041,2,32,27.419999999999998,98.0,0,27.419999999999998,98.0,98.0,1
73,p041,2,64,89.2,93.52941176470588,1,27.419999999999998,98.0,98.0,1
73,p041,3,1,9.5,100.0,0,9.5,100.0,100.0,1
73,p041,3,2,9.5,100.0,0,9.5,100.0,100.0,1
73,p041,3,4,18.0,100.0,0,18.0,100.0,100.0,1
73,p041,3,8,48.2,97.0,1,18.0,100.0,100.0,1
73,p041,3,16,48.2,97.0,1,26.1,100.0,100.0,1
73,p041,3,32,48.2,97.0,1,27.58,98.0,98.0,1
73,p041,3,64,48.2,97.0,1,27.58,98.0,98.0,1
73,p041,4,1,17.52,20.0,0,17.52,20.0,20.0,1
73,p041,4,2,18.46,100.0,0,18.46,100.0,100.0,1
73,p041,4,4,18.46,100.0,0,18.46,100.0,100.0,1
73,p041,4,8,18.46,100.0,0,18.46,100.0,100.0,1
73,p041,4,16,18.46,100.0,0,18.46,100.0,100.0,1
73,p041,4,32,48.2,97.0,1,26.1,100.0,100.0,1
73,p041,4,64,48.2,97.0,1,26.1,100.0,100.0,1
73,p041,5,1,9.66,100.0,0,9.66,100.0,100.0,1
73,p041,5,2,26.1,100.0,0,26.1,100.0,100.0,1
73,p041,5,4,26.1,100.0,0,26.1,100.0,100.0,1
73,p041,5,8,26.1,100.0,0,26.1,100.0,100.0,1
73,p041,5,16,34.76,100.0,0,34.76,100.0,100.0,1
73,p041,5,32,34.76,100.0,0,34.76,100.0,100.0,1
73,p041,5,64,34.76,100.0,0,34.76,100.0,100.0,1
73,p041,6,1,9.04,100.0,0,9.04,100.0,100.0,1
73,p041,6,2,9.34,100.0,0,9.34,100.0,100.0,1
73,p041,6,4,15.14,100.0,0,15.14,100.0,100.0,1
73,p041,6,8,18.3,100.0,0,18.3,100.0,100.0,1
73,p041,6,16,21.78,97.5,1,18.3,100.0,100.0,1
73,p041,6,32,32.6,98.33333333333333,0,32.6,98.33333333333333,98.33333333333333,1
73,p041,6,64,65.82000000000001,96.66666666666667,1,32.6,98.33333333333333,98.33333333333333,1
73,p041,7,1,9.18,100.0,0,9.18,100.0,100.0,1
73,p041,7,2,18.0,100.0,0,18.0,100.0,100.0,1
73,p041,7,4,18.0,100.0,0,18.0,100.0,100.0,1
73,p041,7,8,18.0,100.0,0,18.0,100.0,100.0,1
73,p041,7,16,89.03999999999999,93.52941176470588,1,18.46,100.0,100.0,1
73,p041,7,32,89.03999999999999,93.52941176470588,1,34.44,100.0,100.0,1
73,p041,7,64,89.03999999999999,93.52941176470588,1,34.44,100.0,100.0,1
73,p041,8,1,27.259999999999998,98.0,0,27.259999999999998,98.0,98.0,1
73,p041,8,2,27.259999999999998,98.0,0,27.259999999999998,98.0,98.0,1
73,p041,8,4,27.259999999999998,98.0,0,27.259999999999998,98.0,98.0,1
73,p041,8,8,47.900000000000006,97.0,1,27.259999999999998,98.0,98.0,1
73,p041,8,16,47.900000000000006,97.0,1,27.259999999999998,98.0,98.0,1
73,p041,8,32,47.900000000000006,97.0,1,27.259999999999998,98.0,98.0,1
73,p041,8,64,50.1,16.666666666666664,1,32.6,98.33333333333333,98.33333333333333,1
73,p041,9,1,9.5,100.0,0,9.5,100.0,100.0,1
73,p041,9,2,9.5,100.0,0,9.5,100.0,100.0,1
73,p041,9,4,9.5,100.0,0,9.5,100.0,100.0,1
73,p041,9,8,29.18,17.5,1,14.36,100.0,100.0,1
73,p041,9,16,29.18,17.5,1,25.64,100.0,100.0,1
73,p041,9,32,29.8,17.5,1,25.96,100.0,100.0,1
73,p041,9,64,97.84,93.88888888888889,1,26.96,98.0,98.0,1
73,p041,10,1,15.14,100.0,0,15.14,100.0,100.0,1
73,p041,10,2,15.14,100.0,0,15.14,100.0,100.0,1
73,p041,10,4,18.619999999999997,100.0,0,18.619999999999997,100.0,100.0,1
73,p041,10,8,56.22,97.27272727272728,1,20.84,20.0,20.0,1
73,p041,10,16,56.22,97.27272727272728,1,20.84,20.0,20.0,1
73,p041,10,32,56.22,97.27272727272728,1,34.76,100.0,100.0,1
73,p041,10,64,89.03999999999999,93.52941176470588,1,34.76,100.0,100.0,1
73,p041,11,1,9.66,100.0,0,9.66,100.0,100.0,1
73,p041,11,2,9.66,100.0,0,9.66,100.0,100.0,1
73,p041,11,4,9.66,100.0,0,9.66,100.0,100.0,1
73,p041,11,8,9.66,100.0,0,9.66,100.0,100.0,1
73,p041,11,16,18.0,100.0,0,18.0,100.0,100.0,1
73,p041,11,32,32.6,98.33333333333333,0,32.6,98.33333333333333,98.33333333333333,1
73,p041,11,64,32.6,98.33333333333333,0,32.6,98.33333333333333,98.33333333333333,1
73,p042,0,1,14.36,100.0,0,14.36,100.0,100.0,1
73,p042,0,2,29.48,17.5,1,14.36,100.0,100.0,1
73,p042,0,4,29.48,17.5,1,15.3,100.0,100.0,1
73,p042,0,8,66.12,96.66666666666667,1,15.3,100.0,100.0,1
73,p042,0,16,66.12,96.66666666666667,1,18.619999999999997,100.0,100.0,1
73,p042,0,32,66.12,96.66666666666667,1,25.96,100.0,100.0,1
73,p042,0,64,100.0,13.88888888888889,1,27.419999999999998,98.0,98.0,1
73,p042,1,1,9.18,100.0,0,9.18,100.0,100.0,1
73,p042,1,2,9.18,100.0,0,9.18,100.0,100.0,1
73,p042,1,4,18.46,100.0,0,18.46,100.0,100.0,1
73,p042,1,8,53.36000000000001,15.714285714285714,1,26.1,100.0,100.0,1
73,p042,1,16,53.36000000000001,15.714285714285714,1,26.1,100.0,100.0,1
73,p042,1,32,53.36000000000001,15.714285714285714,1,26.1,100.0,100.0,1
73,p042,1,64,53.36000000000001,15.714285714285714,1,26.1,100.0,100.0,1
73,p042,2,1,16.58,20.0,1,,,0.0,0
73,p042,2,2,16.58,20.0,1,3.8600000000000003,100.0,100.0,1
73,p042,2,4,16.58,20.0,1,11.56,20.0,20.0,1
73,p042,2,8,16.58,20.0,1,11.56,20.0,20.0,1
73,p042,2,16,25.64,100.0,0,25.64,100.0,100.0,1
73,p042,2,32,27.58,98.0,0,27.58,98.0,98.0,1
73,p042,2,64,65.8,96.66666666666667,1,34.76,100.0,100.0,1
73,p042,3,1,25.799999999999997,100.0,0,25.799999999999997,100.0,100.0,1
73,p042,3,2,25.799999999999997,100.0,0,25.799999999999997,100.0,100.0,1
73,p042,3,4,25.799999999999997,100.0,0,25.799999999999997,100.0,100.0,1
73,p042,3,8,25.96,100.0,0,25.96,100.0,100.0,1
73,p042,3,16,25.96,100.0,0,25.96,100.0,100.0,1
73,p042,3,32,32.28,98.33333333333333,0,32.28,98.33333333333333,98.33333333333333,1
73,p042,3,64,45.78,18.57142857142857,1,32.28,98.33333333333333,98.33333333333333,1
73,p042,4,1,9.5,100.0,0,9.5,100.0,100.0,1
73,p042,4,2,9.66,100.0,0,9.66,100.0,100.0,1
73,p042,4,4,14.36,100.0,0,14.36,100.0,100.0,1
73,p042,4,8,14.36,100.0,0,14.36,100.0,100.0,1
73,p042,4,16,25.799999999999997,100.0,0,25.799999999999997,100.0,100.0,1
73,p042,4,32,32.6,98.33333333333333,0,32.6,98.33333333333333,98.33333333333333,1
73,p042,4,64,36.66,20.0,1,34.6,100.0,100.0,1
73,p042,5,1,9.04,100.0,0,9.04,100.0,100.0,1
73,p042,5,2,18.46,100.0,0,18.46,100.0,100.0,1
73,p042,5,4,18.46,100.0,0,18.46,100.0,100.0,1
73,p042,5,8,18.46,100.0,0,18.46,100.0,100.0,1
73,p042,5,16,18.619999999999997,100.0,0,18.619999999999997,100.0,100.0,1
73,p042,5,32,47.879999999999995,97.0,1,20.52,20.0,20.0,1
73,p042,5,64,56.38,97.27272727272728,1,25.479999999999997,100.0,100.0,1
73,p042,6,1,9.04,100.0,0,9.04,100.0,100.0,1
73,p042,6,2,18.619999999999997,100.0,0,18.619999999999997,100.0,100.0,1
73,p042,6,4,34.44,100.0,0,34.44,100.0,100.0,1
73,p042,6,8,34.44,100.0,0,34.44,100.0,100.0,1
73,p042,6,16,34.44,100.0,0,34.44,100.0,100.0,1
73,p042,6,32,91.44,93.88888888888889,1,34.44,100.0,100.0,1
73,p042,6,64,91.44,93.88888888888889,1,34.5,18.0,18.0,1
73,p042,7,1,6.080000000000001,20.0,0,6.080000000000001,20.0,20.0,1
73,p042,7,2,9.34,100.0,0,9.34,100.0,100.0,1
73,p042,7,4,11.56,20.0,0,11.56,20.0,20.0,1
73,p042,7,8,18.46,100.0,0,18.46,100.0,100.0,1
73,p042,7,16,32.6,98.33333333333333,0,32.6,98.33333333333333,98.33333333333333,1
73,p042,7,32,32.6,98.33333333333333,0,32.6,98.33333333333333,98.33333333333333,1
73,p042,7,64,32.6,98.33333333333333,0,32.6,98.33333333333333,98.33333333333333,1
73,p042,8,1,9.18,100.0,0,9.18,100.0,100.0,1
73,p042,8,2,9.5,100.0,0,9.5,100.0,100.0,1
73,p042,8,4,9.66,100.0,0,9.66,100.0,100.0,1
73,p042,8,8,16.880000000000003,20.0,1,11.26,20.0,20.0,1
73,p042,8,16,16.9,20.0,1,14.36,100.0,100.0,1
73,p042,8,32,25.96,100.0,0,25.96,100.0,100.0,1
73,p042,8,64,47.879999999999995,97.0,1,27.1,98.0,98.0,1
73,p042,9,1,9.18,100.0,0,9.18,100.0,100.0,1
73,p042,9,2,14.66,100.0,0,14.66,100.0,100.0,1
73,p042,9,4,14.66,100.0,0,14.66,100.0,100.0,1
73,p042,9,8,23.64,100.0,0,23.64,100.0,100.0,1
73,p042,9,16,27.419999999999998,98.0,0,27.419999999999998,98.0,98.0,1
73,p042,9,32,35.06,100.0,0,35.06,100.0,100.0,1
73,p042,9,64,83.25999999999999,95.71428571428571,1,35.06,100.0,100.0,1
73,p042,10,1,9.5,100.0,0,9.5,100.0,100.0,1
73,p042,10,2,9.5,100.0,0,9.5,100.0,100.0,1
73,p042,10,4,11.72,20.0,0,11.72,20.0,20.0,1
73,p042,10,8,18.14,100.0,0,18.14,100.0,100.0,1
73,p042,10,16,47.42,97.0,1,18.14,100.0,100.0,1
73,p042,10,32,47.42,97.0,1,32.58,98.33333333333333,98.33333333333333,1
73,p042,10,64,47.42,97.0,1,32.58,98.33333333333333,98.33333333333333,1
73,p042,11,1,9.04,100.0,0,9.04,100.0,100.0,1
73,p042,11,2,9.18,100.0,0,9.18,100.0,100.0,1
73,p042,11,4,14.68,100.0,0,14.68,100.0,100.0,1
73,p042,11,8,15.3,100.0,0,15.3,100.0,100.0,1
73,p042,11,16,27.259999999999998,98.0,0,27.259999999999998,98.0,98.0,1
73,p042,11,32,98.16,93.88888888888889,1,27.259999999999998,98.0,98.0,1
73,p042,11,64,98.16,93.88888888888889,1,27.259999999999998,98.0,98.0,1
73,p043,0,1,18.939999999999998,100.0,0,18.939999999999998,100.0,100.0,1
73,p043,0,2,18.939999999999998,100.0,0,18.939999999999998,100.0,100.0,1
73,p043,0,4,47.74,97.0,1,25.799999999999997,100.0,100.0,1
73,p043,0,8,47.74,97.0,1,32.6,98.33333333333333,98.33333333333333,1
73,p043,0,16,47.74,97.0,1,32.6,98.33333333333333,98.33333333333333,1
73,p043,0,32,66.44,96.66666666666667,1,32.6,98.33333333333333,98.33333333333333,1
73,p043,0,64,66.44,96.66666666666667,1,32.6,98.33333333333333,98.33333333333333,1
73,p043,1,1,14.98,100.0,0,14.98,100.0,100.0,1
73,p043,1,2,15.459999999999999,100.0,0,15.459999999999999,100.0,100.0,1
73,p043,1,4,15.459999999999999,100.0,0,15.459999999999999,100.0,100.0,1
73,p043,1,8,47.74,97.0,1,15.459999999999999,100.0,100.0,1
73,p043,1,16,47.74,97.0,1,25.799999999999997,100.0,100.0,1
73,p043,1,32,47.74,97.0,1,25.799999999999997,100.0,100.0,1
73,p043,1,64,47.74,97.0,1,27.419999999999998,98.0,98.0,1
73,p043,2,1,25.799999999999997,100.0,0,25.799999999999997,100.0,100.0,1
73,p043,2,2,25.799999999999997,100.0,0,25.799999999999997,100.0,100.0,1
73,p043,2,4,25.799999999999997,100.0,0,25.799999999999997,100.0,100.0,1
73,p043,2,8,44.2,98.75,1,25.799999999999997,100.0,100.0,1
73,p043,2,16,44.2,98.75,1,25.799999999999997,100.0,100.0,1
73,p043,2,32,48.22,97.0,1,26.279999999999998,100.0,100.0,1
73,p043,2,64,98.16,58.888888888888886,1,27.9,98.0,98.0,1
73,p043,3,1,89.03999999999999,58.529411764705884,1,,,0.0,0
73,p043,3,2,89.03999999999999,58.529411764705884,1,11.56,20.0,20.0,1
73,p043,3,4,89.03999999999999,58.529411764705884,1,27.9,98.0,98.0,1
73,p043,3,8,89.03999999999999,58.529411764705884,1,27.9,98.0,98.0,1
73,p043,3,16,89.03999999999999,58.529411764705884,1,27.9,98.0,98.0,1
73,p043,3,32,89.03999999999999,58.529411764705884,1,34.76,100.0,100.0,1
73,p043,3,64,89.03999999999999,58.529411764705884,1,34.76,100.0,100.0,1
73,p043,4,1,14.98,100.0,0,14.98,100.0,100.0,1
73,p043,4,2,14.98,100.0,0,14.98,100.0,100.0,1
73,p043,4,4,48.2,97.0,1,14.98,100.0,100.0,1
73,p043,4,8,48.519999999999996,97.0,1,14.98,100.0,100.0,1
73,p043,4,16,100.0,13.88888888888889,1,23.96,100.0,100.0,1
73,p043,4,32,100.0,13.88888888888889,1,34.76,100.0,100.0,1
73,p043,4,64,100.0,13.88888888888889,1,34.76,100.0,100.0,1
73,p043,5,1,9.5,100.0,0,9.5,100.0,100.0,1
73,p043,5,2,9.5,100.0,0,9.5,100.0,100.0,1
73,p043,5,4,18.939999999999998,100.0,0,18.939999999999998,100.0,100.0,1
73,p043,5,8,18.939999999999998,100.0,0,18.939999999999998,100.0,100.0,1
73,p043,5,16,29.8,17.5,1,26.419999999999998,100.0,100.0,1
73,p043,5,32,47.58,97.0,1,26.419999999999998,100.0,100.0,1
73,p043,5,64,47.58,97.0,1,26.419999999999998,100.0,100.0,1
73,p043,6,1,11.88,20.0,0,11.88,20.0,20.0,1
73,p043,6,2,11.88,20.0,0,11.88,20.0,20.0,1
73,p043,6,4,26.119999999999997,100.0,0,26.119999999999997,100.0,100.0,1
73,p043,6,8,26.119999999999997,100.0,0,26.119999999999997,100.0,100.0,1
73,p043,6,16,29.32,17.5,1,26.119999999999997,100.0,100.0,1
73,p043,6,32,29.32,17.5,1,27.9,98.0,98.0,1
73,p043,6,64,88.9,58.529411764705884,1,27.9,98.0,98.0,1
73,p043,7,1,9.82,100.0,0,9.82,100.0,100.0,1
73,p043,7,2,9.82,100.0,0,9.82,100.0,100.0,1
73,p043,7,4,14.68,100.0,0,14.68,100.0,100.0,1
73,p043,7,8,32.9,98.33333333333333,0,32.9,98.33333333333333,98.33333333333333,1
73,p043,7,16,32.9,98.33333333333333,0,32.9,98.33333333333333,98.33333333333333,1
73,p043,7,32,89.03999999999999,58.529411764705884,1,32.9,98.33333333333333,98.33333333333333,1
73,p043,7,64,89.03999999999999,58.529411764705884,1,32.9,98.33333333333333,98.33333333333333,1
73,p043,8,1,9.36,100.0,0,9.36,100.0,100.0,1
73,p043,8,2,9.66,100.0,0,9.66,100.0,100.0,1
73,p043,8,4,26.279999999999998,100.0,0,26.279999999999998,100.0,100.0,1
73,p043,8,8,37.28,20.0,1,26.279999999999998,100.0,100.0,1
73,p043,8,16,37.28,20.0,1,26.279999999999998,100.0,100.0,1
73,p043,8,32,37.28,20.0,1,26.279999999999998,100.0,100.0,1
73,p043,8,64,47.58,97.0,1,26.279999999999998,100.0,100.0,1
73,p043,9,1,9.36,100.0,0,9.36,100.0,100.0,1
73,p043,9,2,11.4,20.0,0,11.4,20.0,20.0,1
73,p043,9,4,26.419999999999998,100.0,0,26.419999999999998,100.0,100.0,1
73,p043,9,8,26.419999999999998,100.0,0,26.419999999999998,100.0,100.0,1
73,p043,9,16,26.419999999999998,100.0,0,26.419999999999998,100.0,100.0,1
73,p043,9,32,26.419999999999998,100.0,0,26.419999999999998,100.0,100.0,1
73,p043,9,64,36.980000000000004,20.0,1,26.419999999999998,100.0,100.0,1
73,p043,10,1,28.32,20.0,1,,,0.0,0
73,p043,10,2,28.32,20.0,1,15.62,100.0,100.0,1
73,p043,10,4,100.0,58.68421052631579,1,15.62,100.0,100.0,1
73,p043,10,8,100.0,58.68421052631579,1,15.62,100.0,100.0,1
73,p043,10,16,100.0,58.68421052631579,1,34.76,100.0,100.0,1
73,p043,10,32,100.0,58.68421052631579,1,34.76,100.0,100.0,1
73,p043,10,64,100.0,58.68421052631579,1,34.76,100.0,100.0,1
73,p043,11,1,9.36,100.0,0,9.36,100.0,100.0,1
73,p043,11,2,9.66,100.0,0,9.66,100.0,100.0,1
73,p043,11,4,9.98,100.0,0,9.98,100.0,100.0,1
73,p043,11,8,18.78,100.0,0,18.78,100.0,100.0,1
73,p043,11,16,50.519999999999996,96.25,1,18.78,100.0,100.0,1
73,p043,11,32,50.519999999999996,96.25,1,26.419999999999998,100.0,100.0,1
73,p043,11,64,50.519999999999996,96.25,1,27.9,98.0,98.0,1
73,p044,0,1,33.54,98.33333333333333,1,,,0.0,0
73,p044,0,2,33.54,98.33333333333333,1,18.939999999999998,100.0,100.0,1
73,p044,0,4,33.54,98.33333333333333,1,18.939999999999998,100.0,100.0,1
73,p044,0,8,33.54,98.33333333333333,1,25.96,100.0,100.0,1
73,p044,0,16,33.54,98.33333333333333,1,25.96,100.0,100.0,1
73,p044,0,32,89.52,58.529411764705884,1,25.96,100.0,100.0,1
73,p044,0,64,89.52,58.529411764705884,1,27.9,98.0,98.0,1
73,p044,1,1,9.66,100.0,0,9.66,100.0,100.0,1
73,p044,1,2,9.82,100.0,0,9.82,100.0,100.0,1
73,p044,1,4,43.72,98.75,1,9.82,100.0,100.0,1
73,p044,1,8,43.72,98.75,1,15.459999999999999,100.0,100.0,1
73,p044,1,16,45.82000000000001,95.71428571428571,1,25.96,100.0,100.0,1
73,p044,1,32,61.64,97.0,1,26.419999999999998,100.0,100.0,1
73,p044,1,64,89.36,58.529411764705884,1,27.279999999999998,98.0,98.0,1
73,p044,2,1,9.82,100.0,0,9.82,100.0,100.0,1
73,p044,2,2,9.82,100.0,0,9.82,100.0,100.0,1
73,p044,2,4,27.9,98.0,0,27.9,98.0,98.0,1
73,p044,2,8,27.9,98.0,0,27.9,98.0,98.0,1
73,p044,2,16,59.06,17.0,1,27.9,98.0,98.0,1
73,p044,2,32,59.06,17.0,1,32.9,98.33333333333333,98.33333333333333,1
73,p044,2,64,89.2,58.529411764705884,1,32.9,98.33333333333333,98.33333333333333,1
73,p044,3,1,9.66,100.0,0,9.66,100.0,100.0,1
73,p044,3,2,9.82,100.0,0,9.82,100.0,100.0,1
73,p044,3,4,26.419999999999998,100.0,0,26.419999999999998,100.0,100.0,1
73,p044,3,8,26.419999999999998,100.0,0,26.419999999999998,100.0,100.0,1
73,p044,3,16,26.419999999999998,100.0,0,26.419999999999998,100.0,100.0,1
73,p044,3,32,26.419999999999998,100.0,0,26.419999999999998,100.0,100.0,1
73,p044,3,64,27.7,20.0,1,27.419999999999998,98.0,98.0,1
73,p044,4,1,15.459999999999999,100.0,0,15.459999999999999,100.0,100.0,1
73,p044,4,2,26.419999999999998,100.0,0,26.419999999999998,100.0,100.0,1
73,p044,4,4,26.419999999999998,100.0,0,26.419999999999998,100.0,100.0,1
73,p044,4,8,26.419999999999998,100.0,0,26.419999999999998,100.0,100.0,1
73,p044,4,16,89.36,58.529411764705884,1,26.419999999999998,100.0,100.0,1
73,p044,4,32,89.36,58.529411764705884,1,26.419999999999998,100.0,100.0,1
73,p044,4,64,89.36,58.529411764705884,1,27.74,98.0,98.0,1
73,p044,5,1,4.180000000000001,100.0,0,4.180000000000001,100.0,100.0,1
73,p044,5,2,9.98,100.0,0,9.98,100.0,100.0,1
73,p044,5,4,9.98,100.0,0,9.98,100.0,100.0,1
73,p044,5,8,18.46,100.0,0,18.46,100.0,100.0,1
73,p044,5,16,18.46,100.0,0,18.46,100.0,100.0,1
73,p044,5,32,47.10000000000001,15.0,1,27.9,98.0,98.0,1
73,p044,5,64,47.10000000000001,15.0,1,27.9,98.0,98.0,1
73,p044,6,1,25.799999999999997,100.0,0,25.799999999999997,100.0,100.0,1
73,p044,6,2,25.799999999999997,100.0,0,25.799999999999997,100.0,100.0,1
73,p044,6,4,25.799999999999997,100.0,0,25.799999999999997,100.0,100.0,1
73,p044,6,8,34.92,100.0,1,25.799999999999997,100.0,100.0,1
73,p044,6,16,47.74,97.0,1,27.419999999999998,98.0,98.0,1
73,p044,6,32,47.74,97.0,1,27.419999999999998,98.0,98.0,1
73,p044,6,64,47.74,97.0,1,32.9,98.33333333333333,98.33333333333333,1
73,p044,7,1,9.98,100.0,0,9.98,100.0,100.0,1
73,p044,7,2,18.78,100.0,0,18.78,100.0,100.0,1
73,p044,7,4,18.78,100.0,0,18.78,100.0,100.0,1
73,p044,7,8,18.78,100.0,0,18.78,100.0,100.0,1
73,p044,7,16,25.96,100.0,0,25.96,100.0,100.0,1
73,p044,7,32,26.279999999999998,100.0,0,26.279999999999998,100.0,100.0,1
73,p044,7,64,88.9,58.529411764705884,1,26.279999999999998,100.0,100.0,1
73,p044,8,1,23.96,100.0,0,23.96,100.0,100.0,1
73,p044,8,2,23.96,100.0,0,23.96,100.0,100.0,1
73,p044,8,4,23.96,100.0,0,23.96,100.0,100.0,1
73,p044,8,8,23.96,100.0,0,23.96,100.0,100.0,1
73,p044,8,16,23.96,100.0,0,23.96,100.0,100.0,1
73,p044,8,32,89.2,58.529411764705884,1,26.279999999999998,100.0,100.0,1
73,p044,8,64,93.97999999999999,13.529411764705882,1,27.74,98.0,98.0,1
73,p044,9,1,9.82,100.0,0,9.82,100.0,100.0,1
73,p044,9,2,9.82,100.0,0,9.82,100.0,100.0,1
73,p044,9,4,18.32,100.0,0,18.32,100.0,100.0,1
73,p044,9,8,32.9,98.33333333333333,0,32.9,98.33333333333333,98.33333333333333,1
73,p044,9,16,32.9,98.33333333333333,0,32.9,98.33333333333333,98.33333333333333,1
73,p044,9,32,32.9,98.33333333333333,0,32.9,98.33333333333333,98.33333333333333,1
73,p044,9,64,100.0,58.68421052631579,1,32.9,98.33333333333333,98.33333333333333,1
73,p044,10,1,9.82,100.0,0,9.82,100.0,100.0,1
73,p044,10,2,27.419999999999998,98.0,0,27.419999999999998,98.0,98.0,1
73,p044,10,4,27.419999999999998,98.0,0,27.419999999999998,98.0,98.0,1
73,p044,10,8,28.02,20.0,1,27.419999999999998,98.0,98.0,1
73,p044,10,16,45.5,95.71428571428571,1,27.419999999999998,98.0,98.0,1
73,p044,10,32,48.22,97.0,1,27.419999999999998,98.0,98.0,1
73,p044,10,64,48.22,97.0,1,27.419999999999998,98.0,98.0,1
73,p044,11,1,9.5,100.0,0,9.5,100.0,100.0,1
73,p044,11,2,27.279999999999998,98.0,0,27.279999999999998,98.0,98.0,1
73,p044,11,4,27.279999999999998,98.0,0,27.279999999999998,98.0,98.0,1
73,p044,11,8,45.5,95.71428571428571,1,27.279999999999998,98.0,98.0,1
73,p044,11,16,45.5,95.71428571428571,1,27.9,98.0,98.0,1
73,p044,11,32,94.13999999999999,13.529411764705882,1,27.9,98.0,98.0,1
73,p044,11,64,94.13999999999999,13.529411764705882,1,27.9,98.0,98.0,1
73,p045,0,1,9.36,100.0,0,9.36,100.0,100.0,1
73,p045,0,2,89.52,58.529411764705884,1,9.36,100.0,100.0,1
73,p045,0,4,89.52,58.529411764705884,1,9.66,100.0,100.0,1
73,p045,0,8,89.52,58.529411764705884,1,26.419999999999998,100.0,100.0,1
73,p045,0,16,89.52,58.529411764705884,1,26.419999999999998,100.0,100.0,1
73,p045,0,32,89.52,58.529411764705884,1,27.419999999999998,98.0,98.0,1
73,p045,0,64,89.52,58.529411764705884,1,27.419999999999998,98.0,98.0,1
73,p045,1,1,9.82,100.0,0,9.82,100.0,100.0,1
73,p045,1,2,65.66,96.66666666666667,1,9.82,100.0,100.0,1
73,p045,1,4,65.66,96.66666666666667,1,15.62,100.0,100.0,1
73,p045,1,8,65.66,96.66666666666667,1,27.419999999999998,98.0,98.0,1
73,p045,1,16,65.66,96.66666666666667,1,27.419999999999998,98.0,98.0,1
73,p045,1,32,65.66,96.66666666666667,1,27.419999999999998,98.0,98.0,1
73,p045,1,64,65.66,96.66666666666667,1,27.419999999999998,98.0,98.0,1
73,p045,2,1,9.5,100.0,0,9.5,100.0,100.0,1
73,p045,2,2,27.279999999999998,98.0,0,27.279999999999998,98.0,98.0,1
73,p045,2,4,27.279999999999998,98.0,0,27.279999999999998,98.0,98.0,1
73,p045,2,8,27.279999999999998,98.0,0,27.279999999999998,98.0,98.0,1
73,p045,2,16,89.03999999999999,58.529411764705884,1,27.279999999999998,98.0,98.0,1
73,p045,2,32,89.03999999999999,58.529411764705884,1,32.6,98.33333333333333,98.33333333333333,1
73,p045,2,64,89.03999999999999,58.529411764705884,1,32.6,98.33333333333333,98.33333333333333,1
73,p045,3,1,11.56,20.0,0,11.56,20.0,20.0,1
73,p045,3,2,25.799999999999997,100.0,0,25.799999999999997,100.0,100.0,1
73,p045,3,4,25.799999999999997,100.0,0,25.799999999999997,100.0,100.0,1
73,p045,3,8,26.419999999999998,100.0,0,26.419999999999998,100.0,100.0,1
73,p045,3,16,26.419999999999998,100.0,0,26.419999999999998,100.0,100.0,1
73,p045,3,32,26.419999999999998,100.0,0,26.419999999999998,100.0,100.0,1
73,p045,3,64,49.63999999999999,16.666666666666664,1,27.419999999999998,98.0,98.0,1
73,p045,4,1,9.5,100.0,0,9.5,100.0,100.0,1
73,p045,4,2,23.939999999999998,100.0,0,23.939999999999998,100.0,100.0,1
73,p045,4,4,49.48,16.666666666666664,1,23.939999999999998,100.0,100.0,1
73,p045,4,8,49.48,16.666666666666664,1,23.939999999999998,100.0,100.0,1
73,p045,4,16,89.2,58.529411764705884,1,23.939999999999998,100.0,100.0,1
73,p045,4,32,89.36,58.529411764705884,1,23.939999999999998,100.0,100.0,1
73,p045,4,64,89.36,58.529411764705884,1,26.119999999999997,100.0,100.0,1
73,p045,5,1,15.62,100.0,0,15.62,100.0,100.0,1
73,p045,5,2,15.62,100.0,0,15.62,100.0,100.0,1
73,p045,5,4,15.62,100.0,0,15.62,100.0,100.0,1
73,p045,5,8,48.22,97.0,1,25.799999999999997,100.0,100.0,1
73,p045,5,16,48.22,97.0,1,35.44,18.0,18.0,1
73,p045,5,32,48.22,97.0,1,35.44,18.0,18.0,1
73,p045,5,64,89.2,58.529411764705884,1,35.44,18.0,18.0,1
73,p045,6,1,15.62,100.0,0,15.62,100.0,100.0,1
73,p045,6,2,15.62,100.0,0,15.62,100.0,100.0,1
73,p045,6,4,15.62,100.0,0,15.62,100.0,100.0,1
73,p045,6,8,18.78,100.0,0,18.78,100.0,100.0,1
73,p045,6,16,26.279999999999998,100.0,0,26.279999999999998,100.0,100.0,1
73,p045,6,32,50.519999999999996,96.25,1,26.279999999999998,100.0,100.0,1
73,p045,6,64,61.96,97.0,1,27.74,98.0,98.0,1
73,p045,7,1,11.26,20.0,0,11.26,20.0,20.0,1
73,p045,7,2,11.4,20.0,0,11.4,20.0,20.0,1
73,p045,7,4,24.419999999999998,100.0,0,24.419999999999998,100.0,100.0,1
73,p045,7,8,24.419999999999998,100.0,0,24.419999999999998,100.0,100.0,1
73,p045,7,16,89.03999999999999,58.529411764705884,1,27.419999999999998,98.0,98.0,1
73,p045,7,32,89.03999999999999,58.529411764705884,1,27.419999999999998,98.0,98.0,1
73,p045,7,64,89.03999999999999,58.529411764705884,1,27.419999999999998,98.0,98.0,1
73,p045,8,1,9.66,100.0,0,9.66,100.0,100.0,1
73,p045,8,2,9.98,100.0,0,9.98,100.0,100.0,1
73,p045,8,4,9.98,100.0,0,9.98,100.0,100.0,1
73,p045,8,8,45.82000000000001,95.71428571428571,1,24.58,100.0,100.0,1
73,p045,8,16,45.82000000000001,95.71428571428571,1,24.58,100.0,100.0,1
73,p045,8,32,45.82000000000001,95.71428571428571,1,27.9,98.0,98.0,1
73,p045,8,64,48.519999999999996,97.0,1,27.9,98.0,98.0,1
73,p045,9,1,25.96,100.0,0,25.96,100.0,100.0,1
73,p045,9,2,25.96,100.0,0,25.96,100.0,100.0,1
73,p045,9,4,25.96,100.0,0,25.96,100.0,100.0,1
73,p045,9,8,49.63999999999999,16.666666666666664,1,25.96,100.0,100.0,1
73,p045,9,16,49.63999999999999,16.666666666666664,1,25.96,100.0,100.0,1
73,p045,9,32,49.63999999999999,16.666666666666664,1,27.419999999999998,98.0,98.0,1
73,p045,9,64,89.03999999999999,58.529411764705884,1,27.419999999999998,98.0,98.0,1
73,p045,10,1,11.56,20.0,0,11.56,20.0,20.0,1
73,p045,10,2,11.56,20.0,0,11.56,20.0,20.0,1
73,p045,10,4,11.56,20.0,0,11.56,20.0,20.0,1
73,p045,10,8,11.56,20.0,0,11.56,20.0,20.0,1
73,p045,10,16,48.22,97.0,1,15.0,100.0,100.0,1
73,p045,10,32,48.22,97.0,1,26.119999999999997,100.0,100.0,1
73,p045,10,64,51.46,96.25,1,26.119999999999997,100.0,100.0,1
73,p045,11,1,25.96,100.0,0,25.96,100.0,100.0,1
73,p045,11,2,25.96,100.0,0,25.96,100.0,100.0,1
73,p045,11,4,25.96,100.0,0,25.96,100.0,100.0,1
73,p045,11,8,25.96,100.0,0,25.96,100.0,100.0,1
73,p045,11,16,44.2,98.75,1,25.96,100.0,100.0,1
73,p045,11,32,44.2,98.75,1,25.96,100.0,100.0,1
73,p045,11,64,98.0,58.888888888888886,1,27.74,98.0,98.0,1
73,p046,0,1,10.280000000000001,100.0,0,10.280000000000001,100.0,100.0,1
73,p046,0,2,28.32,20.0,1,10.280000000000001,100.0,100.0,1
73,p046,0,4,28.32,20.0,1,24.259999999999998,100.0,100.0,1
73,p046,0,8,28.32,20.0,1,24.259999999999998,100.0,100.0,1
73,p046,0,16,98.46,58.888888888888886,1,26.419999999999998,100.0,100.0,1
73,p046,0,32,98.46,58.888888888888886,1,26.419999999999998,100.0,100.0,1
73,p046,0,64,98.46,58.888888888888886,1,34.5,18.0,18.0,1
73,p046,1,1,10.440000000000001,100.0,0,10.440000000000001,100.0,100.0,1
73,p046,1,2,19.08,100.0,0,19.08,100.0,100.0,1
73,p046,1,4,49.48,16.666666666666664,1,19.08,100.0,100.0,1
73,p046,1,8,49.48,16.666666666666664,1,19.4,100.0,100.0,1
73,p046,1,16,49.48,16.666666666666664,1,28.04,98.0,98.0,1
73,p046,1,32,57.78,97.27272727272728,1,28.04,98.0,98.0,1
73,p046,1,64,89.33999999999999,58.529411764705884,1,28.04,98.0,98.0,1
73,p046,2,1,15.62,100.0,0,15.62,100.0,100.0,1
73,p046,2,2,15.62,100.0,0,15.62,100.0,100.0,1
73,p046,2,4,18.939999999999998,100.0,0,18.939999999999998,100.0,100.0,1
73,p046,2,8,34.0,98.33333333333333,1,19.240000000000002,100.0,100.0,1
73,p046,2,16,49.14,97.0,1,35.44,18.0,18.0,1
73,p046,2,32,49.14,97.0,1,35.44,18.0,18.0,1
73,p046,2,64,49.14,97.0,1,35.44,18.0,18.0,1
73,p046,3,1,10.440000000000001,100.0,0,10.440000000000001,100.0,100.0,1
73,p046,3,2,10.440000000000001,100.0,0,10.440000000000001,100.0,100.0,1
73,p046,3,4,15.3,100.0,0,15.3,100.0,100.0,1
73,p046,3,8,26.58,100.0,0,26.58,100.0,100.0,1
73,p046,3,16,48.839999999999996,97.0,1,26.58,100.0,100.0,1
73,p046,3,32,48.839999999999996,97.0,1,28.04,98.0,98.0,1
73,p046,3,64,89.66,58.529411764705884,1,28.04,98.0,98.0,1
73,p046,4,1,15.3,100.0,0,15.3,100.0,100.0,1
73,p046,4,2,15.3,100.0,0,15.3,100.0,100.0,1
73,p046,4,4,15.3,100.0,0,15.3,100.0,100.0,1
73,p046,4,8,19.240000000000002,100.0,0,19.240000000000002,100.0,100.0,1
73,p046,4,16,19.240000000000002,100.0,0,19.240000000000002,100.0,100.0,1
73,p046,4,32,29.18,17.5,1,25.2,100.0,100.0,1
73,p046,4,64,89.33999999999999,58.529411764705884,1,28.36,98.0,98.0,1
73,p046,5,1,9.98,100.0,0,9.98,100.0,100.0,1
73,p046,5,2,10.600000000000001,100.0,0,10.600000000000001,100.0,100.0,1
73,p046,5,4,16.08,100.0,0,16.08,100.0,100.0,1
73,p046,5,8,16.08,100.0,0,16.08,100.0,100.0,1
73,p046,5,16,26.419999999999998,100.0,0,26.419999999999998,100.0,100.0,1
73,p046,5,32,34.0,98.33333333333333,1,27.04,100.0,100.0,1
73,p046,5,64,48.839999999999996,97.0,1,27.04,100.0,100.0,1
73,p046,6,1,10.280000000000001,100.0,0,10.280000000000001,100.0,100.0,1
73,p046,6,2,36.66,20.0,1,10.280000000000001,100.0,100.0,1
73,p046,6,4,36.66,20.0,1,10.600000000000001,100.0,100.0,1
73,p046,6,8,36.66,20.0,1,10.600000000000001,100.0,100.0,1
73,p046,6,16,36.66,20.0,1,25.2,100.0,100.0,1
73,p046,6,32,58.1,97.27272727272728,1,25.84,20.0,20.0,1
73,p046,6,64,62.88,97.0,1,27.04,100.0,100.0,1
73,p046,7,1,16.240000000000002,100.0,0,16.240000000000002,100.0,100.0,1
73,p046,7,2,16.240000000000002,100.0,0,16.240000000000002,100.0,100.0,1
73,p046,7,4,18.939999999999998,100.0,0,18.939999999999998,100.0,100.0,1
73,p046,7,8,28.2,98.0,0,28.2,98.0,98.0,1
73,p046,7,16,46.28,95.71428571428571,1,28.2,98.0,98.0,1
73,p046,7,32,66.74000000000001,96.66666666666667,1,28.2,98.0,98.0,1
73,p046,7,64,66.74000000000001,96.66666666666667,1,28.2,98.0,98.0,1
73,p046,8,1,9.98,100.0,0,9.98,100.0,100.0,1
73,p046,8,2,34.16,98.33333333333333,1,9.98,100.0,100.0,1
73,p046,8,4,34.16,98.33333333333333,1,26.74,100.0,100.0,1
73,p046,8,8,63.540000000000006,16.666666666666664,1,26.74,100.0,100.0,1
73,p046,8,16,63.540000000000006,16.666666666666664,1,26.9,100.0,100.0,1
73,p046,8,32,63.540000000000006,16.666666666666664,1,34.8,18.0,18.0,1
73,p046,8,64,63.540000000000006,16.666666666666664,1,34.8,18.0,18.0,1
73,p046,9,1,10.600000000000001,100.0,0,10.600000000000001,100.0,100.0,1
73,p046,9,2,28.52,98.0,1,10.600000000000001,100.0,100.0,1
73,p046,9,4,28.52,98.0,1,10.600000000000001,100.0,100.0,1
73,p046,9,8,28.52,98.0,1,11.4,20.0,20.0,1
73,p046,9,16,28.52,98.0,1,28.2,98.0,98.0,1
73,p046,9,32,51.92,96.25,1,28.2,98.0,98.0,1
73,p046,9,64,51.92,96.25,1,28.36,98.0,98.0,1
73,p046,10,1,10.600000000000001,100.0,0,10.600000000000001,100.0,100.0,1
73,p046,10,2,10.600000000000001,100.0,0,10.600000000000001,100.0,100.0,1
73,p046,10,4,15.600000000000001,100.0,0,15.600000000000001,100.0,100.0,1
73,p046,10,8,51.14,96.25,1,15.600000000000001,100.0,100.0,1
73,p046,10,16,89.66,58.529411764705884,1,26.419999999999998,100.0,100.0,1
73,p046,10,32,89.66,58.529411764705884,1,26.74,100.0,100.0,1
73,p046,10,64,98.61999999999999,58.888888888888886,1,28.36,98.0,98.0,1
73,p046,11,1,10.600000000000001,100.0,0,10.600000000000001,100.0,100.0,1
73,p046,11,2,10.600000000000001,100.0,0,10.600000000000001,100.0,100.0,1
73,p046,11,4,89.82,58.529411764705884,1,10.600000000000001,100.0,100.0,1
73,p046,11,8,89.82,58.529411764705884,1,11.56,20.0,20.0,1
73,p046,11,16,89.82,58.529411764705884,1,19.560000000000002,100.0,100.0,1
73,p046,11,32,89.82,58.529411764705884,1,19.560000000000002,100.0,100.0,1
73,p046,11,64,89.82,58.529411764705884,1,27.9,98.0,98.0,1
73,p047,0,1,10.280000000000001,100.0,0,10.280000000000001,100.0,100.0,1
73,p047,0,2,10.600000000000001,100.0,0,10.600000000000001,100.0,100.0,1
73,p047,0,4,26.419999999999998,100.0,0,26.419999999999998,100.0,100.0,1
73,p047,0,8,27.9,98.0,0,27.9,98.0,98.0,1
73,p047,0,16,27.9,98.0,0,27.9,98.0,98.0,1
73,p047,0,32,89.66,58.529411764705884,1,27.9,98.0,98.0,1
73,p047,0,64,89.66,58.529411764705884,1,28.2,98.0,98.0,1
73,p047,1,1,15.62,100.0,0,15.62,100.0,100.0,1
73,p047,1,2,25.04,100.0,0,25.04,100.0,100.0,1
73,p047,1,4,25.04,100.0,0,25.04,100.0,100.0,1
73,p047,1,8,27.9,98.0,0,27.9,98.0,98.0,1
73,p047,1,16,27.9,98.0,0,27.9,98.0,98.0,1
73,p047,1,32,49.14,97.0,1,27.9,98.0,98.0,1
73,p047,1,64,49.14,97.0,1,28.36,98.0,98.0,1
73,p047,2,1,10.280000000000001,100.0,0,10.280000000000001,100.0,100.0,1
73,p047,2,2,10.280000000000001,100.0,0,10.280000000000001,100.0,100.0,1
73,p047,2,4,10.600000000000001,100.0,0,10.600000000000001,100.0,100.0,1
73,p047,2,8,25.04,100.0,0,25.04,100.0,100.0,1
73,p047,2,16,25.04,100.0,0,25.04,100.0,100.0,1
73,p047,2,32,25.04,100.0,0,25.04,100.0,100.0,1
73,p047,2,64,57.78,97.27272727272728,1,34.8,18.0,18.0,1
73,p047,3,1,15.3,100.0,0,15.3,100.0,100.0,1
73,p047,3,2,15.3,100.0,0,15.3,100.0,100.0,1
73,p047,3,4,28.36,98.0,0,28.36,98.0,98.0,1
73,p047,3,8,28.36,98.0,0,28.36,98.0,98.0,1
73,p047,3,16,28.36,98.0,0,28.36,98.0,98.0,1
73,p047,3,32,49.14,97.0,1,28.36,98.0,98.0,1
73,p047,3,64,98.16,58.888888888888886,1,28.36,98.0,98.0,1
73,p047,4,1,20.84,20.0,0,20.84,20.0,20.0,1
73,p047,4,2,20.84,20.0,0,20.84,20.0,20.0,1
73,p047,4,4,20.84,20.0,0,20.84,20.0,20.0,1
73,p047,4,8,29.32,17.5,1,20.84,20.0,20.0,1
73,p047,4,16,51.44,96.25,1,20.84,20.0,20.0,1
73,p047,4,32,51.44,96.25,1,24.259999999999998,100.0,100.0,1
73,p047,4,64,58.1,97.27272727272728,1,28.04,98.0,98.0,1
73,p047,5,1,9.98,100.0,0,9.98,100.0,100.0,1
73,p047,5,2,24.560000000000002,100.0,0,24.560000000000002,100.0,100.0,1
73,p047,5,4,24.560000000000002,100.0,0,24.560000000000002,100.0,100.0,1
73,p047,5,8,24.560000000000002,100.0,0,24.560000000000002,100.0,100.0,1
73,p047,5,16,48.36,97.0,1,24.560000000000002,100.0,100.0,1
73,p047,5,32,48.82000000000001,97.0,1,26.58,100.0,100.0,1
73,p047,5,64,48.82000000000001,97.0,1,28.2,98.0,98.0,1
73,p047,6,1,26.58,100.0,0,26.58,100.0,100.0,1
73,p047,6,2,26.58,100.0,0,26.58,100.0,100.0,1
73,p047,6,4,26.58,100.0,0,26.58,100.0,100.0,1
73,p047,6,8,26.58,100.0,0,26.58,100.0,100.0,1
73,p047,6,16,27.04,100.0,0,27.04,100.0,100.0,1
73,p047,6,32,45.82000000000001,95.71428571428571,1,28.2,98.0,98.0,1
73,p047,6,64,94.13999999999999,13.529411764705882,1,28.2,98.0,98.0,1
73,p047,7,1,10.120000000000001,100.0,0,10.120000000000001,100.0,100.0,1
73,p047,7,2,26.48,20.0,0,26.48,20.0,20.0,1
73,p047,7,4,26.48,20.0,0,26.48,20.0,20.0,1
73,p047,7,8,26.48,20.0,0,26.48,20.0,20.0,1
73,p047,7,16,26.48,20.0,0,26.48,20.0,20.0,1
73,p047,7,32,26.48,20.0,0,26.48,20.0,20.0,1
73,p047,7,64,57.78,97.27272727272728,1,26.48,20.0,20.0,1
73,p047,8,1,17.52,20.0,0,17.52,20.0,20.0,1
73,p047,8,2,37.28,20.0,1,17.52,20.0,20.0,1
73,p047,8,4,37.28,20.0,1,17.52,20.0,20.0,1
73,p047,8,8,44.660000000000004,98.75,1,17.52,20.0,20.0,1
73,p047,8,16,44.660000000000004,98.75,1,27.9,98.0,98.0,1
73,p047,8,32,58.1,97.27272727272728,1,27.9,98.0,98.0,1
73,p047,8,64,58.1,97.27272727272728,1,28.2,98.0,98.0,1
73,p047,9,1,20.84,20.0,0,20.84,20.0,20.0,1
73,p047,9,2,20.84,20.0,0,20.84,20.0,20.0,1
73,p047,9,4,20.84,20.0,0,20.84,20.0,20.0,1
73,p047,9,8,27.04,100.0,0,27.04,100.0,100.0,1
73,p047,9,16,53.2,15.714285714285714,1,27.04,100.0,100.0,1
73,p047,9,32,53.2,15.714285714285714,1,35.28,18.0,18.0,1
73,p047,9,64,53.2,15.714285714285714,1,35.28,18.0,18.0,1
73,p047,10,1,11.4,20.0,0,11.4,20.0,20.0,1
73,p047,10,2,27.9,98.0,0,27.9,98.0,98.0,1
73,p047,10,4,27.9,98.0,0,27.9,98.0,98.0,1
73,p047,10,8,27.9,98.0,0,27.9,98.0,98.0,1
73,p047,10,16,27.9,98.0,0,27.9,98.0,98.0,1
73,p047,10,32,57.32,97.27272727272728,1,27.9,98.0,98.0,1
73,p047,10,64,89.5,58.529411764705884,1,28.2,98.0,98.0,1
73,p047,11,1,10.120000000000001,100.0,0,10.120000000000001,100.0,100.0,1
73,p047,11,2,11.56,20.0,0,11.56,20.0,20.0,1
73,p047,11,4,19.560000000000002,100.0,0,19.560000000000002,100.0,100.0,1
73,p047,11,8,26.9,100.0,0,26.9,100.0,100.0,1
73,p047,11,16,34.0,98.33333333333333,1,26.9,100.0,100.0,1
73,p047,11,32,48.82000000000001,97.0,1,28.2,98.0,98.0,1
73,p047,11,64,48.82000000000001,97.0,1,28.2,98.0,98.0,1
73,p048,0,1,9.98,100.0,0,9.98,100.0,100.0,1
73,p048,0,2,19.240000000000002,100.0,0,19.240000000000002,100.0,100.0,1
73,p048,0,4,19.240000000000002,100.0,0,19.240000000000002,100.0,100.0,1
73,p048,0,8,28.02,20.0,1,19.240000000000002,100.0,100.0,1
73,p048,0,16,35.7,100.0,1,19.240000000000002,100.0,100.0,1
73,p048,0,32,35.7,100.0,1,26.419999999999998,100.0,100.0,1
73,p048,0,64,89.82,58.529411764705884,1,26.9,100.0,100.0,1
73,p048,1,1,10.280000000000001,100.0,0,10.280000000000001,100.0,100.0,1
73,p048,1,2,26.74,100.0,0,26.74,100.0,100.0,1
73,p048,1,4,26.74,100.0,0,26.74,100.0,100.0,1
73,p048,1,8,89.5,58.529411764705884,1,26.74,100.0,100.0,1
73,p048,1,16,89.5,58.529411764705884,1,26.74,100.0,100.0,1
73,p048,1,32,98.78,58.888888888888886,1,27.04,100.0,100.0,1
73,p048,1,64,98.78,58.888888888888886,1,27.04,100.0,100.0,1
73,p048,2,1,4.8,100.0,0,4.8,100.0,100.0,1
73,p048,2,2,16.240000000000002,100.0,0,16.240000000000002,100.0,100.0,1
73,p048,2,4,16.240000000000002,100.0,0,16.240000000000002,100.0,100.0,1
73,p048,2,8,26.9,100.0,0,26.9,100.0,100.0,1
73,p048,2,16,35.54,100.0,1,26.9,100.0,100.0,1
73,p048,2,32,100.0,13.88888888888889,1,26.9,100.0,100.0,1
73,p048,2,64,100.0,13.88888888888889,1,27.04,100.0,100.0,1
73,p048,3,1,4.8,100.0,0,4.8,100.0,100.0,1
73,p048,3,2,57.16,97.27272727272728,1,4.8,100.0,100.0,1
73,p048,3,4,57.16,97.27272727272728,1,16.08,100.0,100.0,1
73,p048,3,8,57.16,97.27272727272728,1,16.08,100.0,100.0,1
73,p048,3,16,57.16,97.27272727272728,1,27.9,98.0,98.0,1
73,p048,3,32,57.16,97.27272727272728,1,27.9,98.0,98.0,1
73,p048,3,64,57.16,97.27272727272728,1,46.239999999999995,18.57142857142857,18.57142857142857,1
73,p048,4,1,26.58,100.0,0,26.58,100.0,100.0,1
73,p048,4,2,49.14,97.0,1,26.58,100.0,100.0,1
73,p048,4,4,49.14,97.0,1,26.58,100.0,100.0,1
73,p048,4,8,49.14,97.0,1,26.58,100.0,100.0,1
73,p048,4,16,49.14,97.0,1,26.58,100.0,100.0,1
73,p048,4,32,49.14,97.0,1,28.04,98.0,98.0,1
73,p048,4,64,49.14,97.0,1,28.04,98.0,98.0,1
73,p048,5,1,46.28,95.71428571428571,1,,,0.0,0
73,p048,5,2,46.28,95.71428571428571,1,4.8,100.0,100.0,1
73,p048,5,4,46.28,95.71428571428571,1,11.26,20.0,20.0,1
73,p048,5,8,46.28,95.71428571428571,1,19.4,100.0,100.0,1
73,p048,5,16,46.28,95.71428571428571,1,26.32,20.0,20.0,1
73,p048,5,32,46.28,95.71428571428571,1,28.36,98.0,98.0,1
73,p048,5,64,49.14,97.0,1,28.36,98.0,98.0,1
73,p048,6,1,10.280000000000001,100.0,0,10.280000000000001,100.0,100.0,1
73,p048,6,2,44.660000000000004,98.75,1,10.280000000000001,100.0,100.0,1
73,p048,6,4,44.660000000000004,98.75,1,24.259999999999998,100.0,100.0,1
73,p048,6,8,44.660000000000004,98.75,1,24.58,100.0,100.0,1
73,p048,6,16,89.2,58.529411764705884,1,24.58,100.0,100.0,1
73,p048,6,32,89.2,58.529411764705884,1,26.419999999999998,100.0,100.0,1
73,p048,6,64,89.2,58.529411764705884,1,28.2,98.0,98.0,1
73,p048,7,1,10.280000000000001,100.0,0,10.280000000000001,100.0,100.0,1
73,p048,7,2,19.560000000000002,100.0,0,19.560000000000002,100.0,100.0,1
73,p048,7,4,19.560000000000002,100.0,0,19.560000000000002,100.0,100.0,1
73,p048,7,8,19.560000000000002,100.0,0,19.560000000000002,100.0,100.0,1
73,p048,7,16,46.44,95.71428571428571,1,19.560000000000002,100.0,100.0,1
73,p048,7,32,48.2,97.0,1,28.2,98.0,98.0,1
73,p048,7,64,48.2,97.0,1,28.2,98.0,98.0,1
73,p048,8,1,28.18,20.0,1,,,0.0,0
73,p048,8,2,28.18,20.0,1,16.240000000000002,100.0,100.0,1
73,p048,8,4,28.18,20.0,1,16.240000000000002,100.0,100.0,1
73,p048,8,8,34.0,98.33333333333333,1,19.08,100.0,100.0,1
73,p048,8,16,98.78,58.888888888888886,1,24.259999999999998,100.0,100.0,1
73,p048,8,32,98.78,58.888888888888886,1,24.259999999999998,100.0,100.0,1
73,p048,8,64,98.78,58.888888888888886,1,28.04,98.0,98.0,1
73,p048,9,1,4.8,100.0,0,4.8,100.0,100.0,1
73,p048,9,2,10.280000000000001,100.0,0,10.280000000000001,100.0,100.0,1
73,p048,9,4,19.240000000000002,100.0,0,19.240000000000002,100.0,100.0,1
73,p048,9,8,19.240000000000002,100.0,0,19.240000000000002,100.0,100.0,1
73,p048,9,16,28.52,98.0,1,19.4,100.0,100.0,1
73,p048,9,32,47.24,15.0,1,25.54,20.0,20.0,1
73,p048,9,64,49.48,16.666666666666664,1,26.419999999999998,100.0,100.0,1
73,p048,10,1,18.939999999999998,100.0,0,18.939999999999998,100.0,100.0,1
73,p048,10,2,28.18,20.0,1,18.939999999999998,100.0,100.0,1
73,p048,10,4,28.18,20.0,1,18.939999999999998,100.0,100.0,1
73,p048,10,8,28.18,20.0,1,19.4,100.0,100.0,1
73,p048,10,16,29.18,17.5,1,20.52,20.0,20.0,1
73,p048,10,32,35.86,100.0,1,26.9,100.0,100.0,1
73,p048,10,64,45.82000000000001,95.71428571428571,1,27.04,100.0,100.0,1
73,p048,11,1,49.63999999999999,16.666666666666664,1,,,0.0,0
73,p048,11,2,49.63999999999999,16.666666666666664,1,10.120000000000001,100.0,100.0,1
73,p048,11,4,49.63999999999999,16.666666666666664,1,16.240000000000002,100.0,100.0,1
73,p048,11,8,49.63999999999999,16.666666666666664,1,26.74,100.0,100.0,1
73,p048,11,16,49.63999999999999,16.666666666666664,1,26.74,100.0,100.0,1
73,p048,11,32,49.63999999999999,16.666666666666664,1,27.04,100.0,100.0,1
73,p048,11,64,49.63999999999999,16.666666666666664,1,46.239999999999995,18.57142857142857,18.57142857142857,1
101,p037,0,1,9.34,100.0,0,9.34,100.0,100.0,1
101,p037,0,2,18.0,100.0,0,18.0,100.0,100.0,1
101,p037,0,4,18.3,100.0,0,18.3,100.0,100.0,1
101,p037,0,8,24.1,100.0,0,24.1,100.0,100.0,1
101,p037,0,16,29.18,17.5,1,26.48,20.0,20.0,1
101,p037,0,32,29.18,17.5,1,26.48,20.0,20.0,1
101,p037,0,64,89.03999999999999,58.529411764705884,1,27.419999999999998,98.0,98.0,1
101,p037,1,1,11.88,20.0,0,11.88,20.0,20.0,1
101,p037,1,2,11.88,20.0,0,11.88,20.0,20.0,1
101,p037,1,4,11.88,20.0,0,11.88,20.0,20.0,1
101,p037,1,8,32.6,98.33333333333333,0,32.6,98.33333333333333,98.33333333333333,1
101,p037,1,16,32.6,98.33333333333333,0,32.6,98.33333333333333,98.33333333333333,1
101,p037,1,32,45.5,95.71428571428571,1,32.6,98.33333333333333,98.33333333333333,1
101,p037,1,64,50.12,16.666666666666664,1,32.6,98.33333333333333,98.33333333333333,1
101,p037,2,1,9.34,100.0,0,9.34,100.0,100.0,1
101,p037,2,2,14.68,100.0,0,14.68,100.0,100.0,1
101,p037,2,4,16.880000000000003,20.0,1,14.68,100.0,100.0,1
101,p037,2,8,89.03999999999999,58.529411764705884,1,20.22,20.0,20.0,1
101,p037,2,16,89.03999999999999,58.529411764705884,1,27.259999999999998,98.0,98.0,1
101,p037,2,32,89.03999999999999,58.529411764705884,1,27.58,98.0,98.0,1
101,p037,2,64,89.03999999999999,58.529411764705884,1,27.58,98.0,98.0,1
101,p037,3,1,18.0,100.0,0,18.0,100.0,100.0,1
101,p037,3,2,18.0,100.0,0,18.0,100.0,100.0,1
101,p037,3,4,37.28,20.0,1,18.0,100.0,100.0,1
101,p037,3,8,37.28,20.0,1,18.0,100.0,100.0,1
101,p037,3,16,37.28,20.0,1,25.64,100.0,100.0,1
101,p037,3,32,37.28,20.0,1,27.419999999999998,98.0,98.0,1
101,p037,3,64,91.3,93.88888888888889,1,34.5,18.0,18.0,1
101,p037,4,1,11.56,20.0,0,11.56,20.0,20.0,1
101,p037,4,2,11.56,20.0,0,11.56,20.0,20.0,1
101,p037,4,4,18.14,100.0,0,18.14,100.0,100.0,1
101,p037,4,8,43.56,98.75,1,18.14,100.0,100.0,1
101,p037,4,16,43.56,98.75,1,25.96,100.0,100.0,1
101,p037,4,32,47.900000000000006,97.0,1,25.96,100.0,100.0,1
101,p037,4,64,91.6,93.88888888888889,1,25.96,100.0,100.0,1
101,p037,5,1,9.34,100.0,0,9.34,100.0,100.0,1
101,p037,5,2,9.34,100.0,0,9.34,100.0,100.0,1
101,p037,5,4,9.66,100.0,0,9.66,100.0,100.0,1
101,p037,5,8,9.66,100.0,0,9.66,100.0,100.0,1
101,p037,5,16,27.1,98.0,0,27.1,98.0,98.0,1
101,p037,5,32,27.1,98.0,0,27.1,98.0,98.0,1
101,p037,5,64,28.18,20.0,1,27.1,98.0,98.0,1
101,p037,6,1,25.96,100.0,0,25.96,100.0,100.0,1
101,p037,6,2,25.96,100.0,0,25.96,100.0,100.0,1
101,p037,6,4,47.260000000000005,97.0,1,25.96,100.0,100.0,1
101,p037,6,8,47.260000000000005,97.0,1,27.419999999999998,98.0,98.0,1
101,p037,6,16,91.44,93.88888888888889,1,27.419999999999998,98.0,98.0,1
101,p037,6,32,91.44,93.88888888888889,1,27.419999999999998,98.0,98.0,1
101,p037,6,64,91.44,93.88888888888889,1,35.06,100.0,100.0,1
101,p037,7,1,11.4,20.0,0,11.4,20.0,20.0,1
101,p037,7,2,33.22,98.33333333333333,1,11.4,20.0,20.0,1
101,p037,7,4,33.22,98.33333333333333,1,11.4,20.0,20.0,1
101,p037,7,8,33.22,98.33333333333333,1,15.14,100.0,100.0,1
101,p037,7,16,33.22,98.33333333333333,1,18.3,100.0,100.0,1
101,p037,7,32,49.63999999999999,16.666666666666664,1,27.259999999999998,98.0,98.0,1
101,p037,7,64,93.82,13.529411764705882,1,27.58,98.0,98.0,1
101,p037,8,1,89.03999999999999,58.529411764705884,1,,,0.0,0
101,p037,8,2,89.03999999999999,58.529411764705884,1,25.799999999999997,100.0,100.0,1
101,p037,8,4,89.03999999999999,58.529411764705884,1,25.799999999999997,100.0,100.0,1
101,p037,8,8,89.03999999999999,58.529411764705884,1,25.799999999999997,100.0,100.0,1
101,p037,8,16,89.03999999999999,58.529411764705884,1,25.799999999999997,100.0,100.0,1
101,p037,8,32,91.44,93.88888888888889,1,35.06,100.0,100.0,1
101,p037,8,64,100.0,58.68421052631579,1,35.06,100.0,100.0,1
101,p037,9,1,9.5,100.0,0,9.5,100.0,100.0,1
101,p037,9,2,14.66,100.0,0,14.66,100.0,100.0,1
101,p037,9,4,20.68,20.0,0,20.68,20.0,20.0,1
101,p037,9,8,29.64,17.5,1,25.64,100.0,100.0,1
101,p037,9,16,48.2,97.0,1,25.64,100.0,100.0,1
101,p037,9,32,65.82000000000001,96.66666666666667,1,25.64,100.0,100.0,1
101,p037,9,64,65.82000000000001,96.66666666666667,1,34.76,100.0,100.0,1
101,p037,10,1,6.080000000000001,20.0,0,6.080000000000001,20.0,20.0,1
101,p037,10,2,15.3,100.0,0,15.3,100.0,100.0,1
101,p037,10,4,15.3,100.0,0,15.3,100.0,100.0,1
101,p037,10,8,50.980000000000004,96.25,1,15.3,100.0,100.0,1
101,p037,10,16,50.980000000000004,96.25,1,34.44,100.0,100.0,1
101,p037,10,32,50.980000000000004,96.25,1,34.44,100.0,100.0,1
101,p037,10,64,50.980000000000004,96.25,1,34.44,100.0,100.0,1
101,p037,11,1,9.5,100.0,0,9.5,100.0,100.0,1
101,p037,11,2,26.1,100.0,0,26.1,100.0,100.0,1
101,p037,11,4,26.1,100.0,0,26.1,100.0,100.0,1
101,p037,11,8,26.1,100.0,0,26.1,100.0,100.0,1
101,p037,11,16,26.1,100.0,0,26.1,100.0,100.0,1
101,p037,11,32,50.42,16.666666666666664,1,26.1,100.0,100.0,1
101,p037,11,64,52.42000000000001,15.714285714285714,1,32.28,98.33333333333333,98.33333333333333,1
101,p038,0,1,9.66,100.0,0,9.66,100.0,100.0,1
101,p038,0,2,9.66,100.0,0,9.66,100.0,100.0,1
101,p038,0,4,9.66,100.0,0,9.66,100.0,100.0,1
101,p038,0,8,26.32,20.0,0,26.32,20.0,20.0,1
101,p038,0,16,26.32,20.0,0,26.32,20.0,20.0,1
101,p038,0,32,36.980000000000004,20.0,1,34.44,100.0,100.0,1
101,p038,0,64,88.88,58.529411764705884,1,34.44,100.0,100.0,1
101,p038,1,1,18.0,100.0,0,18.0,100.0,100.0,1
101,p038,1,2,39.7,95.0,1,18.0,100.0,100.0,1
101,p038,1,4,39.7,95.0,1,18.0,100.0,100.0,1
101,p038,1,8,39.7,95.0,1,18.619999999999997,100.0,100.0,1
101,p038,1,16,39.7,95.0,1,18.619999999999997,100.0,100.0,1
101,p038,1,32,43.72,98.75,1,27.1,98.0,98.0,1
101,p038,1,64,43.72,98.75,1,27.58,98.0,98.0,1
101,p038,2,1,26.1,100.0,0,26.1,100.0,100.0,1
101,p038,2,2,26.1,100.0,0,26.1,100.0,100.0,1
101,p038,2,4,26.1,100.0,0,26.1,100.0,100.0,1
101,p038,2,8,26.1,100.0,0,26.1,100.0,100.0,1
101,p038,2,16,26.1,100.0,0,26.1,100.0,100.0,1
101,p038,2,32,61.32,97.0,1,26.1,100.0,100.0,1
101,p038,2,64,61.32,97.0,1,32.58,98.33333333333333,98.33333333333333,1
101,p038,3,1,9.18,100.0,0,9.18,100.0,100.0,1
101,p038,3,2,9.18,100.0,0,9.18,100.0,100.0,1
101,p038,3,4,45.02,95.71428571428571,1,9.18,100.0,100.0,1
101,p038,3,8,45.02,95.71428571428571,1,18.619999999999997,100.0,100.0,1
101,p038,3,16,45.02,95.71428571428571,1,25.479999999999997,100.0,100.0,1
101,p038,3,32,48.2,97.0,1,25.799999999999997,100.0,100.0,1
101,p038,3,64,56.839999999999996,97.27272727272728,1,27.58,98.0,98.0,1
101,p038,4,1,14.66,100.0,0,14.66,100.0,100.0,1
101,p038,4,2,14.66,100.0,0,14.66,100.0,100.0,1
101,p038,4,4,25.96,100.0,0,25.96,100.0,100.0,1
101,p038,4,8,27.259999999999998,98.0,0,27.259999999999998,98.0,98.0,1
101,p038,4,16,47.900000000000006,97.0,1,27.259999999999998,98.0,98.0,1
101,p038,4,32,48.2,97.0,1,27.259999999999998,98.0,98.0,1
101,p038,4,64,48.2,97.0,1,27.58,98.0,98.0,1
101,p038,5,1,21.78,97.5,1,,,0.0,0
101,p038,5,2,21.78,97.5,1,3.8600000000000003,100.0,100.0,1
101,p038,5,4,21.78,97.5,1,14.68,100.0,100.0,1
101,p038,5,8,25.799999999999997,100.0,0,25.799999999999997,100.0,100.0,1
101,p038,5,16,25.799999999999997,100.0,0,25.799999999999997,100.0,100.0,1
101,p038,5,32,25.799999999999997,100.0,0,25.799999999999997,100.0,100.0,1
101,p038,5,64,56.86,97.27272727272728,1,27.58,98.0,98.0,1
101,p038,6,1,11.26,20.0,0,11.26,20.0,20.0,1
101,p038,6,2,26.1,100.0,0,26.1,100.0,100.0,1
101,p038,6,4,26.1,100.0,0,26.1,100.0,100.0,1
101,p038,6,8,26.1,100.0,0,26.1,100.0,100.0,1
101,p038,6,16,88.88,58.529411764705884,1,26.1,100.0,100.0,1
101,p038,6,32,98.0,58.888888888888886,1,26.1,100.0,100.0,1
101,p038,6,64,98.0,58.888888888888886,1,27.58,98.0,98.0,1
101,p038,7,1,9.66,100.0,0,9.66,100.0,100.0,1
101,p038,7,2,9.66,100.0,0,9.66,100.0,100.0,1
101,p038,7,4,18.0,100.0,0,18.0,100.0,100.0,1
101,p038,7,8,26.1,100.0,0,26.1,100.0,100.0,1
101,p038,7,16,29.64,17.5,1,26.1,100.0,100.0,1
101,p038,7,32,35.28,18.0,0,35.28,18.0,18.0,1
101,p038,7,64,47.42,97.0,1,35.28,18.0,18.0,1
101,p038,8,1,9.66,100.0,0,9.66,100.0,100.0,1
101,p038,8,2,9.66,100.0,0,9.66,100.0,100.0,1
101,p038,8,4,9.66,100.0,0,9.66,100.0,100.0,1
101,p038,8,8,15.3,100.0,0,15.3,100.0,100.0,1
101,p038,8,16,25.479999999999997,100.0,0,25.479999999999997,100.0,100.0,1
101,p038,8,32,89.03999999999999,58.529411764705884,1,25.479999999999997,100.0,100.0,1
101,p038,8,64,89.03999999999999,58.529411764705884,1,34.76,100.0,100.0,1
101,p038,9,1,11.26,20.0,0,11.26,20.0,20.0,1
101,p038,9,2,11.26,20.0,0,11.26,20.0,20.0,1
101,p038,9,4,18.619999999999997,100.0,0,18.619999999999997,100.0,100.0,1
101,p038,9,8,32.28,98.33333333333333,0,32.28,98.33333333333333,98.33333333333333,1
101,p038,9,16,32.28,98.33333333333333,0,32.28,98.33333333333333,98.33333333333333,1
101,p038,9,32,47.900000000000006,97.0,1,32.28,98.33333333333333,98.33333333333333,1
101,p038,9,64,47.900000000000006,97.0,1,32.28,98.33333333333333,98.33333333333333,1
101,p038,10,1,25.479999999999997,100.0,0,25.479999999999997,100.0,100.0,1
101,p038,10,2,25.479999999999997,100.0,0,25.479999999999997,100.0,100.0,1
101,p038,10,4,47.900000000000006,97.0,1,25.479999999999997,100.0,100.0,1
101,p038,10,8,47.900000000000006,97.0,1,25.479999999999997,100.0,100.0,1
101,p038,10,16,47.900000000000006,97.0,1,27.1,98.0,98.0,1
101,p038,10,32,47.900000000000006,97.0,1,27.1,98.0,98.0,1
101,p038,10,64,47.900000000000006,97.0,1,27.1,98.0,98.0,1
101,p038,11,1,3.8600000000000003,100.0,0,3.8600000000000003,100.0,100.0,1
101,p038,11,2,9.34,100.0,0,9.34,100.0,100.0,1
101,p038,11,4,9.5,100.0,0,9.5,100.0,100.0,1
101,p038,11,8,27.419999999999998,98.0,0,27.419999999999998,98.0,98.0,1
101,p038,11,16,27.419999999999998,98.0,0,27.419999999999998,98.0,98.0,1
101,p038,11,32,27.419999999999998,98.0,0,27.419999999999998,98.0,98.0,1
101,p038,11,64,44.879999999999995,95.71428571428571,1,27.58,98.0,98.0,1
101,p039,0,1,14.68,100.0,0,14.68,100.0,100.0,1
101,p039,0,2,14.68,100.0,0,14.68,100.0,100.0,1
101,p039,0,4,33.22,98.33333333333333,1,14.68,100.0,100.0,1
101,p039,0,8,33.22,98.33333333333333,1,25.479999999999997,100.0,100.0,1
101,p039,0,16,33.22,98.33333333333333,1,25.479999999999997,100.0,100.0,1
101,p039,0,32,91.3,93.88888888888889,1,25.799999999999997,100.0,100.0,1
101,p039,0,64,91.3,93.88888888888889,1,25.799999999999997,100.0,100.0,1
101,p039,1,1,9.66,100.0,0,9.66,100.0,100.0,1
101,p039,1,2,11.72,20.0,0,11.72,20.0,20.0,1
101,p039,1,4,11.72,20.0,0,11.72,20.0,20.0,1
101,p039,1,8,25.86,20.0,0,25.86,20.0,20.0,1
101,p039,1,16,56.86,97.27272727272728,1,25.96,100.0,100.0,1
101,p039,1,32,56.86,97.27272727272728,1,25.96,100.0,100.0,1
101,p039,1,64,56.86,97.27272727272728,1,34.44,100.0,100.0,1
101,p039,2,1,6.080000000000001,20.0,0,6.080000000000001,20.0,20.0,1
101,p039,2,2,48.2,97.0,1,6.080000000000001,20.0,20.0,1
101,p039,2,4,48.2,97.0,1,9.04,100.0,100.0,1
101,p039,2,8,48.2,97.0,1,11.72,20.0,20.0,1
101,p039,2,16,48.2,97.0,1,27.259999999999998,98.0,98.0,1
101,p039,2,32,57.16,97.27272727272728,1,27.259999999999998,98.0,98.0,1
101,p039,2,64,88.88,58.529411764705884,1,27.259999999999998,98.0,98.0,1
101,p039,3,1,9.18,100.0,0,9.18,100.0,100.0,1
101,p039,3,2,26.96,98.0,0,26.96,98.0,98.0,1
101,p039,3,4,26.96,98.0,0,26.96,98.0,98.0,1
101,p039,3,8,26.96,98.0,0,26.96,98.0,98.0,1
101,p039,3,16,26.96,98.0,0,26.96,98.0,98.0,1
101,p039,3,32,91.3,93.88888888888889,1,26.96,98.0,98.0,1
101,p039,3,64,91.44,93.88888888888889,1,26.96,98.0,98.0,1
101,p039,4,1,3.8600000000000003,100.0,0,3.8600000000000003,100.0,100.0,1
101,p039,4,2,9.34,100.0,0,9.34,100.0,100.0,1
101,p039,4,4,26.96,98.0,0,26.96,98.0,98.0,1
101,p039,4,8,91.44,93.88888888888889,1,26.96,98.0,98.0,1
101,p039,4,16,91.44,93.88888888888889,1,27.259999999999998,98.0,98.0,1
101,p039,4,32,91.44,93.88888888888889,1,27.259999999999998,98.0,98.0,1
101,p039,4,64,91.44,93.88888888888889,1,27.58,98.0,98.0,1
101,p039,5,1,9.5,100.0,0,9.5,100.0,100.0,1
101,p039,5,2,9.5,100.0,0,9.5,100.0,100.0,1
101,p039,5,4,47.900000000000006,97.0,1,18.3,100.0,100.0,1
101,p039,5,8,47.900000000000006,97.0,1,18.3,100.0,100.0,1
101,p039,5,16,47.900000000000006,97.0,1,27.419999999999998,98.0,98.0,1
101,p039,5,32,47.900000000000006,97.0,1,27.419999999999998,98.0,98.0,1
101,p039,5,64,91.44,93.88888888888889,1,32.28,98.33333333333333,98.33333333333333,1
101,p039,6,1,24.259999999999998,100.0,0,24.259999999999998,100.0,100.0,1
101,p039,6,2,24.259999999999998,100.0,0,24.259999999999998,100.0,100.0,1
101,p039,6,4,29.18,17.5,1,24.259999999999998,100.0,100.0,1
101,p039,6,8,29.18,17.5,1,24.259999999999998,100.0,100.0,1
101,p039,6,16,29.18,17.5,1,24.259999999999998,100.0,100.0,1
101,p039,6,32,89.03999999999999,58.529411764705884,1,24.259999999999998,100.0,100.0,1
101,p039,6,64,100.0,13.88888888888889,1,35.06,100.0,100.0,1
101,p039,7,1,9.18,100.0,0,9.18,100.0,100.0,1
101,p039,7,2,25.479999999999997,100.0,0,25.479999999999997,100.0,100.0,1
101,p039,7,4,25.479999999999997,100.0,0,25.479999999999997,100.0,100.0,1
101,p039,7,8,27.419999999999998,98.0,0,27.419999999999998,98.0,98.0,1
101,p039,7,16,47.879999999999995,97.0,1,27.419999999999998,98.0,98.0,1
101,p039,7,32,47.879999999999995,97.0,1,27.419999999999998,98.0,98.0,1
101,p039,7,64,47.879999999999995,97.0,1,27.419999999999998,98.0,98.0,1
101,p039,8,1,9.04,100.0,0,9.04,100.0,100.0,1
101,p039,8,2,9.66,100.0,0,9.66,100.0,100.0,1
101,p039,8,4,25.96,100.0,0,25.96,100.0,100.0,1
101,p039,8,8,25.96,100.0,0,25.96,100.0,100.0,1
101,p039,8,16,47.900000000000006,97.0,1,25.96,100.0,100.0,1
101,p039,8,32,100.0,58.68421052631579,1,27.1,98.0,98.0,1
101,p039,8,64,100.0,58.68421052631579,1,27.1,98.0,98.0,1
101,p039,9,1,11.26,20.0,0,11.26,20.0,20.0,1
101,p039,9,2,14.66,100.0,0,14.66,100.0,100.0,1
101,p039,9,4,14.66,100.0,0,14.66,100.0,100.0,1
101,p039,9,8,18.619999999999997,100.0,0,18.619999999999997,100.0,100.0,1
101,p039,9,16,18.619999999999997,100.0,0,18.619999999999997,100.0,100.0,1
101,p039,9,32,27.419999999999998,98.0,0,27.419999999999998,98.0,98.0,1
101,p039,9,64,47.900000000000006,97.0,1,27.419999999999998,98.0,98.0,1
101,p039,10,1,9.18,100.0,0,9.18,100.0,100.0,1
101,p039,10,2,9.18,100.0,0,9.18,100.0,100.0,1
101,p039,10,4,18.0,100.0,0,18.0,100.0,100.0,1
101,p039,10,8,18.0,100.0,0,18.0,100.0,100.0,1
101,p039,10,16,26.1,100.0,0,26.1,100.0,100.0,1
101,p039,10,32,65.8,96.66666666666667,1,26.1,100.0,100.0,1
101,p039,10,64,93.66,13.529411764705882,1,26.96,98.0,98.0,1
101,p039,11,1,18.3,100.0,0,18.3,100.0,100.0,1
101,p039,11,2,18.3,100.0,0,18.3,100.0,100.0,1
101,p039,11,4,18.3,100.0,0,18.3,100.0,100.0,1
101,p039,11,8,25.479999999999997,100.0,0,25.479999999999997,100.0,100.0,1
101,p039,11,16,25.799999999999997,100.0,0,25.799999999999997,100.0,100.0,1
101,p039,11,32,47.879999999999995,97.0,1,25.799999999999997,100.0,100.0,1
101,p039,11,64,47.879999999999995,97.0,1,26.96,98.0,98.0,1
101,p040,0,1,9.34,100.0,0,9.34,100.0,100.0,1
101,p040,0,2,9.5,100.0,0,9.5,100.0,100.0,1
101,p040,0,4,18.14,100.0,0,18.14,100.0,100.0,1
101,p040,0,8,34.6,100.0,0,34.6,100.0,100.0,1
101,p040,0,16,34.6,100.0,0,34.6,100.0,100.0,1
101,p040,0,32,91.44,93.88888888888889,1,34.6,100.0,100.0,1
101,p040,0,64,91.44,93.88888888888889,1,34.6,100.0,100.0,1
101,p040,1,1,11.26,20.0,0,11.26,20.0,20.0,1
101,p040,1,2,18.619999999999997,100.0,0,18.619999999999997,100.0,100.0,1
101,p040,1,4,100.0,13.0,1,18.619999999999997,100.0,100.0,1
101,p040,1,8,100.0,13.0,1,20.84,20.0,20.0,1
101,p040,1,16,100.0,13.0,1,23.32,100.0,100.0,1
101,p040,1,32,100.0,13.0,1,25.96,100.0,100.0,1
101,p040,1,64,100.0,13.0,1,35.44,18.0,18.0,1
101,p040,2,1,9.18,100.0,0,9.18,100.0,100.0,1
101,p040,2,2,18.0,100.0,0,18.0,100.0,100.0,1
101,p040,2,4,47.900000000000006,97.0,1,18.0,100.0,100.0,1
101,p040,2,8,47.900000000000006,97.0,1,18.619999999999997,100.0,100.0,1
101,p040,2,16,47.900000000000006,97.0,1,25.799999999999997,100.0,100.0,1
101,p040,2,32,47.900000000000006,97.0,1,25.799999999999997,100.0,100.0,1
101,p040,2,64,47.900000000000006,97.0,1,35.06,100.0,100.0,1
101,p040,3,1,23.32,100.0,0,23.32,100.0,100.0,1
101,p040,3,2,23.32,100.0,0,23.32,100.0,100.0,1
101,p040,3,4,27.259999999999998,98.0,0,27.259999999999998,98.0,98.0,1
101,p040,3,8,28.18,20.0,1,27.259999999999998,98.0,98.0,1
101,p040,3,16,28.18,20.0,1,27.259999999999998,98.0,98.0,1
101,p040,3,32,45.02,95.71428571428571,1,27.259999999999998,98.0,98.0,1
101,p040,3,64,47.260000000000005,97.0,1,27.259999999999998,98.0,98.0,1
101,p040,4,1,9.04,100.0,0,9.04,100.0,100.0,1
101,p040,4,2,9.04,100.0,0,9.04,100.0,100.0,1
101,p040,4,4,25.96,100.0,0,25.96,100.0,100.0,1
101,p040,4,8,25.96,100.0,0,25.96,100.0,100.0,1
101,p040,4,16,27.259999999999998,98.0,0,27.259999999999998,98.0,98.0,1
101,p040,4,32,27.259999999999998,98.0,0,27.259999999999998,98.0,98.0,1
101,p040,4,64,47.900000000000006,97.0,1,27.259999999999998,98.0,98.0,1
101,p040,5,1,9.04,100.0,0,9.04,100.0,100.0,1
101,p040,5,2,9.04,100.0,0,9.04,100.0,100.0,1
101,p040,5,4,25.64,100.0,0,25.64,100.0,100.0,1
101,p040,5,8,25.64,100.0,0,25.64,100.0,100.0,1
101,p040,5,16,25.64,100.0,0,25.64,100.0,100.0,1
101,p040,5,32,45.5,95.71428571428571,1,34.76,100.0,100.0,1
101,p040,5,64,45.5,95.71428571428571,1,34.76,100.0,100.0,1
101,p040,6,1,15.14,100.0,0,15.14,100.0,100.0,1
101,p040,6,2,16.880000000000003,20.0,1,15.14,100.0,100.0,1
101,p040,6,4,16.880000000000003,20.0,1,15.14,100.0,100.0,1
101,p040,6,8,16.880000000000003,20.0,1,15.14,100.0,100.0,1
101,p040,6,16,25.799999999999997,100.0,0,25.799999999999997,100.0,100.0,1
101,p040,6,32,29.64,17.5,1,25.96,100.0,100.0,1
101,p040,6,64,29.64,17.5,1,25.96,100.0,100.0,1
101,p040,7,1,18.0,100.0,0,18.0,100.0,100.0,1
101,p040,7,2,18.0,100.0,0,18.0,100.0,100.0,1
101,p040,7,4,20.22,20.0,0,20.22,20.0,20.0,1
101,p040,7,8,20.22,20.0,0,20.22,20.0,20.0,1
101,p040,7,16,20.22,20.0,0,20.22,20.0,20.0,1
101,p040,7,32,47.260000000000005,97.0,1,27.1,98.0,98.0,1
101,p040,7,64,50.42,16.666666666666664,1,27.1,98.0,98.0,1
101,p040,8,1,9.04,100.0,0,9.04,100.0,100.0,1
101,p040,8,2,15.3,100.0,0,15.3,100.0,100.0,1
101,p040,8,4,15.3,100.0,0,15.3,100.0,100.0,1
101,p040,8,8,15.3,100.0,0,15.3,100.0,100.0,1
101,p040,8,16,25.799999999999997,100.0,0,25.799999999999997,100.0,100.0,1
101,p040,8,32,28.32,20.0,1,25.799999999999997,100.0,100.0,1
101,p040,8,64,47.879999999999995,97.0,1,27.419999999999998,98.0,98.0,1
101,p040,9,1,25.799999999999997,100.0,0,25.799999999999997,100.0,100.0,1
101,p040,9,2,25.799999999999997,100.0,0,25.799999999999997,100.0,100.0,1
101,p040,9,4,26.1,100.0,0,26.1,100.0,100.0,1
101,p040,9,8,26.1,100.0,0,26.1,100.0,100.0,1
101,p040,9,16,26.1,100.0,0,26.1,100.0,100.0,1
101,p040,9,32,26.1,100.0,0,26.1,100.0,100.0,1
101,p040,9,64,91.3,93.88888888888889,1,26.1,100.0,100.0,1
101,p040,10,1,9.04,100.0,0,9.04,100.0,100.0,1
101,p040,10,2,9.5,100.0,0,9.5,100.0,100.0,1
101,p040,10,4,9.5,100.0,0,9.5,100.0,100.0,1
101,p040,10,8,11.56,20.0,0,11.56,20.0,20.0,1
101,p040,10,16,25.96,100.0,0,25.96,100.0,100.0,1
101,p040,10,32,27.7,20.0,1,25.96,100.0,100.0,1
101,p040,10,64,27.7,20.0,1,27.58,98.0,98.0,1
101,p040,11,1,56.86,97.27272727272728,1,,,0.0,0
101,p040,11,2,56.86,97.27272727272728,1,9.18,100.0,100.0,1
101,p040,11,4,56.86,97.27272727272728,1,9.18,100.0,100.0,1
101,p040,11,8,56.86,97.27272727272728,1,15.3,100.0,100.0,1
101,p040,11,16,56.86,97.27272727272728,1,18.46,100.0,100.0,1
101,p040,11,32,56.86,97.27272727272728,1,34.44,100.0,100.0,1
101,p040,11,64,56.86,97.27272727272728,1,34.44,100.0,100.0,1
101,p041,0,1,9.04,100.0,0,9.04,100.0,100.0,1
101,p041,0,2,9.04,100.0,0,9.04,100.0,100.0,1
101,p041,0,4,9.04,100.0,0,9.04,100.0,100.0,1
101,p041,0,8,11.4,20.0,0,11.4,20.0,20.0,1
101,p041,0,16,26.1,100.0,0,26.1,100.0,100.0,1
101,p041,0,32,93.66,13.529411764705882,1,26.1,100.0,100.0,1
101,p041,0,64,93.66,13.529411764705882,1,27.58,98.0,98.0,1
101,p041,1,1,15.3,100.0,0,15.3,100.0,100.0,1
101,p041,1,2,18.3,100.0,0,18.3,100.0,100.0,1
101,p041,1,4,18.3,100.0,0,18.3,100.0,100.0,1
101,p041,1,8,21.78,97.5,1,18.3,100.0,100.0,1
101,p041,1,16,28.02,20.0,1,26.96,98.0,98.0,1
101,p041,1,32,43.72,98.75,1,26.96,98.0,98.0,1
101,p041,1,64,59.08,17.0,1,27.259999999999998,98.0,98.0,1
101,p041,2,1,9.5,100.0,0,9.5,100.0,100.0,1
101,p041,2,2,9.66,100.0,0,9.66,100.0,100.0,1
101,p041,2,4,16.880000000000003,20.0,1,9.66,100.0,100.0,1
101,p041,2,8,16.880000000000003,20.0,1,9.66,100.0,100.0,1
101,p041,2,16,47.900000000000006,97.0,1,25.96,100.0,100.0,1
101,p041,2,32,47.900000000000006,97.0,1,25.96,100.0,100.0,1
101,p041,2,64,50.2,96.25,1,27.419999999999998,98.0,98.0,1
101,p041,3,1,9.5,100.0,0,9.5,100.0,100.0,1
101,p041,3,2,9.5,100.0,0,9.5,100.0,100.0,1
101,p041,3,4,23.32,100.0,0,23.32,100.0,100.0,1
101,p041,3,8,26.1,100.0,0,26.1,100.0,100.0,1
101,p041,3,16,26.1,100.0,0,26.1,100.0,100.0,1
101,p041,3,32,33.22,98.33333333333333,1,26.1,100.0,100.0,1
101,p041,3,64,34.92,100.0,1,32.6,98.33333333333333,98.33333333333333,1
101,p041,4,1,16.880000000000003,20.0,1,,,0.0,0
101,p041,4,2,16.880000000000003,20.0,1,9.66,100.0,100.0,1
101,p041,4,4,23.64,100.0,0,23.64,100.0,100.0,1
101,p041,4,8,23.64,100.0,0,23.64,100.0,100.0,1
101,p041,4,16,48.2,97.0,1,23.64,100.0,100.0,1
101,p041,4,32,48.2,97.0,1,25.479999999999997,100.0,100.0,1
101,p041,4,64,48.2,97.0,1,27.419999999999998,98.0,98.0,1
101,p041,5,1,9.34,100.0,0,9.34,100.0,100.0,1
101,p041,5,2,11.26,20.0,0,11.26,20.0,20.0,1
101,p041,5,4,11.26,20.0,0,11.26,20.0,20.0,1
101,p041,5,8,15.3,100.0,0,15.3,100.0,100.0,1
101,p041,5,16,83.1,95.71428571428571,1,15.3,100.0,100.0,1
101,p041,5,32,83.1,95.71428571428571,1,32.28,98.33333333333333,98.33333333333333,1
101,p041,5,64,83.1,95.71428571428571,1,34.5,18.0,18.0,1
101,p041,6,1,14.36,100.0,0,14.36,100.0,100.0,1
101,p041,6,2,18.619999999999997,100.0,0,18.619999999999997,100.0,100.0,1
101,p041,6,4,18.619999999999997,100.0,0,18.619999999999997,100.0,100.0,1
101,p041,6,8,18.619999999999997,100.0,0,18.619999999999997,100.0,100.0,1
101,p041,6,16,18.619999999999997,100.0,0,18.619999999999997,100.0,100.0,1
101,p041,6,32,27.58,98.0,0,27.58,98.0,98.0,1
101,p041,6,64,56.38,97.27272727272728,1,34.44,100.0,100.0,1
101,p041,7,1,9.34,100.0,0,9.34,100.0,100.0,1
101,p041,7,2,27.259999999999998,98.0,0,27.259999999999998,98.0,98.0,1
101,p041,7,4,27.259999999999998,98.0,0,27.259999999999998,98.0,98.0,1
101,p041,7,8,27.259999999999998,98.0,0,27.259999999999998,98.0,98.0,1
101,p041,7,16,27.58,98.0,0,27.58,98.0,98.0,1
101,p041,7,32,27.58,98.0,0,27.58,98.0,98.0,1
101,p041,7,64,47.879999999999995,97.0,1,27.58,98.0,98.0,1
101,p041,8,1,14.36,100.0,0,14.36,100.0,100.0,1
101,p041,8,2,18.619999999999997,100.0,0,18.619999999999997,100.0,100.0,1
101,p041,8,4,18.619999999999997,100.0,0,18.619999999999997,100.0,100.0,1
101,p041,8,8,26.96,98.0,0,26.96,98.0,98.0,1
101,p041,8,16,26.96,98.0,0,26.96,98.0,98.0,1
101,p041,8,32,89.03999999999999,93.52941176470588,1,26.96,98.0,98.0,1
101,p041,8,64,89.03999999999999,93.52941176470588,1,26.96,98.0,98.0,1
101,p041,9,1,9.04,100.0,0,9.04,100.0,100.0,1
101,p041,9,2,9.5,100.0,0,9.5,100.0,100.0,1
101,p041,9,4,26.96,98.0,0,26.96,98.0,98.0,1
101,p041,9,8,27.1,98.0,0,27.1,98.0,98.0,1
101,p041,9,16,27.58,98.0,0,27.58,98.0,98.0,1
101,p041,9,32,89.2,93.52941176470588,1,27.58,98.0,98.0,1
101,p041,9,64,100.0,93.6842105263158,1,27.58,98.0,98.0,1
101,p041,10,1,24.259999999999998,100.0,0,24.259999999999998,100.0,100.0,1
101,p041,10,2,24.259999999999998,100.0,0,24.259999999999998,100.0,100.0,1
101,p041,10,4,25.96,100.0,0,25.96,100.0,100.0,1
101,p041,10,8,25.96,100.0,0,25.96,100.0,100.0,1
101,p041,10,16,27.1,98.0,0,27.1,98.0,98.0,1
101,p041,10,32,27.1,98.0,0,27.1,98.0,98.0,1
101,p041,10,64,91.6,93.88888888888889,1,27.1,98.0,98.0,1
101,p041,11,1,11.4,20.0,0,11.4,20.0,20.0,1
101,p041,11,2,11.4,20.0,0,11.4,20.0,20.0,1
101,p041,11,4,11.4,20.0,0,11.4,20.0,20.0,1
101,p041,11,8,27.58,98.0,0,27.58,98.0,98.0,1
101,p041,11,16,46.1,18.57142857142857,0,46.1,18.57142857142857,18.57142857142857,1
101,p041,11,32,89.03999999999999,93.52941176470588,1,46.1,18.57142857142857,18.57142857142857,1
101,p041,11,64,100.0,93.6842105263158,1,46.1,18.57142857142857,18.57142857142857,1
101,p042,0,1,9.04,100.0,0,9.04,100.0,100.0,1
101,p042,0,2,9.04,100.0,0,9.04,100.0,100.0,1
101,p042,0,4,11.26,20.0,0,11.26,20.0,20.0,1
101,p042,0,8,18.3,100.0,0,18.3,100.0,100.0,1
101,p042,0,16,25.96,100.0,0,25.96,100.0,100.0,1
101,p042,0,32,26.1,100.0,0,26.1,100.0,100.0,1
101,p042,0,64,89.03999999999999,93.52941176470588,1,27.419999999999998,98.0,98.0,1
101,p042,1,1,25.64,100.0,0,25.64,100.0,100.0,1
101,p042,1,2,25.64,100.0,0,25.64,100.0,100.0,1
101,p042,1,4,25.64,100.0,0,25.64,100.0,100.0,1
101,p042,1,8,25.64,100.0,0,25.64,100.0,100.0,1
101,p042,1,16,25.64,100.0,0,25.64,100.0,100.0,1
101,p042,1,32,47.720000000000006,15.0,1,25.64,100.0,100.0,1
101,p042,1,64,47.720000000000006,15.0,1,34.8,18.0,18.0,1
101,p042,2,1,9.66,100.0,0,9.66,100.0,100.0,1
101,p042,2,2,9.66,100.0,0,9.66,100.0,100.0,1
101,p042,2,4,45.5,95.71428571428571,1,9.66,100.0,100.0,1
101,p042,2,8,45.5,95.71428571428571,1,25.96,100.0,100.0,1
101,p042,2,16,45.5,95.71428571428571,1,25.96,100.0,100.0,1
101,p042,2,32,45.5,95.71428571428571,1,27.259999999999998,98.0,98.0,1
101,p042,2,64,48.2,97.0,1,27.259999999999998,98.0,98.0,1
101,p042,3,1,9.18,100.0,0,9.18,100.0,100.0,1
101,p042,3,2,9.18,100.0,0,9.18,100.0,100.0,1
101,p042,3,4,9.66,100.0,0,9.66,100.0,100.0,1
101,p042,3,8,50.42,16.666666666666664,1,9.66,100.0,100.0,1
101,p042,3,16,50.42,16.666666666666664,1,17.52,20.0,20.0,1
101,p042,3,32,91.44,93.88888888888889,1,27.419999999999998,98.0,98.0,1
101,p042,3,64,91.44,93.88888888888889,1,34.44,100.0,100.0,1
101,p042,4,1,15.3,100.0,0,15.3,100.0,100.0,1
101,p042,4,2,15.3,100.0,0,15.3,100.0,100.0,1
101,p042,4,4,27.259999999999998,98.0,0,27.259999999999998,98.0,98.0,1
101,p042,4,8,43.56,98.75,1,27.259999999999998,98.0,98.0,1
101,p042,4,16,45.78,18.57142857142857,1,27.259999999999998,98.0,98.0,1
101,p042,4,32,45.78,18.57142857142857,1,27.259999999999998,98.0,98.0,1
101,p042,4,64,51.14,96.25,1,32.58,98.33333333333333,98.33333333333333,1
101,p042,5,1,15.3,100.0,0,15.3,100.0,100.0,1
101,p042,5,2,15.3,100.0,0,15.3,100.0,100.0,1
101,p042,5,4,18.619999999999997,100.0,0,18.619999999999997,100.0,100.0,1
101,p042,5,8,33.22,98.33333333333333,1,18.619999999999997,100.0,100.0,1
101,p042,5,16,33.22,98.33333333333333,1,18.619999999999997,100.0,100.0,1
101,p042,5,32,45.34,95.71428571428571,1,32.28,98.33333333333333,98.33333333333333,1
101,p042,5,64,100.0,13.88888888888889,1,32.28,98.33333333333333,98.33333333333333,1
101,p042,6,1,11.4,20.0,0,11.4,20.0,20.0,1
101,p042,6,2,11.4,20.0,0,11.4,20.0,20.0,1
101,p042,6,4,11.4,20.0,0,11.4,20.0,20.0,1
101,p042,6,8,18.46,100.0,0,18.46,100.0,100.0,1
101,p042,6,16,47.260000000000005,97.0,1,18.46,100.0,100.0,1
101,p042,6,32,47.260000000000005,97.0,1,25.96,100.0,100.0,1
101,p042,6,64,47.260000000000005,97.0,1,27.419999999999998,98.0,98.0,1
101,p042,7,1,9.66,100.0,0,9.66,100.0,100.0,1
101,p042,7,2,9.66,100.0,0,9.66,100.0,100.0,1
101,p042,7,4,91.6,93.88888888888889,1,15.14,100.0,100.0,1
101,p042,7,8,91.6,93.88888888888889,1,27.419999999999998,98.0,98.0,1
101,p042,7,16,91.6,93.88888888888889,1,27.419999999999998,98.0,98.0,1
101,p042,7,32,91.6,93.88888888888889,1,27.419999999999998,98.0,98.0,1
101,p042,7,64,91.6,93.88888888888889,1,27.419999999999998,98.0,98.0,1
101,p042,8,1,14.36,100.0,0,14.36,100.0,100.0,1
101,p042,8,2,14.36,100.0,0,14.36,100.0,100.0,1
101,p042,8,4,44.02,98.75,1,18.14,100.0,100.0,1
101,p042,8,8,44.02,98.75,1,18.14,100.0,100.0,1
101,p042,8,16,89.03999999999999,93.52941176470588,1,18.14,100.0,100.0,1
101,p042,8,32,89.03999999999999,93.52941176470588,1,27.259999999999998,98.0,98.0,1
101,p042,8,64,89.03999999999999,93.52941176470588,1,34.6,100.0,100.0,1
101,p042,9,1,9.66,100.0,0,9.66,100.0,100.0,1
101,p042,9,2,15.14,100.0,0,15.14,100.0,100.0,1
101,p042,9,4,15.14,100.0,0,15.14,100.0,100.0,1
101,p042,9,8,25.96,100.0,0,25.96,100.0,100.0,1
101,p042,9,16,47.42,97.0,1,27.419999999999998,98.0,98.0,1
101,p042,9,32,97.54,93.88888888888889,1,27.419999999999998,98.0,98.0,1
101,p042,9,64,97.54,93.88888888888889,1,27.419999999999998,98.0,98.0,1
101,p042,10,1,18.14,100.0,0,18.14,100.0,100.0,1
101,p042,10,2,18.14,100.0,0,18.14,100.0,100.0,1
101,p042,10,4,18.14,100.0,0,18.14,100.0,100.0,1
101,p042,10,8,18.3,100.0,0,18.3,100.0,100.0,1
101,p042,10,16,29.48,17.5,1,27.259999999999998,98.0,98.0,1
101,p042,10,32,100.0,93.6842105263158,1,27.259999999999998,98.0,98.0,1
101,p042,10,64,100.0,93.6842105263158,1,27.259999999999998,98.0,98.0,1
101,p042,11,1,27.419999999999998,98.0,0,27.419999999999998,98.0,98.0,1
101,p042,11,2,27.419999999999998,98.0,0,27.419999999999998,98.0,98.0,1
101,p042,11,4,27.419999999999998,98.0,0,27.419999999999998,98.0,98.0,1
101,p042,11,8,28.32,20.0,1,27.419999999999998,98.0,98.0,1
101,p042,11,16,28.32,20.0,1,27.419999999999998,98.0,98.0,1
101,p042,11,32,93.52,13.529411764705882,1,27.419999999999998,98.0,98.0,1
101,p042,11,64,93.52,13.529411764705882,1,34.76,100.0,100.0,1
101,p043,0,1,9.66,100.0,0,9.66,100.0,100.0,1
101,p043,0,2,9.98,100.0,0,9.98,100.0,100.0,1
101,p043,0,4,29.64,17.5,1,9.98,100.0,100.0,1
101,p043,0,8,29.64,17.5,1,14.98,100.0,100.0,1
101,p043,0,16,29.64,17.5,1,25.799999999999997,100.0,100.0,1
101,p043,0,32,48.2,97.0,1,27.74,98.0,98.0,1
101,p043,0,64,48.2,97.0,1,27.9,98.0,98.0,1
101,p043,1,1,9.66,100.0,0,9.66,100.0,100.0,1
101,p043,1,2,18.619999999999997,100.0,0,18.619999999999997,100.0,100.0,1
101,p043,1,4,18.78,100.0,0,18.78,100.0,100.0,1
101,p043,1,8,18.939999999999998,100.0,0,18.939999999999998,100.0,100.0,1
101,p043,1,16,28.18,20.0,1,26.419999999999998,100.0,100.0,1
101,p043,1,32,52.74000000000001,15.714285714285714,1,26.419999999999998,100.0,100.0,1
101,p043,1,64,52.74000000000001,15.714285714285714,1,26.419999999999998,100.0,100.0,1
101,p043,2,1,9.82,100.0,0,9.82,100.0,100.0,1
101,p043,2,2,9.82,100.0,0,9.82,100.0,100.0,1
101,p043,2,4,15.459999999999999,100.0,0,15.459999999999999,100.0,100.0,1
101,p043,2,8,27.419999999999998,98.0,0,27.419999999999998,98.0,98.0,1
101,p043,2,16,34.92,100.0,1,27.419999999999998,98.0,98.0,1
101,p043,2,32,89.03999999999999,58.529411764705884,1,27.419999999999998,98.0,98.0,1
101,p043,2,64,89.03999999999999,58.529411764705884,1,27.58,98.0,98.0,1
101,p043,3,1,9.98,100.0,0,9.98,100.0,100.0,1
101,p043,3,2,15.459999999999999,100.0,0,15.459999999999999,100.0,100.0,1
101,p043,3,4,17.36,20.0,1,15.459999999999999,100.0,100.0,1
101,p043,3,8,17.36,20.0,1,15.459999999999999,100.0,100.0,1
101,p043,3,16,18.939999999999998,100.0,0,18.939999999999998,100.0,100.0,1
101,p043,3,32,32.92,98.33333333333333,1,18.939999999999998,100.0,100.0,1
101,p043,3,64,44.34,98.75,1,26.119999999999997,100.0,100.0,1
101,p043,4,1,9.82,100.0,0,9.82,100.0,100.0,1
101,p043,4,2,9.82,100.0,0,9.82,100.0,100.0,1
101,p043,4,4,15.62,100.0,0,15.62,100.0,100.0,1
101,p043,4,8,15.62,100.0,0,15.62,100.0,100.0,1
101,p043,4,16,56.7,97.27272727272728,1,27.419999999999998,98.0,98.0,1
101,p043,4,32,56.7,97.27272727272728,1,27.419999999999998,98.0,98.0,1
101,p043,4,64,89.03999999999999,58.529411764705884,1,27.419999999999998,98.0,98.0,1
101,p043,5,1,9.66,100.0,0,9.66,100.0,100.0,1
101,p043,5,2,18.78,100.0,0,18.78,100.0,100.0,1
101,p043,5,4,24.58,100.0,0,24.58,100.0,100.0,1
101,p043,5,8,24.58,100.0,0,24.58,100.0,100.0,1
101,p043,5,16,24.58,100.0,0,24.58,100.0,100.0,1
101,p043,5,32,27.7,20.0,1,27.279999999999998,98.0,98.0,1
101,p043,5,64,89.36,58.529411764705884,1,27.279999999999998,98.0,98.0,1
101,p043,6,1,9.82,100.0,0,9.82,100.0,100.0,1
101,p043,6,2,14.68,100.0,0,14.68,100.0,100.0,1
101,p043,6,4,18.32,100.0,0,18.32,100.0,100.0,1
101,p043,6,8,18.32,100.0,0,18.32,100.0,100.0,1
101,p043,6,16,25.799999999999997,100.0,0,25.799999999999997,100.0,100.0,1
101,p043,6,32,48.519999999999996,97.0,1,25.96,100.0,100.0,1
101,p043,6,64,48.519999999999996,97.0,1,27.58,98.0,98.0,1
101,p043,7,1,50.1,16.666666666666664,1,,,0.0,0
101,p043,7,2,50.1,16.666666666666664,1,11.56,20.0,20.0,1
101,p043,7,4,88.9,58.529411764705884,1,11.56,20.0,20.0,1
101,p043,7,8,88.9,58.529411764705884,1,15.459999999999999,100.0,100.0,1
101,p043,7,16,88.9,58.529411764705884,1,27.9,98.0,98.0,1
101,p043,7,32,88.9,58.529411764705884,1,27.9,98.0,98.0,1
101,p043,7,64,88.9,58.529411764705884,1,27.9,98.0,98.0,1
101,p043,8,1,9.82,100.0,0,9.82,100.0,100.0,1
101,p043,8,2,26.419999999999998,100.0,0,26.419999999999998,100.0,100.0,1
101,p043,8,4,26.419999999999998,100.0,0,26.419999999999998,100.0,100.0,1
101,p043,8,8,47.58,97.0,1,27.279999999999998,98.0,98.0,1
101,p043,8,16,47.58,97.0,1,27.279999999999998,98.0,98.0,1
101,p043,8,32,47.58,97.0,1,27.279999999999998,98.0,98.0,1
101,p043,8,64,89.2,58.529411764705884,1,27.279999999999998,98.0,98.0,1
101,p043,9,1,9.98,100.0,0,9.98,100.0,100.0,1
101,p043,9,2,9.98,100.0,0,9.98,100.0,100.0,1
101,p043,9,4,15.0,100.0,0,15.0,100.0,100.0,1
101,p043,9,8,18.619999999999997,100.0,0,18.619999999999997,100.0,100.0,1
101,p043,9,16,18.78,100.0,0,18.78,100.0,100.0,1
101,p043,9,32,28.32,20.0,1,26.119999999999997,100.0,100.0,1
101,p043,9,64,29.48,17.5,1,26.119999999999997,100.0,100.0,1
101,p043,10,1,9.36,100.0,0,9.36,100.0,100.0,1
101,p043,10,2,9.5,100.0,0,9.5,100.0,100.0,1
101,p043,10,4,18.78,100.0,0,18.78,100.0,100.0,1
101,p043,10,8,34.92,100.0,1,18.78,100.0,100.0,1
101,p043,10,16,89.03999999999999,58.529411764705884,1,18.78,100.0,100.0,1
101,p043,10,32,89.03999999999999,58.529411764705884,1,24.419999999999998,100.0,100.0,1
101,p043,10,64,89.03999999999999,58.529411764705884,1,26.279999999999998,100.0,100.0,1
101,p043,11,1,18.46,100.0,0,18.46,100.0,100.0,1
101,p043,11,2,27.58,98.0,0,27.58,98.0,98.0,1
101,p043,11,4,27.58,98.0,0,27.58,98.0,98.0,1
101,p043,11,8,89.52,58.529411764705884,1,27.58,98.0,98.0,1
101,p043,11,16,89.52,58.529411764705884,1,27.74,98.0,98.0,1
101,p043,11,32,89.52,58.529411764705884,1,27.74,98.0,98.0,1
101,p043,11,64,89.52,58.529411764705884,1,27.74,98.0,98.0,1
101,p044,0,1,14.68,100.0,0,14.68,100.0,100.0,1
101,p044,0,2,14.68,100.0,0,14.68,100.0,100.0,1
101,p044,0,4,14.68,100.0,0,14.68,100.0,100.0,1
101,p044,0,8,23.64,100.0,0,23.64,100.0,100.0,1
101,p044,0,16,26.32,20.0,0,26.32,20.0,20.0,1
101,p044,0,32,48.519999999999996,97.0,1,27.9,98.0,98.0,1
101,p044,0,64,89.36,58.529411764705884,1,27.9,98.0,98.0,1
101,p044,1,1,35.239999999999995,100.0,1,,,0.0,0
101,p044,1,2,35.239999999999995,100.0,1,18.939999999999998,100.0,100.0,1
101,p044,1,4,50.42,16.666666666666664,1,18.939999999999998,100.0,100.0,1
101,p044,1,8,50.42,16.666666666666664,1,27.279999999999998,98.0,98.0,1
101,p044,1,16,50.42,16.666666666666664,1,27.279999999999998,98.0,98.0,1
101,p044,1,32,50.42,16.666666666666664,1,27.279999999999998,98.0,98.0,1
101,p044,1,64,93.82,13.529411764705882,1,27.279999999999998,98.0,98.0,1
101,p044,2,1,9.82,100.0,0,9.82,100.0,100.0,1
101,p044,2,2,28.18,20.0,1,9.82,100.0,100.0,1
101,p044,2,4,28.18,20.0,1,9.82,100.0,100.0,1
101,p044,2,8,49.48,16.666666666666664,1,9.98,100.0,100.0,1
101,p044,2,16,89.03999999999999,58.529411764705884,1,26.119999999999997,100.0,100.0,1
101,p044,2,32,89.03999999999999,58.529411764705884,1,26.119999999999997,100.0,100.0,1
101,p044,2,64,89.03999999999999,58.529411764705884,1,26.279999999999998,100.0,100.0,1
101,p044,3,1,16.880000000000003,20.0,1,,,0.0,0
101,p044,3,2,16.880000000000003,20.0,1,9.82,100.0,100.0,1
101,p044,3,4,16.880000000000003,20.0,1,9.98,100.0,100.0,1
101,p044,3,8,35.239999999999995,100.0,1,27.279999999999998,98.0,98.0,1
101,p044,3,16,35.239999999999995,100.0,1,27.279999999999998,98.0,98.0,1
101,p044,3,32,35.239999999999995,100.0,1,27.419999999999998,98.0,98.0,1
101,p044,3,64,57.18,97.27272727272728,1,27.419999999999998,98.0,98.0,1
101,p044,4,1,9.98,100.0,0,9.98,100.0,100.0,1
101,p044,4,2,9.98,100.0,0,9.98,100.0,100.0,1
101,p044,4,4,9.98,100.0,0,9.98,100.0,100.0,1
101,p044,4,8,47.74,97.0,1,15.459999999999999,100.0,100.0,1
101,p044,4,16,47.74,97.0,1,27.9,98.0,98.0,1
101,p044,4,32,47.74,97.0,1,27.9,98.0,98.0,1
101,p044,4,64,65.66,96.66666666666667,1,34.8,18.0,18.0,1
101,p044,5,1,9.98,100.0,0,9.98,100.0,100.0,1
101,p044,5,2,9.98,100.0,0,9.98,100.0,100.0,1
101,p044,5,4,9.98,100.0,0,9.98,100.0,100.0,1
101,p044,5,8,25.86,20.0,0,25.86,20.0,20.0,1
101,p044,5,16,47.74,97.0,1,25.86,20.0,20.0,1
101,p044,5,32,47.74,97.0,1,25.86,20.0,20.0,1
101,p044,5,64,47.74,97.0,1,26.419999999999998,100.0,100.0,1
101,p044,6,1,15.62,100.0,0,15.62,100.0,100.0,1
101,p044,6,2,15.62,100.0,0,15.62,100.0,100.0,1
101,p044,6,4,15.62,100.0,0,15.62,100.0,100.0,1
101,p044,6,8,23.96,100.0,0,23.96,100.0,100.0,1
101,p044,6,16,26.119999999999997,100.0,0,26.119999999999997,100.0,100.0,1
101,p044,6,32,26.119999999999997,100.0,0,26.119999999999997,100.0,100.0,1
101,p044,6,64,27.419999999999998,98.0,0,27.419999999999998,98.0,98.0,1
101,p044,7,1,9.5,100.0,0,9.5,100.0,100.0,1
101,p044,7,2,15.040000000000001,20.0,0,15.040000000000001,20.0,20.0,1
101,p044,7,4,26.119999999999997,100.0,0,26.119999999999997,100.0,100.0,1
101,p044,7,8,26.119999999999997,100.0,0,26.119999999999997,100.0,100.0,1
101,p044,7,16,26.119999999999997,100.0,0,26.119999999999997,100.0,100.0,1
101,p044,7,32,26.419999999999998,100.0,0,26.419999999999998,100.0,100.0,1
101,p044,7,64,48.2,97.0,1,32.6,98.33333333333333,98.33333333333333,1
101,p044,8,1,9.82,100.0,0,9.82,100.0,100.0,1
101,p044,8,2,9.82,100.0,0,9.82,100.0,100.0,1
101,p044,8,4,9.82,100.0,0,9.82,100.0,100.0,1
101,p044,8,8,16.880000000000003,20.0,1,9.82,100.0,100.0,1
101,p044,8,16,26.279999999999998,100.0,0,26.279999999999998,100.0,100.0,1
101,p044,8,32,45.2,95.71428571428571,1,26.279999999999998,100.0,100.0,1
101,p044,8,64,51.300000000000004,96.25,1,27.58,98.0,98.0,1
101,p044,9,1,9.36,100.0,0,9.36,100.0,100.0,1
101,p044,9,2,45.34,95.71428571428571,1,9.36,100.0,100.0,1
101,p044,9,4,45.34,95.71428571428571,1,18.32,100.0,100.0,1
101,p044,9,8,89.52,58.529411764705884,1,18.32,100.0,100.0,1
101,p044,9,16,89.52,58.529411764705884,1,25.799999999999997,100.0,100.0,1
101,p044,9,32,89.52,58.529411764705884,1,25.799999999999997,100.0,100.0,1
101,p044,9,64,89.52,58.529411764705884,1,27.419999999999998,98.0,98.0,1
101,p044,10,1,45.2,95.71428571428571,1,,,0.0,0
101,p044,10,2,45.2,95.71428571428571,1,9.66,100.0,100.0,1
101,p044,10,4,45.2,95.71428571428571,1,9.98,100.0,100.0,1
101,p044,10,8,45.2,95.71428571428571,1,18.939999999999998,100.0,100.0,1
101,p044,10,16,45.2,95.71428571428571,1,18.939999999999998,100.0,100.0,1
101,p044,10,32,45.2,95.71428571428571,1,27.9,98.0,98.0,1
101,p044,10,64,47.58,97.0,1,27.9,98.0,98.0,1
101,p044,11,1,9.5,100.0,0,9.5,100.0,100.0,1
101,p044,11,2,50.42,16.666666666666664,1,9.5,100.0,100.0,1
101,p044,11,4,50.42,16.666666666666664,1,9.82,100.0,100.0,1
101,p044,11,8,50.42,16.666666666666664,1,13.14,100.0,100.0,1
101,p044,11,16,50.42,16.666666666666664,1,18.46,100.0,100.0,1
101,p044,11,32,50.42,16.666666666666664,1,35.44,18.0,18.0,1
101,p044,11,64,50.42,16.666666666666664,1,35.44,18.0,18.0,1
101,p045,0,1,9.98,100.0,0,9.98,100.0,100.0,1
101,p045,0,2,9.98,100.0,0,9.98,100.0,100.0,1
101,p045,0,4,9.98,100.0,0,9.98,100.0,100.0,1
101,p045,0,8,11.26,20.0,0,11.26,20.0,20.0,1
101,p045,0,16,32.9,98.33333333333333,0,32.9,98.33333333333333,98.33333333333333,1
101,p045,0,32,68.03999999999999,16.363636363636363,1,32.9,98.33333333333333,98.33333333333333,1
101,p045,0,64,68.03999999999999,16.363636363636363,1,32.9,98.33333333333333,98.33333333333333,1
101,p045,1,1,17.36,20.0,1,,,0.0,0
101,p045,1,2,17.36,20.0,1,9.98,100.0,100.0,1
101,p045,1,4,18.78,100.0,0,18.78,100.0,100.0,1
101,p045,1,8,27.9,98.0,0,27.9,98.0,98.0,1
101,p045,1,16,29.64,17.5,1,27.9,98.0,98.0,1
101,p045,1,32,47.58,97.0,1,27.9,98.0,98.0,1
101,p045,1,64,47.58,97.0,1,27.9,98.0,98.0,1
101,p045,2,1,14.98,100.0,0,14.98,100.0,100.0,1
101,p045,2,2,14.98,100.0,0,14.98,100.0,100.0,1
101,p045,2,4,14.98,100.0,0,14.98,100.0,100.0,1
101,p045,2,8,27.86,20.0,1,14.98,100.0,100.0,1
101,p045,2,16,27.86,20.0,1,27.279999999999998,98.0,98.0,1
101,p045,2,32,44.2,98.75,1,27.279999999999998,98.0,98.0,1
101,p045,2,64,45.82000000000001,95.71428571428571,1,27.279999999999998,98.0,98.0,1
101,p045,3,1,9.66,100.0,0,9.66,100.0,100.0,1
101,p045,3,2,15.0,100.0,0,15.0,100.0,100.0,1
101,p045,3,4,15.0,100.0,0,15.0,100.0,100.0,1
101,p045,3,8,26.279999999999998,100.0,0,26.279999999999998,100.0,100.0,1
101,p045,3,16,26.279999999999998,100.0,0,26.279999999999998,100.0,100.0,1
101,p045,3,32,26.279999999999998,100.0,0,26.279999999999998,100.0,100.0,1
101,p045,3,64,45.2,95.71428571428571,1,27.58,98.0,98.0,1
101,p045,4,1,45.660000000000004,95.71428571428571,1,,,0.0,0
101,p045,4,2,45.660000000000004,95.71428571428571,1,18.78,100.0,100.0,1
101,p045,4,4,45.660000000000004,95.71428571428571,1,18.78,100.0,100.0,1
101,p045,4,8,45.660000000000004,95.71428571428571,1,20.84,20.0,20.0,1
101,p045,4,16,45.660000000000004,95.71428571428571,1,20.84,20.0,20.0,1
101,p045,4,32,45.660000000000004,95.71428571428571,1,20.84,20.0,20.0,1
101,p045,4,64,47.58,97.0,1,20.84,20.0,20.0,1
101,p045,5,1,9.66,100.0,0,9.66,100.0,100.0,1
101,p045,5,2,9.66,100.0,0,9.66,100.0,100.0,1
101,p045,5,4,9.66,100.0,0,9.66,100.0,100.0,1
101,p045,5,8,18.46,100.0,0,18.46,100.0,100.0,1
101,p045,5,16,62.12,97.0,1,23.939999999999998,100.0,100.0,1
101,p045,5,32,65.66,96.66666666666667,1,23.939999999999998,100.0,100.0,1
101,p045,5,64,93.52,13.529411764705882,1,26.279999999999998,100.0,100.0,1
101,p045,6,1,14.98,100.0,0,14.98,100.0,100.0,1
101,p045,6,2,25.799999999999997,100.0,0,25.799999999999997,100.0,100.0,1
101,p045,6,4,25.799999999999997,100.0,0,25.799999999999997,100.0,100.0,1
101,p045,6,8,28.18,20.0,1,25.799999999999997,100.0,100.0,1
101,p045,6,16,35.379999999999995,100.0,1,25.799999999999997,100.0,100.0,1
101,p045,6,32,47.74,97.0,1,26.119999999999997,100.0,100.0,1
101,p045,6,64,89.03999999999999,58.529411764705884,1,27.279999999999998,98.0,98.0,1
101,p045,7,1,9.98,100.0,0,9.98,100.0,100.0,1
101,p045,7,2,20.36,20.0,0,20.36,20.0,20.0,1
101,p045,7,4,20.36,20.0,0,20.36,20.0,20.0,1
101,p045,7,8,20.36,20.0,0,20.36,20.0,20.0,1
101,p045,7,16,20.36,20.0,0,20.36,20.0,20.0,1
101,p045,7,32,27.9,98.0,0,27.9,98.0,98.0,1
101,p045,7,64,47.74,97.0,1,27.9,98.0,98.0,1
101,p045,8,1,9.36,100.0,0,9.36,100.0,100.0,1
101,p045,8,2,11.72,20.0,0,11.72,20.0,20.0,1
101,p045,8,4,47.74,97.0,1,11.72,20.0,20.0,1
101,p045,8,8,47.74,97.0,1,15.459999999999999,100.0,100.0,1
101,p045,8,16,47.74,97.0,1,25.799999999999997,100.0,100.0,1
101,p045,8,32,89.36,58.529411764705884,1,25.799999999999997,100.0,100.0,1
101,p045,8,64,89.36,58.529411764705884,1,27.9,98.0,98.0,1
101,p045,9,1,34.76,100.0,0,34.76,100.0,100.0,1
101,p045,9,2,34.76,100.0,0,34.76,100.0,100.0,1
101,p045,9,4,34.76,100.0,0,34.76,100.0,100.0,1
101,p045,9,8,34.76,100.0,0,34.76,100.0,100.0,1
101,p045,9,16,34.76,100.0,0,34.76,100.0,100.0,1
101,p045,9,32,49.48,16.666666666666664,1,34.76,100.0,100.0,1
101,p045,9,64,88.9,58.529411764705884,1,34.76,100.0,100.0,1
101,p045,10,1,18.32,100.0,0,18.32,100.0,100.0,1
101,p045,10,2,18.32,100.0,0,18.32,100.0,100.0,1
101,p045,10,4,18.32,100.0,0,18.32,100.0,100.0,1
101,p045,10,8,26.279999999999998,100.0,0,26.279999999999998,100.0,100.0,1
101,p045,10,16,26.419999999999998,100.0,0,26.419999999999998,100.0,100.0,1
101,p045,10,32,47.74,97.0,1,27.419999999999998,98.0,98.0,1
101,p045,10,64,66.14,96.66666666666667,1,27.419999999999998,98.0,98.0,1
101,p045,11,1,9.82,100.0,0,9.82,100.0,100.0,1
101,p045,11,2,28.18,20.0,1,9.82,100.0,100.0,1
101,p045,11,4,28.18,20.0,1,25.96,100.0,100.0,1
101,p045,11,8,89.52,58.529411764705884,1,27.58,98.0,98.0,1
101,p045,11,16,89.52,58.529411764705884,1,27.58,98.0,98.0,1
101,p045,11,32,89.52,58.529411764705884,1,27.58,98.0,98.0,1
101,p045,11,64,89.52,58.529411764705884,1,27.58,98.0,98.0,1
101,p046,0,1,9.98,100.0,0,9.98,100.0,100.0,1
101,p046,0,2,10.600000000000001,100.0,0,10.600000000000001,100.0,100.0,1
101,p046,0,4,10.600000000000001,100.0,0,10.600000000000001,100.0,100.0,1
101,p046,0,8,20.68,20.0,0,20.68,20.0,20.0,1
101,p046,0,16,28.52,98.0,1,24.58,100.0,100.0,1
101,p046,0,32,28.52,98.0,1,26.9,100.0,100.0,1
101,p046,0,64,67.06,96.66666666666667,1,26.9,100.0,100.0,1
101,p046,1,1,10.440000000000001,100.0,0,10.440000000000001,100.0,100.0,1
101,p046,1,2,28.18,20.0,1,10.440000000000001,100.0,100.0,1
101,p046,1,4,28.18,20.0,1,10.440000000000001,100.0,100.0,1
101,p046,1,8,28.18,20.0,1,15.3,100.0,100.0,1
101,p046,1,16,35.54,100.0,1,18.939999999999998,100.0,100.0,1
101,p046,1,32,35.54,100.0,1,25.2,100.0,100.0,1
101,p046,1,64,89.66,58.529411764705884,1,28.36,98.0,98.0,1
101,p046,2,1,10.600000000000001,100.0,0,10.600000000000001,100.0,100.0,1
101,p046,2,2,10.600000000000001,100.0,0,10.600000000000001,100.0,100.0,1
101,p046,2,4,11.4,20.0,0,11.4,20.0,20.0,1
101,p046,2,8,25.04,100.0,0,25.04,100.0,100.0,1
101,p046,2,16,25.04,100.0,0,25.04,100.0,100.0,1
101,p046,2,32,28.36,98.0,0,28.36,98.0,98.0,1
101,p046,2,64,98.16,58.888888888888886,1,28.36,98.0,98.0,1
101,p046,3,1,20.84,20.0,0,20.84,20.0,20.0,1
101,p046,3,2,20.84,20.0,0,20.84,20.0,20.0,1
101,p046,3,4,27.7,20.0,1,27.04,100.0,100.0,1
101,p046,3,8,27.86,20.0,1,27.04,100.0,100.0,1
101,p046,3,16,51.14,96.25,1,27.04,100.0,100.0,1
101,p046,3,32,51.14,96.25,1,27.04,100.0,100.0,1
101,p046,3,64,51.14,96.25,1,28.2,98.0,98.0,1
101,p046,4,1,10.120000000000001,100.0,0,10.120000000000001,100.0,100.0,1
101,p046,4,2,10.120000000000001,100.0,0,10.120000000000001,100.0,100.0,1
101,p046,4,4,16.240000000000002,100.0,0,16.240000000000002,100.0,100.0,1
101,p046,4,8,25.04,100.0,0,25.04,100.0,100.0,1
101,p046,4,16,25.04,100.0,0,25.04,100.0,100.0,1
101,p046,4,32,25.04,100.0,0,25.04,100.0,100.0,1
101,p046,4,64,35.7,100.0,1,28.04,98.0,98.0,1
101,p046,5,1,15.62,100.0,0,15.62,100.0,100.0,1
101,p046,5,2,15.62,100.0,0,15.62,100.0,100.0,1
101,p046,5,4,15.62,100.0,0,15.62,100.0,100.0,1
101,p046,5,8,15.62,100.0,0,15.62,100.0,100.0,1
101,p046,5,16,20.36,20.0,0,20.36,20.0,20.0,1
101,p046,5,32,28.52,98.0,1,26.58,100.0,100.0,1
101,p046,5,64,49.48,16.666666666666664,1,26.58,100.0,100.0,1
101,p046,6,1,4.8,100.0,0,4.8,100.0,100.0,1
101,p046,6,2,10.440000000000001,100.0,0,10.440000000000001,100.0,100.0,1
101,p046,6,4,10.440000000000001,100.0,0,10.440000000000001,100.0,100.0,1
101,p046,6,8,18.939999999999998,100.0,0,18.939999999999998,100.0,100.0,1
101,p046,6,16,28.52,98.0,1,19.240000000000002,100.0,100.0,1
101,p046,6,32,100.0,13.88888888888889,1,26.74,100.0,100.0,1
101,p046,6,64,100.0,13.88888888888889,1,28.36,98.0,98.0,1
101,p046,7,1,20.52,20.0,0,20.52,20.0,20.0,1
101,p046,7,2,20.52,20.0,0,20.52,20.0,20.0,1
101,p046,7,4,20.52,20.0,0,20.52,20.0,20.0,1
101,p046,7,8,20.52,20.0,0,20.52,20.0,20.0,1
101,p046,7,16,28.52,98.0,1,20.52,20.0,20.0,1
101,p046,7,32,28.52,98.0,1,20.52,20.0,20.0,1
101,p046,7,64,49.14,97.0,1,27.04,100.0,100.0,1
101,p046,8,1,10.600000000000001,100.0,0,10.600000000000001,100.0,100.0,1
101,p046,8,2,26.32,20.0,0,26.32,20.0,20.0,1
101,p046,8,4,26.32,20.0,0,26.32,20.0,20.0,1
101,p046,8,8,26.32,20.0,0,26.32,20.0,20.0,1
101,p046,8,16,26.32,20.0,0,26.32,20.0,20.0,1
101,p046,8,32,89.2,58.529411764705884,1,26.74,100.0,100.0,1
101,p046,8,64,89.2,58.529411764705884,1,27.04,100.0,100.0,1
101,p046,9,1,10.440000000000001,100.0,0,10.440000000000001,100.0,100.0,1
101,p046,9,2,10.600000000000001,100.0,0,10.600000000000001,100.0,100.0,1
101,p046,9,4,10.600000000000001,100.0,0,10.600000000000001,100.0,100.0,1
101,p046,9,8,15.600000000000001,100.0,0,15.600000000000001,100.0,100.0,1
101,p046,9,16,27.9,98.0,0,27.9,98.0,98.0,1
101,p046,9,32,48.82000000000001,97.0,1,27.9,98.0,98.0,1
101,p046,9,64,48.82000000000001,97.0,1,27.9,98.0,98.0,1
101,p046,10,1,10.440000000000001,100.0,0,10.440000000000001,100.0,100.0,1
101,p046,10,2,10.440000000000001,100.0,0,10.440000000000001,100.0,100.0,1
101,p046,10,4,15.62,100.0,0,15.62,100.0,100.0,1
101,p046,10,8,15.62,100.0,0,15.62,100.0,100.0,1
101,p046,10,16,18.939999999999998,100.0,0,18.939999999999998,100.0,100.0,1
101,p046,10,32,47.720000000000006,15.0,1,26.58,100.0,100.0,1
101,p046,10,64,100.0,58.68421052631579,1,27.9,98.0,98.0,1
101,p046,11,1,9.98,100.0,0,9.98,100.0,100.0,1
101,p046,11,2,19.4,100.0,0,19.4,100.0,100.0,1
101,p046,11,4,25.04,100.0,0,25.04,100.0,100.0,1
101,p046,11,8,25.04,100.0,0,25.04,100.0,100.0,1
101,p046,11,16,89.66,58.529411764705884,1,25.04,100.0,100.0,1
101,p046,11,32,89.66,58.529411764705884,1,25.04,100.0,100.0,1
101,p046,11,64,89.66,58.529411764705884,1,26.74,100.0,100.0,1
101,p047,0,1,17.36,20.0,1,,,0.0,0
101,p047,0,2,17.36,20.0,1,10.120000000000001,100.0,100.0,1
101,p047,0,4,18.939999999999998,100.0,0,18.939999999999998,100.0,100.0,1
101,p047,0,8,18.939999999999998,100.0,0,18.939999999999998,100.0,100.0,1
101,p047,0,16,35.7,100.0,1,18.939999999999998,100.0,100.0,1
101,p047,0,32,89.66,58.529411764705884,1,28.04,98.0,98.0,1
101,p047,0,64,89.66,58.529411764705884,1,28.04,98.0,98.0,1
101,p047,1,1,27.86,20.0,1,,,0.0,0
101,p047,1,2,27.86,20.0,1,26.419999999999998,100.0,100.0,1
101,p047,1,4,28.36,98.0,0,28.36,98.0,98.0,1
101,p047,1,8,35.86,100.0,1,28.36,98.0,98.0,1
101,p047,1,16,35.86,100.0,1,28.36,98.0,98.0,1
101,p047,1,32,35.86,100.0,1,28.36,98.0,98.0,1
101,p047,1,64,35.86,100.0,1,28.36,98.0,98.0,1
101,p047,2,1,11.4,20.0,0,11.4,20.0,20.0,1
101,p047,2,2,11.4,20.0,0,11.4,20.0,20.0,1
101,p047,2,4,11.4,20.0,0,11.4,20.0,20.0,1
101,p047,2,8,36.0,100.0,1,16.240000000000002,100.0,100.0,1
101,p047,2,16,48.82000000000001,97.0,1,26.74,100.0,100.0,1
101,p047,2,32,48.82000000000001,97.0,1,26.74,100.0,100.0,1
101,p047,2,64,48.82000000000001,97.0,1,26.74,100.0,100.0,1
101,p047,3,1,19.240000000000002,100.0,0,19.240000000000002,100.0,100.0,1
101,p047,3,2,19.240000000000002,100.0,0,19.240000000000002,100.0,100.0,1
101,p047,3,4,34.5,18.0,0,34.5,18.0,18.0,1
101,p047,3,8,34.5,18.0,0,34.5,18.0,18.0,1
101,p047,3,16,50.42,16.666666666666664,1,34.5,18.0,18.0,1
101,p047,3,32,50.42,16.666666666666664,1,34.5,18.0,18.0,1
101,p047,3,64,100.0,13.88888888888889,1,34.5,18.0,18.0,1
101,p047,4,1,10.120000000000001,100.0,0,10.120000000000001,100.0,100.0,1
101,p047,4,2,11.56,20.0,0,11.56,20.0,20.0,1
101,p047,4,4,11.56,20.0,0,11.56,20.0,20.0,1
101,p047,4,8,19.240000000000002,100.0,0,19.240000000000002,100.0,100.0,1
101,p047,4,16,89.66,58.529411764705884,1,19.240000000000002,100.0,100.0,1
101,p047,4,32,89.66,58.529411764705884,1,19.4,100.0,100.0,1
101,p047,4,64,89.66,58.529411764705884,1,26.74,100.0,100.0,1
101,p047,5,1,9.98,100.0,0,9.98,100.0,100.0,1
101,p047,5,2,15.3,100.0,0,15.3,100.0,100.0,1
101,p047,5,4,28.52,98.0,1,15.3,100.0,100.0,1
101,p047,5,8,28.52,98.0,1,15.3,100.0,100.0,1
101,p047,5,16,48.36,97.0,1,26.9,100.0,100.0,1
101,p047,5,32,89.82,58.529411764705884,1,27.04,100.0,100.0,1
101,p047,5,64,89.82,58.529411764705884,1,27.04,100.0,100.0,1
101,p047,6,1,10.440000000000001,100.0,0,10.440000000000001,100.0,100.0,1
101,p047,6,2,10.440000000000001,100.0,0,10.440000000000001,100.0,100.0,1
101,p047,6,4,11.4,20.0,0,11.4,20.0,20.0,1
101,p047,6,8,100.0,58.68421052631579,1,19.4,100.0,100.0,1
101,p047,6,16,100.0,58.68421052631579,1,20.84,20.0,20.0,1
101,p047,6,32,100.0,58.68421052631579,1,26.74,100.0,100.0,1
101,p047,6,64,100.0,58.68421052631579,1,26.74,100.0,100.0,1
101,p047,7,1,4.8,100.0,0,4.8,100.0,100.0,1
101,p047,7,2,9.98,100.0,0,9.98,100.0,100.0,1
101,p047,7,4,10.600000000000001,100.0,0,10.600000000000001,100.0,100.0,1
101,p047,7,8,18.939999999999998,100.0,0,18.939999999999998,100.0,100.0,1
101,p047,7,16,33.52,98.33333333333333,1,26.58,100.0,100.0,1
101,p047,7,32,33.52,98.33333333333333,1,26.58,100.0,100.0,1
101,p047,7,64,67.06,96.66666666666667,1,28.36,98.0,98.0,1
101,p047,8,1,10.440000000000001,100.0,0,10.440000000000001,100.0,100.0,1
101,p047,8,2,15.3,100.0,0,15.3,100.0,100.0,1
101,p047,8,4,24.560000000000002,100.0,0,24.560000000000002,100.0,100.0,1
101,p047,8,8,48.82000000000001,97.0,1,24.560000000000002,100.0,100.0,1
101,p047,8,16,48.82000000000001,97.0,1,24.560000000000002,100.0,100.0,1
101,p047,8,32,98.46,58.888888888888886,1,26.58,100.0,100.0,1
101,p047,8,64,98.46,58.888888888888886,1,27.9,98.0,98.0,1
101,p047,9,1,35.54,100.0,1,,,0.0,0
101,p047,9,2,35.54,100.0,1,10.440000000000001,100.0,100.0,1
101,p047,9,4,35.54,100.0,1,15.600000000000001,100.0,100.0,1
101,p047,9,8,35.54,100.0,1,15.600000000000001,100.0,100.0,1
101,p047,9,16,84.2,95.71428571428571,1,24.259999999999998,100.0,100.0,1
101,p047,9,32,98.3,58.888888888888886,1,26.58,100.0,100.0,1
101,p047,9,64,98.3,58.888888888888886,1,28.36,98.0,98.0,1
101,p047,10,1,10.440000000000001,100.0,0,10.440000000000001,100.0,100.0,1
101,p047,10,2,11.72,20.0,0,11.72,20.0,20.0,1
101,p047,10,4,11.72,20.0,0,11.72,20.0,20.0,1
101,p047,10,8,26.419999999999998,100.0,0,26.419999999999998,100.0,100.0,1
101,p047,10,16,27.9,98.0,0,27.9,98.0,98.0,1
101,p047,10,32,28.04,98.0,0,28.04,98.0,98.0,1
101,p047,10,64,28.36,98.0,0,28.36,98.0,98.0,1
101,p047,11,1,15.62,100.0,0,15.62,100.0,100.0,1
101,p047,11,2,15.62,100.0,0,15.62,100.0,100.0,1
101,p047,11,4,18.939999999999998,100.0,0,18.939999999999998,100.0,100.0,1
101,p047,11,8,19.08,100.0,0,19.08,100.0,100.0,1
101,p047,11,16,57.8,97.27272727272728,1,26.74,100.0,100.0,1
101,p047,11,32,57.8,97.27272727272728,1,27.04,100.0,100.0,1
101,p047,11,64,98.16,58.888888888888886,1,27.04,100.0,100.0,1
101,p048,0,1,9.98,100.0,0,9.98,100.0,100.0,1
101,p048,0,2,10.280000000000001,100.0,0,10.280000000000001,100.0,100.0,1
101,p048,0,4,49.14,97.0,1,10.280000000000001,100.0,100.0,1
101,p048,0,8,49.14,97.0,1,19.240000000000002,100.0,100.0,1
101,p048,0,16,49.14,97.0,1,19.240000000000002,100.0,100.0,1
101,p048,0,32,49.14,97.0,1,26.9,100.0,100.0,1
101,p048,0,64,93.82,13.529411764705882,1,28.2,98.0,98.0,1
101,p048,1,1,10.280000000000001,100.0,0,10.280000000000001,100.0,100.0,1
101,p048,1,2,49.14,97.0,1,10.280000000000001,100.0,100.0,1
101,p048,1,4,49.14,97.0,1,11.56,20.0,20.0,1
101,p048,1,8,49.14,97.0,1,11.56,20.0,20.0,1
101,p048,1,16,49.14,97.0,1,18.939999999999998,100.0,100.0,1
101,p048,1,32,49.14,97.0,1,19.4,100.0,100.0,1
101,p048,1,64,51.92,96.25,1,26.74,100.0,100.0,1
101,p048,2,1,11.26,20.0,0,11.26,20.0,20.0,1
101,p048,2,2,16.08,100.0,0,16.08,100.0,100.0,1
101,p048,2,4,16.08,100.0,0,16.08,100.0,100.0,1
101,p048,2,8,28.36,98.0,0,28.36,98.0,98.0,1
101,p048,2,16,28.36,98.0,0,28.36,98.0,98.0,1
101,p048,2,32,28.36,98.0,0,28.36,98.0,98.0,1
101,p048,2,64,49.48,16.666666666666664,1,28.36,98.0,98.0,1
101,p048,3,1,11.72,20.0,0,11.72,20.0,20.0,1
101,p048,3,2,11.72,20.0,0,11.72,20.0,20.0,1
101,p048,3,4,15.600000000000001,100.0,0,15.600000000000001,100.0,100.0,1
101,p048,3,8,16.240000000000002,100.0,0,16.240000000000002,100.0,100.0,1
101,p048,3,16,16.240000000000002,100.0,0,16.240000000000002,100.0,100.0,1
101,p048,3,32,28.04,98.0,0,28.04,98.0,98.0,1
101,p048,3,64,89.2,58.529411764705884,1,28.04,98.0,98.0,1
101,p048,4,1,9.98,100.0,0,9.98,100.0,100.0,1
101,p048,4,2,10.280000000000001,100.0,0,10.280000000000001,100.0,100.0,1
101,p048,4,4,24.259999999999998,100.0,0,24.259999999999998,100.0,100.0,1
101,p048,4,8,24.259999999999998,100.0,0,24.259999999999998,100.0,100.0,1
101,p048,4,16,24.259999999999998,100.0,0,24.259999999999998,100.0,100.0,1
101,p048,4,32,27.04,100.0,0,27.04,100.0,100.0,1
101,p048,4,64,48.36,97.0,1,27.9,98.0,98.0,1
101,p048,5,1,4.8,100.0,0,4.8,100.0,100.0,1
101,p048,5,2,66.12,96.66666666666667,1,4.8,100.0,100.0,1
101,p048,5,4,66.12,96.66666666666667,1,25.04,100.0,100.0,1
101,p048,5,8,66.12,96.66666666666667,1,25.04,100.0,100.0,1
101,p048,5,16,89.33999999999999,58.529411764705884,1,27.04,100.0,100.0,1
101,p048,5,32,89.33999999999999,58.529411764705884,1,27.04,100.0,100.0,1
101,p048,5,64,89.33999999999999,58.529411764705884,1,27.04,100.0,100.0,1
101,p048,6,1,9.98,100.0,0,9.98,100.0,100.0,1
101,p048,6,2,10.120000000000001,100.0,0,10.120000000000001,100.0,100.0,1
101,p048,6,4,10.120000000000001,100.0,0,10.120000000000001,100.0,100.0,1
101,p048,6,8,19.4,100.0,0,19.4,100.0,100.0,1
101,p048,6,16,35.379999999999995,100.0,1,28.36,98.0,98.0,1
101,p048,6,32,49.63999999999999,16.666666666666664,1,28.36,98.0,98.0,1
101,p048,6,64,49.63999999999999,16.666666666666664,1,28.36,98.0,98.0,1
101,p048,7,1,10.440000000000001,100.0,0,10.440000000000001,100.0,100.0,1
101,p048,7,2,15.600000000000001,100.0,0,15.600000000000001,100.0,100.0,1
101,p048,7,4,35.7,100.0,1,15.600000000000001,100.0,100.0,1
101,p048,7,8,35.7,100.0,1,26.9,100.0,100.0,1
101,p048,7,16,35.7,100.0,1,26.9,100.0,100.0,1
101,p048,7,32,35.7,100.0,1,26.9,100.0,100.0,1
101,p048,7,64,35.7,100.0,1,28.36,98.0,98.0,1
101,p048,8,1,10.600000000000001,100.0,0,10.600000000000001,100.0,100.0,1
101,p048,8,2,10.600000000000001,100.0,0,10.600000000000001,100.0,100.0,1
101,p048,8,4,11.4,20.0,0,11.4,20.0,20.0,1
101,p048,8,8,11.4,20.0,0,11.4,20.0,20.0,1
101,p048,8,16,26.58,100.0,0,26.58,100.0,100.0,1
101,p048,8,32,89.82,58.529411764705884,1,26.74,100.0,100.0,1
101,p048,8,64,89.82,58.529411764705884,1,28.2,98.0,98.0,1
101,p048,9,1,16.240000000000002,100.0,0,16.240000000000002,100.0,100.0,1
101,p048,9,2,16.240000000000002,100.0,0,16.240000000000002,100.0,100.0,1
101,p048,9,4,16.240000000000002,100.0,0,16.240000000000002,100.0,100.0,1
101,p048,9,8,19.4,100.0,0,19.4,100.0,100.0,1
101,p048,9,16,89.33999999999999,58.529411764705884,1,19.4,100.0,100.0,1
101,p048,9,32,89.33999999999999,58.529411764705884,1,28.04,98.0,98.0,1
101,p048,9,64,89.33999999999999,58.529411764705884,1,28.36,98.0,98.0,1
101,p048,10,1,9.98,100.0,0,9.98,100.0,100.0,1
101,p048,10,2,26.32,20.0,0,26.32,20.0,20.0,1
101,p048,10,4,26.32,20.0,0,26.32,20.0,20.0,1
101,p048,10,8,27.9,98.0,0,27.9,98.0,98.0,1
101,p048,10,16,27.9,98.0,0,27.9,98.0,98.0,1
101,p048,10,32,89.5,58.529411764705884,1,27.9,98.0,98.0,1
101,p048,10,64,89.5,58.529411764705884,1,27.9,98.0,98.0,1
101,p048,11,1,20.68,20.0,0,20.68,20.0,20.0,1
101,p048,11,2,26.58,100.0,0,26.58,100.0,100.0,1
101,p048,11,4,28.2,98.0,0,28.2,98.0,98.0,1
101,p048,11,8,28.2,98.0,0,28.2,98.0,98.0,1
101,p048,11,16,89.33999999999999,58.529411764705884,1,28.2,98.0,98.0,1
101,p048,11,32,89.33999999999999,58.529411764705884,1,28.2,98.0,98.0,1
101,p048,11,64,89.33999999999999,58.529411764705884,1,28.2,98.0,98.0,1
