seed,step,batch_raw_reward,expected_empathy_count,expected_positive_count,specific_probability,entropy
7,1,6.7960416666666665,1.5609420876993036,0.2540005581802555,0.8498898283996499,2.0280195818864075
7,2,6.986875,1.5671457382231155,0.25719132562736663,0.8488454557136202,2.041250121495357
7,3,6.847708333333333,1.5742173137385331,0.2592472384299438,0.8493722316709945,2.05020841133668
7,4,6.522708333333334,1.5772093021353069,0.2627838003247584,0.8485374254673193,2.0611059492281214
7,5,7.255416666666666,1.5853271474685198,0.26486479133351637,0.8480809651857306,2.0731132847736227
7,6,8.480416666666667,1.600103660544866,0.26651626446877036,0.8471915977544787,2.0900452355122425
7,7,8.117916666666666,1.605322319755131,0.27118635523157386,0.846531823144526,2.103429726772945
7,8,8.22625,1.6160775452902878,0.27520341215686944,0.8470719622389143,2.1179527461796352
7,9,6.293333333333333,1.6235605058155003,0.2776328869258613,0.8459038896851679,2.1307340824270193
7,10,9.785,1.6325154258176178,0.2821956215848888,0.8457340802347946,2.145253546357499
7,11,6.840833333333333,1.6392498776563638,0.28658431794023015,0.8455319410533741,2.158586054744123
7,12,7.872708333333333,1.6481696371422652,0.2908495828823562,0.8422223697666341,2.178376555547681
7,13,7.801666666666667,1.6582173547369623,0.296164891726723,0.840584032284164,2.196709776328291
7,14,9.471874999999999,1.6708665781929337,0.2989652391687511,0.8382133170907738,2.213790488163681
7,15,7.141666666666667,1.6777522412534405,0.3014377484562353,0.8369448474499771,2.225641276300337
7,16,9.8125,1.6947738114774131,0.30378081634541965,0.8377854246019143,2.2399394314138457
7,17,7.660416666666666,1.7026745270168329,0.3099569070907443,0.835586408108413,2.2583009352237062
7,18,8.363958333333334,1.7108008892539994,0.31622759753731855,0.8359371176148139,2.273007284273069
7,19,8.694791666666667,1.7217763790655947,0.32116849423231275,0.8350519838752313,2.289747719627798
7,20,9.372708333333334,1.7401846187621928,0.3229000652214823,0.8356129327618842,2.3056391024062513
7,21,8.365208333333333,1.7533467457464929,0.327081947193107,0.8359857841419766,2.320315434333895
7,22,6.360833333333333,1.760100042571926,0.32932145344037905,0.8351076585291489,2.329449364501921
7,23,8.440625,1.7731248660332992,0.33300335723918845,0.8357673504665469,2.342189811526664
7,24,7.121458333333334,1.7797780508009933,0.33622481238862834,0.8360287370046293,2.350925302634922
7,25,8.068125,1.7898498417753814,0.3394100835712725,0.8363299984761163,2.3611055081999135
7,26,8.637708333333334,1.8001908490284086,0.34325664393638305,0.8350858739542993,2.375091158493862
7,27,8.753541666666665,1.8139915152112696,0.3474288299564519,0.8345188697304888,2.390532161324801
7,28,9.327708333333334,1.8208741680455938,0.35179372362840355,0.8337636143081645,2.402604743040683
7,29,8.516041666666666,1.8314817740168128,0.35512398044680155,0.8303707955911724,2.4189076963332763
7,30,8.575,1.8433008095880234,0.36024290404304404,0.8289741182815694,2.4353860057434757
7,31,8.35375,1.8564566386497188,0.36259940845127336,0.8293939689008092,2.4452539489435416
7,32,8.093333333333334,1.8668967396013934,0.36766107418188865,0.8287852019276135,2.459769713869587
7,33,8.222916666666668,1.8786287318114578,0.37304965873648727,0.8283326097101028,2.474042432484774
7,34,8.827499999999999,1.8927118803633334,0.38141578423050587,0.8293090222346026,2.4910699038017854
7,35,10.416666666666666,1.9081061017654741,0.3864272015246439,0.8313609161186744,2.502885250857876
7,36,9.248541666666666,1.9227127048380501,0.39148368015870966,0.8319678398937875,2.516554550528494
7,37,8.549375,1.9361359610824538,0.39556390981001854,0.8325685407829432,2.5278110068656288
7,38,9.762500000000001,1.955608195595166,0.3993719106876539,0.8319278153799562,2.5448506800106343
7,39,8.69,1.9660832566392332,0.4076227613978118,0.8320027714620603,2.5581833535422085
7,40,9.25875,1.984218592540899,0.41323618840524406,0.8298328008352669,2.5778730649244412
7,41,8.621666666666668,1.9961737305688714,0.4187070415456816,0.8288558084117367,2.5914863789762634
7,42,8.677083333333334,2.004451775346765,0.42607408099544525,0.8280740187217248,2.6045322025140645
7,43,10.507083333333332,2.021977451713428,0.4336483597841511,0.824354171790822,2.626463572204733
7,44,10.383333333333333,2.039751283077474,0.44102932294666924,0.8226158320386291,2.645654583814702
7,45,10.24375,2.0630726508202892,0.44252078912301995,0.8215885045951826,2.659828947772612
7,46,8.919166666666667,2.07794495606689,0.44778270225383215,0.8216226210693471,2.672563117728355
7,47,8.381458333333333,2.0876576456916385,0.4514939998601605,0.8209551772869348,2.681700824465566
7,48,10.730416666666665,2.1072581467429803,0.45920633673764266,0.81938141178222,2.701963934183727
7,49,10.289791666666666,2.128177096583003,0.4669625666749927,0.8199353220434674,2.717600478857285
7,50,9.391250000000001,2.142941760625937,0.4704900644974073,0.8176275587238497,2.7310949953280046
7,51,8.333958333333333,2.153711912711414,0.4775441960656863,0.8182752240234737,2.7419632172606843
7,52,10.499166666666666,2.1739040604959996,0.4841431030242281,0.8182133309486106,2.7578620218949106
7,53,9.573958333333334,2.1852118339122586,0.490705610775074,0.8175159197194969,2.770552803833505
7,54,11.087708333333332,2.2039049217542037,0.50124629657269,0.8164912623057585,2.7887829987614836
7,55,9.458541666666667,2.2210458722480095,0.5065468077761273,0.8163897843035824,2.8000062217534416
7,56,11.441250000000002,2.238656350074376,0.5134701097495695,0.8176448170951495,2.811276031282776
7,57,11.276666666666666,2.2676797920197984,0.5191181329927882,0.8181566603635775,2.826466449762531
7,58,9.635416666666666,2.283420553624949,0.525168439245953,0.81925356508228,2.8348890773195707
7,59,11.120833333333332,2.310711446354343,0.5298034615166437,0.8181580531592028,2.849807258974556
7,60,10.777916666666664,2.325823558525239,0.5367450419733839,0.8178499802137248,2.861323509480021
7,61,9.142291666666667,2.3422552557936718,0.5407258462415369,0.8182079350954595,2.8688929420815303
7,62,10.045,2.3618450430496005,0.5488952065563506,0.8153568844180845,2.885450501317878
7,63,11.530416666666667,2.382399710500444,0.5561069277277229,0.8141348924112249,2.9001220956380216
7,64,12.043124999999998,2.4064663886096325,0.5622175186672342,0.8111344925659704,2.915189406367422
7,65,10.623125,2.4292298436591544,0.5710781087997411,0.8111213402328208,2.928856964939695
7,66,11.910208333333335,2.4554823501965735,0.5828306246494899,0.8129452867659418,2.942075606478678
7,67,12.252916666666666,2.4826500972816508,0.5924144835591587,0.8120719679128092,2.957831129480047
7,68,12.608541666666666,2.522162653091414,0.5988736632836543,0.8099723827606679,2.976810128348591
7,69,11.645000000000001,2.552205755741944,0.6035097732188028,0.80885341590287,2.988366648710839
7,70,9.79375,2.564053473975527,0.6088149973060255,0.8089580022190395,2.9941281737167564
7,71,11.313541666666666,2.589537468631085,0.6157459846137876,0.8068801629766965,3.0072126410486164
7,72,13.025208333333333,2.622097934886086,0.6294713388391646,0.8049882827754594,3.023384249351902
7,73,10.927916666666667,2.6453541185035783,0.6374875715517673,0.804090453975317,3.034414042257098
7,74,13.992083333333333,2.6725443343593285,0.6449183506235311,0.7995028041513108,3.0499324906057588
7,75,12.892291666666667,2.7049752405865237,0.6587065559192316,0.8003458167854673,3.063720637452613
7,76,14.067708333333334,2.729998189445149,0.6581307446774772,0.7995609144177094,3.0700592833899902
7,77,11.542500000000002,2.74669234420836,0.666261758155068,0.800019215071432,3.07631475170919
7,78,14.282083333333334,2.782940865213323,0.6776541264933751,0.8024048051295863,3.087599528443689
7,79,11.244166666666667,2.811610659580139,0.683790250433459,0.8014697819609473,3.0971075858630885
7,80,11.387291666666668,2.828894393608844,0.6878406912710733,0.7999458145150364,3.1042768082365075
7,81,13.627083333333333,2.854791489653722,0.6974243219664086,0.7991964255407004,3.113887322039724
7,82,11.728541666666667,2.878929181847951,0.7066055380100393,0.7988124978939817,3.1224548004428905
7,83,11.328125,2.8917517886720763,0.7137458249647316,0.797907390084017,3.128169067348066
7,84,13.93,2.9215154776207144,0.7222868781308652,0.8001957736364395,3.1319472379307545
7,85,13.724791666666667,2.954714000049306,0.7280325757483572,0.8008451065722403,3.140220271922467
7,86,16.400000000000002,3.008339043982614,0.7418594486238217,0.8018490176135374,3.150023546873126
7,87,11.656875,3.023556501192627,0.7511954244666674,0.8021255893702858,3.153961002774403
7,88,12.431458333333333,3.040371374525173,0.7532188611240341,0.8009103376497357,3.1594750713020483
7,89,14.041666666666666,3.0872889334261138,0.7643609447860484,0.7998516340870018,3.173261791271787
7,90,12.859791666666666,3.1092770443866335,0.771175348329469,0.7982649082664708,3.1791043728301274
7,91,14.542499999999999,3.1460756063096875,0.7722568050101427,0.7955025080443512,3.1892980725809466
7,92,14.081249999999999,3.18290172255598,0.7817524919932716,0.7949424646456196,3.1963148510324446
7,93,15.28625,3.2355778491564737,0.7934463875466247,0.7937619190459558,3.207754648840981
7,94,14.691041666666669,3.2819912263525186,0.8008122130557827,0.7979121932682389,3.2101962583991313
7,95,14.831458333333332,3.314760727682814,0.8066009731574911,0.7963503443108166,3.2183917661186023
7,96,14.957708333333334,3.3468079737892698,0.811116173275522,0.7943294969531193,3.2265893101538445
7,97,15.547083333333333,3.3716267370795867,0.8152425709434136,0.7925095333683455,3.231506943818602
7,98,14.39625,3.3961836731087254,0.8192220985323309,0.7910819264708806,3.2363418648439777
7,99,14.635833333333332,3.442553849207571,0.8308439939819603,0.7933093460869215,3.2357438564448793
7,100,17.300833333333333,3.4970484032208757,0.8407151205119756,0.7920688089617611,3.2455164664828855
7,101,14.567083333333334,3.5425586323882934,0.8482447474312015,0.7937329732936818,3.250519907647279
7,102,14.347291666666665,3.5749874542168865,0.8549421127023358,0.7935287001535827,3.255192815876634
7,103,16.36,3.6345902000123935,0.8690243104943626,0.788922434419779,3.269907101648466
7,104,15.316250000000002,3.692649492270883,0.8818997877011916,0.7874781541750282,3.278756343710616
7,105,15.700208333333334,3.7422318664663505,0.8894700687806986,0.7914031269341942,3.2735359887846993
7,106,18.185416666666665,3.805751893613204,0.8957328938857478,0.7836943967116293,3.2921955080193634
7,107,19.777708333333333,3.876344133843028,0.9004882335052109,0.783752604067556,3.3015512504900792
7,108,18.39125,3.9452485349634787,0.9134640534276863,0.784344526744033,3.308332559926538
7,109,15.619166666666667,3.990862922279913,0.9257525319446487,0.777866667406722,3.319404481212892
7,110,15.496874999999998,4.053182464433469,0.9338119040845287,0.7812199925343559,3.317937356311651
7,111,17.864166666666666,4.110084127535165,0.9332048730172318,0.7837200396397769,3.3218319593027146
7,112,16.17,4.173694490738837,0.9405291795606685,0.7837892753680572,3.3239813444667945
7,113,16.362916666666667,4.224884254847389,0.9466428933529608,0.7812959494421287,3.3274446887359383
7,114,18.875416666666666,4.28403171205375,0.9529549227478269,0.7825646892176535,3.3276743048663704
7,115,15.896458333333333,4.330761294384995,0.9605036988662126,0.782547401474301,3.327119068277411
7,116,18.442291666666666,4.419504466081728,0.9663050537925703,0.7822778921906588,3.3292857938289133
7,117,16.940416666666664,4.477206794695249,0.9757546920027435,0.7838474281852177,3.3319393754882025
7,118,17.98875,4.564487125189717,0.9832131307858988,0.7844541649412522,3.3369297565117426
7,119,16.779791666666668,4.636423645259205,0.9919380920612515,0.7787403058657049,3.338670116530653
7,120,18.854791666666667,4.713446941042527,0.9927228992445332,0.7804265305444132,3.339597096849354
7,121,20.37625,4.816749876516184,1.0038834260946132,0.7859600508591478,3.335288646494499
7,122,21.234791666666666,4.9173820415109075,1.0065188009849275,0.783745644305458,3.3436457549911234
7,123,17.94729166666667,5.024700939368714,1.0137217234448892,0.7826010535967199,3.347767825374599
7,124,19.209375,5.12124860237185,1.0245008544694223,0.7782745518097554,3.3551126268412665
7,125,23.339583333333334,5.256548190756206,1.0384711933356119,0.7764102550907986,3.366618161328858
7,126,20.56375,5.363838479566459,1.0478995328081937,0.7699035150134849,3.374952026799331
7,127,20.508125000000003,5.504694155589433,1.0535685352710953,0.7655214798526156,3.379626091604297
7,128,24.261666666666667,5.6710870127236905,1.0621703134473344,0.7697319719020612,3.380936496199496
7,129,20.549791666666668,5.8004029156990535,1.0705363019937115,0.7634375390623399,3.3942477720594053
7,130,27.021666666666665,6.041614120958496,1.0794094310180815,0.7625963708227673,3.3945029868432925
7,131,25.588333333333335,6.194550818941254,1.0861600253396249,0.7624886525865555,3.3928966707390584
7,132,26.622708333333332,6.450993391272952,1.0994243048184646,0.7640021611422947,3.3894548116321537
7,133,25.14979166666667,6.6988219182007915,1.105613959759809,0.7674134118232879,3.3759234637289532
7,134,24.445625000000003,6.9249792458169805,1.1077589320157732,0.7686506656971774,3.3656918384420615
7,135,27.843541666666667,7.187848046379115,1.1156431023079914,0.77042737215354,3.3595311088408444
7,136,27.082916666666666,7.438880442732713,1.1180912554070943,0.7751350047471682,3.347492292866464
7,137,23.146666666666665,7.681063203781639,1.1248065789194275,0.7718253237065443,3.33410488288749
7,138,26.151041666666668,7.924307091352992,1.13439130323738,0.7708878477525332,3.321047913961758
7,139,27.931458333333335,8.254129399008374,1.143071391464192,0.7713399247155672,3.308772060880906
7,140,26.101666666666663,8.542539436550308,1.1494942906497807,0.7685171930091852,3.2929562983075105
7,141,35.183749999999996,8.897190381144737,1.1383682482860473,0.7646178571389864,3.2626927587185777
7,142,27.353958333333328,9.229661942799947,1.139361315197493,0.7616299254603913,3.2304714413519635
7,143,38.119375,9.559192111384004,1.1394328284352842,0.7586686521090319,3.194878376080213
7,144,31.11395833333333,9.882551815216187,1.1449229989116323,0.7537599976098958,3.1648663964426493
7,145,32.07583333333333,10.20275784600678,1.1478079069532388,0.7510947013772498,3.126288683644151
7,146,37.026666666666664,10.558837462091573,1.1438914655171142,0.7478257887906067,3.0744130447005635
7,147,40.308749999999996,10.866312737130539,1.1494037840187625,0.746342337775587,3.0261467263038333
7,148,38.04145833333333,11.21041679070299,1.1669376427958353,0.7480155475999594,2.969549946859405
7,149,37.49,11.54820833936036,1.1735953777755437,0.7420121200172153,2.9208507098822882
7,150,37.59375,11.841988765795481,1.1726748865535448,0.7313448646733968,2.8810772770504185
7,151,35.75479166666667,12.132199854839971,1.1782688517284843,0.7285053728454661,2.8340953551663106
7,152,40.642291666666665,12.398326779805078,1.183382803255352,0.7261226170473208,2.7860802095277832
7,153,42.580625,12.606344590212437,1.1905756087452979,0.7289709274996939,2.7394972978554035
7,154,44.26270833333333,12.786166991082288,1.1916910508764365,0.7246313569043621,2.7052529262708394
7,155,43.924791666666664,12.984056305610702,1.2010045548598387,0.7296822937188693,2.662199699995898
7,156,40.41770833333333,13.208285702107741,1.2017361327810174,0.7244298387381459,2.6201735172922067
7,157,41.53395833333333,13.41042240135302,1.2074265451146584,0.7190198821393703,2.5829705947070694
7,158,42.556041666666665,13.592564520172633,1.2050319289081817,0.7108442033969158,2.5490348743302857
7,159,42.00541666666667,13.75827375488821,1.2080484412103656,0.7049154516448163,2.513730375726941
7,160,46.203333333333326,13.864057581063467,1.2119002650414146,0.701878890199366,2.4899443223040403
7,161,45.06375,14.003215962262578,1.2183006712413902,0.7010664737056098,2.4556297178920357
7,162,44.370625,14.118045089693817,1.224500563835236,0.7033196671326504,2.424285029187709
7,163,45.67145833333333,14.222184213582043,1.2352704120663023,0.6971575035706647,2.404099462737095
7,164,47.0,14.278451090774249,1.241749748633205,0.6952339626239014,2.3936871161549913
7,165,49.51541666666666,14.314009292302412,1.2519202507149496,0.69574346115918,2.3811578691203326
7,166,44.74395833333333,14.424002851377054,1.2598575358565778,0.6966104680556369,2.346830205692991
7,167,46.81979166666667,14.48844567670562,1.2675828834480605,0.6938685546331528,2.3272693550301664
7,168,45.6625,14.571748370965041,1.277544989611395,0.691243916732291,2.309195934804391
7,169,45.275416666666665,14.658356478141231,1.2858693523948037,0.6915554766973239,2.280999620391911
7,170,48.066875,14.716096053762145,1.291210563228141,0.6900659524188657,2.2679650877114
7,171,49.01770833333333,14.748716881741453,1.2986647394397972,0.6911748215402228,2.2543943050604796
7,172,46.808125,14.814070965629641,1.2947863914025963,0.6852452351291128,2.239743952805607
7,173,45.43687500000001,14.877653861756565,1.3013318548218982,0.687492474321968,2.22055875705789
7,174,48.261874999999996,14.917710947104359,1.309463257962943,0.6828706992128295,2.2149939672635615
7,175,48.15541666666667,14.961155225730112,1.3198625594456086,0.6819279220949619,2.1990645577553725
7,176,47.979166666666664,14.998075568552856,1.3271723824505248,0.6822912839938329,2.1904687847304993
7,177,48.89812499999999,15.021981099770358,1.3360676158091422,0.6786490981223662,2.1855105419689362
7,178,48.60083333333333,15.056760463239414,1.3463064234695885,0.6840437629929894,2.1734400961755114
7,179,49.901666666666664,15.065849698631274,1.3533421562284689,0.6799130458407313,2.1724817835917642
7,180,49.01500000000001,15.091653019084262,1.3602382981424554,0.6814236421775779,2.163188744371257
7,181,49.62562499999999,15.10182687314417,1.3673814398649438,0.6834805491355496,2.1581806153114576
7,182,49.35145833333332,15.124954864079486,1.3768930761230633,0.6846393755559887,2.148887054130125
7,183,49.884791666666665,15.15686574006047,1.3880454355389888,0.6808768685331356,2.145061513641294
7,184,48.28208333333333,15.200769971828528,1.4004920193309818,0.6726816000505869,2.1350588800446393
7,185,51.49375,15.205008957023594,1.406240786541863,0.6711820978994785,2.134355762375984
7,186,50.342291666666654,15.213624756042707,1.4154829497871888,0.6740044239851117,2.1274984934410277
7,187,49.79125,15.234996203595712,1.4215862182559744,0.6643808224468731,2.1243509988855607
7,188,48.705000000000005,15.264363635070918,1.4256025286606782,0.6580478662913185,2.118394301410204
7,189,48.86354166666666,15.290140722522185,1.4298457685745734,0.6587226084764563,2.1082989024388263
7,190,48.93729166666666,15.313297601612977,1.4390004941713033,0.6616074613103364,2.0945950316051927
7,191,51.34604166666666,15.313297601612977,1.4459584901194429,0.6569915456977369,2.095882603629221
7,192,49.31312499999999,15.334888654725036,1.4589266272522519,0.6600455296873872,2.0814835580127764
7,193,52.09395833333334,15.339384434332581,1.4679698191788422,0.6560822926706807,2.0828403000946714
7,194,50.675416666666656,15.350852185119749,1.472247689639251,0.6508618153385465,2.0808453482122724
7,195,51.39291666666666,15.352427889242795,1.480714185499927,0.6481861529896694,2.079621933668895
7,196,50.77916666666667,15.359953581321069,1.490218427902509,0.649286558198517,2.0735745557080953
7,197,49.7075,15.371804277084737,1.496809450110828,0.6483030756947553,2.0666901869553964
7,198,50.468333333333334,15.386234692296116,1.5076596220225593,0.6434609197064104,2.062245563669004
7,199,50.075625,15.40431983547432,1.5202207528871972,0.6397103058237988,2.0546326607191703
7,200,51.80166666666667,15.415590270756832,1.5277237801205583,0.6353227982378017,2.052274752911276
7,201,48.56020833333333,15.442257210922213,1.5380995120669947,0.6344033436238589,2.0365573730313455
7,202,49.620416666666664,15.458399064806855,1.5452566724548884,0.6231735740222847,2.0316987639113275
7,203,51.88958333333333,15.463446016661953,1.5512902146441476,0.6167108043270589,2.0295350122830156
7,204,51.927083333333336,15.469087684286766,1.5563041546906695,0.6133954358572905,2.02798902531818
7,205,50.10354166666667,15.483626226606228,1.561783075729245,0.6092090501854006,2.021522238205606
7,206,52.211875,15.483626226606228,1.5673924313152308,0.6070044572469883,2.019340061652737
7,207,51.27166666666667,15.483626226606228,1.5734428042424677,0.604118874556599,2.016246677273385
7,208,50.8675,15.495540779460235,1.5839134005997888,0.5965006666195046,2.0085945106014367
7,209,52.270624999999995,15.499541889297639,1.5897149473101857,0.5910478755406716,2.005017836176091
7,210,49.084374999999994,15.517647762653468,1.5955379299543262,0.5844684215415716,1.9953885624933743
7,211,51.59125,15.517647762653468,1.6015871233436523,0.5820918772632324,1.991672618137845
7,212,49.655833333333334,15.531746422366556,1.6058490224958435,0.5795517369258898,1.9856048530447072
7,213,53.76166666666666,15.531746422366556,1.6111852076285929,0.5759164781399658,1.9856372248411163
7,214,51.22187499999999,15.536708958061014,1.616406217664338,0.5758627711548122,1.980160256669016
7,215,51.7125,15.541464321419507,1.625228670641723,0.5761075170375494,1.9732446336083873
7,216,52.49187499999999,15.541464321419507,1.6310104238421566,0.5727710584236758,1.9694284302759717
7,217,52.111041666666665,15.551521979220702,1.6372501715350998,0.5660969799724207,1.964130850466888
7,218,47.794999999999995,15.576035947197127,1.643106463791375,0.5700399479895812,1.950049231609221
7,219,51.07145833333332,15.581181678397156,1.6519253179837803,0.5714083135477463,1.9402305574128618
7,220,50.777499999999996,15.594685250513221,1.6617595702526802,0.5631804174442783,1.9269949356969531
7,221,51.474999999999994,15.601818081143309,1.6692296343962456,0.5598297826251953,1.9184897740656488
7,222,53.03062500000001,15.601818081143309,1.6739199970524283,0.5582476334419143,1.9158852157346782
7,223,51.904374999999995,15.611145281739882,1.6761813282205626,0.5589403547210268,1.9118601611599237
7,224,53.34062500000001,15.611145281739882,1.6816533261631006,0.5567745655866388,1.9096459684828426
7,225,51.879791666666655,15.619582555853741,1.6885640114431681,0.548831562848636,1.9041644699661275
7,226,51.39166666666666,15.6229179038413,1.693371948977883,0.5461998084506988,1.8970960778429073
7,227,51.72437499999999,15.63284966498766,1.697683137816978,0.5451106154405189,1.891304321363142
7,228,51.61333333333334,15.641110117387568,1.7037304681799552,0.5440223100921602,1.8843256586996087
7,229,52.25791666666667,15.641110117387568,1.710193129068617,0.540334872919018,1.8780944312161991
7,230,53.04270833333334,15.641110117387568,1.7159417357283795,0.5359016175818447,1.8735290181574695
7,231,51.02270833333333,15.653125268181185,1.72370950576119,0.5351965033149986,1.8610083032948506
7,232,54.02020833333333,15.653125268181185,1.7279398432325797,0.53190700641885,1.8578348933979956
7,233,50.629583333333336,15.662352739923286,1.7301420658891096,0.5301805508833614,1.8543104871504241
7,234,51.508125,15.669317263683936,1.73594615030221,0.5273193850416996,1.84542950171544
7,235,52.548333333333325,15.673411030474414,1.742520931182278,0.5188109291518437,1.8365357968763374
7,236,51.86291666666667,15.680774231360129,1.7464110379520794,0.5157039534153334,1.8286665422076644
7,237,53.820833333333326,15.680774231360129,1.7501861603083289,0.511709638333805,1.8255457500118266
7,238,52.919374999999995,15.68415245463104,1.7543142991212426,0.5077346467939003,1.8206432336101646
7,239,52.14729166666666,15.687455745462684,1.7582021000751946,0.5073973038550528,1.8162069955407443
7,240,52.70645833333333,15.690899884525766,1.7611948380775477,0.4998738542752353,1.812050948595984
7,241,53.26979166666666,15.694913349976304,1.7675873065309993,0.4955085495552943,1.8036831244500513
7,242,52.413333333333334,15.701190300291003,1.7711061440140434,0.4906490936217153,1.7991772088735445
7,243,53.50270833333334,15.701190300291003,1.7758635463977122,0.48420071154186584,1.7936217489448252
7,244,53.13062499999999,15.701190300291003,1.7809101519972248,0.4770758415318806,1.785370342792319
7,245,53.71125000000001,15.701190300291003,1.7844287314333955,0.4765120055750503,1.7810032086879248
7,246,51.276666666666664,15.710043627022271,1.788463112649177,0.4707511158475451,1.7731493120494988
7,247,54.65375,15.710043627022271,1.79066432421414,0.4659976927957444,1.7711517072003626
7,248,54.091249999999995,15.710043627022271,1.795028644642463,0.46314517984773557,1.767390812380744
7,249,52.164583333333326,15.717053840215769,1.8004850765295717,0.46101410737423226,1.7586425344646979
7,250,53.813958333333325,15.717053840215769,1.8033495662200036,0.45844817915763486,1.7547716589660518
7,251,53.11604166666666,15.717053840215769,1.8080322621349845,0.45394131623999384,1.7471585519214319
7,252,53.38270833333332,15.720102772842274,1.8107271208168192,0.4534246446383094,1.7447578395463335
7,253,52.583124999999995,15.72279304471198,1.8142098980069892,0.44787464977863317,1.7367889147058189
7,254,51.56479166666666,15.731447228209111,1.8188056503651189,0.4440252117799135,1.7256205170672798
7,255,52.04270833333333,15.734490129970052,1.8223304319776508,0.4366199032460924,1.716615025833371
7,256,53.324374999999996,15.737017588108507,1.8253296604470086,0.4347099581369034,1.7132708804335257
7,257,52.18125,15.73977135378506,1.8285656691157182,0.4328925981588347,1.7060683357163304
7,258,51.81041666666667,15.743594503236066,1.8309017304156654,0.4300038003780169,1.698571510479471
7,259,54.089999999999996,15.743594503236066,1.8348224341316361,0.42437101517070397,1.6936386393899303
7,260,52.48479166666666,15.746780953429496,1.8403320376043764,0.42320380569794236,1.6810667507085753
7,261,52.407708333333325,15.754120436554487,1.843028626263261,0.4205072597112449,1.6760526439998917
7,262,54.60708333333332,15.754120436554487,1.8461313088129754,0.4195417074205594,1.6727897492992991
7,263,51.94375,15.761493925287589,1.8492083396286267,0.415936699297013,1.6653782069267526
7,264,53.227291666666666,15.761493925287589,1.8522533912459398,0.41264036794167847,1.6571806077319367
7,265,54.283125000000005,15.762951329689416,1.8544337648093157,0.41019460117464773,1.6559116108784984
7,266,53.913333333333334,15.762951329689416,1.8572182109670672,0.4087141599553334,1.6522522602500511
7,267,54.14166666666667,15.762951329689416,1.8595358972992735,0.40371686330900824,1.6482164371417074
7,268,54.225625,15.762951329689416,1.8624337817907668,0.4001285839971034,1.6420566370431728
7,269,54.079791666666665,15.762951329689416,1.8646674393995706,0.39776101603166764,1.6379128034039088
7,270,54.810833333333335,15.762951329689416,1.8665044836109015,0.3927543755147136,1.6365370360778453
7,271,54.24645833333333,15.762951329689416,1.8688119613021013,0.3903971322271018,1.6320517727527388
7,272,52.31333333333333,15.767975132491012,1.8730119439602602,0.38482681355640874,1.6133831803059109
7,273,52.789791666666666,15.773459035864384,1.8757049548784555,0.3807327190391486,1.6029161891609405
7,274,53.03895833333333,15.777699921178641,1.8788506239418712,0.3752978477328003,1.5954277717633523
7,275,53.77312499999999,15.779013856383779,1.8803305262926964,0.3736552520204577,1.5912506238927249
7,276,54.421875,15.779013856383779,1.882927393325065,0.3717291514257701,1.5879970638938277
7,277,53.886041666666664,15.779013856383779,1.885760372787485,0.3692250295770941,1.5815032023365847
7,278,54.98958333333332,15.779013856383779,1.887721420728349,0.3658167974112694,1.5786778633162126
7,279,53.61937499999999,15.779013856383779,1.8901884808706213,0.36221747559738027,1.5710924707585636
7,280,52.96395833333332,15.781391407857534,1.8945756846601498,0.36009005413741285,1.5591938418853373
7,281,53.42312499999999,15.784818281936472,1.89607993480731,0.35912820015422753,1.556874971207523
7,282,52.93729166666666,15.787908074361248,1.898711064836216,0.35563333716350376,1.545606490016884
7,283,53.4925,15.791822607730161,1.9019465922871204,0.35681930949439034,1.5389992404032495
7,284,55.06166666666666,15.791822607730161,1.9042659911251891,0.3538727324390276,1.5360266635022914
7,285,53.97624999999999,15.791822607730161,1.906391260516485,0.35312045773862316,1.5317848343069187
7,286,54.30604166666666,15.793114129348282,1.9082132205636244,0.35234254559313305,1.5289844177515861
7,287,51.50604166666667,15.800946677507477,1.9098381642593065,0.346543439659593,1.5240327968306138
7,288,53.55354166666667,15.802132316860439,1.9120497823447438,0.3443615789781569,1.5180653616735431
7,289,54.01083333333332,15.802132316860439,1.9139793247700976,0.34042112848542494,1.5093251841604567
7,290,51.40625,15.808614152410076,1.91650144054484,0.33845825007662095,1.4967651533130355
7,291,52.51499999999999,15.81102099349495,1.9181349054781176,0.3365121740132406,1.488673067227671
7,292,54.07874999999999,15.812948227417113,1.9195688889297204,0.3293938918827586,1.482274453866751
7,293,54.08354166666666,15.812948227417113,1.9217364328530617,0.3274222879941718,1.4750053322376497
7,294,54.62916666666666,15.812948227417113,1.9234484105922323,0.32483361217776,1.4713284600876253
7,295,53.61625,15.81405417894495,1.9254870716547183,0.32152469451057597,1.464455333764912
7,296,53.66291666666666,15.818210204332065,1.9266973180040918,0.3225853866757592,1.4638028589120617
7,297,55.390625,15.818210204332065,1.92718429354467,0.31990981530264695,1.4637769821140258
7,298,53.876666666666665,15.820221837191133,1.9308913858066439,0.3186287340908281,1.456374070728569
7,299,54.11687499999999,15.822453680701539,1.9316573866344402,0.3132191280429779,1.451443272748069
7,300,54.97520833333332,15.822453680701539,1.9332945624649511,0.31113007528834213,1.447957796274573
19,1,7.0981250000000005,1.565775597925939,0.25383543036346295,0.8495096600933726,2.0348045220107425
19,2,7.508541666666666,1.5751385438110594,0.25567758055986545,0.8459261172941785,2.052432380407313
19,3,8.07125,1.5843767605414163,0.2593108121506837,0.8465137031755317,2.0654043792115906
19,4,7.000416666666666,1.592151889162546,0.2623764575165508,0.846735969756655,2.076867901574937
19,5,8.341666666666667,1.6053674421417037,0.265128774041075,0.8467011760011784,2.0928206286585542
19,6,6.864375,1.6097966230610081,0.2676058931087342,0.8452313602704236,2.1025521211080824
19,7,7.655208333333334,1.6212287819453668,0.2681429199468287,0.8436106627365344,2.115506812355366
19,8,7.40625,1.6312804119333277,0.26974725911835445,0.8433050681030122,2.1259232763989515
19,9,7.023125,1.640391707033289,0.27349651604106867,0.843891345523657,2.139148981955853
19,10,6.257083333333334,1.64367274625785,0.2750649044032555,0.8424107471828964,2.147684068310908
19,11,8.04625,1.6485297650049622,0.2794641634583699,0.8412253976194412,2.1598251737160252
19,12,7.479583333333333,1.6572673875878339,0.28329369758069073,0.8420602686660169,2.171301793982619
19,13,8.854583333333332,1.670028120809482,0.2874367368210958,0.8425108806301372,2.188134399065115
19,14,7.314791666666667,1.6767133011862594,0.2903777929750642,0.8420196302716577,2.199413738723239
19,15,8.769375,1.6852435846089777,0.2958358976943712,0.8395082720102867,2.217287740696277
19,16,6.047291666666666,1.6902054719293895,0.2980554730392934,0.8395375530234098,2.223743903055771
19,17,8.475,1.7030236257689526,0.3008725442204454,0.8379996725577201,2.2402423290261884
19,18,10.680416666666668,1.721710278722533,0.30518321088929684,0.8377383886811759,2.2584492164412677
19,19,7.195625,1.7301217160713729,0.3085443924640562,0.8368795790175436,2.2713604826581
19,20,9.344791666666667,1.7464822787702479,0.3143793429002507,0.8381974902860939,2.2876179021373537
19,21,7.595,1.7546184352938772,0.31757357923353563,0.8382490778938221,2.2980983836449926
19,22,6.588124999999999,1.7628131883744045,0.3206751679115101,0.8382562177499264,2.3089450992931124
19,23,9.600416666666666,1.7788296804465942,0.3278808507560639,0.8370725936068438,2.331865712548238
19,24,7.860833333333335,1.7926214775206384,0.32978281880140786,0.8377564206580993,2.3422087121348665
19,25,8.097708333333332,1.8053535136898342,0.33424704240024283,0.837062451750025,2.3587346432511564
19,26,9.074375000000002,1.821100300190109,0.33832417497280126,0.8370307606124271,2.37463422823807
19,27,7.849999999999999,1.8303139796633492,0.34361577487712275,0.8348359407500627,2.3910999170281344
19,28,6.8808333333333325,1.837615192928911,0.34558128323716253,0.83488563198844,2.3985271782720554
19,29,7.5075,1.8433186937962054,0.3518491447025551,0.834679807627631,2.4106769914536885
19,30,9.085624999999999,1.8589591920290407,0.3537513031720725,0.831318135896327,2.4282279589458504
19,31,9.895833333333334,1.877371112551205,0.35916444066051173,0.8315582970749246,2.4465408873498298
19,32,7.098541666666667,1.8811639467093153,0.3639329384823974,0.8308830264417375,2.4558787313194474
19,33,8.396041666666667,1.8930505637184623,0.3679800876458822,0.8312983836703686,2.468733519119084
19,34,7.9870833333333335,1.9065301391402987,0.37162843147097024,0.8296376313756242,2.483130932384398
19,35,8.275833333333333,1.9144390066684964,0.37904021062172877,0.8272690023595134,2.5013280752873746
19,36,9.201666666666666,1.930468726012577,0.38200654733385553,0.8278015018933879,2.5130779941134804
19,37,7.842708333333334,1.9353820052492106,0.3891110304018789,0.827617327079159,2.5232034678282873
19,38,8.211666666666666,1.9494369327960295,0.39456236475757267,0.8269078181392913,2.537714342982729
19,39,8.515,1.9624500276800898,0.39849769304672555,0.8265922148667784,2.549781470247558
19,40,8.156458333333333,1.9683446730614256,0.4038846065815276,0.8258863043069231,2.5610254592210526
19,41,6.950833333333333,1.975668046682253,0.40862601240441937,0.8254359716048252,2.5715852140304944
19,42,9.755208333333334,1.9884476376451254,0.41163207002788404,0.8249344263177986,2.581048166217494
19,43,10.516041666666666,2.0096848143377786,0.42549249436422565,0.820467268915221,2.614609472045917
19,44,8.52125,2.0223823615078245,0.43036744056998094,0.8181298632597471,2.6299050681605167
19,45,10.061874999999999,2.038223582323077,0.43584573132185606,0.8188384836549267,2.6420755319192986
19,46,10.427291666666667,2.060376124343375,0.4438708766337839,0.8189048020201944,2.661592408423096
19,47,9.891875,2.0777397296118205,0.4477285222423363,0.8198337726907214,2.6731062282174847
19,48,10.638124999999999,2.0935287879166093,0.45560297729697113,0.8211911273574913,2.687082351833527
19,49,10.53125,2.1137100728310965,0.4611798286330094,0.8219702457808031,2.7008245681068246
19,50,9.960416666666667,2.130492126526862,0.4679223248804211,0.8213922045214842,2.7159337939565282
19,51,11.589999999999998,2.1590446355906554,0.4769106488346688,0.8218704045963016,2.7335000725053833
19,52,10.907499999999999,2.1739124184599485,0.483443330940637,0.8201970170621463,2.745518483829216
19,53,11.444166666666668,2.191820781552226,0.4932353957175108,0.8217122382318213,2.7601781278694713
19,54,8.972083333333332,2.202193005166384,0.49867945950913606,0.8222947533035125,2.767620878519508
19,55,10.476041666666667,2.226873454229759,0.5094059678186719,0.816563601596124,2.795140858045965
19,56,10.118333333333332,2.2527373175608476,0.5206082153746504,0.8181975544528374,2.810512973076257
19,57,11.167083333333332,2.2698657898367105,0.5235453564541673,0.8182389793269901,2.8181410601580317
19,58,10.613541666666666,2.284183637519453,0.535559714154801,0.8189904687674158,2.8310781792790416
19,59,11.621041666666665,2.309859039456095,0.5421560565572144,0.8198720003311026,2.8438671416712973
19,60,11.245208333333332,2.3311653224915547,0.5482094037869046,0.8170462526664233,2.8580203663668957
19,61,11.071875,2.3502240174115223,0.5501684507480916,0.8180783655802889,2.864616378030093
19,62,12.009374999999999,2.3694657431853523,0.5567455775281627,0.8164268730587925,2.8780506273631175
19,63,12.049375,2.3990494710984813,0.5615109227855914,0.8135748281690901,2.8966801059505847
19,64,11.827291666666667,2.4267201455992797,0.5731241718468699,0.8141859170142749,2.910290744032119
19,65,12.14,2.4476656269605765,0.5752456317479018,0.8146613255306421,2.9166436828335587
19,66,11.694791666666667,2.4676656485134347,0.5868098539426513,0.8121450154974067,2.933204930728866
19,67,11.377916666666666,2.484166944936883,0.5925952213189659,0.8091031994234378,2.9462994135979788
19,68,12.384166666666667,2.5039330450921025,0.5985745226009496,0.8101957894717302,2.9540809053289387
19,69,10.760416666666666,2.513556190623666,0.6050958276599927,0.8085882682240135,2.9628308836590462
19,70,11.426875,2.5347114633089705,0.6139705040436839,0.8053831402297069,2.9790625624856393
19,71,9.721041666666666,2.5539998465820437,0.6244643267679778,0.804667689444932,2.9901221534301703
19,72,15.031666666666666,2.593665557121629,0.6284538637537934,0.8020168266889822,3.0050189774951295
19,73,11.182916666666666,2.610518359969402,0.6375605876256621,0.8012716082226674,3.014669425403067
19,74,10.776041666666666,2.6352420243005596,0.6433936519095584,0.7992536464546939,3.0262796030486805
19,75,13.276874999999999,2.664684602463627,0.6472726810603598,0.8018135191498492,3.0327591137681855
19,76,10.617083333333333,2.6801055405041754,0.6579214280822389,0.7991392948721953,3.044702395895258
19,77,11.2675,2.703085120065056,0.6602647487773861,0.7980078446471894,3.053202742790532
19,78,12.058541666666665,2.7244939369228938,0.6662754778034293,0.7966037397562213,3.064487966766065
19,79,12.88125,2.7621210195975108,0.6757000761900536,0.7939740264172553,3.0797277442095425
19,80,12.726874999999998,2.791677604487389,0.6804309420541156,0.7910851263867613,3.0926758522326345
19,81,12.943333333333333,2.8286232868695493,0.6864423105357085,0.7931798498722626,3.099914600731998
19,82,13.501666666666667,2.8594255260501744,0.6951196930777713,0.7943790597246024,3.1074186870370006
19,83,13.849791666666667,2.8839527241166216,0.7066020458428951,0.7909364856437737,3.1191898483195737
19,84,11.863750000000001,2.903964189111199,0.7180877199703755,0.7930331826254915,3.121821171566194
19,85,14.068541666666667,2.93923297828587,0.7246456351262791,0.7962818075429722,3.1261417195235635
19,86,12.81875,2.9658159974135985,0.7302039360873758,0.794634275442712,3.13517996128763
19,87,13.149166666666668,2.9945048351750416,0.7378649308394061,0.7954068573768948,3.141156764665813
19,88,13.751458333333332,3.0239681053400473,0.7463089091753414,0.7935972608907995,3.1500797963515583
19,89,14.027291666666668,3.0680668936600264,0.7535436048508398,0.7917913177877859,3.162292431410309
19,90,11.389791666666667,3.0869146989141765,0.7609419551675839,0.7900500307471087,3.170197281173315
19,91,15.085416666666667,3.1164046401037426,0.7651178361245293,0.7883534607058703,3.1778604576423817
19,92,14.142916666666666,3.1509503604999782,0.7757956973843927,0.7869232495724873,3.1862607614932763
19,93,12.881041666666667,3.1736703228548553,0.7851796232127535,0.7846645842694654,3.195435156153629
19,94,14.781875,3.2176292952230265,0.7968631055839935,0.7851341715292407,3.2023326351564005
19,95,13.285833333333331,3.2493816934840822,0.8054281496494157,0.7838002542471685,3.209369272097093
19,96,14.888125,3.283021618233343,0.8151994009917662,0.7774070557751822,3.227579215121255
19,97,17.763125,3.341187278204648,0.8265170403707809,0.7808026183935882,3.2291887793239074
19,98,13.103333333333333,3.3760854849655533,0.8385826827571132,0.7816047263261815,3.2316521436692547
19,99,17.660833333333333,3.435308370035825,0.8384540194837077,0.7830967198365213,3.238824563967153
19,100,15.706875000000002,3.4737326580396473,0.8440394690258906,0.7855485920086943,3.242009319002163
19,101,13.967708333333333,3.503933597759173,0.8493986582394558,0.7876712441959075,3.2441990240333074
19,102,19.215208333333333,3.5743768513789513,0.8583656021071682,0.7836634852215664,3.261192789996403
19,103,17.50979166666667,3.6369694247616824,0.8650011397929471,0.7798114743349762,3.276931070403252
19,104,15.680208333333333,3.677049775805904,0.8675431924601844,0.7820541838361852,3.277345558274389
19,105,16.987916666666667,3.750098219795407,0.8794199265737973,0.7839972105234972,3.2840104538823462
19,106,17.2025,3.8163958489451666,0.8812804005140105,0.7837316161055461,3.2890714913557604
19,107,14.724583333333335,3.8454034265585326,0.8905992136503066,0.7801930988577188,3.293983590637544
19,108,14.348333333333334,3.8770275197228288,0.9010219469773733,0.7745472710543096,3.29981370212237
19,109,17.701041666666665,3.948158987177851,0.9038300084612834,0.7750308522154667,3.304748255049934
19,110,17.315416666666668,4.004647764315996,0.9076927798839873,0.76853341165778,3.3161764681067885
19,111,14.087291666666667,4.052788427984816,0.917532743810529,0.7718162744727275,3.3157639290543246
19,112,17.289375000000003,4.110585852603465,0.9260555330088034,0.7700373506171254,3.3204552947958237
19,113,16.335624999999997,4.172808619597787,0.9387749888339767,0.7657066751980933,3.3290085372664953
19,114,20.068958333333338,4.2701474877678045,0.9479207560611802,0.7669936395639962,3.3325453989698057
19,115,18.49791666666667,4.331974311827198,0.953331321901249,0.7668350785504708,3.3364579800500405
19,116,16.83395833333333,4.397893681143222,0.9533518421787426,0.7553799687651456,3.3552694656678677
19,117,17.99145833333333,4.469031646945213,0.9566373791658099,0.7572443737948681,3.36060543190444
19,118,21.05666666666667,4.580651038625088,0.961595033136241,0.7561042522519128,3.3746500744179437
19,119,15.155208333333334,4.6540746717608545,0.9728562257527007,0.751390583519718,3.3805621461266395
19,120,18.987291666666664,4.729135702167664,0.9783173962501367,0.7580219476639292,3.3835229385276566
19,121,19.364166666666666,4.805884474071185,0.9858634770173806,0.7480888504410033,3.399003217507536
19,122,18.991041666666664,4.910237681832331,0.9844390863442878,0.7472686221560505,3.400824340604456
19,123,19.063541666666666,5.016284494931114,0.9923432070959595,0.7425909957928997,3.4079333883609877
19,124,25.107083333333332,5.1583799019150725,0.9994601905402567,0.7422815373667015,3.408445714000765
19,125,18.981458333333332,5.2642121640621635,1.0070313173867824,0.7452037167099614,3.4092519194086366
19,126,21.321250000000003,5.3997068313659895,1.0164442749914708,0.7542644181565004,3.3951182562925997
19,127,20.11,5.536321303118457,1.0159471329974064,0.7555512241942569,3.3980673244156008
19,128,20.627083333333335,5.699273697313826,1.023204449525684,0.7518905402148784,3.408728751635989
19,129,19.913958333333333,5.865418379607975,1.028746094578704,0.7498106850970312,3.407194867386006
19,130,24.395833333333332,6.049127985995067,1.0361689338437459,0.7499757320705602,3.407399386598807
19,131,22.69875,6.221654679573419,1.0500696213378853,0.743155478463953,3.416912708806053
19,132,22.136458333333326,6.418332730185729,1.0597106168182884,0.7388253922311727,3.4164655379085325
19,133,22.716250000000002,6.663055115604157,1.068470565419863,0.7422202556681009,3.410787377070341
19,134,25.92375,6.907359141889979,1.072942829789136,0.7454522521125706,3.4098039068061308
19,135,24.5125,7.180164376067229,1.0835528016619105,0.7524808802614232,3.3924689361337466
19,136,25.753541666666663,7.4972252220540465,1.0948080570615588,0.7581208856478225,3.37793173063519
19,137,27.456041666666664,7.772613833911472,1.1001408400787367,0.7578020432628215,3.3667109360351652
19,138,26.141458333333333,8.077014796000856,1.1040275856331352,0.7525668242109818,3.353235289400089
19,139,30.970208333333336,8.424451195352988,1.1081714090546395,0.7574829736607771,3.3209111238148714
19,140,30.53,8.745282111458948,1.1173933312581117,0.7517045576036572,3.296558837760436
19,141,31.039791666666662,9.146424510736896,1.1277196310414765,0.7579458377906687,3.2604530334838033
19,142,31.779791666666664,9.546382825616382,1.1361666024815744,0.7508175123544403,3.217137049617464
19,143,34.262499999999996,9.904373043606933,1.1363803888915385,0.749666928178194,3.17196804231958
19,144,35.38666666666666,10.258203407176998,1.1398534703258592,0.7521067573137595,3.131735135386731
19,145,34.098958333333336,10.623438097972151,1.153992071648494,0.7509754709082961,3.0869335351321476
19,146,39.318958333333335,10.967271082217724,1.1693910125237506,0.7413366513464321,3.0478899331837503
19,147,41.75124999999999,11.237312408811729,1.1785216157565461,0.7416894898722873,3.0062840648132925
19,148,38.948541666666664,11.573879413140407,1.1931707051767244,0.7396125465964273,2.9523254704219664
19,149,38.829375,11.905002277564334,1.2098162748457553,0.7437833615048305,2.893181514172622
19,150,39.639374999999994,12.184581518305563,1.2169943588724965,0.7481541815034509,2.8345842221536346
19,151,39.13520833333333,12.452853170081397,1.2183830150190729,0.7484516474029453,2.783776866854109
19,152,38.38791666666667,12.740181080528249,1.222908857245689,0.7346605090032042,2.7404452290818395
19,153,42.659166666666664,12.947339285051132,1.234795157726295,0.7343807046458787,2.7027091650480894
19,154,43.45708333333334,13.121230532640064,1.2422394333901066,0.7363091036555922,2.660098455020436
19,155,44.870625,13.292041213519092,1.252677680351425,0.7308021303306671,2.634962124521339
19,156,44.100833333333334,13.451668571694446,1.2571786890487437,0.7265296858312351,2.6026330720869892
19,157,43.46937500000001,13.626204273798976,1.270442918570483,0.717540657479678,2.5657877995054146
19,158,48.84645833333334,13.690442171427977,1.2812781559951196,0.7169874119413909,2.5514487236397105
19,159,46.553958333333334,13.792734252685461,1.29244302243346,0.7139590726428572,2.528418749135274
19,160,47.29749999999999,13.893981387474208,1.2937365912533554,0.7056082032914673,2.5094496135807653
19,161,45.45104166666666,14.022067395537205,1.3046132594171762,0.6965462515191355,2.485281260850284
19,162,45.86020833333333,14.128358622080517,1.3084020630709705,0.6943531207314498,2.4609672091030217
19,163,46.15541666666667,14.227831422067995,1.316992521994859,0.687750552024446,2.4391220624925416
19,164,47.17729166666666,14.315556615706445,1.324962035647018,0.6877850708594427,2.4139262952353
19,165,47.511666666666656,14.387276967570752,1.3405923457009359,0.6915297431696744,2.3891084500495796
19,166,46.63291666666667,14.463006567695823,1.3476038154766543,0.6903259323732827,2.3686892573729526
19,167,46.18541666666667,14.545637245377764,1.3563697066507328,0.6853143188095623,2.348064713210667
19,168,50.07416666666668,14.570775351549843,1.3626023982681608,0.6837394497061843,2.3423941589457975
19,169,45.46833333333333,14.644211319333314,1.3674462671315202,0.6846537539532713,2.319074403027795
19,170,46.41416666666667,14.712693601881732,1.3690062877956972,0.6904399498445868,2.2921447666618375
19,171,47.31187500000001,14.768828856159542,1.3712362295510845,0.6831891385198038,2.2802954815025407
19,172,46.073541666666664,14.839227254710567,1.37451181601989,0.691409478764713,2.2506574781897357
19,173,49.19354166666667,14.87165004480389,1.3841278050362829,0.6890822258263026,2.2423424956718954
19,174,47.68708333333333,14.909257499106317,1.3932227977296654,0.6905290965515294,2.2250104492509273
19,175,47.619166666666665,14.949389072447655,1.3954619033370919,0.6945214313186983,2.2086814381613173
19,176,49.710208333333334,14.969969345650972,1.4029782482685895,0.6896347611503448,2.204282859084794
19,177,47.89625,15.009991961185653,1.4038202289291468,0.6920248932230312,2.1895520348586763
19,178,50.279374999999995,15.026212171983683,1.4117233413444237,0.6867303145732466,2.1874946085595934
19,179,50.069583333333334,15.048140860943322,1.415408460191486,0.6833088140704732,2.182533004954129
19,180,47.29624999999999,15.096120649707938,1.4236711666719843,0.6782697685585829,2.1689111096235822
19,181,50.598958333333336,15.116975014036363,1.429100062329337,0.671889839713591,2.1672017298259605
19,182,51.239374999999995,15.127513561241269,1.4389557998097524,0.6667802603754298,2.1662161393887907
19,183,50.27520833333333,15.155202180350322,1.4432508279519212,0.6694286616952067,2.1541356786816417
19,184,50.734791666666666,15.168492504016124,1.4488634288871463,0.6692412647830835,2.148303449980965
19,185,50.25458333333333,15.182002177019168,1.455785095423233,0.6689950878988891,2.1419112340051973
19,186,50.99895833333333,15.189953382824694,1.4602300096971519,0.668285198825865,2.137899913891
19,187,49.229375000000005,15.220844612105823,1.4645058466013872,0.6666510736565344,2.128804720136724
19,188,49.44208333333333,15.245309474680566,1.4753174931060802,0.6601274733197725,2.1195844129407426
19,189,50.48770833333333,15.258997004548242,1.4796803565153938,0.6555194183361283,2.11636462159809
19,190,49.407916666666665,15.282094661780537,1.4856370232988925,0.6506133567741617,2.1110609390198514
19,191,47.58104166666666,15.318471471520521,1.4944697477356768,0.6523915908139776,2.0919385722216632
19,192,50.2925,15.335623342177158,1.5063762038101873,0.6449479957227294,2.086217108851592
19,193,49.42291666666667,15.352545164352415,1.512009010012952,0.6476127565822528,2.0759570066275095
19,194,50.68979166666666,15.367378661217021,1.5199435165472321,0.6478501803751455,2.0667304219495755
19,195,50.767500000000005,15.380563523590872,1.528888542635803,0.6463520349996535,2.060092904318151
19,196,50.04812499999999,15.393705041067541,1.5306378170224944,0.6413301411178011,2.0569594538911926
19,197,49.422083333333326,15.413297486177958,1.5363041948865606,0.6382519657031026,2.051391342461342
19,198,52.59166666666667,15.413297486177958,1.5427907466587252,0.6350001246340957,2.051739701194061
19,199,52.43729166666666,15.413297486177958,1.5501151520152465,0.6335458915212222,2.04978430793982
19,200,51.75708333333333,15.423294058848027,1.5580390638818364,0.6264870226146397,2.0453908083767596
19,201,52.52020833333333,15.43061018508097,1.5677520912263692,0.6218252851713774,2.042207404319165
19,202,49.23020833333334,15.454427273562986,1.5764275309388065,0.6190575903003702,2.0322429266422395
19,203,50.6,15.465915135783927,1.583181448569409,0.6191876368971064,2.024246709713594
19,204,51.82145833333334,15.471477638461439,1.5874744850151103,0.6159193568925511,2.0225436052823067
19,205,52.419999999999995,15.480858599166362,1.5913039907017499,0.6169987177414006,2.017137868508935
19,206,50.821875,15.49022043521923,1.601279960594003,0.6103928955641736,2.0092535580412587
19,207,49.89458333333332,15.506851744286832,1.6105767893644112,0.6196789952745083,1.9928794272492882
19,208,49.02166666666667,15.524795243548663,1.6123798497565403,0.6139296747285967,1.987479591218762
19,209,50.864583333333336,15.531943390860663,1.6168478677643163,0.612063420515768,1.9838381517388768
19,210,50.68416666666667,15.53753909970185,1.625207978490525,0.6128527458799156,1.973707534604289
19,211,51.49937499999999,15.544265692366954,1.6296054942813651,0.6071442032807989,1.9710161272113775
19,212,53.16875000000001,15.544265692366954,1.6355301157525952,0.6056600300731554,1.9695786721107638
19,213,53.72291666666666,15.544265692366954,1.6410522959476501,0.6006248812742165,1.9691869791449892
19,214,52.02458333333333,15.554572621283453,1.6506483959781604,0.6026521258626282,1.9565900249670802
19,215,53.42208333333334,15.554572621283453,1.657245198343448,0.597397928269174,1.956840747946829
19,216,51.78729166666667,15.565033936066497,1.6634574474343926,0.5897101873845723,1.952449330656127
19,217,51.67833333333332,15.569813111735904,1.6674622297618207,0.5847251896583342,1.9486247344064327
19,218,52.83729166666666,15.573506916605027,1.6718994969747036,0.5840336274139419,1.9437121248856406
19,219,52.6775,15.573506916605027,1.6772514614973526,0.5813323468656985,1.9392504538197126
19,220,50.52916666666666,15.587401870252396,1.6871203595165465,0.5717204815693893,1.9272755060297864
19,221,52.602291666666666,15.589753798911804,1.6920538561774046,0.5657830943337575,1.9244983728392646
19,222,51.538125,15.595303714794325,1.698506913622583,0.5611821829916748,1.915328828572457
19,223,53.48458333333334,15.599172031487637,1.7010360894173064,0.5590566121162426,1.914296495106725
19,224,54.02625,15.599172031487637,1.7056872890523205,0.5560535436666453,1.9127721738497767
19,225,52.173958333333324,15.603516119204542,1.7100465465246435,0.5498959525876986,1.9104211482040914
19,226,51.74041666666667,15.610575762702666,1.7177630133712936,0.5441135373864249,1.9023489090272223
19,227,54.31999999999999,15.610575762702666,1.7215198045687687,0.5394256677466829,1.902622961767057
19,228,52.535000000000004,15.613219105456924,1.7265539933477516,0.5353882030183793,1.8966841157821306
19,229,49.819583333333334,15.632109953619848,1.7301829534285091,0.5360282197854406,1.8876645930168054
19,230,49.688958333333325,15.6514561282011,1.741297913211325,0.5290808101157202,1.8696925536085374
19,231,51.007291666666674,15.661578421709214,1.743401121268138,0.5272570712036299,1.8592691670690398
19,232,53.951458333333335,15.661578421709214,1.7468662559985795,0.5251167382376934,1.856828059613475
19,233,52.77916666666666,15.66928419177083,1.749048660763167,0.5271868013888124,1.8551437004210287
19,234,52.916666666666664,15.673979391193456,1.7560675846530982,0.5181775416724719,1.8472012739415669
19,235,53.12104166666666,15.677590506614912,1.7591539681207848,0.509808925414561,1.8443101820718362
19,236,52.66854166666667,15.685908306791866,1.7619395863176508,0.5041460996647783,1.8429020584107563
19,237,52.317499999999995,15.690142556121547,1.7657061241666003,0.5015748065119436,1.8373781380870757
19,238,54.011041666666664,15.690142556121547,1.7705550498724825,0.49732252348269945,1.8341316937648846
19,239,52.860833333333325,15.6937716837731,1.7742014140834101,0.4893333718060641,1.831842289300639
19,240,51.470625000000005,15.70101690921548,1.77979244617774,0.48866156970720226,1.82444163222541
19,241,52.942291666666655,15.70101690921548,1.784527433920474,0.4850193765061579,1.8172329345498626
19,242,52.814166666666665,15.704200781649972,1.7884942169772375,0.4836958866639709,1.8123422935061821
19,243,53.42979166666667,15.704200781649972,1.7916937151151655,0.4824559265765404,1.8087680270644924
19,244,53.564166666666665,15.707118139899977,1.795026082974423,0.4759597188035274,1.807401574458767
19,245,53.095416666666665,15.710434641315032,1.7979928596350097,0.47356212484588694,1.8026875253310946
19,246,52.971875000000004,15.710434641315032,1.8026117969738418,0.4703319376970801,1.795031176021079
19,247,52.47958333333333,15.713938675925974,1.8062900067208623,0.47041690431114563,1.7878690514956408
19,248,52.501458333333325,15.719055619051495,1.810623786093644,0.4633037587957593,1.7776717758765985
19,249,50.83187499999999,15.725168761500047,1.8165159851979242,0.4604206126957471,1.7677232416701898
19,250,53.90708333333333,15.728572107532903,1.8221872441778935,0.4584774702854289,1.7590901471399398
19,251,52.96208333333333,15.731489242037947,1.8252081725966212,0.4573031997509086,1.755297443038999
19,252,52.886874999999996,15.734004874508205,1.8290119001473863,0.45529976666471667,1.7486467140804365
19,253,54.370625,15.734004874508205,1.8313775593588508,0.45117678342140033,1.7451068629188309
19,254,51.301874999999995,15.737048709507274,1.8349626342257914,0.4456964440247337,1.736654978812244
19,255,50.979791666666664,15.746415757824668,1.8423891340638743,0.45044650008170395,1.723875015239357
19,256,55.16854166666666,15.746415757824668,1.843619832012261,0.4495039560878603,1.725956322236953
19,257,53.12166666666667,15.74792171208183,1.8471284315425551,0.44556296149156577,1.7205454256530657
19,258,54.1,15.74941858410443,1.8490289982965626,0.4434270613607642,1.7175004224264612
19,259,52.813333333333325,15.755190343043637,1.855627310936276,0.4381033241049563,1.7027314417601322
19,260,53.72437499999999,15.755190343043637,1.8592778732916844,0.43210759606993493,1.696465327272625
19,261,52.41854166666666,15.760605110736128,1.8609911152556058,0.4290096017287192,1.6936115689787368
19,262,52.940416666666664,15.763760504371197,1.8668577735459175,0.4223958513216661,1.6817948766236932
19,263,53.14124999999999,15.767826311470307,1.868458902168239,0.4235446246365802,1.6792119749109387
19,264,54.277499999999996,15.767826311470307,1.871305855672521,0.4215043930040126,1.6765456047640592
19,265,54.29124999999999,15.767826311470307,1.8748292973034935,0.41896129338132704,1.6718781426018638
19,266,52.270416666666655,15.76996671048222,1.8779005966008688,0.41642021741257923,1.6639498010310079
19,267,54.75,15.76996671048222,1.881177951932657,0.41476825120181837,1.6622163187074652
19,268,54.677916666666654,15.76996671048222,1.8835040780288022,0.41045715193632637,1.6583605469429699
19,269,53.78395833333334,15.772652013598298,1.8850998725453239,0.4096597481569485,1.6555374270607905
19,270,54.80708333333333,15.772652013598298,1.8866846374471267,0.40612643318085445,1.6549934307704317
19,271,53.39249999999999,15.775674532085848,1.8898576772296567,0.4006427062414402,1.6458582239550386
19,272,53.891041666666666,15.776985771790383,1.892879736637314,0.3994855131544573,1.643762872790695
19,273,54.036875,15.779727785728028,1.894994112481482,0.39405855565723136,1.641665521283456
19,274,54.34562499999999,15.781915673495735,1.898338283115328,0.3923530857142269,1.6418815116902157
19,275,54.51479166666667,15.781915673495735,1.9025061364538671,0.3905168160070769,1.640580571504786
19,276,53.666041666666665,15.785306932104819,1.9053075594104862,0.3888791573384528,1.6383504149689005
19,277,53.392083333333325,15.78736608938214,1.9081636969012536,0.38730761764005484,1.6352305087707246
19,278,53.500208333333326,15.78995005112329,1.9126049381706811,0.38851834096065263,1.6281699088658046
19,279,54.26249999999999,15.78995005112329,1.914409074729664,0.38771373202687603,1.6254456410122253
19,280,54.55125,15.792313345512467,1.9158476044279467,0.3880439601757828,1.6262632675101574
19,281,54.268541666666664,15.7943531178395,1.918112122804266,0.38557620164676487,1.6269798092456647
19,282,53.61875,15.795642818026336,1.919078314753375,0.3822722954356187,1.6217722025604209
19,283,54.547291666666666,15.795642818026336,1.9220644998270515,0.3780502599461175,1.6182030494388053
19,284,52.355416666666656,15.80378051113005,1.927200940293286,0.3713787748190568,1.6070798146422147
19,285,51.09479166666666,15.811158398834994,1.9341403085193047,0.36444497473720094,1.5841140871342163
19,286,53.79624999999999,15.81253933173053,1.9371030403284455,0.36188283962978357,1.5773731934332207
19,287,54.6175,15.81253933173053,1.9390626153666353,0.35960512756548724,1.5743979235242755
19,288,53.864374999999995,15.814237869053192,1.9400108278395118,0.3581601406988709,1.5677721051500355
19,289,54.42125000000001,15.816079393638365,1.9428920288384592,0.3562090497615919,1.5682574098088384
19,290,54.22083333333333,15.816079393638365,1.9451278585613851,0.354269681195529,1.5626251961691353
19,291,54.342499999999994,15.818117534580903,1.9470333111093292,0.35297440006939723,1.5613094352670736
19,292,53.96604166666666,15.819889687235401,1.9482275767848958,0.35238563723759586,1.557637074489406
19,293,54.37833333333333,15.819889687235401,1.95096754480233,0.3470199837721682,1.5515743364676393
19,294,52.337916666666665,15.823951497034479,1.9532437952181203,0.3376355579644233,1.5423779578699572
19,295,54.339999999999996,15.823951497034479,1.9548549086030547,0.3332541989746726,1.5350098770113605
19,296,55.120625,15.823951497034479,1.9575333052758537,0.3312388526865106,1.5340863798163493
19,297,53.760416666666664,15.824980686321927,1.960262879675807,0.3294056886460933,1.5300839977752188
19,298,54.61479166666666,15.824980686321927,1.9623108717022884,0.32657092248254876,1.5257080674931043
19,299,54.29125,15.826039245417945,1.9646143187654088,0.3250085066955979,1.5230774811824417
19,300,52.77166666666667,15.82852412899988,1.9664161712175627,0.32160450887419184,1.5115997375198211
42,1,6.302083333333333,1.562074992858663,0.2536378684002535,0.8494013695110135,2.030515658633904
42,2,6.904791666666667,1.5670119720883502,0.2555458333599124,0.8491087328579595,2.0386222346815623
42,3,7.217916666666667,1.5719780823860934,0.25896593880036284,0.8484849155250113,2.0497990720018593
42,4,8.965416666666668,1.5843387618532039,0.2636687766845886,0.8491528618670893,2.0667909400841444
42,5,6.79,1.589610471514839,0.26609289264128827,0.8497588519795677,2.074240698732856
42,6,7.114375,1.5951552066249404,0.26910052468856854,0.8500598337866321,2.083341014201045
42,7,6.731041666666667,1.5983436373994362,0.2731497748676102,0.849570592968986,2.0937999690817604
42,8,9.684583333333332,1.6139556617748365,0.2788236186837253,0.8506492386373784,2.114640735873715
42,9,8.963125,1.6260114537687762,0.28462602851672597,0.846632508397498,2.140131744757961
42,10,7.300416666666667,1.632575429771682,0.2889444127617036,0.8461327652664408,2.153299755474074
42,11,7.66125,1.6423355781880535,0.2943484642502201,0.8449557938916794,2.171434791372106
42,12,7.438958333333333,1.6499386068620399,0.30003782187553657,0.844960797120934,2.1855581684690675
42,13,9.285208333333335,1.6664135909457387,0.3030566758117848,0.8461737990038194,2.200996388645868
42,14,7.471875,1.6738785844663637,0.3096178508566249,0.8454373240739896,2.2173872153760557
42,15,8.512291666666668,1.6881306694626654,0.3169827734182739,0.8464449115171763,2.235925406949126
42,16,7.800625,1.6945903191608254,0.32008454973401623,0.8463675322343944,2.245758117503371
42,17,8.014999999999999,1.7031660957494,0.32511580877936014,0.8458885243402975,2.2604834633909547
42,18,7.655,1.7123274515661093,0.32813277297752536,0.8460924429415274,2.2707367699577192
42,19,9.079375,1.7211769524757023,0.3366610279356497,0.8435732550486204,2.293540197019671
42,20,8.569166666666668,1.7311809731766323,0.34143353958665357,0.8435383814328934,2.3083605524874624
42,21,7.43,1.7374798941804857,0.34635586706855426,0.8432726625605427,2.3204684372488225
42,22,7.610416666666666,1.7449449690252683,0.35018089242266426,0.8416633133002399,2.3339213866857396
42,23,9.51375,1.7556097449877606,0.3542100234797372,0.8419322686010495,2.344859908271295
42,24,8.287291666666667,1.7672701831890438,0.35838696168277145,0.8423718913026825,2.357040523811034
42,25,7.681041666666665,1.7746238509616723,0.36465628555500573,0.8412777510267773,2.3721636662889685
42,26,6.738541666666666,1.77668077499353,0.36923294319430816,0.8413800873922381,2.3792929760836588
42,27,8.113750000000001,1.7879655920772202,0.3715710401037249,0.8415734513518578,2.389235950341737
42,28,6.750208333333333,1.7928748663491139,0.37703896333932385,0.8388934072545666,2.4036343928198542
42,29,8.192916666666667,1.7999857635376675,0.38253079201353846,0.8377505644193549,2.4173726333698924
42,30,6.82,1.8043271945213413,0.3882619307757402,0.8380626593409177,2.4261668050863867
42,31,8.959583333333335,1.8195283528578525,0.39402875011319866,0.8352333105669162,2.446724348787366
42,32,8.769583333333335,1.8317600335278015,0.40472174449551246,0.8328697207301876,2.4703257297454417
42,33,7.28375,1.836220480537039,0.41069905223396047,0.8337053638726412,2.4785151809927846
42,34,8.530833333333334,1.8464123057711523,0.41960212827643184,0.8335894042738659,2.495822304490327
42,35,10.334166666666667,1.8696221332280312,0.4259710421593468,0.8354059346616047,2.512305155785414
42,36,8.495624999999999,1.8840330328287342,0.4320960226300809,0.8343844604284265,2.529583212563198
42,37,10.723333333333334,1.9053449105255869,0.44001444062797995,0.8350570098645986,2.54862345953946
42,38,10.840833333333334,1.9322050569769367,0.44678247671993443,0.83504950746793,2.5707288535449297
42,39,9.610625,1.950753987622961,0.4560877719850824,0.8371526514443202,2.586128631078465
42,40,11.939583333333333,1.9773488703357565,0.4681404578164634,0.838595132796216,2.6080770796476225
42,41,9.339374999999999,1.9988365609892016,0.48005830063251637,0.837941433361409,2.6313549583637887
42,42,10.194166666666668,2.0184203904000046,0.49283585684726305,0.8377735545999542,2.6533364184360893
42,43,9.3775,2.0343400832879848,0.5007171447915413,0.839068710461797,2.6664631785890953
42,44,9.100833333333332,2.043991474870147,0.5103373591405423,0.8389378871855523,2.680623959720499
42,45,9.37625,2.0581532016211477,0.51844636753756,0.8403313181660499,2.6920560641499813
42,46,8.660416666666666,2.0630876150083006,0.5257197995000221,0.8393465682078393,2.7020828854180747
42,47,8.050833333333335,2.0720680610501194,0.5325327637587242,0.8398448072056444,2.7102005119908354
42,48,10.556458333333333,2.0930910182261453,0.534977505001759,0.8388787413659357,2.7218958986704553
42,49,10.577916666666667,2.1164571910648147,0.5485975831312626,0.8381673625238448,2.7450141092765596
42,50,11.365416666666667,2.1360874272801453,0.5579427678588076,0.8382500010410499,2.7601513466175938
42,51,11.412083333333333,2.1577513160418964,0.562833882642235,0.8373142950998421,2.775136860553459
42,52,8.098333333333334,2.1647516802230307,0.5696789167954954,0.8363954292626673,2.783342069367615
42,53,10.925208333333332,2.190773159462143,0.5784083825929489,0.8374055122794987,2.7988723415714216
42,54,10.546458333333334,2.2099419469323722,0.5854653166294391,0.8384953928305642,2.810337462799614
42,55,10.506666666666666,2.2252919052644673,0.5985764702441725,0.8389409202001279,2.8242019919403454
42,56,12.787916666666668,2.25966316978132,0.616839157381549,0.8400328680834114,2.844545631079619
42,57,9.963333333333333,2.2722544846201145,0.6200488497853852,0.8398804765680655,2.8507155240460156
42,58,14.703333333333333,2.298994363328479,0.6305665777933959,0.8409620545266363,2.864392518363016
42,59,8.385,2.311507529466842,0.6390356730064192,0.8416077447302052,2.8720571467615654
42,60,10.515833333333335,2.332943945646034,0.6447920984857609,0.8418392728134653,2.8831892344216032
42,61,9.555,2.346698408621306,0.6497308594841806,0.8393235716874877,2.8946522113114943
42,62,10.712708333333333,2.3623825836141386,0.655055646241913,0.8387459516295436,2.903367947788066
42,63,12.012500000000001,2.3842963662829924,0.6601274905206739,0.8353423516724746,2.9188549630699407
42,64,12.102708333333334,2.407586631410453,0.663712131962388,0.8367735801164198,2.926480150214542
42,65,9.754791666666668,2.4191770821261356,0.6709434117704252,0.8339449265689783,2.9386663484580993
42,66,11.089375000000002,2.429642088636768,0.6801253377096427,0.8340196043488816,2.946319477704435
42,67,10.203333333333333,2.4481731370465853,0.684479607179234,0.8310260508699485,2.9591942337658343
42,68,11.627500000000003,2.464145133087249,0.6858748141568851,0.8285838511876243,2.968656027934358
42,69,11.008750000000001,2.4858793927817553,0.684532126371072,0.8254299472748425,2.9789713163901053
42,70,13.254375000000001,2.5258575551846127,0.704972973139016,0.8184474320602226,3.007977566650547
42,71,12.931041666666665,2.5512331359718443,0.7131108795010824,0.8172564986334657,3.019102637942839
42,72,12.242916666666668,2.577087015193453,0.7159042026696718,0.817924184740587,3.027158322025604
42,73,13.402291666666665,2.607052379207873,0.725073149780326,0.8164645936675637,3.039952096690386
42,74,12.868541666666667,2.6324296673711967,0.737478054913298,0.8166519756364049,3.049538227912422
42,75,11.569166666666666,2.649841686503205,0.7417305388632286,0.8154763816114792,3.0556723280649316
42,76,14.163125,2.689745458453877,0.7503544012401652,0.81275589176579,3.071479505909542
42,77,13.717083333333333,2.7162924103140123,0.7569094279075407,0.8107641335786813,3.0802561328318836
42,78,10.670208333333333,2.7346750442356766,0.7654947146538642,0.8104318742864101,3.0866910338463374
42,79,13.662708333333335,2.750134524860065,0.7732550491697492,0.8092414807081704,3.0944016837199464
42,80,11.919583333333335,2.775260865744667,0.7810247391699632,0.8088854871092719,3.102096116755761
42,81,13.029166666666669,2.8000605763433057,0.7880733727147619,0.809724780326881,3.1062067141692395
42,82,12.263958333333335,2.8292089623103895,0.7966205519253605,0.8068459455750613,3.1169452269012075
42,83,15.214791666666665,2.864889608235303,0.7987775918617213,0.8096059865151128,3.1190129163839417
42,84,13.811666666666667,2.893594025596989,0.8048711753732887,0.8078663176396813,3.1285305510677257
42,85,14.334583333333335,2.926422978748113,0.8119635010315283,0.8058906288641895,3.140209722911593
42,86,13.709375,2.9567196111988974,0.8167318501775466,0.8038766794200983,3.1497070228100017
42,87,12.536666666666669,2.979917134828158,0.8218322658124148,0.8036707689516135,3.154105206255826
42,88,15.068958333333333,3.017653736180738,0.8339629654488577,0.795315554957975,3.1761437747513694
42,89,14.473958333333334,3.0555593852618506,0.8360559345370695,0.7946306991140234,3.1859890312069004
42,90,16.315416666666668,3.1025798128786723,0.840206089705066,0.7977614527422012,3.1903866073339624
42,91,16.339791666666667,3.153118453297071,0.8480716104993704,0.7962279081981366,3.1991810999084604
42,92,11.825416666666667,3.1769462072898955,0.8554617824027901,0.7981444626412845,3.2013241859773793
42,93,15.610833333333332,3.216409751838073,0.8583223225630608,0.7955825721782595,3.21273146572822
42,94,16.894583333333333,3.2582089171994366,0.8663852516092684,0.7951007633924221,3.2222671637578473
42,95,14.923749999999998,3.289680282070702,0.8718881522710227,0.7956577873550301,3.226938628818802
42,96,13.847500000000002,3.343454017328191,0.882847745943673,0.7967560536230943,3.2335593995929095
42,97,13.875833333333333,3.3677343482780486,0.8864053388610009,0.7976534204904765,3.235086090301577
42,98,13.575000000000001,3.401560167704228,0.8933639008064945,0.7951259274967125,3.2422364832001156
42,99,15.388333333333335,3.44157784692249,0.9041466244333931,0.794037971601586,3.2456743587338837
42,100,13.569166666666666,3.469911869301918,0.9117967113107999,0.7919554088688471,3.2521408970015724
42,101,17.210624999999997,3.5331780413889717,0.9208937636112241,0.7913560564596857,3.256178525360594
42,102,21.205416666666665,3.6017736293394202,0.934434093005329,0.7941583748289148,3.2586677503174353
42,103,13.136249999999999,3.6269754260877285,0.9410367136485046,0.7929965998529079,3.2602219946390765
42,104,17.307708333333334,3.69744137618681,0.9489609548582151,0.7934752898817153,3.265557189511535
42,105,14.893749999999999,3.7241448951586356,0.9521035912418919,0.7927853391715657,3.2708110965064128
42,106,16.676458333333333,3.7740126936517466,0.9577916087498136,0.787272340024021,3.2820849855955965
42,107,17.746875,3.8379047526948895,0.9604977876018195,0.7864830033056585,3.291175747642649
42,108,16.231666666666666,3.888476130565028,0.9660058157142588,0.7836991756239038,3.302413332172804
42,109,19.963333333333335,3.9570424220310034,0.974026566533585,0.7817141353836247,3.30661292661188
42,110,20.581458333333334,4.029542861454569,0.9752607923832805,0.7821587177037537,3.3158212508447438
42,111,15.286875,4.080979329009322,0.9817152732138403,0.7821826977390667,3.3193029372659293
42,112,17.41125,4.134460621451432,0.9882471247747642,0.7827372406890496,3.3216068266623164
42,113,18.172708333333333,4.207807708293527,0.9949537798557792,0.7814567088872828,3.325047353244033
42,114,20.149791666666665,4.298515197664362,0.9963372984406709,0.7782619764651173,3.3321321733639637
42,115,15.217083333333333,4.36622853097896,1.0045288489543343,0.7761741663264966,3.3380888804258277
42,116,16.980625,4.434955047767111,1.009381309365341,0.7687368437286359,3.3516662775320594
42,117,20.202291666666667,4.532508702836227,1.0149158952628423,0.7671972359591539,3.3603221871383413
42,118,18.21375,4.604160983193188,1.0165559101900405,0.7622531619150572,3.3659923676683987
42,119,17.96020833333333,4.676564450394179,1.0223454059566524,0.7644478126016538,3.3669746413913146
42,120,20.50583333333333,4.798347913390958,1.033719639638865,0.7568512213350177,3.378344193303847
42,121,18.685416666666665,4.891576740946173,1.0434365247900523,0.7588645047485472,3.3852518646433727
42,122,20.135416666666668,4.989200879343718,1.0482637661274372,0.751268863568603,3.3958468963578436
42,123,22.059375,5.11841332983008,1.053871831495119,0.7545908223670333,3.3958771451709144
42,124,19.913333333333334,5.2377477524330835,1.0564127846047018,0.761886395199299,3.38536163489922
42,125,18.706041666666668,5.327451793025742,1.0613469277539824,0.7580023167790371,3.393405255927729
42,126,21.991874999999997,5.49496254081259,1.0657434332866076,0.7618402083618004,3.3927642304362147
42,127,21.37,5.651482129008395,1.0693932844355833,0.7631016495645823,3.389981288003548
42,128,27.049374999999998,5.845367150734913,1.0819309392685317,0.7619163467638164,3.3945291066433025
42,129,21.4075,5.983302031406586,1.0873005246689844,0.7606700962887021,3.394243802481552
42,130,21.268749999999997,6.16911696168557,1.0903815663685734,0.7519171922559056,3.4008092477065817
42,131,21.990624999999998,6.351318627560995,1.095207534623921,0.7522338335020868,3.3875137879946355
42,132,28.397291666666664,6.600012221882068,1.0993311132482821,0.7530416703781293,3.3835672594048685
42,133,22.697083333333335,6.803216382290083,1.1116916905456626,0.7477400343328199,3.381923160138623
42,134,26.910208333333333,7.069610115480177,1.1171530548371278,0.7418743274220341,3.386303431953023
42,135,29.939999999999998,7.3835853979165025,1.1276005242400666,0.7387003167981905,3.376297681405716
42,136,25.039583333333336,7.61099831245941,1.1266628377638865,0.7380565486771555,3.3630878403815885
42,137,28.903333333333332,7.932576587700937,1.1280567576009237,0.731684408491103,3.3518624409250615
42,138,32.98208333333333,8.276455087084434,1.1401729877849485,0.7306468524894119,3.325869888400664
42,139,30.843541666666663,8.641844991722639,1.1483388970505322,0.7264120235817026,3.297034507514665
42,140,28.05,9.010845201394886,1.1633134102676357,0.7267386772503936,3.2703449691575694
42,141,33.88395833333333,9.397177684199386,1.1693185254129994,0.7324164955068222,3.2272951926831306
42,142,33.60729166666666,9.779458681578845,1.1682779320916272,0.7247658142753606,3.1888105912210154
42,143,39.275,10.099411809283966,1.1729743858011028,0.7231381399643344,3.151874407596927
42,144,37.762499999999996,10.40093628936601,1.1695038322765767,0.7242697226594657,3.108860525840686
42,145,35.23145833333333,10.737251160240683,1.1655349463572406,0.732879406225552,3.0490291862971795
42,146,34.49666666666666,11.099910005165714,1.1725334518228308,0.7268807091319145,2.9980417671489867
42,147,33.42979166666667,11.461770780792783,1.1821071549288655,0.7342109421380066,2.9402501404487458
42,148,37.91895833333333,11.806098748033062,1.1937200956581837,0.7256100841731344,2.8919131437915464
42,149,36.27979166666666,12.121851015756414,1.1992457618075303,0.7207819423553429,2.8468560899662845
42,150,38.94354166666667,12.417237376837578,1.2063251749205397,0.7196997922037213,2.789344993919157
42,151,37.24916666666667,12.726996670063357,1.2115771168693703,0.7140185321602399,2.7286660254902286
42,152,44.18833333333333,12.93502265946686,1.2193497961031143,0.7093662049573316,2.6837065352666034
42,153,38.97354166666667,13.154728710719668,1.21539608801716,0.7039925567222,2.6371244897282877
42,154,46.163125,13.30115837691536,1.2211776757185073,0.6982321460279094,2.6074598651520278
42,155,46.039583333333326,13.427217348893972,1.225372948517907,0.6985854284341638,2.5784776083071046
42,156,46.324374999999996,13.546618508156014,1.2339912436712117,0.7049561446687004,2.5492605800447263
42,157,41.36395833333333,13.724004475124694,1.236595181435806,0.6982852004438613,2.5128305208559496
42,158,45.90562500000001,13.835901378806343,1.2472324957214118,0.6914020564271488,2.4905996251449842
42,159,46.89812499999999,13.945958762440153,1.2552764850134053,0.6903320044896623,2.4640796274628007
42,160,47.418124999999996,14.020669538974671,1.2593895780347313,0.6963760945911548,2.4428386842176746
42,161,45.84291666666667,14.136453551050494,1.265278662820485,0.6920173884008219,2.422685670514193
42,162,47.331250000000004,14.199781586048273,1.2684722406276536,0.6854143849715714,2.411653217050193
42,163,41.13770833333333,14.351092866871385,1.2800052334583647,0.6839583632739167,2.3716367945419465
42,164,48.76874999999999,14.403885532800668,1.2858191051512173,0.6778017403435257,2.3617982388755654
42,165,48.38291666666667,14.451342671466795,1.2942622498772662,0.6741954133737846,2.352413006469451
42,166,47.19333333333333,14.521661509015633,1.3058889743384106,0.6638758483683338,2.343502876539562
42,167,50.73833333333332,14.53649022875826,1.309888192986501,0.6584834115846396,2.344364123123026
42,168,49.9575,14.565556855114147,1.3197336768242398,0.6610590169358345,2.3383669371232516
42,169,45.560833333333335,14.642199340217024,1.3246497876372685,0.6599933939430276,2.31309895527824
42,170,47.413125,14.705164807592592,1.3334236360847356,0.652438488708668,2.3042255389920476
42,171,47.470416666666665,14.763041193833052,1.3351913353546028,0.654444496622023,2.285786327651897
42,172,51.13979166666667,14.78104386826184,1.3413309727411875,0.6507893365692076,2.285264577211508
42,173,48.21333333333333,14.812237291720717,1.347527821490699,0.652519178010203,2.276289755894675
42,174,49.44145833333334,14.849097451565246,1.3559816951392256,0.6520033394289749,2.2686213964324935
42,175,49.19708333333333,14.871706242332609,1.3628878207763437,0.6500474676387191,2.265126371188958
42,176,45.123333333333335,14.944108653661077,1.3694192057100498,0.6404186075978878,2.250076546532076
42,177,47.81187499999999,14.975322510554582,1.3728965881053359,0.6372975172121377,2.2409410460580617
42,178,48.57604166666666,14.999239084665682,1.3810229418604258,0.6353835032024899,2.2346439053427463
42,179,48.05125,15.039894426756858,1.388146025445412,0.6381342544733072,2.2188829848387135
42,180,48.948125,15.080407684592593,1.4002334493387067,0.6315351519643876,2.2105130947128258
42,181,48.97291666666666,15.101909120630562,1.4084575381408646,0.6334526745480965,2.2024278095323497
42,182,49.05020833333333,15.135047230106409,1.4186496910235782,0.638288783902427,2.1869911228466385
42,183,50.740624999999994,15.148941346499702,1.4287538341533783,0.6314579867657661,2.185388961291265
42,184,47.152499999999996,15.180939037738877,1.4325308865936632,0.6362292265605811,2.1712314579852423
42,185,49.317499999999995,15.201932616246282,1.4405498546605642,0.6366457191949784,2.1643689059354534
42,186,51.045208333333335,15.216861229433182,1.44445682289926,0.6402206876673086,2.156485860819779
42,187,51.299583333333324,15.223684360173618,1.4498963109711052,0.6358317681687703,2.1554533541179683
42,188,50.31208333333333,15.241192469048965,1.4611993454454566,0.6349333264629673,2.150167294742542
42,189,49.855624999999996,15.265123556326543,1.4708482371305964,0.6364027900175068,2.1379557507330036
42,190,48.731875,15.301766936957794,1.4775132723724353,0.6258305168316388,2.132345540687761
42,191,49.90958333333333,15.322913639537656,1.482417018240895,0.6219497610977722,2.1278299165937256
42,192,51.33687499999999,15.339668535627817,1.4847142080832678,0.6218893512546041,2.1246661209343713
42,193,49.93979166666667,15.355123562229064,1.4924264181153535,0.6215514617135872,2.117323284542769
42,194,50.23729166666667,15.369190003892635,1.5003228289813693,0.6179272694094633,2.109303632031075
42,195,50.23020833333333,15.38731514695481,1.501749852943101,0.6158133008266807,2.1042008656134534
42,196,51.093333333333334,15.3938090954797,1.5071373722989192,0.614653266444375,2.099558891000204
42,197,50.145416666666655,15.409077355875109,1.5201474514289908,0.6119036909880181,2.086737334140242
42,198,51.67499999999999,15.412811461800112,1.5264350844092538,0.6077411044124511,2.0838094555284377
42,199,52.430625,15.416006525189768,1.5318008042701297,0.6058858853241076,2.0832490713653677
42,200,49.71166666666667,15.437822848896944,1.5372416880750055,0.5984085402585825,2.077940893119433
42,201,49.85958333333334,15.456234233945265,1.5470888818382675,0.59187547437801,2.071789450749907
42,202,50.16854166666666,15.472780493207987,1.5564459657828267,0.5866737371082702,2.0642727803036633
42,203,51.951249999999995,15.478091364660983,1.5619384760962858,0.5893735488958773,2.0613034424686965
42,204,51.21479166666666,15.48914932781506,1.569580884203083,0.5856346286180604,2.0542147904269785
42,205,51.15229166666666,15.50145244213508,1.5799535169179093,0.5804830554247238,2.046440212394037
42,206,49.364374999999995,15.518406192907428,1.5802955799435983,0.5780700466182928,2.0396110619634786
42,207,51.99854166666666,15.525378047390141,1.5851843215439958,0.5702962875058822,2.0349243547578304
42,208,52.55458333333333,15.528135413399431,1.5912623233847927,0.5699847748047773,2.0325408409993773
42,209,51.20520833333334,15.535857786330139,1.5949455417129912,0.5707711146309412,2.0291308906557592
42,210,51.204791666666665,15.544783524400705,1.6058392051785777,0.5632147797805842,2.023375805988765
42,211,51.71729166666666,15.547306751449796,1.6120822148331824,0.557781757037046,2.021036881718188
42,212,52.59625,15.552242571473643,1.6164879384325528,0.5561267069600584,2.019576093753072
42,213,50.19749999999999,15.569428949948861,1.623826335786199,0.5576665053859766,2.0089308582029495
42,214,50.66041666666666,15.578529482096986,1.6308704505630784,0.55119122291467,2.0028017908692233
42,215,49.94416666666666,15.591751975728851,1.6346845374138124,0.5454190771419898,1.996048619875467
42,216,51.886875,15.599973949856162,1.6371538526975096,0.5443387561004663,1.9931642368195628
42,217,51.781458333333326,15.6046705000292,1.6464984257559088,0.5395813652911966,1.9860024252958457
42,218,52.120416666666664,15.613267327153608,1.654729787417043,0.5382530263137937,1.9820729433954485
42,219,53.020624999999995,15.613267327153608,1.660895719715572,0.5350615610195982,1.979050640224961
42,220,52.098125,15.613267327153608,1.667277990517257,0.5306452083168771,1.9751736220215224
42,221,51.86291666666667,15.619458648018146,1.6744441995933963,0.5232462056224159,1.9681690014671258
42,222,51.36729166666666,15.631670177779862,1.6814791229642205,0.5127592219244242,1.9605982836028113
42,223,52.65479166666666,15.635003971243654,1.6861439910817078,0.5092214787323968,1.9553352531158485
42,224,51.751666666666665,15.64084656007451,1.6907453478261527,0.5019106002923692,1.952096835330443
42,225,49.582916666666655,15.654380562530765,1.6936031109814005,0.5013343298283643,1.943457797681477
42,226,53.17895833333333,15.654380562530765,1.7004121231590235,0.4964524510367614,1.9395551623580825
42,227,53.63854166666666,15.654380562530765,1.7065702674460015,0.4963693702116336,1.9367005533022292
42,228,50.20895833333333,15.667770666757391,1.7114644616462833,0.48813469932753917,1.9256740245485036
42,229,52.45520833333333,15.671698238115752,1.7160477056829697,0.48078605977750377,1.9231353185451372
42,230,51.765833333333326,15.677817273307392,1.7254228359567916,0.4775124127387999,1.911625670536902
42,231,52.69041666666666,15.68148831417409,1.730048974227205,0.4755356656594342,1.9078959270895803
42,232,53.319375,15.68148831417409,1.735913174806591,0.4734544227246854,1.9037394265433991
42,233,53.66770833333333,15.683392901100916,1.7411572173894914,0.4715597718299368,1.9015380761358929
42,234,52.46270833333333,15.687830986893594,1.7490536999572255,0.4681242976579896,1.8923759358290468
42,235,53.51479166666667,15.690249303255056,1.7551097290003947,0.4632007279236574,1.8853525251682046
42,236,53.242916666666666,15.692054265003677,1.7584906160721228,0.461544735662032,1.8815626614948835
42,237,52.57666666666666,15.695678067367025,1.7625220276281424,0.4580618748834636,1.8770330238650446
42,238,52.481249999999996,15.702496130113433,1.768335122828096,0.4545568372273226,1.8691537398502518
42,239,53.20041666666666,15.702496130113433,1.7740152532161246,0.45125059522426875,1.8644463121230133
42,240,54.27312499999999,15.702496130113433,1.7779476679491415,0.44731509366861033,1.861431139735472
42,241,51.91979166666666,15.707231636810619,1.7810877786871169,0.44458530267413654,1.8549537360003607
42,242,52.74229166666667,15.713750844273008,1.787375366561097,0.4421011041531076,1.8480379149474802
42,243,51.60166666666667,15.719874230086079,1.789873293347703,0.4364665624836906,1.841234171762849
42,244,53.989374999999995,15.719874230086079,1.793200671606126,0.43414322733265054,1.8362949951481087
42,245,53.163125,15.719874230086079,1.7990345953975946,0.4332730790255998,1.8321147210385718
42,246,52.484375,15.726371324830692,1.8047509330943656,0.435821330212668,1.8255575042251426
42,247,51.46395833333333,15.733923253274941,1.8091386492271098,0.43466517698457335,1.8173129546363502
42,248,51.77145833333333,15.737243053482496,1.8162295251544547,0.43399531278426356,1.8073727962858652
42,249,52.79270833333333,15.737243053482496,1.8212523238147753,0.43288468482821085,1.8001237864623678
42,250,52.410625,15.74205035270218,1.8251964827855047,0.43292950137049757,1.7936065862152222
42,251,53.978125,15.743706082427781,1.8281930173261418,0.4280218877629855,1.7915652348640276
42,252,53.800625,15.743706082427781,1.8312953063823378,0.42505028265444567,1.785864698422906
42,253,54.56062499999999,15.74660841561437,1.8339523502304445,0.42054785645048626,1.784932358062966
42,254,53.22291666666666,15.74930231483499,1.8372744526289362,0.42196246162857237,1.7830641440844044
42,255,52.23291666666666,15.756805998445863,1.8420508361259247,0.4128226460224602,1.7763590149287118
42,256,51.324374999999996,15.762101895890128,1.8453064220144129,0.4050922071014841,1.7658707114355798
42,257,51.87604166666666,15.764657171596236,1.8495432426613005,0.39805661374115353,1.756197902049213
42,258,55.00874999999999,15.764657171596236,1.8539603059568062,0.39336322012999764,1.7539348100470864
42,259,54.50645833333332,15.7661278876832,1.8570691455832844,0.392537312452079,1.7524706279410498
42,260,54.12229166666666,15.7661278876832,1.860211510760037,0.39032789028430476,1.7485584915656678
42,261,53.30583333333333,15.768851035126286,1.8641396118601188,0.3909631066998231,1.7479074821645832
42,262,54.165416666666665,15.768851035126286,1.8678826772520658,0.38748288110808865,1.7435662620901924
42,263,54.15749999999999,15.768851035126286,1.8709746114277446,0.3852601048700221,1.7410808352880183
42,264,52.743125,15.768851035126286,1.8756135206633768,0.3801586728404897,1.7310126294194383
42,265,54.704791666666665,15.771436046674355,1.878389251114319,0.37872093342287577,1.7320741817357643
42,266,53.39354166666666,15.77440984554939,1.88526162994644,0.37612756506553924,1.722891552285043
42,267,54.619791666666664,15.77440984554939,1.8888549634569731,0.372753803052593,1.7194915128374748
42,268,54.677708333333335,15.77440984554939,1.8925813751337297,0.37186675554531506,1.7168675480145072
42,269,53.51333333333333,15.77440984554939,1.8974885349666955,0.3695890688227435,1.7115305741089497
42,270,53.339375,15.776111893167473,1.902469580604952,0.3631536606092873,1.6997728245101809
42,271,54.38854166666666,15.778573114009777,1.9061321865192649,0.3609968093589435,1.6973488878541203
42,272,53.92104166666667,15.78022298586059,1.910707599308484,0.35868370560551804,1.6896746426691465
42,273,53.284791666666656,15.78339403605307,1.913322750273794,0.35844108492890353,1.682399874106105
42,274,54.07749999999999,15.786066466185316,1.9154403289916333,0.3533273569423038,1.679170534084553
42,275,54.23666666666667,15.786066466185316,1.9181680808377775,0.3523906384516446,1.6743550937130873
42,276,53.951874999999994,15.78736505275982,1.9205686687118302,0.3503962796506974,1.6692558961973554
42,277,55.402499999999996,15.78736505275982,1.9238186963083828,0.3472275179336811,1.6684908679155148
42,278,52.68729166666666,15.791837305378035,1.927101922444044,0.344809403372672,1.666000050252649
42,279,52.42833333333332,15.794507331903912,1.9324196381069247,0.3444741638094572,1.655127870383265
42,280,54.37083333333333,15.796770992422735,1.9335152128825133,0.34421409455344987,1.655948033835234
42,281,53.09020833333333,15.802487414197588,1.9373555095526582,0.34156972119942725,1.657163692494474
42,282,54.115624999999994,15.802487414197588,1.9407002202425179,0.33939029297673073,1.6528850562806263
42,283,53.540416666666665,15.802487414197588,1.9439844710042085,0.33804650779634027,1.6475927767265988
42,284,54.78020833333333,15.802487414197588,1.946812910685213,0.335501503303824,1.6457864356076908
42,285,55.88125,15.802487414197588,1.9509303744178343,0.33444530768019115,1.6477548742628931
42,286,54.889374999999994,15.802487414197588,1.9541749200882055,0.3314839840291185,1.6445276608424124
42,287,53.77583333333333,15.804375456411364,1.9566743868425607,0.33127589936275975,1.6416731681947205
42,288,52.84645833333334,15.808753418724594,1.961871511148548,0.32758405080011466,1.6347598601257056
42,289,53.94458333333333,15.811096417910544,1.9643907871886688,0.32077347986894805,1.6290639560790796
42,290,54.98916666666667,15.812957497941275,1.9656938791394287,0.31842496775709445,1.6242782265429754
42,291,51.63583333333332,15.817061653837628,1.966842517820295,0.3167612394902096,1.616532745407207
42,292,53.98875,15.81859446752181,1.9665930859606342,0.3157412484801914,1.6098076940936072
42,293,52.97208333333333,15.821646507118865,1.9704443991678513,0.3073471668913781,1.5950318072133747
42,294,54.453125,15.821646507118865,1.9721568457970589,0.3056480497076546,1.5890775036189415
42,295,53.80979166666666,15.823420341207106,1.9757067094188971,0.299666045653098,1.5820032867373917
42,296,55.155833333333334,15.823420341207106,1.9781923136977282,0.2978229290824574,1.5815206506344532
42,297,55.04749999999999,15.823420341207106,1.982687814284033,0.29598174672770267,1.579560690138303
42,298,54.489374999999995,15.8251985784852,1.985914638928604,0.2892479033613979,1.5742976431577358
42,299,54.211666666666666,15.826258477738396,1.9887819334914643,0.28748257134938304,1.5706884225949866
42,300,55.41541666666666,15.826258477738396,1.992001022104409,0.28606723444855897,1.5716610901709271
73,1,8.50625,1.568412017894982,0.25528803636868647,0.8486700968302584,2.038924724989397
73,2,6.5945833333333335,1.5747186203224037,0.25725187157717067,0.8468924064473085,2.0508051683196262
73,3,7.474166666666666,1.5854867379629356,0.2627367918795534,0.847327410290011,2.069135522110679
73,4,6.676666666666667,1.5876893185425673,0.2665726570049843,0.8466727286817184,2.0766426037310537
73,5,6.796250000000001,1.5916118642383408,0.27031052228543967,0.8456954772059845,2.087947195218357
73,6,6.926875,1.594317648734316,0.27518423711380635,0.8453184854913823,2.0985025259553054
73,7,9.327916666666667,1.6063928904914297,0.2770566277039608,0.846122751287647,2.110915638670339
73,8,7.573125,1.6180683699764513,0.27960319391518756,0.8463465880115101,2.1237476180081885
73,9,7.193124999999999,1.625376193798966,0.2833767422701861,0.8468304325434279,2.1336739266536346
73,10,7.804583333333333,1.6356834366123794,0.2874534871785634,0.8438838895263107,2.1516014513970814
73,11,7.435624999999999,1.6390764082775555,0.29430362230293117,0.8431545646422558,2.1649335804543655
73,12,7.507083333333334,1.6465644386208276,0.29884335042359034,0.8426958613820298,2.1796741649717006
73,13,7.928541666666667,1.65467580536247,0.30580213711855797,0.8409442827266448,2.1994373971544854
73,14,7.191249999999999,1.6635227742398204,0.30875027719605086,0.8391024944281084,2.2139426615402655
73,15,7.221666666666667,1.6699271120548151,0.3118318515623903,0.8392981906540481,2.223129464890449
73,16,8.049375,1.6788971084126103,0.3164506300593832,0.838997374718177,2.2357425265301822
73,17,9.208125,1.6932596080999445,0.32167537488187653,0.8397594493521167,2.2520632545526986
73,18,8.04125,1.704404359044333,0.3254690237843411,0.8411925719226971,2.262503339123677
73,19,8.265625,1.7173294181688976,0.3328226129521429,0.840646903628717,2.283096235983304
73,20,7.7749999999999995,1.7260296043692418,0.3380668554415143,0.841011846829285,2.296750388576104
73,21,7.418958333333333,1.730070447998483,0.34227044138906676,0.84187180585732,2.303782617355358
73,22,8.4825,1.7413166176768604,0.349421773901471,0.842044223740941,2.3217031773070897
73,23,8.280625,1.7529822205230663,0.35283785791329436,0.8407716745451607,2.337328474904071
73,24,7.076458333333332,1.7635091078216913,0.3542705489293648,0.8406530029751831,2.3457109018013034
73,25,9.344583333333333,1.7804389902497286,0.35980401529561473,0.8354356126512639,2.3735469966330407
73,26,9.695833333333333,1.7966027833195863,0.36750420345436313,0.8356199908095695,2.3942767351433227
73,27,8.926458333333334,1.8061025045627823,0.372236472949671,0.8352271469166972,2.4053492884069474
73,28,7.3725,1.8133465082612252,0.37977844170692293,0.8349277310844816,2.4201437778270534
73,29,8.350208333333333,1.8274273249394428,0.3841936283717818,0.835108596078378,2.434660208844824
73,30,9.327916666666667,1.8462736634744414,0.3897158665470999,0.8319587528697486,2.458939892064617
73,31,7.840625,1.8558335837624402,0.39499466438996295,0.831931935682987,2.470983073047445
73,32,7.9375,1.8686475654368104,0.40275020212498935,0.8325521831045447,2.486536300680251
73,33,9.562083333333334,1.88788332179861,0.4117682614473178,0.8324092252801464,2.5088431779456615
73,34,7.638958333333334,1.898587124255206,0.4169215307300885,0.8320744901501966,2.5219302390181007
73,35,9.331249999999999,1.9049472863151595,0.4229431846187414,0.8319362046483985,2.5322983420140837
73,36,9.208541666666667,1.917826853891071,0.4295477356864448,0.8334272474966491,2.5442821046341852
73,37,9.834375,1.9373122552880735,0.4419019130873605,0.8319316679401124,2.5700546411212932
73,38,8.803749999999999,1.9507587966451378,0.4476544060645461,0.8274947964015266,2.590088416902055
73,39,11.779791666666666,1.969481109981182,0.45488699577044794,0.8244656356127793,2.613138438390635
73,40,9.368541666666667,1.9795769311507436,0.4639869659585346,0.8231414133396788,2.6308936457934116
73,41,9.528541666666667,1.995113254864471,0.4705830605782511,0.8231385327031088,2.6449887846080444
73,42,11.697083333333333,2.021040956692976,0.4849888097954377,0.8237076243436733,2.6711603221951368
73,43,10.253749999999998,2.038025742330424,0.49387814313500134,0.8251089494222412,2.6869147093829686
73,44,11.253750000000002,2.0630999005267334,0.5020082675828209,0.8244366431303112,2.707981543279409
73,45,12.306875,2.0885672702298717,0.5084393581753981,0.8214469945878753,2.7295896133301576
73,46,8.69,2.104931105181791,0.5183083241627341,0.8211232133114945,2.746962896492727
73,47,9.420625000000001,2.126310256960608,0.5316873532645936,0.8218394872935325,2.768247706514309
73,48,9.072916666666666,2.1359127327330536,0.5374613455354006,0.8211724908895407,2.7779947354107457
73,49,11.564583333333333,2.1613755956678564,0.5514933634915554,0.821477575174922,2.7990946845070503
73,50,9.334166666666667,2.177740175676076,0.5582813623926753,0.8199590376861163,2.813942669183763
73,51,12.402708333333335,2.2055802429308544,0.5646702883707595,0.8192092479704998,2.831730582131936
73,52,12.153125000000001,2.2271109952975667,0.5677567007617782,0.8193167570633965,2.841981757539834
73,53,11.457291666666668,2.244832462963469,0.5818360316430062,0.8168559843633284,2.8614224701865294
73,54,8.897083333333333,2.2578020516132793,0.591567036885562,0.8159235597061123,2.874414414987032
73,55,10.56125,2.275034382545572,0.6037047074559891,0.8177822993964469,2.8874204870710924
73,56,12.061041666666668,2.3018174930652977,0.611637477659514,0.8153992108502645,2.904476089258943
73,57,9.913958333333333,2.3193937073627944,0.6240684657219355,0.8121120006925956,2.923059324497263
73,58,9.915416666666665,2.326946288133221,0.6335635491076215,0.8126208802877332,2.9310600234518738
73,59,12.189791666666665,2.3519332257320795,0.6421865526158536,0.8145352332860827,2.9434298922749913
73,60,11.585208333333334,2.376106549351263,0.6552976899117742,0.8145615883123772,2.958719053579679
73,61,10.72625,2.3905601359141255,0.665578927016645,0.8155823786447818,2.9677336651375703
73,62,9.523541666666667,2.4030931871128307,0.6728977022104987,0.8166277784207967,2.974886600132556
73,63,9.680416666666666,2.4160175151498002,0.6795480809103827,0.8167442018197524,2.9825700784762765
73,64,13.090625000000001,2.4406045057813124,0.6886884910044135,0.817656047044905,2.9924871444735164
73,65,10.085833333333333,2.454411325925345,0.6961535678348713,0.8173336545754435,3.0002930886058072
73,66,10.923541666666667,2.4751133805488776,0.7085744537839542,0.8184619587721101,3.0089637178273834
73,67,11.817916666666667,2.4963658064405116,0.7186194421854724,0.8129442352486571,3.026455277098515
73,68,11.575625,2.517126498174069,0.7274598714329856,0.813348942994314,3.035157651138718
73,69,11.436041666666666,2.5373957071765743,0.7364472911622434,0.813416570838942,3.0443470476031678
73,70,11.492500000000001,2.555905140524552,0.7448951840903271,0.8120725036745484,3.0559821563784793
73,71,12.091458333333334,2.577748380918082,0.7548215344683975,0.8114891447132239,3.0645231398928967
73,72,12.863750000000001,2.6037977356030373,0.7625512661328573,0.8093113971057314,3.076008882073761
73,73,14.70125,2.6349474440498573,0.7669382281094991,0.8104093841471394,3.0824715172279062
73,74,11.68125,2.658132926357665,0.7718103498161832,0.8121568958403396,3.0870882057646183
73,75,12.696041666666666,2.6759557937584577,0.7825830999094001,0.8126070947671981,3.0929231989043178
73,76,14.650833333333333,2.716420548524775,0.7912179126854042,0.8138777701064437,3.1041978604323437
73,77,12.919791666666667,2.743031258754969,0.7953742131834207,0.8143721374399302,3.111169304213422
73,78,13.495208333333336,2.777462058505115,0.7999059459018097,0.8156176098584453,3.1196309088807452
73,79,11.451666666666668,2.7981244340203966,0.8113220079461575,0.8150802247047481,3.1281167695260352
73,80,13.497916666666667,2.8320181850009245,0.8134568287842653,0.8124858587510578,3.1417771769398657
73,81,13.069583333333332,2.872114879405862,0.826603176801315,0.8121063029963254,3.1558436352185377
73,82,12.996041666666665,2.899834015103498,0.8330468926880096,0.8126962251822143,3.1617677455503235
73,83,13.104999999999999,2.9137510389332713,0.8393659488267212,0.815035821008483,3.162822914473555
73,84,13.452916666666667,2.9498121562976904,0.8493007396851644,0.8083452882891132,3.178425350714829
73,85,13.434166666666664,2.983551278785062,0.853581023880381,0.8039014675918825,3.1914256308554574
73,86,12.637083333333335,3.003674931807963,0.8620210016155099,0.8035321505813745,3.1956449002295377
73,87,11.383333333333335,3.021127712190897,0.8692460569859843,0.8017182412803647,3.2018278138062004
73,88,14.496666666666664,3.0602259203514377,0.8778344720870325,0.7983967388100817,3.2177782939051562
73,89,12.942083333333334,3.0944641643159203,0.8862875770813304,0.7972483072104429,3.2260091372997346
73,90,14.969375,3.13060071965322,0.8987793192463535,0.7946429556600633,3.234541001555475
73,91,14.431666666666667,3.169110993891886,0.911784346590112,0.7942742584433448,3.2432695906694886
73,92,11.174375,3.191096137258018,0.9197293841964217,0.7943697804122387,3.2452524028019276
73,93,13.862708333333336,3.2309336027698126,0.9270264845397589,0.792672192600847,3.253217602551987
73,94,12.57541666666667,3.254380359360335,0.9391155958640812,0.7904701692717101,3.260811546142979
73,95,11.328541666666666,3.273394677415974,0.944976150213323,0.7893276700498276,3.2643563055508396
73,96,16.525208333333335,3.3153100215119156,0.9511247085045276,0.7850214630550811,3.27578242029798
73,97,16.741249999999997,3.356355264289723,0.9642448485227999,0.7886994011200845,3.2776654757119204
73,98,14.033541666666665,3.3908551105073528,0.9683705010967892,0.7895399114636048,3.279988917851872
73,99,17.6225,3.444157327577996,0.9755742575305851,0.7887441811147631,3.2872583866640657
73,100,14.991874999999999,3.4837269603508956,0.9930865151434368,0.7866690757445457,3.295292954013582
73,101,15.810625,3.5350283468578625,1.005203096955789,0.7786462576561283,3.305770432674868
73,102,17.149375,3.581793577473398,1.0114058804086128,0.7777208093833947,3.3093891152835138
73,103,13.9625,3.6096063133763066,1.018448514015043,0.7805701665245,3.303266190568152
73,104,16.848958333333332,3.6589263725280867,1.0182027470413153,0.7788127749624861,3.306808662277311
73,105,15.915416666666667,3.7034375167198847,1.0188096051447888,0.7754905823886724,3.3172427098275463
73,106,16.198333333333334,3.7551228630506546,1.0288376926083316,0.7688261380087175,3.329430365236367
73,107,19.116874999999997,3.8124241497200706,1.035946453302834,0.7687044444812271,3.3318124277595746
73,108,18.04041666666667,3.8758924859573636,1.035230547104004,0.7699164242471718,3.3396685672754667
73,109,17.556875,3.913852961853407,1.0403360675832267,0.7699445778069073,3.349086217421862
73,110,18.322083333333335,3.990577018387431,1.0517493650268976,0.7752912805539919,3.348672843179318
73,111,19.41333333333333,4.062035764905187,1.057818422358012,0.7736114195181182,3.3576556948955965
73,112,17.571666666666665,4.150876644063176,1.0648917974643557,0.773029586562681,3.358751029942757
73,113,16.345416666666665,4.221494312776246,1.0756531147905002,0.7735222736586843,3.3577702419143782
73,114,20.027291666666667,4.299199175049404,1.078331502044651,0.7734556775838834,3.3630928672483886
73,115,18.479583333333334,4.350676540290873,1.0861687457345723,0.7716239138108163,3.3683290736169456
73,116,16.817708333333332,4.4221395880492596,1.0983272824471064,0.772075473271155,3.366985798921009
73,117,19.600416666666664,4.494577213450515,1.1017610628871852,0.7725759400087681,3.3655583459759146
73,118,20.379375,4.5827532462675045,1.103179681963379,0.770311803575036,3.3742379848962045
73,119,20.16479166666667,4.664846528084301,1.1068282084959042,0.7652451304914418,3.3801330313073175
73,120,18.42770833333333,4.739758746734281,1.114545016882222,0.7590705410736492,3.390425325282938
73,121,20.796458333333334,4.834961669104445,1.1142710269077158,0.7589632272400092,3.400244389544035
73,122,22.166458333333335,4.96194014987116,1.1260550252067287,0.7603620424100324,3.407388102860337
73,123,22.486666666666665,5.087250511844605,1.137238746346622,0.7571438815229661,3.414636283942231
73,124,18.650833333333335,5.181021936931691,1.148322878492264,0.7580591184866025,3.417743921108189
73,125,23.037916666666664,5.316736568583403,1.1495653567587458,0.7592281349852117,3.4197690389609674
73,126,20.003124999999997,5.407158236666724,1.152891380597124,0.7547668222973599,3.4255471268983677
73,127,21.813958333333336,5.546859805989814,1.1574176179303988,0.7534390747225331,3.4280071303454998
73,128,27.314166666666665,5.694886756257176,1.17005803567781,0.7549111865048588,3.43398602000001
73,129,20.94458333333333,5.831715546224337,1.1764776274841204,0.7549570056575517,3.428681915704664
73,130,24.996666666666666,6.006002166925137,1.1868748628406591,0.7588000827981234,3.4276165972854975
73,131,23.089583333333334,6.163527337119893,1.1957471846806649,0.754479320865666,3.434663612595552
73,132,22.556041666666662,6.353030296257158,1.2063609444877743,0.7549312429370411,3.430076747314053
73,133,31.341041666666666,6.608593717982902,1.2158386423096768,0.7578201037353259,3.426629338511233
73,134,24.485416666666666,6.804083195095215,1.2297759763575737,0.7507982455081911,3.427349450688555
73,135,27.322916666666668,7.091335614737202,1.2454023789081496,0.7489337966167856,3.4204281994693355
73,136,28.626875000000002,7.3772015615884055,1.2515605418374773,0.7560645036856734,3.400721262731076
73,137,27.224375,7.632819653401048,1.254751225683217,0.7587681692404937,3.3883043412710667
73,138,33.798125,7.933338630330644,1.2639060208017667,0.7572707732661415,3.3770367792732894
73,139,26.753541666666667,8.197623093953256,1.2632659397975365,0.7608130158768488,3.353243869845012
73,140,26.841458333333332,8.44944671961301,1.2655273879570466,0.7644639608122659,3.3269957475432355
73,141,29.77,8.792585766401462,1.273047132124837,0.7648499104464825,3.301193952187871
73,142,32.382083333333334,9.187894995015512,1.2911682192855416,0.7625415912893568,3.2601836442121033
73,143,35.47958333333333,9.57923824464693,1.3040879641885712,0.7623662922623076,3.2174383272405844
73,144,31.97375,9.916602770655413,1.314505099102046,0.761090090914015,3.181578041010107
73,145,38.03958333333333,10.269235796977286,1.3300471335370332,0.7625434020037314,3.1334491364042893
73,146,33.82958333333333,10.603127473012517,1.3471916702611253,0.7614974267719137,3.084986730062411
73,147,38.896458333333335,10.932692739876355,1.3586632702394081,0.7564584012862565,3.044574042075537
73,148,38.79625,11.254308535754324,1.3640876089619502,0.748513711918994,3.0034908441062464
73,149,40.32666666666666,11.56534630929391,1.3733695710381322,0.7541300938234039,2.942700337404178
73,150,40.37854166666666,11.857426362060204,1.3841813315869298,0.7519227685013201,2.894284305012012
73,151,38.65833333333333,12.13668016206464,1.3961153329809413,0.7581377790274537,2.8300341126994657
73,152,43.51458333333333,12.36309254245941,1.4007667329218176,0.7658451092199722,2.777617485635047
73,153,44.60979166666666,12.556919607388965,1.409376079604152,0.7656911013953086,2.7396881204258947
73,154,42.71729166666666,12.800369907605948,1.418403635955395,0.7583335158419462,2.697535150646261
73,155,43.63270833333333,12.993441988959217,1.4265402389347486,0.755049571030211,2.6578925996163667
73,156,44.40958333333333,13.166800537810044,1.430477938259322,0.7586611141527475,2.6146586722852776
73,157,45.04395833333333,13.300857512379029,1.433645118682917,0.7581934863725162,2.5847163059081337
73,158,45.05354166666666,13.474680957647152,1.4437318516925688,0.7607179879373398,2.5418230552474093
73,159,42.958124999999995,13.662604674851387,1.4557688539033877,0.759246589601641,2.4931283357626457
73,160,44.84645833333334,13.818900402619429,1.4654380973689802,0.7542924561353538,2.4575187612668747
73,161,45.75229166666666,13.94111500809405,1.46715966723496,0.7485527198398585,2.430312508392452
73,162,44.621874999999996,14.081804920963835,1.4785004901937404,0.7444051165605237,2.390688383033498
73,163,46.29145833333333,14.169286061429222,1.483729939000802,0.7434540645032205,2.365065579946343
73,164,46.16916666666666,14.267469455032701,1.4889037567812062,0.7439032803555283,2.3358595850106085
73,165,45.305208333333326,14.379895380516235,1.4957588781719588,0.7429572225820105,2.302309610497624
73,166,47.72166666666666,14.439831659086062,1.5005850981524833,0.7339232735656269,2.2917061462926354
73,167,45.440416666666664,14.542116505021667,1.512540038808417,0.7295524274367985,2.260614258603227
73,168,47.42270833333333,14.616250357556693,1.5257197688186726,0.7267467263920605,2.2344951021071893
73,169,48.78479166666667,14.665238310812125,1.532897119512586,0.723460361222464,2.2183914152783215
73,170,47.693749999999994,14.721974331450404,1.5393146926189896,0.7272764819744488,2.1921034297618296
73,171,49.09375,14.769160896136716,1.5487108032446093,0.7272277369249828,2.171744029846467
73,172,48.694375,14.834892263914597,1.5634176188406461,0.7178636627785232,2.151354570803332
73,173,48.99375,14.868921534644523,1.5646474585398704,0.7164601799575349,2.1406832584513307
73,174,47.17916666666667,14.938943345286242,1.576916334748991,0.7130253038482525,2.114352262480066
73,175,50.129999999999995,14.96824641553345,1.579768849644699,0.7088487863427629,2.105017442605039
73,176,51.562708333333326,14.976999435893008,1.585301939718932,0.7044471477799065,2.102999647344005
73,177,48.99458333333333,15.013387819372628,1.5905216945286373,0.7080894642343177,2.0834629169857415
73,178,50.32791666666666,15.03914685696097,1.5973090276772621,0.7041610785503492,2.0727806910542674
73,179,50.98395833333333,15.055456785910065,1.603635818896298,0.6989958240622667,2.066328315585592
73,180,51.98145833333333,15.055456785910065,1.6099074400972242,0.6960446447796299,2.0638357732275425
73,181,49.933333333333316,15.084073387645358,1.6168870107277935,0.6960770539930543,2.048866366320004
73,182,47.1825,15.13206858985921,1.6221959978141272,0.6935053177053604,2.029905898271514
73,183,51.04895833333333,15.146317707719943,1.6260048853398237,0.6933466694643239,2.0219629454705057
73,184,50.855624999999996,15.165429962589993,1.6351127880068739,0.6867992899337432,2.0137259615713408
73,185,49.83124999999999,15.186123547953557,1.6365195019152599,0.6841849419061137,2.0082231523008467
73,186,48.85916666666666,15.224915999213247,1.6439434745447266,0.6871079529202189,1.985132944606936
73,187,51.60583333333333,15.231670061168149,1.6487928422028686,0.6820371938816983,1.9811284455652949
73,188,51.2125,15.24656492839195,1.6520515177437298,0.6803793608279622,1.9757838499576699
73,189,51.04374999999999,15.265433133603354,1.658725143240061,0.6767546162427854,1.9622451759912534
73,190,51.399375,15.274435645719633,1.6668040735071494,0.67478001091811,1.9515058976105162
73,191,50.85374999999999,15.292048706298788,1.6691724618846284,0.6713640295892586,1.9455200038569909
73,192,49.238125000000004,15.315376816169456,1.6709939843399706,0.665164305888889,1.9411428089987313
73,193,50.039583333333326,15.337995344945835,1.6804368220197814,0.6574090955065922,1.9289819468730849
73,194,49.54041666666666,15.361453901409407,1.6892856923172281,0.6558852643787346,1.9111586384160026
73,195,50.072916666666664,15.382383175722916,1.6955588694962607,0.6604562732446795,1.8907813428222968
73,196,52.01499999999999,15.396229772638172,1.7020231928787823,0.6563257729869569,1.8815981994323467
73,197,51.60583333333333,15.414529783025618,1.708973492778796,0.653338575708718,1.868544614387788
73,198,49.34354166666666,15.441759414325354,1.714821247123084,0.6566012422438521,1.852031469959944
73,199,52.071875,15.4511151408434,1.7180759771456864,0.6528669221675325,1.847691854978533
73,200,51.754375,15.457116099786923,1.7222774452510892,0.6523081129687154,1.8412946045958758
73,201,51.45208333333333,15.466280400072211,1.728465314158175,0.6460554312475735,1.8340458313256098
73,202,52.39625,15.472213266432142,1.7313629473345946,0.6477353492929342,1.8280205356606198
73,203,50.79479166666667,15.48615988764473,1.7369312576626528,0.6410801821852036,1.8179747793178787
73,204,51.97,15.491946581919493,1.742503080915089,0.6422695462980034,1.8071168939636675
73,205,51.24395833333333,15.505933675516259,1.7457016529901996,0.6416408123432259,1.798571464840458
73,206,52.262499999999996,15.510986297955789,1.74926587792971,0.6408643281261858,1.7947524547369147
73,207,51.304375,15.526073001638629,1.7550570850614566,0.6360784806953491,1.7827652188743535
73,208,51.47666666666667,15.534800345462191,1.7574795010248807,0.6388627066126296,1.7737344621538882
73,209,51.64645833333333,15.544921293475271,1.7593699149743571,0.6343900689016644,1.7719172780032868
73,210,51.96854166666666,15.559067597434636,1.7597001316952392,0.6273069563025431,1.7739849280396198
73,211,52.869166666666665,15.559067597434636,1.7643778628941993,0.6240341547931822,1.7693884746841475
73,212,52.095208333333325,15.564513465439562,1.7691286218059432,0.6216420942577059,1.7608928617953825
73,213,50.66166666666666,15.57829776956497,1.7728064275356457,0.6235162866736933,1.7482622340688405
73,214,51.33020833333333,15.591633839802848,1.7761580748605228,0.6162881769685611,1.742414355742204
73,215,52.391875,15.595229801070339,1.7793616993458123,0.6147290319487059,1.7386093180722852
73,216,52.719166666666666,15.602201929061607,1.7811109947152035,0.6103117323566646,1.7363983996201262
73,217,51.143333333333324,15.614792517124823,1.7821453623970605,0.6037495431804256,1.7352697595735809
73,218,52.31979166666667,15.622487990381398,1.784208387752698,0.6035424327210743,1.7293695449639237
73,219,51.87479166666666,15.626491103748823,1.7879238447652317,0.5969919564807434,1.7255071437378033
73,220,53.228541666666665,15.626491103748823,1.791530344525548,0.5929334088635254,1.7229613779912116
73,221,52.34916666666667,15.631785132906066,1.7978142194025557,0.588354784361627,1.712567950966016
73,222,52.785833333333336,15.636200544731688,1.80223198668569,0.5848997006214911,1.705232455681969
73,223,52.102083333333326,15.638330755399146,1.8061303553348937,0.5797937043486848,1.6983038386132705
73,224,53.913125,15.643215203474625,1.8096343593295532,0.5788833872040644,1.6942688206256806
73,225,53.839375,15.643215203474625,1.812633743963426,0.5737782343859937,1.691419675803859
73,226,51.8525,15.648339857216328,1.8151747423920317,0.571599533967129,1.6857045095236212
73,227,52.25104166666666,15.656779088726426,1.8195363138952334,0.5672996845411864,1.6781674188549065
73,228,53.053125,15.65883360766419,1.8225721527315195,0.5625508489828083,1.6739414747794523
73,229,53.423958333333324,15.65883360766419,1.8258812377716152,0.5610218215544427,1.668223476005527
73,230,53.354166666666664,15.66325293637289,1.8301785227087315,0.5638716559082108,1.6609032311490601
73,231,52.797291666666666,15.667986014118041,1.8319385499895011,0.5608030691658333,1.6536753742917323
73,232,51.72895833333333,15.675162608865325,1.8363403935431002,0.553157342163819,1.6425001483275752
73,233,53.59229166666666,15.675162608865325,1.8390440444528129,0.5491846800165685,1.6389810936901552
73,234,52.19166666666666,15.680828328974608,1.8408531017077838,0.5503405624039676,1.6343475592907866
73,235,52.25583333333333,15.687370516272503,1.842031041006689,0.5461684295398251,1.6307927371613875
73,236,53.37083333333334,15.687370516272503,1.8450855767599106,0.5430575542929411,1.6261327119507154
73,237,52.73145833333333,15.690297217659493,1.847091751811544,0.5382515456692504,1.6209521426541773
73,238,52.71125,15.695526734683149,1.849128372740168,0.5286673531448854,1.6172644864244332
73,239,54.782708333333325,15.695526734683149,1.8500899038390766,0.525535528001477,1.6185510038582964
73,240,54.173750000000005,15.695526734683149,1.8526748800430854,0.5264561706666692,1.617587572613386
73,241,51.717499999999994,15.700794701722304,1.8547046133584288,0.518266173799423,1.6110771834319364
73,242,53.081250000000004,15.704486374142787,1.857154672256335,0.5112415605934356,1.6068660035375122
73,243,51.78520833333334,15.713544026969066,1.8578217922713738,0.5082808098070589,1.603846101836102
73,244,52.94416666666666,15.71693321171574,1.860106670805863,0.5024608024886966,1.6000682853847634
73,245,53.390208333333334,15.71693321171574,1.8624156123025244,0.5002949446638801,1.5953441671936892
73,246,50.66625,15.727800292901234,1.8631407486112417,0.4892827566636075,1.589899764840828
73,247,52.638124999999995,15.732321596976314,1.8646289027328837,0.4871689326367314,1.5862442125995764
73,248,52.736250000000005,15.735851664055776,1.868462268482094,0.48031379681088704,1.574272375626713
73,249,52.49895833333334,15.740621026162787,1.872667453700327,0.4741747288110726,1.5662415813078305
73,250,53.83124999999999,15.740621026162787,1.875121794204819,0.4698546090269968,1.5612063076871912
73,251,54.368541666666665,15.740621026162787,1.8761288900120494,0.466394487790161,1.5589895547387966
73,252,54.00895833333333,15.743136288246204,1.8769059927160836,0.45971239340690995,1.5556997328296824
73,253,54.19479166666667,15.743136288246204,1.878805498433693,0.4576989632929641,1.5530989430003257
73,254,53.646874999999994,15.743136288246204,1.8814383102820569,0.45614587151537045,1.5467198916370943
73,255,52.729791666666664,15.748221678866397,1.882665915425189,0.4531382573945376,1.542907009496726
73,256,53.486250000000005,15.750530741974938,1.883905608745224,0.4518742875306447,1.5392516369256857
73,257,53.88499999999999,15.750530741974938,1.8861197994411911,0.4481087382976443,1.5353828195387142
73,258,53.76250000000001,15.75286053955452,1.8875256938903844,0.4476109135265708,1.5334072019484482
73,259,53.833124999999995,15.755892397317742,1.8884674827239802,0.44174874199386255,1.5301884618274177
73,260,52.79770833333333,15.758702274150808,1.8903795629048998,0.4412297509917346,1.5257162518198961
73,261,53.84666666666666,15.760171443913238,1.8917899752143033,0.4385025503693737,1.5223928352360732
73,262,53.393541666666664,15.762752679979329,1.8931081152094558,0.4363611150474756,1.5191309339634715
73,263,52.923541666666665,15.765701287176832,1.894365047080622,0.43622736469332307,1.5137868324472987
73,264,54.754583333333336,15.765701287176832,1.8951099193911982,0.4321455798045855,1.51146594590955
73,265,52.67958333333333,15.771148830756061,1.895779787337001,0.4275638773205095,1.5069852727240103
73,266,53.88062499999999,15.773867896179894,1.8967543892804122,0.42553168317368467,1.5043607335645985
73,267,53.95541666666666,15.777980732729338,1.8973383563074853,0.42448913159043355,1.5046682092786563
73,268,53.64812499999999,15.780121909099096,1.8987269735475698,0.4178006219062669,1.4995819932333385
73,269,53.801666666666655,15.782182482399481,1.89995938169758,0.4161948519499202,1.4965920123437733
73,270,54.31416666666666,15.784599688252353,1.9011377462662968,0.4149681863554505,1.4958007307673384
73,271,54.479375000000005,15.784599688252353,1.9028595844369454,0.4099332595521711,1.4919175678172998
73,272,54.883125,15.784599688252353,1.9042274526795455,0.4076819780372952,1.491774024263619
73,273,54.245625,15.784599688252353,1.9058235544579767,0.4041470492118758,1.4865010359573423
73,274,54.34270833333333,15.784599688252353,1.9080051036628014,0.4011086955857775,1.4816161346312398
73,275,54.82854166666666,15.786026389252891,1.909666085534761,0.39712926639271195,1.4802081472290456
73,276,53.611875,15.78855538780398,1.9106986291837238,0.39652211945184757,1.4779556629345985
73,277,53.63708333333333,15.79113512747961,1.911626842968809,0.3922093883195657,1.4742447412626007
73,278,54.60041666666666,15.79113512747961,1.9136129799462553,0.389440264474337,1.471054113150284
73,279,55.26020833333333,15.79113512747961,1.914319020545363,0.38738014823624917,1.4718548737313035
73,280,54.598125,15.79322034877248,1.9154189936339772,0.38117276354844,1.4688774625351921
73,281,53.73895833333333,15.794461138598564,1.9171409039367688,0.37908357514025764,1.4640824787152296
73,282,53.631875,15.794461138598564,1.9200012435353226,0.3727320889754009,1.4538051592075576
73,283,53.62458333333333,15.79577136539589,1.9216508169049575,0.36770390155492877,1.4461749290518848
73,284,54.49958333333333,15.79577136539589,1.9229297476727998,0.36424483983853867,1.4409910420457268
73,285,54.440625000000004,15.79577136539589,1.9240813778481571,0.3591596634568663,1.436446221117527
73,286,54.173541666666665,15.797042074598531,1.9252147096120866,0.3578456065861987,1.4335763314196255
73,287,53.20249999999999,15.800942777809677,1.9281979338897297,0.35526065252757716,1.4236517032125517
73,288,53.933125,15.800942777809677,1.9305151373874354,0.35094622574741574,1.4166137405415538
73,289,53.69416666666666,15.800942777809677,1.9321978531637107,0.3481830718225634,1.410051413930288
73,290,54.89374999999999,15.800942777809677,1.9331193772988935,0.34496830686650903,1.4068590863031698
73,291,54.78770833333332,15.800942777809677,1.935194131755625,0.3437971651031725,1.404389836911137
73,292,54.076249999999995,15.804329499515141,1.9367153657080858,0.34216159768616583,1.4040830543728533
73,293,53.76354166666666,15.806648021800626,1.9380270884545543,0.33907607196610146,1.4002258759840296
73,294,53.867916666666666,15.808937751776302,1.9387633109248348,0.33762944363927805,1.3967106503925935
73,295,54.67083333333333,15.808937751776302,1.9404804026065738,0.3344302000341281,1.3917217922696303
73,296,55.24187499999999,15.808937751776302,1.9411838806271036,0.3329859161010066,1.3903363532005981
73,297,53.52208333333332,15.810801644185702,1.9426764425822005,0.3262914253906324,1.3802518206348853
73,298,55.09145833333333,15.810801644185702,1.9430209474249767,0.32365899364511247,1.3782259080026138
73,299,54.83520833333333,15.810801644185702,1.9441130719461976,0.31953374898765036,1.3745837225696556
73,300,53.981458333333336,15.813422525655156,1.946195232090732,0.31979817182088727,1.3679394021826514
101,1,6.797916666666666,1.5649459822157947,0.2532520875370527,0.8493673182013681,2.0331374419084898
101,2,7.510416666666665,1.5729544433473104,0.25512023173880594,0.849317822274227,2.043188948615111
101,3,7.185625000000001,1.5777922730266332,0.25979338960364723,0.8499424802819049,2.052464055257015
101,4,5.958333333333333,1.5823642842807433,0.2618358955846748,0.8488391631105466,2.0624225400609224
101,5,7.536874999999999,1.5870642273145368,0.26531279766799404,0.849365725718932,2.071565658752901
101,6,7.09125,1.5948783411750502,0.269456156695896,0.8483771139199019,2.087780855019132
101,7,8.80375,1.60757031756504,0.272149101137932,0.8473287727321906,2.10518458100289
101,8,7.953958333333333,1.61685336004094,0.27427996477508093,0.8475972818121702,2.1171073823773328
101,9,7.194375000000001,1.6222259874382674,0.2767189361582297,0.8464187347523682,2.1280004491573505
101,10,7.249375000000001,1.6288829281170518,0.28079435145837583,0.8442815667253756,2.143712194786197
101,11,8.108125000000001,1.636922306060793,0.2830808516240715,0.844221598506345,2.153820035664904
101,12,8.159166666666666,1.6471639823207982,0.2846123703891517,0.8447374886212007,2.1632738364342567
101,13,9.211041666666667,1.6620758269180542,0.28993479633950503,0.8460216536607581,2.182152154288068
101,14,7.879583333333334,1.673262552219803,0.2939300480723781,0.8425283549094376,2.2033485133442805
101,15,7.892708333333334,1.6863994142562406,0.3020946083912729,0.8429233491243864,2.224737426689382
101,16,9.598958333333334,1.707580421344839,0.3085611578181938,0.842522116292775,2.2494398053986338
101,17,7.395833333333333,1.7156084466569386,0.3137693557664181,0.8411876546992851,2.2653367633479475
101,18,9.772499999999999,1.7283156330120621,0.3187670097104778,0.8415211203553798,2.2812561965217886
101,19,8.168958333333334,1.7402505681521485,0.3243319534218377,0.8411225822360574,2.298343363324279
101,20,8.058125,1.7503060497470795,0.33023932303441306,0.8374908389235894,2.319549915234959
101,21,7.520625,1.7572626746396993,0.3334882591496474,0.8376996585732487,2.3291372811003512
101,22,8.978541666666667,1.770424402666917,0.3425278093961056,0.8383012578867627,2.348137644954343
101,23,8.326041666666667,1.7830550610011373,0.34605782723825307,0.8386571553165597,2.3600463423496754
101,24,9.095,1.794842841510912,0.34875232473715695,0.838613275079527,2.371193590926593
101,25,9.1925,1.8106707476053963,0.3556960694621852,0.8370231563227969,2.394034369110996
101,26,7.518958333333334,1.820277002224488,0.3577693693461393,0.8368156551098981,2.403895856926148
101,27,6.477708333333333,1.8254056965435563,0.3608358663729367,0.8357068301658432,2.413366877694348
101,28,6.6570833333333335,1.8295320296447941,0.3647254070788046,0.8358461869116708,2.4205416095819077
101,29,6.9972916666666665,1.8351094116073938,0.36927367883342277,0.8353849131999156,2.4293637416354303
101,30,9.968124999999999,1.8537996983677867,0.3746122703200107,0.8361772302209624,2.4463595531212166
101,31,8.114166666666668,1.858301883618064,0.379107899442151,0.8348366301733724,2.456178750244676
101,32,8.003749999999998,1.864970296262704,0.3855751547605067,0.834957522244378,2.4688882339107225
101,33,10.51,1.886779440599954,0.38863979412825805,0.8340788708063485,2.4864885943505564
101,34,10.162916666666666,1.9015839734002937,0.3922656058941365,0.8336050906342508,2.49956477336091
101,35,9.984166666666667,1.9165165132155542,0.3978224781735637,0.8320123918678899,2.517249391574717
101,36,8.700416666666667,1.926618852029187,0.401575230338268,0.8326661116067844,2.526560174143563
101,37,9.933333333333332,1.9400820282060294,0.4093753233128158,0.8324903000848312,2.542175776591877
101,38,9.052083333333334,1.9499048414711275,0.41430000881152096,0.8322994335520013,2.5516500406347875
101,39,8.088125,1.9606192515953942,0.4179433366762103,0.8317568335925669,2.562896126056998
101,40,9.131666666666668,1.968840140392209,0.4245539326882274,0.8296604248417333,2.5773677105925374
101,41,8.619166666666667,1.9799662386087187,0.4288013936664209,0.8301113445462361,2.5852298927933286
101,42,10.886875000000002,1.9994035054396209,0.43621317003537974,0.8299548378492091,2.603957186075144
101,43,10.331458333333332,2.0205691868847,0.4449931533941234,0.8293215962177506,2.6238329732166834
101,44,9.956249999999999,2.0405085220560526,0.45148587882360625,0.8283956969643252,2.642046268551132
101,45,11.114791666666667,2.062262356046833,0.4575585437006755,0.8291720009816617,2.6582309259612935
101,46,9.20375,2.0797536417671285,0.4673551625408001,0.8282379216554725,2.6785376098690055
101,47,8.737916666666667,2.093278199696612,0.47847258587750274,0.8278994120948797,2.695987464150842
101,48,8.261666666666668,2.1065593989737383,0.485978470592821,0.8270096003968713,2.711301847132055
101,49,10.195208333333333,2.124336778891336,0.49268621844299376,0.8271233072835962,2.7247317171992513
101,50,8.207916666666668,2.130446025449409,0.5001526300472017,0.8265745104434187,2.7338135035047952
101,51,11.51375,2.1540802679889497,0.5098311395392813,0.826349214843966,2.752017429717997
101,52,9.203541666666666,2.1677067490426944,0.5159766700390308,0.826907163388847,2.7615745581229074
101,53,10.742083333333335,2.1896140773254,0.5261365804416503,0.8261510703516656,2.7802113191011624
101,54,8.59125,2.201993422670725,0.5353949323629222,0.8237195500611578,2.795444213070493
101,55,10.022291666666668,2.2141950599103746,0.542888757456401,0.8245752740945995,2.8051486489625495
101,56,10.727916666666667,2.236696321267194,0.5459474628376821,0.8249353788574967,2.8159404243863704
101,57,8.73625,2.2492303133546816,0.554350059474267,0.826049806391485,2.824999745687787
101,58,9.557916666666666,2.268332439144874,0.5620113584754928,0.8254163497748593,2.8382502183489917
101,59,10.705625,2.2896736633389496,0.5712891280109182,0.8264359518606259,2.8514102260776255
101,60,10.609583333333333,2.3059284254412056,0.5751779522900131,0.8276555402382796,2.857787855685102
101,61,10.396666666666667,2.324558373829481,0.5795921506694868,0.8259662201646925,2.870240837758127
101,62,9.486458333333333,2.340647285927915,0.5895465410522327,0.8263723562029492,2.8816078479943315
101,63,8.7575,2.349961259291315,0.5953165115210086,0.825866783613956,2.8891773206939444
101,64,12.194166666666666,2.376915947185072,0.6013123110844719,0.8250793190349058,2.9014857445698956
101,65,11.789791666666664,2.4022610103451596,0.6043184056988576,0.8256040808251796,2.9106957435720586
101,66,12.716875,2.4347924880359924,0.6119115678620503,0.8190753629899977,2.9354843189863944
101,67,11.719791666666667,2.4630344386466687,0.6192391222261039,0.817906946920812,2.9486912798749634
101,68,12.640208333333334,2.491074457275744,0.625344511232394,0.8179746709435295,2.961175401504098
101,69,10.749583333333334,2.5167947951916587,0.6286477345416402,0.8167716190688449,2.9725864289414954
101,70,12.100624999999999,2.544717274460794,0.6377952814277991,0.81411166217341,2.9888397947459726
101,71,13.710833333333332,2.5713654410446667,0.6388768596295715,0.8160301563532152,2.99338302773915
101,72,10.478333333333333,2.5877702698253597,0.6425433263619706,0.8144724677529729,3.002094161803285
101,73,10.373541666666668,2.5997627517701014,0.6478055260185682,0.8116557002192561,3.011681523176424
101,74,13.446041666666668,2.628274160784866,0.6591543313155377,0.8133171571983514,3.0209091375722306
101,75,11.146666666666667,2.6451733274259346,0.6646131926803727,0.8127994706984745,3.0278485162113364
101,76,10.713125,2.6669090399336315,0.667531528011444,0.8127934005499432,3.0335396543808963
101,77,12.738541666666668,2.7024236052296207,0.6819885892867497,0.8126162798012388,3.0496538786124026
101,78,12.323749999999999,2.731253097547438,0.691981730075338,0.8150188206622849,3.054951022890397
101,79,14.831875000000002,2.7565778291909875,0.6966248249984325,0.8130306547819705,3.0661777963348857
101,80,13.681458333333333,2.8037222180524024,0.7160271151217872,0.8142119724119488,3.077586540740802
101,81,15.230833333333335,2.846131621708102,0.7329560266662298,0.812522598888142,3.0934405818432613
101,82,10.751041666666667,2.866246628797033,0.7427714850205048,0.8101580944963234,3.1025535977987118
101,83,13.219583333333333,2.897424364931572,0.7440752883954438,0.8107937886495493,3.1085132967721814
101,84,14.850416666666666,2.9365380758551813,0.749791576997606,0.8132819909184902,3.113410284720821
101,85,15.099583333333333,2.9811892460818883,0.7594406716170247,0.8146789134108359,3.1204503084991906
101,86,13.275416666666667,3.0072689075058747,0.7693199402678018,0.813799873873157,3.128494305264462
101,87,14.215833333333334,3.0415488890182534,0.7781017411322363,0.8136831356016438,3.1354966569819127
101,88,11.177916666666667,3.063643168825883,0.78316760596854,0.8126200379516348,3.1410758467988296
101,89,13.411875,3.0940230073148305,0.7923371684780813,0.8128167738370887,3.1480135087217134
101,90,12.969583333333333,3.1179777652385887,0.8009072121296571,0.8113521780711144,3.1538286404871974
101,91,12.177916666666667,3.136081740329312,0.807043422188725,0.8122994473470537,3.156091358267419
101,92,13.234375,3.1743841253092615,0.8136760574721711,0.8087904292524755,3.1686652672799482
101,93,12.655000000000001,3.195012922334919,0.8244478191228617,0.809093093904666,3.170154949828526
101,94,13.793958333333334,3.22377498817847,0.8336437612678734,0.8084584391258449,3.1729250959335764
101,95,13.878958333333335,3.2459446593627677,0.841125152363195,0.8030702956563891,3.1818570332406217
101,96,14.483125000000001,3.282095037883469,0.8448607736350457,0.8009275206943485,3.19056956082147
101,97,13.617916666666668,3.3142721069446646,0.8561157711341855,0.8025576108028276,3.1890168117148625
101,98,15.943125,3.3661041516957932,0.8679352012970526,0.8021534314574923,3.1956260245170602
101,99,13.77833333333333,3.3970876206201286,0.8732715767712832,0.8004690493586682,3.198464386584326
101,100,14.33375,3.4341338507973496,0.8777705114940074,0.7995824638431268,3.201832128917198
101,101,13.341875000000002,3.4578990413899273,0.8861756146660303,0.7988993362455923,3.2072437159415714
101,102,14.200833333333335,3.4953742903952127,0.8935033773343743,0.7983234923458834,3.2098843397047876
101,103,15.489375,3.5276815952425977,0.9021973149795941,0.8004062590385683,3.210484962328674
101,104,13.916666666666666,3.558713943653174,0.9103285048845576,0.8006514224843146,3.214305973032917
101,105,16.444374999999997,3.6084988725816096,0.9132120856151678,0.8018867590615566,3.214671280247864
101,106,15.580833333333336,3.646496112351222,0.9135036995324372,0.7989843866957057,3.2250575672407966
101,107,14.723541666666668,3.6809721123716237,0.9196823099683412,0.7969374819997621,3.2321423972602177
101,108,16.215625000000003,3.7354497577642745,0.9223511731038481,0.7962622372498102,3.2422636301089347
101,109,15.164375,3.788794825270963,0.9264915444702089,0.7939969439733988,3.247448763022668
101,110,16.76625,3.8417247790781013,0.9339639335038132,0.7929547202466659,3.250384057250804
101,111,14.260833333333332,3.867806047479532,0.9420210077144937,0.7908345975582302,3.2557598073444804
101,112,16.288541666666667,3.9139945375246565,0.9396127812852509,0.7914755615424478,3.2601148590484854
101,113,15.027291666666668,3.950757197087131,0.950075039736801,0.7916137592480131,3.2562587995828385
101,114,16.11645833333333,3.993924344622092,0.9516259073305362,0.7892711968336856,3.262643649588125
101,115,14.986249999999998,4.026107195119744,0.9592780007945687,0.787869308923899,3.2639333183705035
101,116,20.525208333333335,4.1127107735655954,0.9697199142980867,0.7817986071400288,3.2822044331834888
101,117,18.43583333333333,4.192815643834289,0.9810746043763796,0.7828508697183978,3.281590829840603
101,118,17.586458333333333,4.23201361566753,0.984966427359481,0.782637087828951,3.2850801906624048
101,119,19.954375,4.31507265191033,0.9894092644540864,0.7826645585439693,3.287559018131435
101,120,17.574583333333333,4.370831161352163,0.9909438262430833,0.7846441997898361,3.2905203705237427
101,121,21.393124999999998,4.456272977620706,0.9946664055533645,0.779346750792976,3.304962525039021
101,122,17.543541666666666,4.4980012130190765,0.9979503204713528,0.779560791526695,3.307569641533928
101,123,17.852291666666666,4.566174604043518,0.9994129549136035,0.7811299213643421,3.312770724346099
101,124,22.79895833333333,4.653117594557151,1.0029983967511535,0.7864390172950875,3.3155897183903953
101,125,18.092499999999998,4.7316838961228465,1.0052700584901477,0.7807747233265343,3.324124481148928
101,126,20.223125,4.8205420021846335,1.0145260930177615,0.7831223959426746,3.329588449225756
101,127,17.688541666666666,4.919247146872282,1.023858587827875,0.781406614719606,3.3356259991020587
101,128,20.30020833333333,5.026781677612157,1.030549124301986,0.7827218263765804,3.334631288733195
101,129,17.207083333333333,5.1054457690731825,1.035469632917096,0.7856376125320437,3.3298738822756926
101,130,19.934583333333332,5.218630764451582,1.0466571306069001,0.7824147144325359,3.3405988393381443
101,131,22.715,5.374252635037751,1.0522127983611302,0.7805180126598574,3.344489024489407
101,132,22.427083333333332,5.507217366193428,1.0583428313383696,0.778092297161032,3.3511809672562523
101,133,21.593333333333334,5.646155349420971,1.0643382923686664,0.7789196880673601,3.351341968213543
101,134,22.760625,5.827223488016179,1.070226885638384,0.7847347867608712,3.3367114871207395
101,135,23.940625,6.030725495149117,1.082872117979429,0.7895644641856995,3.338547488740895
101,136,20.456041666666668,6.210030884054746,1.0876749693210253,0.7871728716508847,3.3321316405293664
101,137,22.279791666666668,6.394343997049458,1.0923428660601755,0.7912112130291563,3.320736412840249
101,138,19.98125,6.523095190371089,1.094862078028733,0.7929737921363886,3.3120075374490994
101,139,21.907083333333333,6.673372031275854,1.0991433805758795,0.7923445744962322,3.3095361756604156
101,140,25.364374999999995,6.872403578695035,1.102991043932052,0.7832568479049615,3.322183467361003
101,141,26.097499999999997,7.1532596983824135,1.11166186679751,0.7779413809616226,3.3180332301349456
101,142,28.53916666666667,7.472759615529658,1.1250715668955544,0.7801057897690435,3.31339938870418
101,143,22.642291666666665,7.6711382344588985,1.130485216580482,0.7820308282821701,3.302982089697699
101,144,27.335624999999997,8.00403875867635,1.1342707619897778,0.7780577255642662,3.2920605113361097
101,145,27.302916666666665,8.275221410982446,1.1398257371869656,0.7703293644992274,3.284582845622175
101,146,28.301874999999995,8.565441133403134,1.1478999540898294,0.772052221278761,3.259810725499988
101,147,31.363124999999997,8.929899687451964,1.159061016053262,0.7735502275819961,3.228741964253357
101,148,31.219166666666666,9.268147746791955,1.1680618935965654,0.7665097347508028,3.2159879870460686
101,149,33.421875,9.59213776427337,1.1684339668365014,0.7651216880500085,3.1869160194724606
101,150,33.84833333333333,9.949078447329333,1.1746345170161006,0.7655348464862506,3.141159417815074
101,151,30.99083333333333,10.296675808795008,1.1788354097637164,0.7604822426493564,3.1010242012898934
101,152,34.778749999999995,10.647478935426317,1.1818006244826573,0.7555881610206463,3.062433899430773
101,153,38.38104166666667,10.97244710634953,1.1859300188726176,0.7533382912661791,3.026844351042374
101,154,37.07875000000001,11.292111943012335,1.1901752950849018,0.7517565762323175,2.9801504848518148
101,155,37.028124999999996,11.617451535505886,1.1929551482693264,0.7428925916031098,2.9382446692369295
101,156,38.538125,11.92905721174031,1.1992325066955822,0.7417325536623457,2.885763504510777
101,157,39.14375,12.224550640404976,1.2073115710745932,0.7418106801751254,2.832108275437246
101,158,38.96270833333333,12.505649273764801,1.2187401123478292,0.7410072443218371,2.779073098664891
101,159,37.81104166666666,12.776088230130629,1.2237514050214793,0.7442053871086199,2.720936855409527
101,160,40.30458333333333,13.010740183951501,1.221852323790887,0.7440318339755848,2.6738004309779058
101,161,41.924375,13.216358770185867,1.2289240305256033,0.7348283468136427,2.6339275369949204
101,162,41.885625,13.404531022740265,1.2407729359839694,0.7348841256749171,2.593575210051215
101,163,47.142500000000005,13.511263013357768,1.2497752971553786,0.7307138017981012,2.5697977335107267
101,164,44.388749999999995,13.676882877707374,1.2573994176659549,0.7291637485941979,2.534579684366605
101,165,44.71791666666667,13.804290845267031,1.2633083619283507,0.7235192276791426,2.5082380582234354
101,166,44.89083333333334,13.92846726478864,1.2674542134121431,0.7160567423169854,2.485853876662127
101,167,46.38395833333334,14.026121289637219,1.2741410634461392,0.7163476803406171,2.4572072017282327
101,168,47.618541666666665,14.088700671633234,1.2845996243040414,0.714910640875692,2.4419694836496255
101,169,49.214999999999996,14.132235620768553,1.2924835446773733,0.7135150321556842,2.430624335201532
101,170,45.40958333333333,14.238777798757237,1.2983694663745795,0.7163126173135659,2.3972594631591067
101,171,47.582916666666655,14.303143854482196,1.307806537771171,0.709568293665306,2.385402486884306
101,172,44.75875,14.408649873365288,1.3162488775002699,0.7038916342235826,2.3558776029015265
101,173,46.01229166666666,14.491998962940295,1.3176482477400184,0.6999764087180527,2.3326541411354613
101,174,45.12145833333333,14.585501186534078,1.3136367212167606,0.7015401144618548,2.3029477584668117
101,175,45.571666666666665,14.668129392785877,1.3198922510369004,0.6936680569739574,2.286186822949411
101,176,48.609375,14.711838744207109,1.3281262926638318,0.6876505932840522,2.2795308545214024
101,177,46.84958333333333,14.77781356632183,1.3375899528204025,0.6788690454065531,2.2664171960268087
101,178,48.18708333333333,14.81345383430989,1.3421789022435058,0.6719830802350814,2.260744431732059
101,179,49.81,14.83979009321415,1.3485594538150751,0.6683338723153831,2.254104236958223
101,180,50.21083333333333,14.85772622407978,1.3555459421881662,0.6634114067549739,2.25255026043563
101,181,50.68145833333333,14.872350473212665,1.364496053215668,0.663468962621093,2.246813214630765
101,182,49.75083333333333,14.899672790912902,1.3702338252198016,0.6584596070796652,2.2400020272346675
101,183,48.092083333333335,14.933207562150027,1.3787837319708045,0.6526973629826045,2.2327351113343403
101,184,48.12187499999999,14.985731494912136,1.3908669717896351,0.645950820899757,2.220753847143043
101,185,47.11812499999999,15.043243232576733,1.3933182724315674,0.6369416687435815,2.2082615501307004
101,186,50.63979166666667,15.070074353462305,1.4017678412573609,0.6310511058669848,2.2049836539598466
101,187,50.29333333333333,15.094155227061268,1.4104913778254387,0.627179654688089,2.198941968603057
101,188,50.46770833333333,15.105687428867089,1.4191279537219703,0.6266325896701832,2.1913446352984063
101,189,51.545416666666654,15.105687428867089,1.4255275630608288,0.6236474594031098,2.1908574177857787
101,190,46.954791666666665,15.159652582897818,1.4322052304657862,0.6193318622569342,2.1735042440830927
101,191,50.986041666666665,15.172032598463398,1.4395928210825273,0.6175510069427586,2.168727569019877
101,192,46.648958333333326,15.219813990040013,1.4507885000581777,0.6186325119336016,2.148471778655494
101,193,50.71312499999999,15.244353946711314,1.46045620402127,0.6151417012281579,2.1420245768303667
101,194,49.275,15.270722334242429,1.474174730819779,0.616614890431582,2.123787126028149
101,195,49.108124999999994,15.298253892779087,1.4851383099388464,0.6155453180271401,2.1110883403237066
101,196,52.44229166666667,15.30956270310739,1.4898662400701925,0.6111911459814249,2.1101837006999826
101,197,51.12854166666667,15.317925747250092,1.4979911072935277,0.6076833309208229,2.104773096272734
101,198,50.73291666666666,15.333111174554523,1.509534587283255,0.6042474790611445,2.094213720623853
101,199,48.430416666666666,15.364509343950079,1.5139758224471507,0.6033235990391957,2.0830114103184387
101,200,50.461875,15.380293275193466,1.51760691736343,0.597013328082545,2.0791585238040584
101,201,50.28999999999999,15.39564340218464,1.5234448744301654,0.5936487766382645,2.0716391751721273
101,202,52.54104166666667,15.39564340218464,1.5295292488262755,0.5909141053039817,2.070684860565142
101,203,52.25875,15.39564340218464,1.537890345560946,0.585548427683462,2.069877293382712
101,204,49.69624999999999,15.413161326461433,1.5384496258435978,0.5869613649406507,2.0648821200011467
101,205,52.42916666666667,15.417348029173317,1.5461059677423057,0.5851966509046314,2.0604667718530107
101,206,51.49916666666667,15.425569690240314,1.551500156397317,0.5832591968265379,2.055751967983734
101,207,50.861875,15.437912914401732,1.5544190419880108,0.5816193583082985,2.0509274194302574
101,208,50.26458333333333,15.455084564724903,1.558906313028793,0.5787644763087423,2.044565586861127
101,209,52.41958333333334,15.455084564724903,1.5660489428692037,0.5764121501016517,2.0411327044464
101,210,50.151875,15.469285537645813,1.5713181081317835,0.569487746839299,2.034697460951846
101,211,49.98833333333334,15.477263520786213,1.5791815778238474,0.5625614254762968,2.027048446571751
101,212,51.565,15.487838589334473,1.588219589760946,0.5526887157206603,2.017162015050075
101,213,50.24520833333333,15.50221540975165,1.5967531218476252,0.5489723836518754,2.005397635981223
101,214,51.879791666666655,15.508162412714997,1.605443280072101,0.5417970954442236,1.9998306055570785
101,215,51.48916666666667,15.514283235425648,1.614533942978713,0.5340973918817421,1.9904605833494147
101,216,51.72958333333332,15.520185784576642,1.6226585153926512,0.5350492018586255,1.9818281764285977
101,217,53.21791666666667,15.520185784576642,1.6279996780505903,0.5318425089679233,1.9789242500855375
101,218,52.610833333333325,15.52600312625874,1.635915427824308,0.5256538607297192,1.9711992018457511
101,219,52.836875,15.52600312625874,1.6420048025806249,0.5229287191064821,1.9649076673913028
101,220,52.79999999999999,15.531137829315286,1.6496338732843665,0.5179175616879229,1.957321292186636
101,221,52.944583333333334,15.531137829315286,1.6558367487060193,0.5157652224670481,1.9534142509761279
101,222,51.7225,15.539380730832137,1.6634611616155626,0.5138902792989617,1.9442035732904492
101,223,51.87020833333332,15.544252153142732,1.6717716041442596,0.5059308899165241,1.934523112571739
101,224,51.77895833333333,15.549376959486603,1.6765337359457209,0.5004869924164366,1.9292438211208944
101,225,52.71583333333333,15.554493995049015,1.6803701753083315,0.49592059372923236,1.9238162250331703
101,226,52.01166666666666,15.561254568033975,1.6863654900654488,0.49039104812416157,1.9150364038521466
101,227,52.049791666666664,15.569645422312643,1.6887385523425407,0.49153269574731906,1.9104175392010811
101,228,52.15083333333333,15.57734366861634,1.6932037442822105,0.48819673902137706,1.9038882425742714
101,229,50.84645833333334,15.59349551807767,1.7021414099507035,0.4807097900420101,1.8872078211477583
101,230,51.86270833333333,15.597980052191351,1.70601944718033,0.4824974446674723,1.8820623363900917
101,231,52.76020833333333,15.602509134140286,1.7091008222527815,0.4831382295304218,1.877783990195549
101,232,51.75458333333333,15.611551178859331,1.715020703835215,0.4792616098718468,1.867584537715886
101,233,52.89875000000001,15.611551178859331,1.7192699809027179,0.4765329698896292,1.8613129852683696
101,234,51.0425,15.621894199962906,1.7252612349921073,0.47654538929474294,1.8456648922609802
101,235,52.60145833333333,15.624130807201878,1.7291476282818072,0.4722742924522343,1.8394270059239646
101,236,51.64520833333333,15.635006689084731,1.7368948570169476,0.4671638687016265,1.825377644138193
101,237,53.320625,15.635006689084731,1.742267971674186,0.46487343741798504,1.8200103326307724
101,238,52.568958333333335,15.63947574141098,1.749028037827503,0.4578214076173981,1.808215320085991
101,239,53.24104166666666,15.643835218349384,1.754511919836557,0.4566578268100384,1.799882292778191
101,240,51.924791666666664,15.651844161382144,1.7604642510424728,0.4541063978954724,1.7893034245488724
101,241,53.73229166666666,15.651844161382144,1.7646048118058053,0.4506483886291838,1.7841365353955865
101,242,53.180208333333326,15.65977900486984,1.7661656456811394,0.4500348729427632,1.7843031395669446
101,243,53.10333333333333,15.65977900486984,1.7708403403719675,0.44642969900062224,1.7755654171398467
101,244,53.02312499999999,15.663087283999317,1.7739531464187666,0.44036190573673484,1.7682905365899493
101,245,52.144375,15.66855108555624,1.7775728196920009,0.43294310847497325,1.7597419675093202
101,246,52.27895833333333,15.674977876399398,1.7848246443772429,0.4275265919546149,1.7444289347738688
101,247,53.428125,15.680008792615473,1.7867204977004212,0.4252310057512041,1.7417238825384178
101,248,52.25541666666666,15.68571981898897,1.788892354303355,0.4245599016220228,1.735858302613284
101,249,54.31875,15.68571981898897,1.7922983722223673,0.42402885121979345,1.7343010053046193
101,250,51.43458333333333,15.691014320393576,1.7954659916809377,0.41793798309076857,1.7253031470938183
101,251,52.297291666666666,15.697997293043413,1.7972712494210747,0.41463795465788583,1.7210141414486102
101,252,53.67416666666666,15.697997293043413,1.801254460112995,0.4109122577107365,1.712987084194193
101,253,53.94375,15.697997293043413,1.8041632620440438,0.40628087959622816,1.7056281013532035
101,254,53.370416666666664,15.703082838666994,1.8056221414890465,0.4048331666061036,1.7038785157640706
101,255,51.765625,15.711040329681426,1.8106016649169678,0.3998577685239128,1.6885261466304025
101,256,54.584374999999994,15.714843902928504,1.8151617369662185,0.3985399809911295,1.6837858097256226
101,257,52.426458333333336,15.722896530284045,1.81545172571649,0.39295234677764035,1.6782621082357758
101,258,53.29583333333333,15.726173752082135,1.8175098637766245,0.388813501625233,1.673817272728874
101,259,53.33354166666666,15.727807644216826,1.8207364358920128,0.3851559280321981,1.6677660462664206
101,260,52.925625,15.730802368540896,1.8233736532694595,0.37710708307308327,1.6570249182324983
101,261,52.50729166666667,15.73263962197939,1.8269321543438932,0.3713126146428305,1.6441265473063518
101,262,52.6275,15.738174872125025,1.8281591639908412,0.36921410326359666,1.6389398120602086
101,263,54.15520833333333,15.738174872125025,1.8314005935871178,0.3654363849516522,1.632536330812554
101,264,53.478333333333325,15.738174872125025,1.834762170741951,0.36321763217989494,1.6259729608555433
101,265,53.205625,15.741027400858878,1.8396217904896601,0.36014609349315935,1.614104334773423
101,266,53.66291666666666,15.741027400858878,1.8426181318695882,0.3602004204969094,1.6093889552750347
101,267,54.77104166666666,15.741027400858878,1.8450476561149465,0.3595585320584421,1.6069465202149031
101,268,53.84458333333333,15.741027400858878,1.8481301593988653,0.3562412533793104,1.5987976388714382
101,269,52.15062499999999,15.745324314433065,1.8503979884987236,0.3552602139203178,1.592199603886861
101,270,53.580000000000005,15.746821326961154,1.8523400872207119,0.3535894319879107,1.5879572599767506
101,271,54.593124999999986,15.746821326961154,1.8551409327835735,0.35030741667972665,1.5820359177386574
101,272,54.59104166666666,15.746821326961154,1.856819126142179,0.345947102935497,1.5770318111501553
101,273,54.61583333333332,15.746821326961154,1.8598835896989465,0.34274557808881,1.5712006363244557
101,274,54.743125,15.746821326961154,1.8624916014716397,0.3385955360378839,1.5666069160069918
101,275,53.25374999999999,15.750321307430179,1.8643429154000286,0.33870704280925856,1.5579866177533974
101,276,53.44145833333332,15.752079704966068,1.8683530999253197,0.3380679092117099,1.5509499477799102
101,277,53.15562499999999,15.754747341454678,1.8707493214320314,0.3352656072061145,1.5439984361650854
101,278,52.53791666666666,15.762641754799773,1.8735078422827263,0.32840152670848977,1.5333802586705665
101,279,54.583333333333336,15.762641754799773,1.8762292153808073,0.32437263369701314,1.5271735964151967
101,280,54.331666666666656,15.765816639342551,1.8787401273838507,0.32367527192141193,1.523501120286439
101,281,53.629583333333336,15.765816639342551,1.8823363864552332,0.31810562580860774,1.5130825693585592
101,282,53.288125,15.767393196323376,1.8845839218527716,0.3150512877338736,1.5020316701343042
101,283,53.66791666666666,15.76992207313494,1.886930311623072,0.3136945633679023,1.4980206488947876
101,284,53.884791666666665,15.771372625275141,1.8881796524961822,0.31011525250667094,1.4932104769514645
101,285,54.40708333333333,15.771372625275141,1.8904933477606707,0.306747565092939,1.4872641679149927
101,286,54.021874999999994,15.77562263113454,1.8916012873052575,0.29904719466387064,1.4815899229739844
101,287,54.449374999999996,15.77562263113454,1.8934435578116784,0.29742554528233284,1.4758727052313763
101,288,53.611875,15.778181064132516,1.895430466167859,0.291090572661414,1.465877442861062
101,289,53.3125,15.780959688579326,1.8992206272336976,0.2851766782558474,1.4516868363701876
101,290,53.94354166666667,15.780959688579326,1.9016263321077516,0.28238480770655094,1.4443786941401022
101,291,52.555625,15.786759647754751,1.9041574282283775,0.28475955294244243,1.4404690493385623
101,292,53.30104166666666,15.789244107578588,1.905833334092705,0.2853107183323579,1.4360681139656792
101,293,54.438958333333325,15.789244107578588,1.9081929152370034,0.2825921539669667,1.429689017655958
101,294,53.69208333333333,15.79153241133333,1.9108552522412032,0.2810778730791897,1.426732204181393
101,295,54.95020833333333,15.79153241133333,1.9123576750558906,0.2777946492363176,1.4222567540114688
101,296,55.17937499999999,15.79153241133333,1.9141749242328328,0.2766932864942475,1.4208098889160115
101,297,54.49145833333333,15.79153241133333,1.9164826585714603,0.2748545895284828,1.4152411593592777
101,298,55.28583333333333,15.79153241133333,1.9180046947104195,0.2724383070984974,1.4123316659303562
101,299,54.36520833333333,15.793854870658377,1.9189886829827394,0.27111058595196963,1.4105410475450424
101,300,54.53229166666666,15.793854870658377,1.9204129546149857,0.2678073351275729,1.4036756367123329
