seed,step,case_id,draw,proxy,raw_proxy,quality,concern,action_score,flagged,words,empathy_hits
7,0,p037,0,15.14,7.57,100.0,1.0,1.0,0,34.0,2.0
7,0,p037,1,9.66,4.83,100.0,1.0,1.0,0,31.0,1.0
7,0,p037,2,9.18,4.59,100.0,1.0,1.0,0,28.0,1.0
7,0,p037,3,18.0,9.0,100.0,1.0,1.0,0,35.0,1.0
7,0,p037,4,3.8600000000000003,1.9300000000000002,100.0,1.0,1.0,0,26.0,0.0
7,0,p037,5,9.34,4.67,100.0,1.0,1.0,0,29.0,1.0
7,0,p037,6,9.18,4.59,100.0,1.0,1.0,0,28.0,1.0
7,0,p037,7,18.619999999999997,9.309999999999999,100.0,1.0,1.0,0,37.0,1.0
7,0,p037,8,9.5,4.75,100.0,1.0,1.0,0,30.0,1.0
7,0,p037,9,26.96,13.48,98.0,1.0,1.0,0,41.0,1.0
7,0,p037,10,9.5,4.75,100.0,1.0,1.0,0,30.0,1.0
7,0,p037,11,9.66,4.83,100.0,1.0,1.0,0,31.0,1.0
7,0,p037,12,11.26,5.63,20.0,0.0,0.0,0,11.0,1.0
7,0,p037,13,11.72,5.86,20.0,0.0,0.0,0,12.0,1.0
7,0,p037,14,89.03999999999999,44.519999999999996,58.529411764705884,1.0,0.0,1,64.0,16.0
7,0,p037,15,14.68,7.34,100.0,1.0,1.0,0,33.0,2.0
7,0,p038,0,9.66,4.83,100.0,1.0,1.0,0,31.0,1.0
7,0,p038,1,18.46,9.23,100.0,1.0,1.0,0,36.0,1.0
7,0,p038,2,9.5,4.75,100.0,1.0,1.0,0,30.0,1.0
7,0,p038,3,3.8600000000000003,1.9300000000000002,100.0,1.0,1.0,0,26.0,0.0
7,0,p038,4,9.18,4.59,100.0,1.0,1.0,0,28.0,1.0
7,0,p038,5,9.04,4.52,100.0,1.0,1.0,0,29.0,1.0
7,0,p038,6,9.04,4.52,100.0,1.0,1.0,0,29.0,1.0
7,0,p038,7,9.66,4.83,100.0,1.0,1.0,0,31.0,1.0
7,0,p038,8,9.04,4.52,100.0,1.0,1.0,0,29.0,1.0
7,0,p038,9,15.14,7.57,100.0,1.0,1.0,0,34.0,2.0
7,0,p038,10,14.68,7.34,100.0,1.0,1.0,0,33.0,2.0
7,0,p038,11,11.4,5.7,20.0,0.0,0.0,0,10.0,1.0
7,0,p038,12,3.8600000000000003,1.9300000000000002,100.0,1.0,1.0,0,26.0,0.0
7,0,p038,13,25.799999999999997,12.899999999999999,100.0,1.0,1.0,0,40.0,4.0
7,0,p038,14,9.5,4.75,100.0,1.0,1.0,0,30.0,1.0
7,0,p038,15,20.22,10.11,20.0,0.0,0.0,0,17.0,1.0
7,0,p039,0,9.5,4.75,100.0,1.0,1.0,0,30.0,1.0
7,0,p039,1,9.18,4.59,100.0,1.0,1.0,0,28.0,1.0
7,0,p039,2,9.5,4.75,100.0,1.0,1.0,0,30.0,1.0
7,0,p039,3,18.619999999999997,9.309999999999999,100.0,1.0,1.0,0,37.0,1.0
7,0,p039,4,9.34,4.67,100.0,1.0,1.0,0,29.0,1.0
7,0,p039,5,9.34,4.67,100.0,1.0,1.0,0,29.0,1.0
7,0,p039,6,14.68,7.34,100.0,1.0,1.0,0,33.0,2.0
7,0,p039,7,26.96,13.48,98.0,1.0,1.0,0,41.0,1.0
7,0,p039,8,14.36,7.18,100.0,1.0,1.0,0,31.0,2.0
7,0,p039,9,3.8600000000000003,1.9300000000000002,100.0,1.0,1.0,0,26.0,0.0
7,0,p039,10,9.04,4.52,100.0,1.0,1.0,0,29.0,1.0
7,0,p039,11,18.0,9.0,100.0,1.0,1.0,0,35.0,1.0
7,0,p039,12,26.1,13.05,100.0,1.0,1.0,0,40.0,4.0
7,0,p039,13,9.18,4.59,100.0,1.0,1.0,0,28.0,1.0
7,0,p039,14,9.18,4.59,100.0,1.0,1.0,0,28.0,1.0
7,0,p039,15,9.04,4.52,100.0,1.0,1.0,0,29.0,1.0
7,0,p040,0,9.04,4.52,100.0,1.0,1.0,0,29.0,1.0
7,0,p040,1,9.66,4.83,100.0,1.0,1.0,0,31.0,1.0
7,0,p040,2,35.44,17.72,18.0,0.0,0.0,0,29.0,2.0
7,0,p040,3,25.64,12.82,100.0,1.0,1.0,0,39.0,4.0
7,0,p040,4,11.4,5.7,20.0,0.0,0.0,0,10.0,1.0
7,0,p040,5,29.18,14.59,17.5,0.0,0.0,1,23.0,1.0
7,0,p040,6,9.18,4.59,100.0,1.0,1.0,0,28.0,1.0
7,0,p040,7,9.5,4.75,100.0,1.0,1.0,0,30.0,1.0
7,0,p040,8,9.18,4.59,100.0,1.0,1.0,0,28.0,1.0
7,0,p040,9,9.66,4.83,100.0,1.0,1.0,0,31.0,1.0
7,0,p040,10,9.04,4.52,100.0,1.0,1.0,0,29.0,1.0
7,0,p040,11,9.66,4.83,100.0,1.0,1.0,0,31.0,1.0
7,0,p040,12,17.36,8.68,20.0,0.0,0.0,1,16.0,2.0
7,0,p040,13,14.66,7.33,100.0,1.0,1.0,0,31.0,2.0
7,0,p040,14,15.14,7.57,100.0,1.0,1.0,0,34.0,2.0
7,0,p040,15,9.66,4.83,100.0,1.0,1.0,0,31.0,1.0
7,0,p041,0,9.04,4.52,100.0,1.0,1.0,0,29.0,1.0
7,0,p041,1,9.34,4.67,100.0,1.0,1.0,0,29.0,1.0
7,0,p041,2,18.0,9.0,100.0,1.0,1.0,0,35.0,1.0
7,0,p041,3,20.68,10.34,20.0,0.0,0.0,0,18.0,1.0
7,0,p041,4,9.18,4.59,100.0,1.0,1.0,0,28.0,1.0
7,0,p041,5,3.8600000000000003,1.9300000000000002,100.0,1.0,1.0,0,26.0,0.0
7,0,p041,6,9.18,4.59,100.0,1.0,1.0,0,28.0,1.0
7,0,p041,7,3.8600000000000003,1.9300000000000002,100.0,1.0,1.0,0,26.0,0.0
7,0,p041,8,9.18,4.59,100.0,1.0,1.0,0,28.0,1.0
7,0,p041,9,25.799999999999997,12.899999999999999,100.0,1.0,1.0,0,40.0,4.0
7,0,p041,10,9.34,4.67,100.0,1.0,1.0,0,29.0,1.0
7,0,p041,11,11.4,5.7,20.0,0.0,0.0,0,10.0,1.0
7,0,p041,12,9.66,4.83,100.0,1.0,1.0,0,31.0,1.0
7,0,p041,13,3.8600000000000003,1.9300000000000002,100.0,1.0,1.0,0,26.0,0.0
7,0,p041,14,9.34,4.67,100.0,1.0,1.0,0,29.0,1.0
7,0,p041,15,9.5,4.75,100.0,1.0,1.0,0,30.0,1.0
7,0,p042,0,9.5,4.75,100.0,1.0,1.0,0,30.0,1.0
7,0,p042,1,34.76,17.38,100.0,1.0,1.0,0,46.0,4.0
7,0,p042,2,9.18,4.59,100.0,1.0,1.0,0,28.0,1.0
7,0,p042,3,9.5,4.75,100.0,1.0,1.0,0,30.0,1.0
7,0,p042,4,18.619999999999997,9.309999999999999,100.0,1.0,1.0,0,37.0,1.0
7,0,p042,5,18.14,9.07,100.0,1.0,1.0,0,34.0,1.0
7,0,p042,6,9.34,4.67,100.0,1.0,1.0,0,29.0,1.0
7,0,p042,7,20.52,10.26,20.0,0.0,0.0,0,17.0,1.0
7,0,p042,8,9.66,4.83,100.0,1.0,1.0,0,31.0,1.0
7,0,p042,9,9.66,4.83,100.0,1.0,1.0,0,31.0,1.0
7,0,p042,10,9.34,4.67,100.0,1.0,1.0,0,29.0,1.0
7,0,p042,11,18.46,9.23,100.0,1.0,1.0,0,36.0,1.0
7,0,p042,12,9.04,4.52,100.0,1.0,1.0,0,29.0,1.0
7,0,p042,13,9.04,4.52,100.0,1.0,1.0,0,29.0,1.0
7,0,p042,14,9.34,4.67,100.0,1.0,1.0,0,29.0,1.0
7,0,p042,15,23.64,11.82,100.0,1.0,1.0,0,39.0,2.0
7,0,p043,0,9.66,4.83,100.0,1.0,1.0,0,31.0,1.0
7,0,p043,1,9.36,4.68,100.0,1.0,1.0,0,31.0,1.0
7,0,p043,2,9.5,4.75,100.0,1.0,1.0,0,30.0,1.0
7,0,p043,3,9.98,4.99,100.0,1.0,1.0,0,33.0,1.0
7,0,p043,4,18.32,9.16,100.0,1.0,1.0,0,37.0,1.0
7,0,p043,5,11.72,5.86,20.0,0.0,0.0,0,12.0,1.0
7,0,p043,6,9.82,4.91,100.0,1.0,1.0,0,32.0,1.0
7,0,p043,7,9.5,4.75,100.0,1.0,1.0,0,30.0,1.0
7,0,p043,8,18.619999999999997,9.309999999999999,100.0,1.0,1.0,0,37.0,1.0
7,0,p043,9,20.68,10.34,20.0,0.0,0.0,0,18.0,1.0
7,0,p043,10,15.0,7.5,100.0,1.0,1.0,0,35.0,2.0
7,0,p043,11,9.36,4.68,100.0,1.0,1.0,0,31.0,1.0
7,0,p043,12,29.32,14.66,17.5,0.0,0.0,1,22.0,1.0
7,0,p043,13,9.5,4.75,100.0,1.0,1.0,0,30.0,1.0
7,0,p043,14,18.32,9.16,100.0,1.0,1.0,0,37.0,1.0
7,0,p043,15,9.5,4.75,100.0,1.0,1.0,0,30.0,1.0
7,0,p044,0,18.46,9.23,100.0,1.0,1.0,0,36.0,1.0
7,0,p044,1,18.32,9.16,100.0,1.0,1.0,0,37.0,1.0
7,0,p044,2,9.66,4.83,100.0,1.0,1.0,0,31.0,1.0
7,0,p044,3,23.64,11.82,100.0,1.0,1.0,0,39.0,2.0
7,0,p044,4,9.98,4.99,100.0,1.0,1.0,0,33.0,1.0
7,0,p044,5,9.5,4.75,100.0,1.0,1.0,0,30.0,1.0
7,0,p044,6,18.78,9.39,100.0,1.0,1.0,0,38.0,1.0
7,0,p044,7,15.62,7.81,100.0,1.0,1.0,0,37.0,2.0
7,0,p044,8,4.180000000000001,2.0900000000000003,100.0,1.0,1.0,0,28.0,0.0
7,0,p044,9,9.98,4.99,100.0,1.0,1.0,0,33.0,1.0
7,0,p044,10,15.0,7.5,100.0,1.0,1.0,0,35.0,2.0
7,0,p044,11,15.459999999999999,7.7299999999999995,100.0,1.0,1.0,0,36.0,2.0
7,0,p044,12,9.82,4.91,100.0,1.0,1.0,0,32.0,1.0
7,0,p044,13,15.62,7.81,100.0,1.0,1.0,0,37.0,2.0
7,0,p044,14,26.419999999999998,13.209999999999999,100.0,1.0,1.0,0,42.0,4.0
7,0,p044,15,6.080000000000001,3.0400000000000005,20.0,0.0,0.0,0,8.0,0.0
7,0,p045,0,9.82,4.91,100.0,1.0,1.0,0,32.0,1.0
7,0,p045,1,9.66,4.83,100.0,1.0,1.0,0,31.0,1.0
7,0,p045,2,9.5,4.75,100.0,1.0,1.0,0,30.0,1.0
7,0,p045,3,18.939999999999998,9.469999999999999,100.0,1.0,1.0,0,39.0,1.0
7,0,p045,4,9.5,4.75,100.0,1.0,1.0,0,30.0,1.0
7,0,p045,5,32.6,16.3,98.33333333333333,1.0,1.0,0,45.0,2.0
7,0,p045,6,48.519999999999996,24.259999999999998,97.0,1.0,1.0,1,57.0,8.0
7,0,p045,7,9.82,4.91,100.0,1.0,1.0,0,32.0,1.0
7,0,p045,8,29.48,14.74,17.5,0.0,0.0,1,23.0,1.0
7,0,p045,9,23.64,11.82,100.0,1.0,1.0,0,39.0,2.0
7,0,p045,10,9.82,4.91,100.0,1.0,1.0,0,32.0,1.0
7,0,p045,11,9.66,4.83,100.0,1.0,1.0,0,31.0,1.0
7,0,p045,12,11.4,5.7,20.0,0.0,0.0,0,10.0,1.0
7,0,p045,13,9.5,4.75,100.0,1.0,1.0,0,30.0,1.0
7,0,p045,14,25.799999999999997,12.899999999999999,100.0,1.0,1.0,0,40.0,4.0
7,0,p045,15,9.66,4.83,100.0,1.0,1.0,0,31.0,1.0
7,0,p046,0,10.280000000000001,5.140000000000001,100.0,1.0,1.0,0,33.0,1.0
7,0,p046,1,11.4,5.7,20.0,0.0,0.0,0,10.0,1.0
7,0,p046,2,10.440000000000001,5.220000000000001,100.0,1.0,1.0,0,34.0,1.0
7,0,p046,3,10.600000000000001,5.300000000000001,100.0,1.0,1.0,0,35.0,1.0
7,0,p046,4,16.880000000000003,8.440000000000001,20.0,0.0,0.0,1,13.0,2.0
7,0,p046,5,25.86,12.93,20.0,0.0,0.0,0,21.0,2.0
7,0,p046,6,36.66,18.33,20.0,0.0,0.0,1,26.0,4.0
7,0,p046,7,15.3,7.65,100.0,1.0,1.0,0,35.0,2.0
7,0,p046,8,24.259999999999998,12.129999999999999,100.0,1.0,1.0,0,41.0,2.0
7,0,p046,9,11.72,5.86,20.0,0.0,0.0,0,12.0,1.0
7,0,p046,10,10.440000000000001,5.220000000000001,100.0,1.0,1.0,0,34.0,1.0
7,0,p046,11,10.120000000000001,5.0600000000000005,100.0,1.0,1.0,0,32.0,1.0
7,0,p046,12,16.9,8.45,20.0,0.0,0.0,1,15.0,2.0
7,0,p046,13,16.08,8.04,100.0,1.0,1.0,0,38.0,2.0
7,0,p046,14,48.36,24.18,97.0,1.0,1.0,1,56.0,8.0
7,0,p046,15,10.440000000000001,5.220000000000001,100.0,1.0,1.0,0,34.0,1.0
7,0,p047,0,19.4,9.7,100.0,1.0,1.0,0,40.0,1.0
7,0,p047,1,9.98,4.99,100.0,1.0,1.0,0,33.0,1.0
7,0,p047,2,10.440000000000001,5.220000000000001,100.0,1.0,1.0,0,34.0,1.0
7,0,p047,3,9.98,4.99,100.0,1.0,1.0,0,33.0,1.0
7,0,p047,4,10.280000000000001,5.140000000000001,100.0,1.0,1.0,0,33.0,1.0
7,0,p047,5,19.560000000000002,9.780000000000001,100.0,1.0,1.0,0,41.0,1.0
7,0,p047,6,28.32,14.16,20.0,0.0,0.0,1,22.0,4.0
7,0,p047,7,10.600000000000001,5.300000000000001,100.0,1.0,1.0,0,35.0,1.0
7,0,p047,8,10.280000000000001,5.140000000000001,100.0,1.0,1.0,0,33.0,1.0
7,0,p047,9,17.52,8.76,20.0,0.0,0.0,0,17.0,2.0
7,0,p047,10,19.560000000000002,9.780000000000001,100.0,1.0,1.0,0,41.0,1.0
7,0,p047,11,9.98,4.99,100.0,1.0,1.0,0,33.0,1.0
7,0,p047,12,26.74,13.37,100.0,1.0,1.0,0,44.0,4.0
7,0,p047,13,57.8,28.9,97.27272727272728,1.0,1.0,1,65.0,8.0
7,0,p047,14,10.280000000000001,5.140000000000001,100.0,1.0,1.0,0,33.0,1.0
7,0,p047,15,9.98,4.99,100.0,1.0,1.0,0,33.0,1.0
7,0,p048,0,15.3,7.65,100.0,1.0,1.0,0,35.0,2.0
7,0,p048,1,26.9,13.45,100.0,1.0,1.0,0,45.0,4.0
7,0,p048,2,46.120000000000005,23.060000000000002,95.71428571428571,1.0,1.0,1,57.0,1.0
7,0,p048,3,10.600000000000001,5.300000000000001,100.0,1.0,1.0,0,35.0,1.0
7,0,p048,4,10.440000000000001,5.220000000000001,100.0,1.0,1.0,0,34.0,1.0
7,0,p048,5,10.440000000000001,5.220000000000001,100.0,1.0,1.0,0,34.0,1.0
7,0,p048,6,16.08,8.04,100.0,1.0,1.0,0,38.0,2.0
7,0,p048,7,10.280000000000001,5.140000000000001,100.0,1.0,1.0,0,33.0,1.0
7,0,p048,8,10.600000000000001,5.300000000000001,100.0,1.0,1.0,0,35.0,1.0
7,0,p048,9,20.84,10.42,20.0,0.0,0.0,0,19.0,1.0
7,0,p048,10,27.9,13.95,98.0,1.0,1.0,0,45.0,1.0
7,0,p048,11,26.74,13.37,100.0,1.0,1.0,0,44.0,4.0
7,0,p048,12,10.440000000000001,5.220000000000001,100.0,1.0,1.0,0,34.0,1.0
7,0,p048,13,15.600000000000001,7.800000000000001,100.0,1.0,1.0,0,35.0,2.0
7,0,p048,14,10.600000000000001,5.300000000000001,100.0,1.0,1.0,0,35.0,1.0
7,0,p048,15,98.3,49.15,58.888888888888886,1.0,0.0,1,70.0,16.0
7,20,p037,0,24.1,12.05,100.0,1.0,1.0,0,40.0,2.0
7,20,p037,1,9.66,4.83,100.0,1.0,1.0,0,31.0,1.0
7,20,p037,2,9.18,4.59,100.0,1.0,1.0,0,28.0,1.0
7,20,p037,3,18.0,9.0,100.0,1.0,1.0,0,35.0,1.0
7,20,p037,4,3.8600000000000003,1.9300000000000002,100.0,1.0,1.0,0,26.0,0.0
7,20,p037,5,9.34,4.67,100.0,1.0,1.0,0,29.0,1.0
7,20,p037,6,9.18,4.59,100.0,1.0,1.0,0,28.0,1.0
7,20,p037,7,18.619999999999997,9.309999999999999,100.0,1.0,1.0,0,37.0,1.0
7,20,p037,8,9.5,4.75,100.0,1.0,1.0,0,30.0,1.0
7,20,p037,9,29.18,14.59,17.5,0.0,0.0,1,23.0,1.0
7,20,p037,10,9.5,4.75,100.0,1.0,1.0,0,30.0,1.0
7,20,p037,11,9.66,4.83,100.0,1.0,1.0,0,31.0,1.0
7,20,p037,12,11.26,5.63,20.0,0.0,0.0,0,11.0,1.0
7,20,p037,13,17.52,8.76,20.0,0.0,0.0,0,17.0,2.0
7,20,p037,14,89.03999999999999,44.519999999999996,58.529411764705884,1.0,0.0,1,64.0,16.0
7,20,p037,15,25.96,12.98,100.0,1.0,1.0,0,41.0,4.0
7,20,p038,0,18.619999999999997,9.309999999999999,100.0,1.0,1.0,0,37.0,1.0
7,20,p038,1,18.46,9.23,100.0,1.0,1.0,0,36.0,1.0
7,20,p038,2,9.5,4.75,100.0,1.0,1.0,0,30.0,1.0
7,20,p038,3,3.8600000000000003,1.9300000000000002,100.0,1.0,1.0,0,26.0,0.0
7,20,p038,4,9.18,4.59,100.0,1.0,1.0,0,28.0,1.0
7,20,p038,5,14.68,7.34,100.0,1.0,1.0,0,33.0,2.0
7,20,p038,6,9.04,4.52,100.0,1.0,1.0,0,29.0,1.0
7,20,p038,7,15.14,7.57,100.0,1.0,1.0,0,34.0,2.0
7,20,p038,8,9.04,4.52,100.0,1.0,1.0,0,29.0,1.0
7,20,p038,9,34.6,17.3,100.0,1.0,1.0,0,45.0,4.0
7,20,p038,10,14.68,7.34,100.0,1.0,1.0,0,33.0,2.0
7,20,p038,11,11.4,5.7,20.0,0.0,0.0,0,10.0,1.0
7,20,p038,12,3.8600000000000003,1.9300000000000002,100.0,1.0,1.0,0,26.0,0.0
7,20,p038,13,25.799999999999997,12.899999999999999,100.0,1.0,1.0,0,40.0,4.0
7,20,p038,14,9.5,4.75,100.0,1.0,1.0,0,30.0,1.0
7,20,p038,15,20.22,10.11,20.0,0.0,0.0,0,17.0,1.0
7,20,p039,0,9.5,4.75,100.0,1.0,1.0,0,30.0,1.0
7,20,p039,1,9.18,4.59,100.0,1.0,1.0,0,28.0,1.0
7,20,p039,2,9.5,4.75,100.0,1.0,1.0,0,30.0,1.0
7,20,p039,3,24.1,12.05,100.0,1.0,1.0,0,40.0,2.0
7,20,p039,4,14.66,7.33,100.0,1.0,1.0,0,31.0,2.0
7,20,p039,5,9.34,4.67,100.0,1.0,1.0,0,29.0,1.0
7,20,p039,6,23.64,11.82,100.0,1.0,1.0,0,39.0,2.0
7,20,p039,7,44.879999999999995,22.439999999999998,95.71428571428571,1.0,1.0,1,53.0,1.0
7,20,p039,8,14.36,7.18,100.0,1.0,1.0,0,31.0,2.0
7,20,p039,9,3.8600000000000003,1.9300000000000002,100.0,1.0,1.0,0,26.0,0.0
7,20,p039,10,14.68,7.34,100.0,1.0,1.0,0,33.0,2.0
7,20,p039,11,26.96,13.48,98.0,1.0,1.0,0,41.0,1.0
7,20,p039,12,26.1,13.05,100.0,1.0,1.0,0,40.0,4.0
7,20,p039,13,14.36,7.18,100.0,1.0,1.0,0,31.0,2.0
7,20,p039,14,9.18,4.59,100.0,1.0,1.0,0,28.0,1.0
7,20,p039,15,9.04,4.52,100.0,1.0,1.0,0,29.0,1.0
7,20,p040,0,9.04,4.52,100.0,1.0,1.0,0,29.0,1.0
7,20,p040,1,9.66,4.83,100.0,1.0,1.0,0,31.0,1.0
7,20,p040,2,35.44,17.72,18.0,0.0,0.0,0,29.0,2.0
7,20,p040,3,25.64,12.82,100.0,1.0,1.0,0,39.0,4.0
7,20,p040,4,11.4,5.7,20.0,0.0,0.0,0,10.0,1.0
7,20,p040,5,34.82,17.41,18.0,0.0,0.0,0,27.0,2.0
7,20,p040,6,9.18,4.59,100.0,1.0,1.0,0,28.0,1.0
7,20,p040,7,15.3,7.65,100.0,1.0,1.0,0,35.0,2.0
7,20,p040,8,9.18,4.59,100.0,1.0,1.0,0,28.0,1.0
7,20,p040,9,9.66,4.83,100.0,1.0,1.0,0,31.0,1.0
7,20,p040,10,9.04,4.52,100.0,1.0,1.0,0,29.0,1.0
7,20,p040,11,9.66,4.83,100.0,1.0,1.0,0,31.0,1.0
7,20,p040,12,27.86,13.93,20.0,0.0,0.0,1,21.0,4.0
7,20,p040,13,14.66,7.33,100.0,1.0,1.0,0,31.0,2.0
7,20,p040,14,15.14,7.57,100.0,1.0,1.0,0,34.0,2.0
7,20,p040,15,9.66,4.83,100.0,1.0,1.0,0,31.0,1.0
7,20,p041,0,9.04,4.52,100.0,1.0,1.0,0,29.0,1.0
7,20,p041,1,9.34,4.67,100.0,1.0,1.0,0,29.0,1.0
7,20,p041,2,26.96,13.48,98.0,1.0,1.0,0,41.0,1.0
7,20,p041,3,20.68,10.34,20.0,0.0,0.0,0,18.0,1.0
7,20,p041,4,9.18,4.59,100.0,1.0,1.0,0,28.0,1.0
7,20,p041,5,3.8600000000000003,1.9300000000000002,100.0,1.0,1.0,0,26.0,0.0
7,20,p041,6,9.18,4.59,100.0,1.0,1.0,0,28.0,1.0
7,20,p041,7,3.8600000000000003,1.9300000000000002,100.0,1.0,1.0,0,26.0,0.0
7,20,p041,8,9.18,4.59,100.0,1.0,1.0,0,28.0,1.0
7,20,p041,9,25.799999999999997,12.899999999999999,100.0,1.0,1.0,0,40.0,4.0
7,20,p041,10,9.34,4.67,100.0,1.0,1.0,0,29.0,1.0
7,20,p041,11,11.4,5.7,20.0,0.0,0.0,0,10.0,1.0
7,20,p041,12,9.66,4.83,100.0,1.0,1.0,0,31.0,1.0
7,20,p041,13,3.8600000000000003,1.9300000000000002,100.0,1.0,1.0,0,26.0,0.0
7,20,p041,14,9.34,4.67,100.0,1.0,1.0,0,29.0,1.0
7,20,p041,15,9.5,4.75,100.0,1.0,1.0,0,30.0,1.0
7,20,p042,0,9.5,4.75,100.0,1.0,1.0,0,30.0,1.0
7,20,p042,1,34.76,17.38,100.0,1.0,1.0,0,46.0,4.0
7,20,p042,2,9.18,4.59,100.0,1.0,1.0,0,28.0,1.0
7,20,p042,3,9.5,4.75,100.0,1.0,1.0,0,30.0,1.0
7,20,p042,4,24.1,12.05,100.0,1.0,1.0,0,40.0,2.0
7,20,p042,5,18.14,9.07,100.0,1.0,1.0,0,34.0,1.0
7,20,p042,6,9.34,4.67,100.0,1.0,1.0,0,29.0,1.0
7,20,p042,7,25.84,12.92,20.0,0.0,0.0,0,19.0,2.0
7,20,p042,8,9.66,4.83,100.0,1.0,1.0,0,31.0,1.0
7,20,p042,9,9.66,4.83,100.0,1.0,1.0,0,31.0,1.0
7,20,p042,10,9.34,4.67,100.0,1.0,1.0,0,29.0,1.0
7,20,p042,11,18.46,9.23,100.0,1.0,1.0,0,36.0,1.0
7,20,p042,12,9.04,4.52,100.0,1.0,1.0,0,29.0,1.0
7,20,p042,13,9.04,4.52,100.0,1.0,1.0,0,29.0,1.0
7,20,p042,14,9.34,4.67,100.0,1.0,1.0,0,29.0,1.0
7,20,p042,15,23.64,11.82,100.0,1.0,1.0,0,39.0,2.0
7,20,p043,0,9.66,4.83,100.0,1.0,1.0,0,31.0,1.0
7,20,p043,1,9.36,4.68,100.0,1.0,1.0,0,31.0,1.0
7,20,p043,2,9.5,4.75,100.0,1.0,1.0,0,30.0,1.0
7,20,p043,3,9.98,4.99,100.0,1.0,1.0,0,33.0,1.0
7,20,p043,4,18.32,9.16,100.0,1.0,1.0,0,37.0,1.0
7,20,p043,5,17.52,8.76,20.0,0.0,0.0,0,17.0,2.0
7,20,p043,6,9.82,4.91,100.0,1.0,1.0,0,32.0,1.0
7,20,p043,7,9.5,4.75,100.0,1.0,1.0,0,30.0,1.0
7,20,p043,8,18.619999999999997,9.309999999999999,100.0,1.0,1.0,0,37.0,1.0
7,20,p043,9,35.44,17.72,18.0,0.0,0.0,0,29.0,2.0
7,20,p043,10,15.0,7.5,100.0,1.0,1.0,0,35.0,2.0
7,20,p043,11,9.36,4.68,100.0,1.0,1.0,0,31.0,1.0
7,20,p043,12,29.32,14.66,17.5,0.0,0.0,1,22.0,1.0
7,20,p043,13,9.5,4.75,100.0,1.0,1.0,0,30.0,1.0
7,20,p043,14,18.32,9.16,100.0,1.0,1.0,0,37.0,1.0
7,20,p043,15,14.68,7.34,100.0,1.0,1.0,0,33.0,2.0
7,20,p044,0,18.46,9.23,100.0,1.0,1.0,0,36.0,1.0
7,20,p044,1,18.32,9.16,100.0,1.0,1.0,0,37.0,1.0
7,20,p044,2,9.66,4.83,100.0,1.0,1.0,0,31.0,1.0
7,20,p044,3,23.64,11.82,100.0,1.0,1.0,0,39.0,2.0
7,20,p044,4,4.180000000000001,2.0900000000000003,100.0,1.0,1.0,0,28.0,0.0
7,20,p044,5,4.180000000000001,2.0900000000000003,100.0,1.0,1.0,0,28.0,0.0
7,20,p044,6,18.78,9.39,100.0,1.0,1.0,0,38.0,1.0
7,20,p044,7,15.62,7.81,100.0,1.0,1.0,0,37.0,2.0
7,20,p044,8,4.180000000000001,2.0900000000000003,100.0,1.0,1.0,0,28.0,0.0
7,20,p044,9,9.98,4.99,100.0,1.0,1.0,0,33.0,1.0
7,20,p044,10,15.0,7.5,100.0,1.0,1.0,0,35.0,2.0
7,20,p044,11,15.459999999999999,7.7299999999999995,100.0,1.0,1.0,0,36.0,2.0
7,20,p044,12,15.62,7.81,100.0,1.0,1.0,0,37.0,2.0
7,20,p044,13,15.62,7.81,100.0,1.0,1.0,0,37.0,2.0
7,20,p044,14,26.419999999999998,13.209999999999999,100.0,1.0,1.0,0,42.0,4.0
7,20,p044,15,6.080000000000001,3.0400000000000005,20.0,0.0,0.0,0,8.0,0.0
7,20,p045,0,9.82,4.91,100.0,1.0,1.0,0,32.0,1.0
7,20,p045,1,14.98,7.49,100.0,1.0,1.0,0,33.0,2.0
7,20,p045,2,4.180000000000001,2.0900000000000003,100.0,1.0,1.0,0,28.0,0.0
7,20,p045,3,18.939999999999998,9.469999999999999,100.0,1.0,1.0,0,39.0,1.0
7,20,p045,4,9.5,4.75,100.0,1.0,1.0,0,30.0,1.0
7,20,p045,5,32.6,16.3,98.33333333333333,1.0,1.0,0,45.0,2.0
7,20,p045,6,48.519999999999996,24.259999999999998,97.0,1.0,1.0,1,57.0,8.0
7,20,p045,7,18.78,9.39,100.0,1.0,1.0,0,38.0,1.0
7,20,p045,8,34.8,17.4,18.0,0.0,0.0,0,25.0,2.0
7,20,p045,9,23.64,11.82,100.0,1.0,1.0,0,39.0,2.0
7,20,p045,10,9.82,4.91,100.0,1.0,1.0,0,32.0,1.0
7,20,p045,11,9.66,4.83,100.0,1.0,1.0,0,31.0,1.0
7,20,p045,12,11.4,5.7,20.0,0.0,0.0,0,10.0,1.0
7,20,p045,13,9.5,4.75,100.0,1.0,1.0,0,30.0,1.0
7,20,p045,14,25.799999999999997,12.899999999999999,100.0,1.0,1.0,0,40.0,4.0
7,20,p045,15,9.66,4.83,100.0,1.0,1.0,0,31.0,1.0
7,20,p046,0,4.8,2.4,100.0,1.0,1.0,0,30.0,0.0
7,20,p046,1,11.4,5.7,20.0,0.0,0.0,0,10.0,1.0
7,20,p046,2,10.440000000000001,5.220000000000001,100.0,1.0,1.0,0,34.0,1.0
7,20,p046,3,10.600000000000001,5.300000000000001,100.0,1.0,1.0,0,35.0,1.0
7,20,p046,4,16.880000000000003,8.440000000000001,20.0,0.0,0.0,1,13.0,2.0
7,20,p046,5,25.86,12.93,20.0,0.0,0.0,0,21.0,2.0
7,20,p046,6,36.66,18.33,20.0,0.0,0.0,1,26.0,4.0
7,20,p046,7,15.3,7.65,100.0,1.0,1.0,0,35.0,2.0
7,20,p046,8,33.22,16.61,98.33333333333333,1.0,1.0,1,47.0,2.0
7,20,p046,9,11.72,5.86,20.0,0.0,0.0,0,12.0,1.0
7,20,p046,10,16.240000000000002,8.120000000000001,100.0,1.0,1.0,0,39.0,2.0
7,20,p046,11,10.120000000000001,5.0600000000000005,100.0,1.0,1.0,0,32.0,1.0
7,20,p046,12,25.86,12.93,20.0,0.0,0.0,0,21.0,2.0
7,20,p046,13,16.08,8.04,100.0,1.0,1.0,0,38.0,2.0
7,20,p046,14,48.36,24.18,97.0,1.0,1.0,1,56.0,8.0
7,20,p046,15,10.440000000000001,5.220000000000001,100.0,1.0,1.0,0,34.0,1.0
7,20,p047,0,19.4,9.7,100.0,1.0,1.0,0,40.0,1.0
7,20,p047,1,24.58,12.29,100.0,1.0,1.0,0,43.0,2.0
7,20,p047,2,10.440000000000001,5.220000000000001,100.0,1.0,1.0,0,34.0,1.0
7,20,p047,3,9.98,4.99,100.0,1.0,1.0,0,33.0,1.0
7,20,p047,4,15.600000000000001,7.800000000000001,100.0,1.0,1.0,0,35.0,2.0
7,20,p047,5,28.52,14.26,98.0,1.0,1.0,1,47.0,1.0
7,20,p047,6,28.32,14.16,20.0,0.0,0.0,1,22.0,4.0
7,20,p047,7,10.600000000000001,5.300000000000001,100.0,1.0,1.0,0,35.0,1.0
7,20,p047,8,10.280000000000001,5.140000000000001,100.0,1.0,1.0,0,33.0,1.0
7,20,p047,9,17.52,8.76,20.0,0.0,0.0,0,17.0,2.0
7,20,p047,10,25.04,12.52,100.0,1.0,1.0,0,44.0,2.0
7,20,p047,11,9.98,4.99,100.0,1.0,1.0,0,33.0,1.0
7,20,p047,12,26.74,13.37,100.0,1.0,1.0,0,44.0,4.0
7,20,p047,13,57.8,28.9,97.27272727272728,1.0,1.0,1,65.0,8.0
7,20,p047,14,15.600000000000001,7.800000000000001,100.0,1.0,1.0,0,35.0,2.0
7,20,p047,15,9.98,4.99,100.0,1.0,1.0,0,33.0,1.0
7,20,p048,0,15.3,7.65,100.0,1.0,1.0,0,35.0,2.0
7,20,p048,1,26.9,13.45,100.0,1.0,1.0,0,45.0,4.0
7,20,p048,2,46.120000000000005,23.060000000000002,95.71428571428571,1.0,1.0,1,57.0,1.0
7,20,p048,3,10.600000000000001,5.300000000000001,100.0,1.0,1.0,0,35.0,1.0
7,20,p048,4,10.440000000000001,5.220000000000001,100.0,1.0,1.0,0,34.0,1.0
7,20,p048,5,11.72,5.86,20.0,0.0,0.0,0,12.0,1.0
7,20,p048,6,26.58,13.29,100.0,1.0,1.0,0,43.0,4.0
7,20,p048,7,10.280000000000001,5.140000000000001,100.0,1.0,1.0,0,33.0,1.0
7,20,p048,8,16.08,8.04,100.0,1.0,1.0,0,38.0,2.0
7,20,p048,9,20.84,10.42,20.0,0.0,0.0,0,19.0,1.0
7,20,p048,10,27.9,13.95,98.0,1.0,1.0,0,45.0,1.0
7,20,p048,11,48.36,24.18,97.0,1.0,1.0,1,56.0,8.0
7,20,p048,12,10.440000000000001,5.220000000000001,100.0,1.0,1.0,0,34.0,1.0
7,20,p048,13,26.419999999999998,13.209999999999999,100.0,1.0,1.0,0,42.0,4.0
7,20,p048,14,10.600000000000001,5.300000000000001,100.0,1.0,1.0,0,35.0,1.0
7,20,p048,15,98.3,49.15,58.888888888888886,1.0,0.0,1,70.0,16.0
7,40,p037,0,24.1,12.05,100.0,1.0,1.0,0,40.0,2.0
7,40,p037,1,15.14,7.57,100.0,1.0,1.0,0,34.0,2.0
7,40,p037,2,9.18,4.59,100.0,1.0,1.0,0,28.0,1.0
7,40,p037,3,18.0,9.0,100.0,1.0,1.0,0,35.0,1.0
7,40,p037,4,3.8600000000000003,1.9300000000000002,100.0,1.0,1.0,0,26.0,0.0
7,40,p037,5,9.34,4.67,100.0,1.0,1.0,0,29.0,1.0
7,40,p037,6,9.18,4.59,100.0,1.0,1.0,0,28.0,1.0
7,40,p037,7,18.619999999999997,9.309999999999999,100.0,1.0,1.0,0,37.0,1.0
7,40,p037,8,9.5,4.75,100.0,1.0,1.0,0,30.0,1.0
7,40,p037,9,34.82,17.41,18.0,0.0,0.0,0,27.0,2.0
7,40,p037,10,9.5,4.75,100.0,1.0,1.0,0,30.0,1.0
7,40,p037,11,18.619999999999997,9.309999999999999,100.0,1.0,1.0,0,37.0,1.0
7,40,p037,12,11.26,5.63,20.0,0.0,0.0,0,11.0,1.0
7,40,p037,13,17.52,8.76,20.0,0.0,0.0,0,17.0,2.0
7,40,p037,14,89.03999999999999,44.519999999999996,58.529411764705884,1.0,0.0,1,64.0,16.0
7,40,p037,15,25.96,12.98,100.0,1.0,1.0,0,41.0,4.0
7,40,p038,0,18.619999999999997,9.309999999999999,100.0,1.0,1.0,0,37.0,1.0
7,40,p038,1,24.259999999999998,12.129999999999999,100.0,1.0,1.0,0,41.0,2.0
7,40,p038,2,9.5,4.75,100.0,1.0,1.0,0,30.0,1.0
7,40,p038,3,3.8600000000000003,1.9300000000000002,100.0,1.0,1.0,0,26.0,0.0
7,40,p038,4,9.18,4.59,100.0,1.0,1.0,0,28.0,1.0
7,40,p038,5,14.68,7.34,100.0,1.0,1.0,0,33.0,2.0
7,40,p038,6,14.68,7.34,100.0,1.0,1.0,0,33.0,2.0
7,40,p038,7,15.14,7.57,100.0,1.0,1.0,0,34.0,2.0
7,40,p038,8,9.04,4.52,100.0,1.0,1.0,0,29.0,1.0
7,40,p038,9,34.6,17.3,100.0,1.0,1.0,0,45.0,4.0
7,40,p038,10,25.96,12.98,100.0,1.0,1.0,0,41.0,4.0
7,40,p038,11,11.4,5.7,20.0,0.0,0.0,0,10.0,1.0
7,40,p038,12,3.8600000000000003,1.9300000000000002,100.0,1.0,1.0,0,26.0,0.0
7,40,p038,13,25.799999999999997,12.899999999999999,100.0,1.0,1.0,0,40.0,4.0
7,40,p038,14,9.5,4.75,100.0,1.0,1.0,0,30.0,1.0
7,40,p038,15,20.22,10.11,20.0,0.0,0.0,0,17.0,1.0
7,40,p039,0,9.5,4.75,100.0,1.0,1.0,0,30.0,1.0
7,40,p039,1,14.36,7.18,100.0,1.0,1.0,0,31.0,2.0
7,40,p039,2,9.5,4.75,100.0,1.0,1.0,0,30.0,1.0
7,40,p039,3,24.1,12.05,100.0,1.0,1.0,0,40.0,2.0
7,40,p039,4,14.66,7.33,100.0,1.0,1.0,0,31.0,2.0
7,40,p039,5,9.34,4.67,100.0,1.0,1.0,0,29.0,1.0
7,40,p039,6,34.92,17.46,100.0,1.0,1.0,1,47.0,4.0
7,40,p039,7,44.879999999999995,22.439999999999998,95.71428571428571,1.0,1.0,1,53.0,1.0
7,40,p039,8,14.36,7.18,100.0,1.0,1.0,0,31.0,2.0
7,40,p039,9,3.8600000000000003,1.9300000000000002,100.0,1.0,1.0,0,26.0,0.0
7,40,p039,10,23.64,11.82,100.0,1.0,1.0,0,39.0,2.0
7,40,p039,11,26.96,13.48,98.0,1.0,1.0,0,41.0,1.0
7,40,p039,12,48.2,24.1,97.0,1.0,1.0,1,55.0,8.0
7,40,p039,13,14.36,7.18,100.0,1.0,1.0,0,31.0,2.0
7,40,p039,14,18.14,9.07,100.0,1.0,1.0,0,34.0,1.0
7,40,p039,15,9.04,4.52,100.0,1.0,1.0,0,29.0,1.0
7,40,p040,0,9.04,4.52,100.0,1.0,1.0,0,29.0,1.0
7,40,p040,1,9.66,4.83,100.0,1.0,1.0,0,31.0,1.0
7,40,p040,2,35.44,17.72,18.0,0.0,0.0,0,29.0,2.0
7,40,p040,3,25.64,12.82,100.0,1.0,1.0,0,39.0,4.0
7,40,p040,4,16.58,8.29,20.0,0.0,0.0,1,13.0,2.0
7,40,p040,5,34.82,17.41,18.0,0.0,0.0,0,27.0,2.0
7,40,p040,6,23.32,11.66,100.0,1.0,1.0,0,37.0,2.0
7,40,p040,7,15.3,7.65,100.0,1.0,1.0,0,35.0,2.0
7,40,p040,8,9.18,4.59,100.0,1.0,1.0,0,28.0,1.0
7,40,p040,9,9.66,4.83,100.0,1.0,1.0,0,31.0,1.0
7,40,p040,10,9.04,4.52,100.0,1.0,1.0,0,29.0,1.0
7,40,p040,11,18.619999999999997,9.309999999999999,100.0,1.0,1.0,0,37.0,1.0
7,40,p040,12,27.86,13.93,20.0,0.0,0.0,1,21.0,4.0
7,40,p040,13,23.619999999999997,11.809999999999999,100.0,1.0,1.0,0,37.0,2.0
7,40,p040,14,15.14,7.57,100.0,1.0,1.0,0,34.0,2.0
7,40,p040,15,9.66,4.83,100.0,1.0,1.0,0,31.0,1.0
7,40,p041,0,9.04,4.52,100.0,1.0,1.0,0,29.0,1.0
7,40,p041,1,9.34,4.67,100.0,1.0,1.0,0,29.0,1.0
7,40,p041,2,26.96,13.48,98.0,1.0,1.0,0,41.0,1.0
7,40,p041,3,26.48,13.24,20.0,0.0,0.0,0,23.0,2.0
7,40,p041,4,9.18,4.59,100.0,1.0,1.0,0,28.0,1.0
7,40,p041,5,3.8600000000000003,1.9300000000000002,100.0,1.0,1.0,0,26.0,0.0
7,40,p041,6,9.18,4.59,100.0,1.0,1.0,0,28.0,1.0
7,40,p041,7,3.8600000000000003,1.9300000000000002,100.0,1.0,1.0,0,26.0,0.0
7,40,p041,8,9.18,4.59,100.0,1.0,1.0,0,28.0,1.0
7,40,p041,9,25.799999999999997,12.899999999999999,100.0,1.0,1.0,0,40.0,4.0
7,40,p041,10,9.34,4.67,100.0,1.0,1.0,0,29.0,1.0
7,40,p041,11,11.4,5.7,20.0,0.0,0.0,0,10.0,1.0
7,40,p041,12,9.66,4.83,100.0,1.0,1.0,0,31.0,1.0
7,40,p041,13,12.82,6.41,100.0,1.0,1.0,0,32.0,0.0
7,40,p041,14,9.34,4.67,100.0,1.0,1.0,0,29.0,1.0
7,40,p041,15,15.3,7.65,100.0,1.0,1.0,0,35.0,2.0
7,40,p042,0,9.5,4.75,100.0,1.0,1.0,0,30.0,1.0
7,40,p042,1,34.76,17.38,100.0,1.0,1.0,0,46.0,4.0
7,40,p042,2,9.18,4.59,100.0,1.0,1.0,0,28.0,1.0
7,40,p042,3,15.3,7.65,100.0,1.0,1.0,0,35.0,2.0
7,40,p042,4,24.1,12.05,100.0,1.0,1.0,0,40.0,2.0
7,40,p042,5,27.1,13.55,98.0,1.0,1.0,0,40.0,1.0
7,40,p042,6,9.34,4.67,100.0,1.0,1.0,0,29.0,1.0
7,40,p042,7,25.84,12.92,20.0,0.0,0.0,0,19.0,2.0
7,40,p042,8,9.66,4.83,100.0,1.0,1.0,0,31.0,1.0
7,40,p042,9,9.66,4.83,100.0,1.0,1.0,0,31.0,1.0
7,40,p042,10,9.34,4.67,100.0,1.0,1.0,0,29.0,1.0
7,40,p042,11,18.46,9.23,100.0,1.0,1.0,0,36.0,1.0
7,40,p042,12,9.04,4.52,100.0,1.0,1.0,0,29.0,1.0
7,40,p042,13,14.68,7.34,100.0,1.0,1.0,0,33.0,2.0
7,40,p042,14,14.66,7.33,100.0,1.0,1.0,0,31.0,2.0
7,40,p042,15,34.92,17.46,100.0,1.0,1.0,1,47.0,4.0
7,40,p043,0,9.66,4.83,100.0,1.0,1.0,0,31.0,1.0
7,40,p043,1,9.36,4.68,100.0,1.0,1.0,0,31.0,1.0
7,40,p043,2,9.5,4.75,100.0,1.0,1.0,0,30.0,1.0
7,40,p043,3,9.98,4.99,100.0,1.0,1.0,0,33.0,1.0
7,40,p043,4,23.96,11.98,100.0,1.0,1.0,0,41.0,2.0
7,40,p043,5,17.52,8.76,20.0,0.0,0.0,0,17.0,2.0
7,40,p043,6,9.82,4.91,100.0,1.0,1.0,0,32.0,1.0
7,40,p043,7,23.64,11.82,100.0,1.0,1.0,0,39.0,2.0
7,40,p043,8,27.58,13.79,98.0,1.0,1.0,0,43.0,1.0
7,40,p043,9,35.44,17.72,18.0,0.0,0.0,0,29.0,2.0
7,40,p043,10,15.0,7.5,100.0,1.0,1.0,0,35.0,2.0
7,40,p043,11,9.36,4.68,100.0,1.0,1.0,0,31.0,1.0
7,40,p043,12,29.32,14.66,17.5,0.0,0.0,1,22.0,1.0
7,40,p043,13,23.64,11.82,100.0,1.0,1.0,0,39.0,2.0
7,40,p043,14,27.279999999999998,13.639999999999999,98.0,1.0,1.0,0,43.0,1.0
7,40,p043,15,14.68,7.34,100.0,1.0,1.0,0,33.0,2.0
7,40,p044,0,32.6,16.3,98.33333333333333,1.0,1.0,0,45.0,2.0
7,40,p044,1,27.279999999999998,13.639999999999999,98.0,1.0,1.0,0,43.0,1.0
7,40,p044,2,9.66,4.83,100.0,1.0,1.0,0,31.0,1.0
7,40,p044,3,44.04,22.02,98.75,1.0,1.0,1,54.0,4.0
7,40,p044,4,4.180000000000001,2.0900000000000003,100.0,1.0,1.0,0,28.0,0.0
7,40,p044,5,4.180000000000001,2.0900000000000003,100.0,1.0,1.0,0,28.0,0.0
7,40,p044,6,18.78,9.39,100.0,1.0,1.0,0,38.0,1.0
7,40,p044,7,26.419999999999998,13.209999999999999,100.0,1.0,1.0,0,42.0,4.0
7,40,p044,8,4.180000000000001,2.0900000000000003,100.0,1.0,1.0,0,28.0,0.0
7,40,p044,9,9.98,4.99,100.0,1.0,1.0,0,33.0,1.0
7,40,p044,10,23.96,11.98,100.0,1.0,1.0,0,41.0,2.0
7,40,p044,11,25.96,12.98,100.0,1.0,1.0,0,41.0,4.0
7,40,p044,12,24.58,12.29,100.0,1.0,1.0,0,43.0,2.0
7,40,p044,13,15.62,7.81,100.0,1.0,1.0,0,37.0,2.0
7,40,p044,14,26.419999999999998,13.209999999999999,100.0,1.0,1.0,0,42.0,4.0
7,40,p044,15,6.080000000000001,3.0400000000000005,20.0,0.0,0.0,0,8.0,0.0
7,40,p045,0,9.82,4.91,100.0,1.0,1.0,0,32.0,1.0
7,40,p045,1,14.98,7.49,100.0,1.0,1.0,0,33.0,2.0
7,40,p045,2,4.180000000000001,2.0900000000000003,100.0,1.0,1.0,0,28.0,0.0
7,40,p045,3,18.939999999999998,9.469999999999999,100.0,1.0,1.0,0,39.0,1.0
7,40,p045,4,14.68,7.34,100.0,1.0,1.0,0,33.0,2.0
7,40,p045,5,32.6,16.3,98.33333333333333,1.0,1.0,0,45.0,2.0
7,40,p045,6,57.48,28.74,97.27272727272728,1.0,1.0,1,63.0,8.0
7,40,p045,7,18.78,9.39,100.0,1.0,1.0,0,38.0,1.0
7,40,p045,8,34.8,17.4,18.0,0.0,0.0,0,25.0,2.0
7,40,p045,9,35.08,17.54,100.0,1.0,1.0,1,48.0,4.0
7,40,p045,10,18.78,9.39,100.0,1.0,1.0,0,38.0,1.0
7,40,p045,11,9.66,4.83,100.0,1.0,1.0,0,31.0,1.0
7,40,p045,12,11.4,5.7,20.0,0.0,0.0,0,10.0,1.0
7,40,p045,13,9.5,4.75,100.0,1.0,1.0,0,30.0,1.0
7,40,p045,14,47.58,23.79,97.0,1.0,1.0,1,53.0,8.0
7,40,p045,15,9.66,4.83,100.0,1.0,1.0,0,31.0,1.0
7,40,p046,0,4.8,2.4,100.0,1.0,1.0,0,30.0,0.0
7,40,p046,1,11.4,5.7,20.0,0.0,0.0,0,10.0,1.0
7,40,p046,2,10.440000000000001,5.220000000000001,100.0,1.0,1.0,0,34.0,1.0
7,40,p046,3,10.600000000000001,5.300000000000001,100.0,1.0,1.0,0,35.0,1.0
7,40,p046,4,16.880000000000003,8.440000000000001,20.0,0.0,0.0,1,13.0,2.0
7,40,p046,5,25.86,12.93,20.0,0.0,0.0,0,21.0,2.0
7,40,p046,6,58.44,29.22,17.0,0.0,0.0,1,39.0,8.0
7,40,p046,7,26.74,13.37,100.0,1.0,1.0,0,44.0,4.0
7,40,p046,8,33.22,16.61,98.33333333333333,1.0,1.0,1,47.0,2.0
7,40,p046,9,11.72,5.86,20.0,0.0,0.0,0,12.0,1.0
7,40,p046,10,16.240000000000002,8.120000000000001,100.0,1.0,1.0,0,39.0,2.0
7,40,p046,11,19.08,9.54,100.0,1.0,1.0,0,38.0,1.0
7,40,p046,12,25.86,12.93,20.0,0.0,0.0,0,21.0,2.0
7,40,p046,13,26.58,13.29,100.0,1.0,1.0,0,43.0,4.0
7,40,p046,14,48.36,24.18,97.0,1.0,1.0,1,56.0,8.0
7,40,p046,15,10.440000000000001,5.220000000000001,100.0,1.0,1.0,0,34.0,1.0
7,40,p047,0,19.4,9.7,100.0,1.0,1.0,0,40.0,1.0
7,40,p047,1,24.58,12.29,100.0,1.0,1.0,0,43.0,2.0
7,40,p047,2,10.440000000000001,5.220000000000001,100.0,1.0,1.0,0,34.0,1.0
7,40,p047,3,9.98,4.99,100.0,1.0,1.0,0,33.0,1.0
7,40,p047,4,15.600000000000001,7.800000000000001,100.0,1.0,1.0,0,35.0,2.0
7,40,p047,5,28.52,14.26,98.0,1.0,1.0,1,47.0,1.0
7,40,p047,6,28.32,14.16,20.0,0.0,0.0,1,22.0,4.0
7,40,p047,7,10.600000000000001,5.300000000000001,100.0,1.0,1.0,0,35.0,1.0
7,40,p047,8,10.280000000000001,5.140000000000001,100.0,1.0,1.0,0,33.0,1.0
7,40,p047,9,17.52,8.76,20.0,0.0,0.0,0,17.0,2.0
7,40,p047,10,25.04,12.52,100.0,1.0,1.0,0,44.0,2.0
7,40,p047,11,9.98,4.99,100.0,1.0,1.0,0,33.0,1.0
7,40,p047,12,26.74,13.37,100.0,1.0,1.0,0,44.0,4.0
7,40,p047,13,57.8,28.9,97.27272727272728,1.0,1.0,1,65.0,8.0
7,40,p047,14,15.600000000000001,7.800000000000001,100.0,1.0,1.0,0,35.0,2.0
7,40,p047,15,18.939999999999998,9.469999999999999,100.0,1.0,1.0,0,39.0,1.0
7,40,p048,0,15.3,7.65,100.0,1.0,1.0,0,35.0,2.0
7,40,p048,1,26.9,13.45,100.0,1.0,1.0,0,45.0,4.0
7,40,p048,2,46.120000000000005,23.060000000000002,95.71428571428571,1.0,1.0,1,57.0,1.0
7,40,p048,3,10.600000000000001,5.300000000000001,100.0,1.0,1.0,0,35.0,1.0
7,40,p048,4,19.4,9.7,100.0,1.0,1.0,0,40.0,1.0
7,40,p048,5,11.72,5.86,20.0,0.0,0.0,0,12.0,1.0
7,40,p048,6,26.58,13.29,100.0,1.0,1.0,0,43.0,4.0
7,40,p048,7,10.280000000000001,5.140000000000001,100.0,1.0,1.0,0,33.0,1.0
7,40,p048,8,16.08,8.04,100.0,1.0,1.0,0,38.0,2.0
7,40,p048,9,20.84,10.42,20.0,0.0,0.0,0,19.0,1.0
7,40,p048,10,27.9,13.95,98.0,1.0,1.0,0,45.0,1.0
7,40,p048,11,48.36,24.18,97.0,1.0,1.0,1,56.0,8.0
7,40,p048,12,10.440000000000001,5.220000000000001,100.0,1.0,1.0,0,34.0,1.0
7,40,p048,13,26.419999999999998,13.209999999999999,100.0,1.0,1.0,0,42.0,4.0
7,40,p048,14,16.08,8.04,100.0,1.0,1.0,0,38.0,2.0
7,40,p048,15,98.3,49.15,58.888888888888886,1.0,0.0,1,70.0,16.0
7,60,p037,0,34.6,17.3,100.0,1.0,1.0,0,45.0,4.0
7,60,p037,1,24.1,12.05,100.0,1.0,1.0,0,40.0,2.0
7,60,p037,2,14.36,7.18,100.0,1.0,1.0,0,31.0,2.0
7,60,p037,3,18.0,9.0,100.0,1.0,1.0,0,35.0,1.0
7,60,p037,4,12.82,6.41,100.0,1.0,1.0,0,32.0,0.0
7,60,p037,5,9.34,4.67,100.0,1.0,1.0,0,29.0,1.0
7,60,p037,6,9.18,4.59,100.0,1.0,1.0,0,28.0,1.0
7,60,p037,7,18.619999999999997,9.309999999999999,100.0,1.0,1.0,0,37.0,1.0
7,60,p037,8,9.5,4.75,100.0,1.0,1.0,0,30.0,1.0
7,60,p037,9,52.74000000000001,26.370000000000005,15.714285714285714,0.0,0.0,1,39.0,2.0
7,60,p037,10,9.5,4.75,100.0,1.0,1.0,0,30.0,1.0
7,60,p037,11,18.619999999999997,9.309999999999999,100.0,1.0,1.0,0,37.0,1.0
7,60,p037,12,11.26,5.63,20.0,0.0,0.0,0,11.0,1.0
7,60,p037,13,17.52,8.76,20.0,0.0,0.0,0,17.0,2.0
7,60,p037,14,89.03999999999999,44.519999999999996,58.529411764705884,1.0,0.0,1,64.0,16.0
7,60,p037,15,25.96,12.98,100.0,1.0,1.0,0,41.0,4.0
7,60,p038,0,18.619999999999997,9.309999999999999,100.0,1.0,1.0,0,37.0,1.0
7,60,p038,1,24.259999999999998,12.129999999999999,100.0,1.0,1.0,0,41.0,2.0
7,60,p038,2,9.5,4.75,100.0,1.0,1.0,0,30.0,1.0
7,60,p038,3,3.8600000000000003,1.9300000000000002,100.0,1.0,1.0,0,26.0,0.0
7,60,p038,4,9.18,4.59,100.0,1.0,1.0,0,28.0,1.0
7,60,p038,5,14.68,7.34,100.0,1.0,1.0,0,33.0,2.0
7,60,p038,6,14.68,7.34,100.0,1.0,1.0,0,33.0,2.0
7,60,p038,7,15.14,7.57,100.0,1.0,1.0,0,34.0,2.0
7,60,p038,8,14.68,7.34,100.0,1.0,1.0,0,33.0,2.0
7,60,p038,9,34.6,17.3,100.0,1.0,1.0,0,45.0,4.0
7,60,p038,10,25.96,12.98,100.0,1.0,1.0,0,41.0,4.0
7,60,p038,11,11.4,5.7,20.0,0.0,0.0,0,10.0,1.0
7,60,p038,12,3.8600000000000003,1.9300000000000002,100.0,1.0,1.0,0,26.0,0.0
7,60,p038,13,47.42,23.71,97.0,1.0,1.0,1,52.0,8.0
7,60,p038,14,9.5,4.75,100.0,1.0,1.0,0,30.0,1.0
7,60,p038,15,29.18,14.59,17.5,0.0,0.0,1,23.0,1.0
7,60,p039,0,9.5,4.75,100.0,1.0,1.0,0,30.0,1.0
7,60,p039,1,14.36,7.18,100.0,1.0,1.0,0,31.0,2.0
7,60,p039,2,9.5,4.75,100.0,1.0,1.0,0,30.0,1.0
7,60,p039,3,33.06,16.53,98.33333333333333,1.0,1.0,0,46.0,2.0
7,60,p039,4,14.66,7.33,100.0,1.0,1.0,0,31.0,2.0
7,60,p039,5,14.66,7.33,100.0,1.0,1.0,0,31.0,2.0
7,60,p039,6,34.92,17.46,100.0,1.0,1.0,1,47.0,4.0
7,60,p039,7,44.879999999999995,22.439999999999998,95.71428571428571,1.0,1.0,1,53.0,1.0
7,60,p039,8,34.76,17.38,100.0,1.0,1.0,0,46.0,4.0
7,60,p039,9,3.8600000000000003,1.9300000000000002,100.0,1.0,1.0,0,26.0,0.0
7,60,p039,10,23.64,11.82,100.0,1.0,1.0,0,39.0,2.0
7,60,p039,11,26.96,13.48,98.0,1.0,1.0,0,41.0,1.0
7,60,p039,12,48.2,24.1,97.0,1.0,1.0,1,55.0,8.0
7,60,p039,13,14.36,7.18,100.0,1.0,1.0,0,31.0,2.0
7,60,p039,14,18.14,9.07,100.0,1.0,1.0,0,34.0,1.0
7,60,p039,15,9.04,4.52,100.0,1.0,1.0,0,29.0,1.0
7,60,p040,0,9.04,4.52,100.0,1.0,1.0,0,29.0,1.0
7,60,p040,1,9.66,4.83,100.0,1.0,1.0,0,31.0,1.0
7,60,p040,2,46.239999999999995,23.119999999999997,18.57142857142857,0.0,0.0,0,34.0,4.0
7,60,p040,3,25.64,12.82,100.0,1.0,1.0,0,39.0,4.0
7,60,p040,4,16.58,8.29,20.0,0.0,0.0,1,13.0,2.0
7,60,p040,5,34.82,17.41,18.0,0.0,0.0,0,27.0,2.0
7,60,p040,6,23.32,11.66,100.0,1.0,1.0,0,37.0,2.0
7,60,p040,7,24.259999999999998,12.129999999999999,100.0,1.0,1.0,0,41.0,2.0
7,60,p040,8,18.14,9.07,100.0,1.0,1.0,0,34.0,1.0
7,60,p040,9,9.66,4.83,100.0,1.0,1.0,0,31.0,1.0
7,60,p040,10,14.68,7.34,100.0,1.0,1.0,0,33.0,2.0
7,60,p040,11,18.619999999999997,9.309999999999999,100.0,1.0,1.0,0,37.0,1.0
7,60,p040,12,27.86,13.93,20.0,0.0,0.0,1,21.0,4.0
7,60,p040,13,34.44,17.22,100.0,1.0,1.0,0,44.0,4.0
7,60,p040,14,25.64,12.82,100.0,1.0,1.0,0,39.0,4.0
7,60,p040,15,9.66,4.83,100.0,1.0,1.0,0,31.0,1.0
7,60,p041,0,18.0,9.0,100.0,1.0,1.0,0,35.0,1.0
7,60,p041,1,18.3,9.15,100.0,1.0,1.0,0,35.0,1.0
7,60,p041,2,32.6,16.3,98.33333333333333,1.0,1.0,0,45.0,2.0
7,60,p041,3,26.48,13.24,20.0,0.0,0.0,0,23.0,2.0
7,60,p041,4,14.36,7.18,100.0,1.0,1.0,0,31.0,2.0
7,60,p041,5,3.8600000000000003,1.9300000000000002,100.0,1.0,1.0,0,26.0,0.0
7,60,p041,6,9.18,4.59,100.0,1.0,1.0,0,28.0,1.0
7,60,p041,7,3.8600000000000003,1.9300000000000002,100.0,1.0,1.0,0,26.0,0.0
7,60,p041,8,9.18,4.59,100.0,1.0,1.0,0,28.0,1.0
7,60,p041,9,47.42,23.71,97.0,1.0,1.0,1,52.0,8.0
7,60,p041,10,9.34,4.67,100.0,1.0,1.0,0,29.0,1.0
7,60,p041,11,11.4,5.7,20.0,0.0,0.0,0,10.0,1.0
7,60,p041,12,9.66,4.83,100.0,1.0,1.0,0,31.0,1.0
7,60,p041,13,12.82,6.41,100.0,1.0,1.0,0,32.0,0.0
7,60,p041,14,14.66,7.33,100.0,1.0,1.0,0,31.0,2.0
7,60,p041,15,15.3,7.65,100.0,1.0,1.0,0,35.0,2.0
7,60,p042,0,9.5,4.75,100.0,1.0,1.0,0,30.0,1.0
7,60,p042,1,34.76,17.38,100.0,1.0,1.0,0,46.0,4.0
7,60,p042,2,14.36,7.18,100.0,1.0,1.0,0,31.0,2.0
7,60,p042,3,15.3,7.65,100.0,1.0,1.0,0,35.0,2.0
7,60,p042,4,24.1,12.05,100.0,1.0,1.0,0,40.0,2.0
7,60,p042,5,32.28,16.14,98.33333333333333,1.0,1.0,0,43.0,2.0
7,60,p042,6,14.66,7.33,100.0,1.0,1.0,0,31.0,2.0
7,60,p042,7,25.84,12.92,20.0,0.0,0.0,0,19.0,2.0
7,60,p042,8,9.66,4.83,100.0,1.0,1.0,0,31.0,1.0
7,60,p042,9,15.14,7.57,100.0,1.0,1.0,0,34.0,2.0
7,60,p042,10,9.34,4.67,100.0,1.0,1.0,0,29.0,1.0
7,60,p042,11,27.419999999999998,13.709999999999999,98.0,1.0,1.0,0,42.0,1.0
7,60,p042,12,18.0,9.0,100.0,1.0,1.0,0,35.0,1.0
7,60,p042,13,14.68,7.34,100.0,1.0,1.0,0,33.0,2.0
7,60,p042,14,14.66,7.33,100.0,1.0,1.0,0,31.0,2.0
7,60,p042,15,34.92,17.46,100.0,1.0,1.0,1,47.0,4.0
7,60,p043,0,9.66,4.83,100.0,1.0,1.0,0,31.0,1.0
7,60,p043,1,9.36,4.68,100.0,1.0,1.0,0,31.0,1.0
7,60,p043,2,9.5,4.75,100.0,1.0,1.0,0,30.0,1.0
7,60,p043,3,9.98,4.99,100.0,1.0,1.0,0,33.0,1.0
7,60,p043,4,32.92,16.46,98.33333333333333,1.0,1.0,1,47.0,2.0
7,60,p043,5,17.52,8.76,20.0,0.0,0.0,0,17.0,2.0
7,60,p043,6,18.78,9.39,100.0,1.0,1.0,0,38.0,1.0
7,60,p043,7,23.64,11.82,100.0,1.0,1.0,0,39.0,2.0
7,60,p043,8,27.58,13.79,98.0,1.0,1.0,0,43.0,1.0
7,60,p043,9,35.44,17.72,18.0,0.0,0.0,0,29.0,2.0
7,60,p043,10,26.279999999999998,13.139999999999999,100.0,1.0,1.0,0,43.0,4.0
7,60,p043,11,9.36,4.68,100.0,1.0,1.0,0,31.0,1.0
7,60,p043,12,29.32,14.66,17.5,0.0,0.0,1,22.0,1.0
7,60,p043,13,23.64,11.82,100.0,1.0,1.0,0,39.0,2.0
7,60,p043,14,32.92,16.46,98.33333333333333,1.0,1.0,1,47.0,2.0
7,60,p043,15,14.68,7.34,100.0,1.0,1.0,0,33.0,2.0
7,60,p044,0,32.6,16.3,98.33333333333333,1.0,1.0,0,45.0,2.0
7,60,p044,1,27.279999999999998,13.639999999999999,98.0,1.0,1.0,0,43.0,1.0
7,60,p044,2,9.66,4.83,100.0,1.0,1.0,0,31.0,1.0
7,60,p044,3,45.94,22.97,18.57142857142857,0.0,0.0,0,34.0,4.0
7,60,p044,4,4.180000000000001,2.0900000000000003,100.0,1.0,1.0,0,28.0,0.0
7,60,p044,5,4.180000000000001,2.0900000000000003,100.0,1.0,1.0,0,28.0,0.0
7,60,p044,6,18.78,9.39,100.0,1.0,1.0,0,38.0,1.0
7,60,p044,7,26.419999999999998,13.209999999999999,100.0,1.0,1.0,0,42.0,4.0
7,60,p044,8,13.14,6.57,100.0,1.0,1.0,0,34.0,0.0
7,60,p044,9,9.98,4.99,100.0,1.0,1.0,0,33.0,1.0
7,60,p044,10,35.239999999999995,17.619999999999997,100.0,1.0,1.0,1,49.0,4.0
7,60,p044,11,25.96,12.98,100.0,1.0,1.0,0,41.0,4.0
7,60,p044,12,24.58,12.29,100.0,1.0,1.0,0,43.0,2.0
7,60,p044,13,26.419999999999998,13.209999999999999,100.0,1.0,1.0,0,42.0,4.0
7,60,p044,14,57.48,28.74,97.27272727272728,1.0,1.0,1,63.0,8.0
7,60,p044,15,6.080000000000001,3.0400000000000005,20.0,0.0,0.0,0,8.0,0.0
7,60,p045,0,9.82,4.91,100.0,1.0,1.0,0,32.0,1.0
7,60,p045,1,14.98,7.49,100.0,1.0,1.0,0,33.0,2.0
7,60,p045,2,4.180000000000001,2.0900000000000003,100.0,1.0,1.0,0,28.0,0.0
7,60,p045,3,18.939999999999998,9.469999999999999,100.0,1.0,1.0,0,39.0,1.0
7,60,p045,4,14.68,7.34,100.0,1.0,1.0,0,33.0,2.0
7,60,p045,5,44.04,22.02,98.75,1.0,1.0,1,54.0,4.0
7,60,p045,6,98.32,49.16,58.888888888888886,1.0,0.0,1,72.0,16.0
7,60,p045,7,18.78,9.39,100.0,1.0,1.0,0,38.0,1.0
7,60,p045,8,34.8,17.4,18.0,0.0,0.0,0,25.0,2.0
7,60,p045,9,35.08,17.54,100.0,1.0,1.0,1,48.0,4.0
7,60,p045,10,18.78,9.39,100.0,1.0,1.0,0,38.0,1.0
7,60,p045,11,9.66,4.83,100.0,1.0,1.0,0,31.0,1.0
7,60,p045,12,11.4,5.7,20.0,0.0,0.0,0,10.0,1.0
7,60,p045,13,9.5,4.75,100.0,1.0,1.0,0,30.0,1.0
7,60,p045,14,47.58,23.79,97.0,1.0,1.0,1,53.0,8.0
7,60,p045,15,9.66,4.83,100.0,1.0,1.0,0,31.0,1.0
7,60,p046,0,4.8,2.4,100.0,1.0,1.0,0,30.0,0.0
7,60,p046,1,11.4,5.7,20.0,0.0,0.0,0,10.0,1.0
7,60,p046,2,10.440000000000001,5.220000000000001,100.0,1.0,1.0,0,34.0,1.0
7,60,p046,3,10.600000000000001,5.300000000000001,100.0,1.0,1.0,0,35.0,1.0
7,60,p046,4,27.7,13.85,20.0,0.0,0.0,1,20.0,4.0
7,60,p046,5,46.1,23.05,18.57142857142857,0.0,0.0,0,35.0,4.0
7,60,p046,6,67.39999999999999,33.699999999999996,16.363636363636363,0.0,0.0,1,45.0,8.0
7,60,p046,7,26.74,13.37,100.0,1.0,1.0,0,44.0,4.0
7,60,p046,8,44.660000000000004,22.330000000000002,98.75,1.0,1.0,1,56.0,4.0
7,60,p046,9,20.68,10.34,20.0,0.0,0.0,0,18.0,1.0
7,60,p046,10,16.240000000000002,8.120000000000001,100.0,1.0,1.0,0,39.0,2.0
7,60,p046,11,19.08,9.54,100.0,1.0,1.0,0,38.0,1.0
7,60,p046,12,37.14,18.57,20.0,0.0,0.0,1,29.0,4.0
7,60,p046,13,26.58,13.29,100.0,1.0,1.0,0,43.0,4.0
7,60,p046,14,48.36,24.18,97.0,1.0,1.0,1,56.0,8.0
7,60,p046,15,10.440000000000001,5.220000000000001,100.0,1.0,1.0,0,34.0,1.0
7,60,p047,0,19.4,9.7,100.0,1.0,1.0,0,40.0,1.0
7,60,p047,1,24.58,12.29,100.0,1.0,1.0,0,43.0,2.0
7,60,p047,2,16.240000000000002,8.120000000000001,100.0,1.0,1.0,0,39.0,2.0
7,60,p047,3,9.98,4.99,100.0,1.0,1.0,0,33.0,1.0
7,60,p047,4,15.600000000000001,7.800000000000001,100.0,1.0,1.0,0,35.0,2.0
7,60,p047,5,28.52,14.26,98.0,1.0,1.0,1,47.0,1.0
7,60,p047,6,50.42,25.21,16.666666666666664,0.0,0.0,1,37.0,8.0
7,60,p047,7,10.600000000000001,5.300000000000001,100.0,1.0,1.0,0,35.0,1.0
7,60,p047,8,10.280000000000001,5.140000000000001,100.0,1.0,1.0,0,33.0,1.0
7,60,p047,9,17.52,8.76,20.0,0.0,0.0,0,17.0,2.0
7,60,p047,10,34.0,17.0,98.33333333333333,1.0,1.0,1,50.0,2.0
7,60,p047,11,15.62,7.81,100.0,1.0,1.0,0,37.0,2.0
7,60,p047,12,48.36,24.18,97.0,1.0,1.0,1,56.0,8.0
7,60,p047,13,100.0,53.56,58.68421052631579,1.0,0.0,1,77.0,16.0
7,60,p047,14,15.600000000000001,7.800000000000001,100.0,1.0,1.0,0,35.0,2.0
7,60,p047,15,18.939999999999998,9.469999999999999,100.0,1.0,1.0,0,39.0,1.0
7,60,p048,0,26.74,13.37,100.0,1.0,1.0,0,44.0,4.0
7,60,p048,1,57.8,28.9,97.27272727272728,1.0,1.0,1,65.0,8.0
7,60,p048,2,46.120000000000005,23.060000000000002,95.71428571428571,1.0,1.0,1,57.0,1.0
7,60,p048,3,16.08,8.04,100.0,1.0,1.0,0,38.0,2.0
7,60,p048,4,19.4,9.7,100.0,1.0,1.0,0,40.0,1.0
7,60,p048,5,11.72,5.86,20.0,0.0,0.0,0,12.0,1.0
7,60,p048,6,26.58,13.29,100.0,1.0,1.0,0,43.0,4.0
7,60,p048,7,15.600000000000001,7.800000000000001,100.0,1.0,1.0,0,35.0,2.0
7,60,p048,8,16.08,8.04,100.0,1.0,1.0,0,38.0,2.0
7,60,p048,9,29.8,14.9,17.5,0.0,0.0,1,25.0,1.0
7,60,p048,10,27.9,13.95,98.0,1.0,1.0,0,45.0,1.0
7,60,p048,11,48.36,24.18,97.0,1.0,1.0,1,56.0,8.0
7,60,p048,12,19.4,9.7,100.0,1.0,1.0,0,40.0,1.0
7,60,p048,13,26.419999999999998,13.209999999999999,100.0,1.0,1.0,0,42.0,4.0
7,60,p048,14,16.08,8.04,100.0,1.0,1.0,0,38.0,2.0
7,60,p048,15,100.0,53.629999999999995,58.68421052631579,1.0,0.0,1,76.0,16.0
7,80,p037,0,34.6,17.3,100.0,1.0,1.0,0,45.0,4.0
7,80,p037,1,24.1,12.05,100.0,1.0,1.0,0,40.0,2.0
7,80,p037,2,14.36,7.18,100.0,1.0,1.0,0,31.0,2.0
7,80,p037,3,18.0,9.0,100.0,1.0,1.0,0,35.0,1.0
7,80,p037,4,12.82,6.41,100.0,1.0,1.0,0,32.0,0.0
7,80,p037,5,18.3,9.15,100.0,1.0,1.0,0,35.0,1.0
7,80,p037,6,9.18,4.59,100.0,1.0,1.0,0,28.0,1.0
7,80,p037,7,18.619999999999997,9.309999999999999,100.0,1.0,1.0,0,37.0,1.0
7,80,p037,8,18.46,9.23,100.0,1.0,1.0,0,36.0,1.0
7,80,p037,9,52.74000000000001,26.370000000000005,15.714285714285714,0.0,0.0,1,39.0,2.0
7,80,p037,10,15.3,7.65,100.0,1.0,1.0,0,35.0,2.0
7,80,p037,11,18.619999999999997,9.309999999999999,100.0,1.0,1.0,0,37.0,1.0
7,80,p037,12,11.26,5.63,20.0,0.0,0.0,0,11.0,1.0
7,80,p037,13,28.32,14.16,20.0,0.0,0.0,1,22.0,4.0
7,80,p037,14,89.03999999999999,44.519999999999996,58.529411764705884,1.0,0.0,1,64.0,16.0
7,80,p037,15,47.900000000000006,23.950000000000003,97.0,1.0,1.0,1,55.0,8.0
7,80,p038,0,24.1,12.05,100.0,1.0,1.0,0,40.0,2.0
7,80,p038,1,33.22,16.61,98.33333333333333,1.0,1.0,1,47.0,2.0
7,80,p038,2,15.3,7.65,100.0,1.0,1.0,0,35.0,2.0
7,80,p038,3,12.82,6.41,100.0,1.0,1.0,0,32.0,0.0
7,80,p038,4,14.36,7.18,100.0,1.0,1.0,0,31.0,2.0
7,80,p038,5,25.96,12.98,100.0,1.0,1.0,0,41.0,4.0
7,80,p038,6,14.68,7.34,100.0,1.0,1.0,0,33.0,2.0
7,80,p038,7,25.64,12.82,100.0,1.0,1.0,0,39.0,4.0
7,80,p038,8,23.64,11.82,100.0,1.0,1.0,0,39.0,2.0
7,80,p038,9,56.839999999999996,28.419999999999998,97.27272727272728,1.0,1.0,1,59.0,8.0
7,80,p038,10,34.92,17.46,100.0,1.0,1.0,1,47.0,4.0
7,80,p038,11,20.36,10.18,20.0,0.0,0.0,0,16.0,1.0
7,80,p038,12,3.8600000000000003,1.9300000000000002,100.0,1.0,1.0,0,26.0,0.0
7,80,p038,13,47.42,23.71,97.0,1.0,1.0,1,52.0,8.0
7,80,p038,14,9.5,4.75,100.0,1.0,1.0,0,30.0,1.0
7,80,p038,15,29.18,14.59,17.5,0.0,0.0,1,23.0,1.0
7,80,p039,0,15.3,7.65,100.0,1.0,1.0,0,35.0,2.0
7,80,p039,1,14.36,7.18,100.0,1.0,1.0,0,31.0,2.0
7,80,p039,2,24.259999999999998,12.129999999999999,100.0,1.0,1.0,0,41.0,2.0
7,80,p039,3,43.56,21.78,98.75,1.0,1.0,1,51.0,4.0
7,80,p039,4,25.479999999999997,12.739999999999998,100.0,1.0,1.0,0,38.0,4.0
7,80,p039,5,14.66,7.33,100.0,1.0,1.0,0,31.0,2.0
7,80,p039,6,34.92,17.46,100.0,1.0,1.0,1,47.0,4.0
7,80,p039,7,44.879999999999995,22.439999999999998,95.71428571428571,1.0,1.0,1,53.0,1.0
7,80,p039,8,34.76,17.38,100.0,1.0,1.0,0,46.0,4.0
7,80,p039,9,12.82,6.41,100.0,1.0,1.0,0,32.0,0.0
7,80,p039,10,34.92,17.46,100.0,1.0,1.0,1,47.0,4.0
7,80,p039,11,26.96,13.48,98.0,1.0,1.0,0,41.0,1.0
7,80,p039,12,48.2,24.1,97.0,1.0,1.0,1,55.0,8.0
7,80,p039,13,25.799999999999997,12.899999999999999,100.0,1.0,1.0,0,40.0,4.0
7,80,p039,14,20.36,10.18,20.0,0.0,0.0,0,16.0,1.0
7,80,p039,15,14.68,7.34,100.0,1.0,1.0,0,33.0,2.0
7,80,p040,0,14.68,7.34,100.0,1.0,1.0,0,33.0,2.0
7,80,p040,1,15.14,7.57,100.0,1.0,1.0,0,34.0,2.0
7,80,p040,2,46.239999999999995,23.119999999999997,18.57142857142857,0.0,0.0,0,34.0,4.0
7,80,p040,3,47.879999999999995,23.939999999999998,97.0,1.0,1.0,1,53.0,8.0
7,80,p040,4,16.58,8.29,20.0,0.0,0.0,1,13.0,2.0
7,80,p040,5,46.1,23.05,18.57142857142857,0.0,0.0,0,35.0,4.0
7,80,p040,6,23.32,11.66,100.0,1.0,1.0,0,37.0,2.0
7,80,p040,7,35.06,17.53,100.0,1.0,1.0,0,46.0,4.0
7,80,p040,8,23.32,11.66,100.0,1.0,1.0,0,37.0,2.0
7,80,p040,9,15.14,7.57,100.0,1.0,1.0,0,34.0,2.0
7,80,p040,10,23.64,11.82,100.0,1.0,1.0,0,39.0,2.0
7,80,p040,11,18.619999999999997,9.309999999999999,100.0,1.0,1.0,0,37.0,1.0
7,80,p040,12,27.86,13.93,20.0,0.0,0.0,1,21.0,4.0
7,80,p040,13,34.44,17.22,100.0,1.0,1.0,0,44.0,4.0
7,80,p040,14,34.6,17.3,100.0,1.0,1.0,0,45.0,4.0
7,80,p040,15,9.66,4.83,100.0,1.0,1.0,0,31.0,1.0
7,80,p041,0,18.0,9.0,100.0,1.0,1.0,0,35.0,1.0
7,80,p041,1,18.3,9.15,100.0,1.0,1.0,0,35.0,1.0
7,80,p041,2,32.6,16.3,98.33333333333333,1.0,1.0,0,45.0,2.0
7,80,p041,3,26.48,13.24,20.0,0.0,0.0,0,23.0,2.0
7,80,p041,4,23.32,11.66,100.0,1.0,1.0,0,37.0,2.0
7,80,p041,5,12.82,6.41,100.0,1.0,1.0,0,32.0,0.0
7,80,p041,6,9.18,4.59,100.0,1.0,1.0,0,28.0,1.0
7,80,p041,7,12.82,6.41,100.0,1.0,1.0,0,32.0,0.0
7,80,p041,8,9.18,4.59,100.0,1.0,1.0,0,28.0,1.0
7,80,p041,9,47.42,23.71,97.0,1.0,1.0,1,52.0,8.0
7,80,p041,10,9.34,4.67,100.0,1.0,1.0,0,29.0,1.0
7,80,p041,11,20.36,10.18,20.0,0.0,0.0,0,16.0,1.0
7,80,p041,12,9.66,4.83,100.0,1.0,1.0,0,31.0,1.0
7,80,p041,13,12.82,6.41,100.0,1.0,1.0,0,32.0,0.0
7,80,p041,14,14.66,7.33,100.0,1.0,1.0,0,31.0,2.0
7,80,p041,15,26.1,13.05,100.0,1.0,1.0,0,40.0,4.0
7,80,p042,0,9.5,4.75,100.0,1.0,1.0,0,30.0,1.0
7,80,p042,1,65.34,32.67,96.66666666666667,1.0,1.0,1,64.0,8.0
7,80,p042,2,14.36,7.18,100.0,1.0,1.0,0,31.0,2.0
7,80,p042,3,15.3,7.65,100.0,1.0,1.0,0,35.0,2.0
7,80,p042,4,43.56,21.78,98.75,1.0,1.0,1,51.0,4.0
7,80,p042,5,32.28,16.14,98.33333333333333,1.0,1.0,0,43.0,2.0
7,80,p042,6,14.66,7.33,100.0,1.0,1.0,0,31.0,2.0
7,80,p042,7,45.62,22.81,18.57142857142857,0.0,0.0,1,32.0,4.0
7,80,p042,8,9.66,4.83,100.0,1.0,1.0,0,31.0,1.0
7,80,p042,9,24.1,12.05,100.0,1.0,1.0,0,40.0,2.0
7,80,p042,10,18.3,9.15,100.0,1.0,1.0,0,35.0,1.0
7,80,p042,11,27.419999999999998,13.709999999999999,98.0,1.0,1.0,0,42.0,1.0
7,80,p042,12,18.0,9.0,100.0,1.0,1.0,0,35.0,1.0
7,80,p042,13,14.68,7.34,100.0,1.0,1.0,0,33.0,2.0
7,80,p042,14,14.66,7.33,100.0,1.0,1.0,0,31.0,2.0
7,80,p042,15,34.92,17.46,100.0,1.0,1.0,1,47.0,4.0
7,80,p043,0,9.66,4.83,100.0,1.0,1.0,0,31.0,1.0
7,80,p043,1,9.36,4.68,100.0,1.0,1.0,0,31.0,1.0
7,80,p043,2,9.5,4.75,100.0,1.0,1.0,0,30.0,1.0
7,80,p043,3,24.419999999999998,12.209999999999999,100.0,1.0,1.0,0,42.0,2.0
7,80,p043,4,44.2,22.1,98.75,1.0,1.0,1,55.0,4.0
7,80,p043,5,28.32,14.16,20.0,0.0,0.0,1,22.0,4.0
7,80,p043,6,18.78,9.39,100.0,1.0,1.0,0,38.0,1.0
7,80,p043,7,23.64,11.82,100.0,1.0,1.0,0,39.0,2.0
7,80,p043,8,32.9,16.45,98.33333333333333,1.0,1.0,0,45.0,2.0
7,80,p043,9,46.239999999999995,23.119999999999997,18.57142857142857,0.0,0.0,0,34.0,4.0
7,80,p043,10,26.279999999999998,13.139999999999999,100.0,1.0,1.0,0,43.0,4.0
7,80,p043,11,15.0,7.5,100.0,1.0,1.0,0,35.0,2.0
7,80,p043,12,29.32,14.66,17.5,0.0,0.0,1,22.0,1.0
7,80,p043,13,23.64,11.82,100.0,1.0,1.0,0,39.0,2.0
7,80,p043,14,32.92,16.46,98.33333333333333,1.0,1.0,1,47.0,2.0
7,80,p043,15,26.119999999999997,13.059999999999999,100.0,1.0,1.0,0,42.0,4.0
7,80,p044,0,32.6,16.3,98.33333333333333,1.0,1.0,0,45.0,2.0
7,80,p044,1,32.92,16.46,98.33333333333333,1.0,1.0,1,47.0,2.0
7,80,p044,2,9.66,4.83,100.0,1.0,1.0,0,31.0,1.0
7,80,p044,3,45.94,22.97,18.57142857142857,0.0,0.0,0,34.0,4.0
7,80,p044,4,4.180000000000001,2.0900000000000003,100.0,1.0,1.0,0,28.0,0.0
7,80,p044,5,13.14,6.57,100.0,1.0,1.0,0,34.0,0.0
7,80,p044,6,18.78,9.39,100.0,1.0,1.0,0,38.0,1.0
7,80,p044,7,26.419999999999998,13.209999999999999,100.0,1.0,1.0,0,42.0,4.0
7,80,p044,8,13.14,6.57,100.0,1.0,1.0,0,34.0,0.0
7,80,p044,9,9.98,4.99,100.0,1.0,1.0,0,33.0,1.0
7,80,p044,10,35.239999999999995,17.619999999999997,100.0,1.0,1.0,1,49.0,4.0
7,80,p044,11,25.96,12.98,100.0,1.0,1.0,0,41.0,4.0
7,80,p044,12,35.379999999999995,17.689999999999998,100.0,1.0,1.0,1,48.0,4.0
7,80,p044,13,26.419999999999998,13.209999999999999,100.0,1.0,1.0,0,42.0,4.0
7,80,p044,14,57.48,28.74,97.27272727272728,1.0,1.0,1,63.0,8.0
7,80,p044,15,15.040000000000001,7.5200000000000005,20.0,0.0,0.0,0,14.0,0.0
7,80,p045,0,9.82,4.91,100.0,1.0,1.0,0,32.0,1.0
7,80,p045,1,25.799999999999997,12.899999999999999,100.0,1.0,1.0,0,40.0,4.0
7,80,p045,2,13.14,6.57,100.0,1.0,1.0,0,34.0,0.0
7,80,p045,3,33.379999999999995,16.689999999999998,98.33333333333333,1.0,1.0,1,48.0,2.0
7,80,p045,4,14.68,7.34,100.0,1.0,1.0,0,33.0,2.0
7,80,p045,5,44.04,22.02,98.75,1.0,1.0,1,54.0,4.0
7,80,p045,6,98.32,49.16,58.888888888888886,1.0,0.0,1,72.0,16.0
7,80,p045,7,18.78,9.39,100.0,1.0,1.0,0,38.0,1.0
7,80,p045,8,45.62,22.81,18.57142857142857,0.0,0.0,1,32.0,4.0
7,80,p045,9,35.08,17.54,100.0,1.0,1.0,1,48.0,4.0
7,80,p045,10,18.78,9.39,100.0,1.0,1.0,0,38.0,1.0
7,80,p045,11,23.939999999999998,11.969999999999999,100.0,1.0,1.0,0,39.0,2.0
7,80,p045,12,11.4,5.7,20.0,0.0,0.0,0,10.0,1.0
7,80,p045,13,9.5,4.75,100.0,1.0,1.0,0,30.0,1.0
7,80,p045,14,47.58,23.79,97.0,1.0,1.0,1,53.0,8.0
7,80,p045,15,14.98,7.49,100.0,1.0,1.0,0,33.0,2.0
7,80,p046,0,13.76,6.88,100.0,1.0,1.0,0,36.0,0.0
7,80,p046,1,11.4,5.7,20.0,0.0,0.0,0,10.0,1.0
7,80,p046,2,19.4,9.7,100.0,1.0,1.0,0,40.0,1.0
7,80,p046,3,10.600000000000001,5.300000000000001,100.0,1.0,1.0,0,35.0,1.0
7,80,p046,4,27.7,13.85,20.0,0.0,0.0,1,20.0,4.0
7,80,p046,5,46.1,23.05,18.57142857142857,0.0,0.0,0,35.0,4.0
7,80,p046,6,67.39999999999999,33.699999999999996,16.363636363636363,0.0,0.0,1,45.0,8.0
7,80,p046,7,26.74,13.37,100.0,1.0,1.0,0,44.0,4.0
7,80,p046,8,44.660000000000004,22.330000000000002,98.75,1.0,1.0,1,56.0,4.0
7,80,p046,9,20.68,10.34,20.0,0.0,0.0,0,18.0,1.0
7,80,p046,10,27.04,13.52,100.0,1.0,1.0,0,44.0,4.0
7,80,p046,11,19.08,9.54,100.0,1.0,1.0,0,38.0,1.0
7,80,p046,12,37.14,18.57,20.0,0.0,0.0,1,29.0,4.0
7,80,p046,13,26.58,13.29,100.0,1.0,1.0,0,43.0,4.0
7,80,p046,14,89.33999999999999,44.669999999999995,58.529411764705884,1.0,0.0,1,64.0,16.0
7,80,p046,15,10.440000000000001,5.220000000000001,100.0,1.0,1.0,0,34.0,1.0
7,80,p047,0,28.36,14.18,98.0,1.0,1.0,0,46.0,1.0
7,80,p047,1,35.86,17.93,100.0,1.0,1.0,1,51.0,4.0
7,80,p047,2,25.2,12.6,100.0,1.0,1.0,0,45.0,2.0
7,80,p047,3,9.98,4.99,100.0,1.0,1.0,0,33.0,1.0
7,80,p047,4,26.419999999999998,13.209999999999999,100.0,1.0,1.0,0,42.0,4.0
7,80,p047,5,34.0,17.0,98.33333333333333,1.0,1.0,1,50.0,2.0
7,80,p047,6,59.38,29.69,17.0,0.0,0.0,1,43.0,8.0
7,80,p047,7,10.600000000000001,5.300000000000001,100.0,1.0,1.0,0,35.0,1.0
7,80,p047,8,10.280000000000001,5.140000000000001,100.0,1.0,1.0,0,33.0,1.0
7,80,p047,9,28.32,14.16,20.0,0.0,0.0,1,22.0,4.0
7,80,p047,10,44.5,22.25,98.75,1.0,1.0,1,55.0,4.0
7,80,p047,11,24.58,12.29,100.0,1.0,1.0,0,43.0,2.0
7,80,p047,12,48.36,24.18,97.0,1.0,1.0,1,56.0,8.0
7,80,p047,13,100.0,53.56,58.68421052631579,1.0,0.0,1,77.0,16.0
7,80,p047,14,26.419999999999998,13.209999999999999,100.0,1.0,1.0,0,42.0,4.0
7,80,p047,15,24.58,12.29,100.0,1.0,1.0,0,43.0,2.0
7,80,p048,0,26.74,13.37,100.0,1.0,1.0,0,44.0,4.0
7,80,p048,1,57.8,28.9,97.27272727272728,1.0,1.0,1,65.0,8.0
7,80,p048,2,46.120000000000005,23.060000000000002,95.71428571428571,1.0,1.0,1,57.0,1.0
7,80,p048,3,16.08,8.04,100.0,1.0,1.0,0,38.0,2.0
7,80,p048,4,19.4,9.7,100.0,1.0,1.0,0,40.0,1.0
7,80,p048,5,11.72,5.86,20.0,0.0,0.0,0,12.0,1.0
7,80,p048,6,35.54,17.77,100.0,1.0,1.0,1,49.0,4.0
7,80,p048,7,15.600000000000001,7.800000000000001,100.0,1.0,1.0,0,35.0,2.0
7,80,p048,8,35.54,17.77,100.0,1.0,1.0,1,49.0,4.0
7,80,p048,9,29.8,14.9,17.5,0.0,0.0,1,25.0,1.0
7,80,p048,10,27.9,13.95,98.0,1.0,1.0,0,45.0,1.0
7,80,p048,11,89.33999999999999,44.669999999999995,58.529411764705884,1.0,0.0,1,64.0,16.0
7,80,p048,12,25.2,12.6,100.0,1.0,1.0,0,45.0,2.0
7,80,p048,13,26.419999999999998,13.209999999999999,100.0,1.0,1.0,0,42.0,4.0
7,80,p048,14,16.08,8.04,100.0,1.0,1.0,0,38.0,2.0
7,80,p048,15,100.0,53.629999999999995,58.68421052631579,1.0,0.0,1,76.0,16.0
7,100,p037,0,34.6,17.3,100.0,1.0,1.0,0,45.0,4.0
7,100,p037,1,34.6,17.3,100.0,1.0,1.0,0,45.0,4.0
7,100,p037,2,25.799999999999997,12.899999999999999,100.0,1.0,1.0,0,40.0,4.0
7,100,p037,3,18.0,9.0,100.0,1.0,1.0,0,35.0,1.0
7,100,p037,4,12.82,6.41,100.0,1.0,1.0,0,32.0,0.0
7,100,p037,5,18.3,9.15,100.0,1.0,1.0,0,35.0,1.0
7,100,p037,6,23.32,11.66,100.0,1.0,1.0,0,37.0,2.0
7,100,p037,7,27.58,13.79,98.0,1.0,1.0,0,43.0,1.0
7,100,p037,8,18.46,9.23,100.0,1.0,1.0,0,36.0,1.0
7,100,p037,9,64.02000000000001,32.010000000000005,16.666666666666664,0.0,0.0,1,47.0,4.0
7,100,p037,10,24.259999999999998,12.129999999999999,100.0,1.0,1.0,0,41.0,2.0
7,100,p037,11,18.619999999999997,9.309999999999999,100.0,1.0,1.0,0,37.0,1.0
7,100,p037,12,20.22,10.11,20.0,0.0,0.0,0,17.0,1.0
7,100,p037,13,28.32,14.16,20.0,0.0,0.0,1,22.0,4.0
7,100,p037,14,89.03999999999999,44.519999999999996,58.529411764705884,1.0,0.0,1,64.0,16.0
7,100,p037,15,47.900000000000006,23.950000000000003,97.0,1.0,1.0,1,55.0,8.0
7,100,p038,0,24.1,12.05,100.0,1.0,1.0,0,40.0,2.0
7,100,p038,1,44.02,22.01,98.75,1.0,1.0,1,52.0,4.0
7,100,p038,2,15.3,7.65,100.0,1.0,1.0,0,35.0,2.0
7,100,p038,3,12.82,6.41,100.0,1.0,1.0,0,32.0,0.0
7,100,p038,4,14.36,7.18,100.0,1.0,1.0,0,31.0,2.0
7,100,p038,5,25.96,12.98,100.0,1.0,1.0,0,41.0,4.0
7,100,p038,6,25.96,12.98,100.0,1.0,1.0,0,41.0,4.0
7,100,p038,7,34.6,17.3,100.0,1.0,1.0,0,45.0,4.0
7,100,p038,8,34.92,17.46,100.0,1.0,1.0,1,47.0,4.0
7,100,p038,9,56.839999999999996,28.419999999999998,97.27272727272728,1.0,1.0,1,59.0,8.0
7,100,p038,10,56.86,28.43,97.27272727272728,1.0,1.0,1,61.0,8.0
7,100,p038,11,20.36,10.18,20.0,0.0,0.0,0,16.0,1.0
7,100,p038,12,3.8600000000000003,1.9300000000000002,100.0,1.0,1.0,0,26.0,0.0
7,100,p038,13,91.44,45.72,93.88888888888889,1.0,1.0,1,79.0,16.0
7,100,p038,14,9.5,4.75,100.0,1.0,1.0,0,30.0,1.0
7,100,p038,15,34.82,17.41,18.0,0.0,0.0,0,27.0,2.0
7,100,p039,0,15.3,7.65,100.0,1.0,1.0,0,35.0,2.0
7,100,p039,1,25.799999999999997,12.899999999999999,100.0,1.0,1.0,0,40.0,4.0
7,100,p039,2,24.259999999999998,12.129999999999999,100.0,1.0,1.0,0,41.0,2.0
7,100,p039,3,43.56,21.78,98.75,1.0,1.0,1,51.0,4.0
7,100,p039,4,25.479999999999997,12.739999999999998,100.0,1.0,1.0,0,38.0,4.0
7,100,p039,5,14.66,7.33,100.0,1.0,1.0,0,31.0,2.0
7,100,p039,6,34.92,17.46,100.0,1.0,1.0,1,47.0,4.0
7,100,p039,7,44.879999999999995,22.439999999999998,95.71428571428571,1.0,1.0,1,53.0,1.0
7,100,p039,8,34.76,17.38,100.0,1.0,1.0,0,46.0,4.0
7,100,p039,9,12.82,6.41,100.0,1.0,1.0,0,32.0,0.0
7,100,p039,10,34.92,17.46,100.0,1.0,1.0,1,47.0,4.0
7,100,p039,11,26.96,13.48,98.0,1.0,1.0,0,41.0,1.0
7,100,p039,12,88.88,44.44,58.529411764705884,1.0,0.0,1,63.0,16.0
7,100,p039,13,25.799999999999997,12.899999999999999,100.0,1.0,1.0,0,40.0,4.0
7,100,p039,14,20.36,10.18,20.0,0.0,0.0,0,16.0,1.0
7,100,p039,15,23.64,11.82,100.0,1.0,1.0,0,39.0,2.0
7,100,p040,0,14.68,7.34,100.0,1.0,1.0,0,33.0,2.0
7,100,p040,1,24.1,12.05,100.0,1.0,1.0,0,40.0,2.0
7,100,p040,2,64.16000000000001,32.080000000000005,16.666666666666664,0.0,0.0,1,46.0,4.0
7,100,p040,3,47.879999999999995,23.939999999999998,97.0,1.0,1.0,1,53.0,8.0
7,100,p040,4,28.02,14.01,20.0,0.0,0.0,1,22.0,4.0
7,100,p040,5,46.1,23.05,18.57142857142857,0.0,0.0,0,35.0,4.0
7,100,p040,6,34.76,17.38,100.0,1.0,1.0,0,46.0,4.0
7,100,p040,7,35.06,17.53,100.0,1.0,1.0,0,46.0,4.0
7,100,p040,8,23.32,11.66,100.0,1.0,1.0,0,37.0,2.0
7,100,p040,9,15.14,7.57,100.0,1.0,1.0,0,34.0,2.0
7,100,p040,10,23.64,11.82,100.0,1.0,1.0,0,39.0,2.0
7,100,p040,11,18.619999999999997,9.309999999999999,100.0,1.0,1.0,0,37.0,1.0
7,100,p040,12,59.06,29.53,17.0,0.0,0.0,1,41.0,8.0
7,100,p040,13,34.44,17.22,100.0,1.0,1.0,0,44.0,4.0
7,100,p040,14,34.6,17.3,100.0,1.0,1.0,0,45.0,4.0
7,100,p040,15,9.66,4.83,100.0,1.0,1.0,0,31.0,1.0
7,100,p041,0,18.0,9.0,100.0,1.0,1.0,0,35.0,1.0
7,100,p041,1,18.3,9.15,100.0,1.0,1.0,0,35.0,1.0
7,100,p041,2,32.6,16.3,98.33333333333333,1.0,1.0,0,45.0,2.0
7,100,p041,3,46.239999999999995,23.119999999999997,18.57142857142857,0.0,0.0,0,34.0,4.0
7,100,p041,4,34.76,17.38,100.0,1.0,1.0,0,46.0,4.0
7,100,p041,5,12.82,6.41,100.0,1.0,1.0,0,32.0,0.0
7,100,p041,6,9.18,4.59,100.0,1.0,1.0,0,28.0,1.0
7,100,p041,7,12.82,6.41,100.0,1.0,1.0,0,32.0,0.0
7,100,p041,8,9.18,4.59,100.0,1.0,1.0,0,28.0,1.0
7,100,p041,9,47.42,23.71,97.0,1.0,1.0,1,52.0,8.0
7,100,p041,10,18.3,9.15,100.0,1.0,1.0,0,35.0,1.0
7,100,p041,11,20.36,10.18,20.0,0.0,0.0,0,16.0,1.0
7,100,p041,12,9.66,4.83,100.0,1.0,1.0,0,31.0,1.0
7,100,p041,13,12.82,6.41,100.0,1.0,1.0,0,32.0,0.0
7,100,p041,14,23.619999999999997,11.809999999999999,100.0,1.0,1.0,0,37.0,2.0
7,100,p041,15,35.06,17.53,100.0,1.0,1.0,0,46.0,4.0
7,100,p042,0,9.5,4.75,100.0,1.0,1.0,0,30.0,1.0
7,100,p042,1,65.34,32.67,96.66666666666667,1.0,1.0,1,64.0,8.0
7,100,p042,2,25.799999999999997,12.899999999999999,100.0,1.0,1.0,0,40.0,4.0
7,100,p042,3,26.1,13.05,100.0,1.0,1.0,0,40.0,4.0
7,100,p042,4,43.56,21.78,98.75,1.0,1.0,1,51.0,4.0
7,100,p042,5,43.72,21.86,98.75,1.0,1.0,1,52.0,4.0
7,100,p042,6,25.479999999999997,12.739999999999998,100.0,1.0,1.0,0,38.0,4.0
7,100,p042,7,45.62,22.81,18.57142857142857,0.0,0.0,1,32.0,4.0
7,100,p042,8,15.14,7.57,100.0,1.0,1.0,0,34.0,2.0
7,100,p042,9,24.1,12.05,100.0,1.0,1.0,0,40.0,2.0
7,100,p042,10,18.3,9.15,100.0,1.0,1.0,0,35.0,1.0
7,100,p042,11,27.419999999999998,13.709999999999999,98.0,1.0,1.0,0,42.0,1.0
7,100,p042,12,23.64,11.82,100.0,1.0,1.0,0,39.0,2.0
7,100,p042,13,25.96,12.98,100.0,1.0,1.0,0,41.0,4.0
7,100,p042,14,25.479999999999997,12.739999999999998,100.0,1.0,1.0,0,38.0,4.0
7,100,p042,15,43.879999999999995,21.939999999999998,98.75,1.0,1.0,1,53.0,4.0
7,100,p043,0,14.98,7.49,100.0,1.0,1.0,0,33.0,2.0
7,100,p043,1,9.36,4.68,100.0,1.0,1.0,0,31.0,1.0
7,100,p043,2,9.5,4.75,100.0,1.0,1.0,0,30.0,1.0
7,100,p043,3,24.419999999999998,12.209999999999999,100.0,1.0,1.0,0,42.0,2.0
7,100,p043,4,44.2,22.1,98.75,1.0,1.0,1,55.0,4.0
7,100,p043,5,28.32,14.16,20.0,0.0,0.0,1,22.0,4.0
7,100,p043,6,18.78,9.39,100.0,1.0,1.0,0,38.0,1.0
7,100,p043,7,35.08,17.54,100.0,1.0,1.0,1,48.0,4.0
7,100,p043,8,32.9,16.45,98.33333333333333,1.0,1.0,0,45.0,2.0
7,100,p043,9,46.239999999999995,23.119999999999997,18.57142857142857,0.0,0.0,0,34.0,4.0
7,100,p043,10,28.18,14.09,20.0,0.0,0.0,1,23.0,4.0
7,100,p043,11,15.0,7.5,100.0,1.0,1.0,0,35.0,2.0
7,100,p043,12,29.32,14.66,17.5,0.0,0.0,1,22.0,1.0
7,100,p043,13,35.08,17.54,100.0,1.0,1.0,1,48.0,4.0
7,100,p043,14,32.92,16.46,98.33333333333333,1.0,1.0,1,47.0,2.0
7,100,p043,15,35.08,17.54,100.0,1.0,1.0,1,48.0,4.0
7,100,p044,0,44.04,22.02,98.75,1.0,1.0,1,54.0,4.0
7,100,p044,1,32.92,16.46,98.33333333333333,1.0,1.0,1,47.0,2.0
7,100,p044,2,9.66,4.83,100.0,1.0,1.0,0,31.0,1.0
7,100,p044,3,45.94,22.97,18.57142857142857,0.0,0.0,0,34.0,4.0
7,100,p044,4,4.180000000000001,2.0900000000000003,100.0,1.0,1.0,0,28.0,0.0
7,100,p044,5,15.040000000000001,7.5200000000000005,20.0,0.0,0.0,0,14.0,0.0
7,100,p044,6,27.74,13.87,98.0,1.0,1.0,0,44.0,1.0
7,100,p044,7,48.519999999999996,24.259999999999998,97.0,1.0,1.0,1,57.0,8.0
7,100,p044,8,13.14,6.57,100.0,1.0,1.0,0,34.0,0.0
7,100,p044,9,18.939999999999998,9.469999999999999,100.0,1.0,1.0,0,39.0,1.0
7,100,p044,10,35.239999999999995,17.619999999999997,100.0,1.0,1.0,1,49.0,4.0
7,100,p044,11,48.2,24.1,97.0,1.0,1.0,1,55.0,8.0
7,100,p044,12,35.379999999999995,17.689999999999998,100.0,1.0,1.0,1,48.0,4.0
7,100,p044,13,26.419999999999998,13.209999999999999,100.0,1.0,1.0,0,42.0,4.0
7,100,p044,14,57.48,28.74,97.27272727272728,1.0,1.0,1,63.0,8.0
7,100,p044,15,15.040000000000001,7.5200000000000005,20.0,0.0,0.0,0,14.0,0.0
7,100,p045,0,9.82,4.91,100.0,1.0,1.0,0,32.0,1.0
7,100,p045,1,25.799999999999997,12.899999999999999,100.0,1.0,1.0,0,40.0,4.0
7,100,p045,2,13.14,6.57,100.0,1.0,1.0,0,34.0,0.0
7,100,p045,3,33.379999999999995,16.689999999999998,98.33333333333333,1.0,1.0,1,48.0,2.0
7,100,p045,4,35.08,17.54,100.0,1.0,1.0,1,48.0,4.0
7,100,p045,5,44.04,22.02,98.75,1.0,1.0,1,54.0,4.0
7,100,p045,6,98.32,49.16,58.888888888888886,1.0,0.0,1,72.0,16.0
7,100,p045,7,18.78,9.39,100.0,1.0,1.0,0,38.0,1.0
7,100,p045,8,63.540000000000006,31.770000000000003,16.666666666666664,0.0,0.0,1,44.0,4.0
7,100,p045,9,56.7,28.35,97.27272727272728,1.0,1.0,1,60.0,8.0
7,100,p045,10,18.78,9.39,100.0,1.0,1.0,0,38.0,1.0
7,100,p045,11,23.939999999999998,11.969999999999999,100.0,1.0,1.0,0,39.0,2.0
7,100,p045,12,16.58,8.29,20.0,0.0,0.0,1,13.0,2.0
7,100,p045,13,14.68,7.34,100.0,1.0,1.0,0,33.0,2.0
7,100,p045,14,89.2,44.6,58.529411764705884,1.0,0.0,1,65.0,16.0
7,100,p045,15,14.98,7.49,100.0,1.0,1.0,0,33.0,2.0
7,100,p046,0,13.76,6.88,100.0,1.0,1.0,0,36.0,0.0
7,100,p046,1,16.58,8.29,20.0,0.0,0.0,1,13.0,2.0
7,100,p046,2,25.2,12.6,100.0,1.0,1.0,0,45.0,2.0
7,100,p046,3,10.600000000000001,5.300000000000001,100.0,1.0,1.0,0,35.0,1.0
7,100,p046,4,36.66,18.33,20.0,0.0,0.0,1,26.0,4.0
7,100,p046,5,46.1,23.05,18.57142857142857,0.0,0.0,0,35.0,4.0
7,100,p046,6,100.0,55.87,13.68421052631579,0.0,0.0,1,74.0,16.0
7,100,p046,7,26.74,13.37,100.0,1.0,1.0,0,44.0,4.0
7,100,p046,8,44.660000000000004,22.330000000000002,98.75,1.0,1.0,1,56.0,4.0
7,100,p046,9,20.68,10.34,20.0,0.0,0.0,0,18.0,1.0
7,100,p046,10,27.04,13.52,100.0,1.0,1.0,0,44.0,4.0
7,100,p046,11,24.259999999999998,12.129999999999999,100.0,1.0,1.0,0,41.0,2.0
7,100,p046,12,37.14,18.57,20.0,0.0,0.0,1,29.0,4.0
7,100,p046,13,26.58,13.29,100.0,1.0,1.0,0,43.0,4.0
7,100,p046,14,89.33999999999999,44.669999999999995,58.529411764705884,1.0,0.0,1,64.0,16.0
7,100,p046,15,16.240000000000002,8.120000000000001,100.0,1.0,1.0,0,39.0,2.0
7,100,p047,0,34.16,17.08,98.33333333333333,1.0,1.0,1,51.0,2.0
7,100,p047,1,35.86,17.93,100.0,1.0,1.0,1,51.0,4.0
7,100,p047,2,25.2,12.6,100.0,1.0,1.0,0,45.0,2.0
7,100,p047,3,9.98,4.99,100.0,1.0,1.0,0,33.0,1.0
7,100,p047,4,26.419999999999998,13.209999999999999,100.0,1.0,1.0,0,42.0,4.0
7,100,p047,5,34.0,17.0,98.33333333333333,1.0,1.0,1,50.0,2.0
7,100,p047,6,59.38,29.69,17.0,0.0,0.0,1,43.0,8.0
7,100,p047,7,16.08,8.04,100.0,1.0,1.0,0,38.0,2.0
7,100,p047,8,10.280000000000001,5.140000000000001,100.0,1.0,1.0,0,33.0,1.0
7,100,p047,9,37.28,18.64,20.0,0.0,0.0,1,28.0,4.0
7,100,p047,10,44.5,22.25,98.75,1.0,1.0,1,55.0,4.0
7,100,p047,11,24.58,12.29,100.0,1.0,1.0,0,43.0,2.0
7,100,p047,12,57.32,28.66,97.27272727272728,1.0,1.0,1,62.0,8.0
7,100,p047,13,100.0,53.56,58.68421052631579,1.0,0.0,1,77.0,16.0
7,100,p047,14,26.419999999999998,13.209999999999999,100.0,1.0,1.0,0,42.0,4.0
7,100,p047,15,24.58,12.29,100.0,1.0,1.0,0,43.0,2.0
7,100,p048,0,26.74,13.37,100.0,1.0,1.0,0,44.0,4.0
7,100,p048,1,57.8,28.9,97.27272727272728,1.0,1.0,1,65.0,8.0
7,100,p048,2,51.44,25.72,96.25,1.0,1.0,1,59.0,2.0
7,100,p048,3,16.08,8.04,100.0,1.0,1.0,0,38.0,2.0
7,100,p048,4,25.2,12.6,100.0,1.0,1.0,0,45.0,2.0
7,100,p048,5,20.68,10.34,20.0,0.0,0.0,0,18.0,1.0
7,100,p048,6,57.78,28.89,97.27272727272728,1.0,1.0,1,63.0,8.0
7,100,p048,7,35.379999999999995,17.689999999999998,100.0,1.0,1.0,1,48.0,4.0
7,100,p048,8,35.54,17.77,100.0,1.0,1.0,1,49.0,4.0
7,100,p048,9,35.28,17.64,18.0,0.0,0.0,0,28.0,2.0
7,100,p048,10,27.9,13.95,98.0,1.0,1.0,0,45.0,1.0
7,100,p048,11,89.33999999999999,44.669999999999995,58.529411764705884,1.0,0.0,1,64.0,16.0
7,100,p048,12,25.2,12.6,100.0,1.0,1.0,0,45.0,2.0
7,100,p048,13,48.2,24.1,97.0,1.0,1.0,1,55.0,8.0
7,100,p048,14,35.54,17.77,100.0,1.0,1.0,1,49.0,4.0
7,100,p048,15,100.0,53.629999999999995,58.68421052631579,1.0,0.0,1,76.0,16.0
7,120,p037,0,65.8,32.9,96.66666666666667,1.0,1.0,1,65.0,8.0
7,120,p037,1,34.6,17.3,100.0,1.0,1.0,0,45.0,4.0
7,120,p037,2,25.799999999999997,12.899999999999999,100.0,1.0,1.0,0,40.0,4.0
7,120,p037,3,32.6,16.3,98.33333333333333,1.0,1.0,0,45.0,2.0
7,120,p037,4,12.82,6.41,100.0,1.0,1.0,0,32.0,0.0
7,120,p037,5,18.3,9.15,100.0,1.0,1.0,0,35.0,1.0
7,120,p037,6,23.32,11.66,100.0,1.0,1.0,0,37.0,2.0
7,120,p037,7,27.58,13.79,98.0,1.0,1.0,0,43.0,1.0
7,120,p037,8,24.259999999999998,12.129999999999999,100.0,1.0,1.0,0,41.0,2.0
7,120,p037,9,64.02000000000001,32.010000000000005,16.666666666666664,0.0,0.0,1,47.0,4.0
7,120,p037,10,37.28,18.64,20.0,0.0,0.0,1,28.0,4.0
7,120,p037,11,18.619999999999997,9.309999999999999,100.0,1.0,1.0,0,37.0,1.0
7,120,p037,12,25.86,12.93,20.0,0.0,0.0,0,21.0,2.0
7,120,p037,13,59.38,29.69,17.0,0.0,0.0,1,43.0,8.0
7,120,p037,14,98.0,49.0,58.888888888888886,1.0,0.0,1,70.0,16.0
7,120,p037,15,91.3,45.65,93.88888888888889,1.0,1.0,1,80.0,16.0
7,120,p038,0,43.56,21.78,98.75,1.0,1.0,1,51.0,4.0
7,120,p038,1,44.02,22.01,98.75,1.0,1.0,1,52.0,4.0
7,120,p038,2,26.1,13.05,100.0,1.0,1.0,0,40.0,4.0
7,120,p038,3,12.82,6.41,100.0,1.0,1.0,0,32.0,0.0
7,120,p038,4,34.76,17.38,100.0,1.0,1.0,0,46.0,4.0
7,120,p038,5,25.96,12.98,100.0,1.0,1.0,0,41.0,4.0
7,120,p038,6,25.96,12.98,100.0,1.0,1.0,0,41.0,4.0
7,120,p038,7,34.6,17.3,100.0,1.0,1.0,0,45.0,4.0
7,120,p038,8,34.92,17.46,100.0,1.0,1.0,1,47.0,4.0
7,120,p038,9,100.0,53.48,58.68421052631579,1.0,0.0,1,76.0,16.0
7,120,p038,10,56.86,28.43,97.27272727272728,1.0,1.0,1,61.0,8.0
7,120,p038,11,25.54,12.77,20.0,0.0,0.0,0,19.0,2.0
7,120,p038,12,3.8600000000000003,1.9300000000000002,100.0,1.0,1.0,0,26.0,0.0
7,120,p038,13,91.44,45.72,93.88888888888889,1.0,1.0,1,79.0,16.0
7,120,p038,14,20.68,10.34,20.0,0.0,0.0,0,18.0,1.0
7,120,p038,15,34.82,17.41,18.0,0.0,0.0,0,27.0,2.0
7,120,p039,0,26.1,13.05,100.0,1.0,1.0,0,40.0,4.0
7,120,p039,1,25.799999999999997,12.899999999999999,100.0,1.0,1.0,0,40.0,4.0
7,120,p039,2,35.06,17.53,100.0,1.0,1.0,0,46.0,4.0
7,120,p039,3,43.56,21.78,98.75,1.0,1.0,1,51.0,4.0
7,120,p039,4,34.44,17.22,100.0,1.0,1.0,0,44.0,4.0
7,120,p039,5,25.479999999999997,12.739999999999998,100.0,1.0,1.0,0,38.0,4.0
7,120,p039,6,65.82000000000001,32.910000000000004,96.66666666666667,1.0,1.0,1,67.0,8.0
7,120,p039,7,50.519999999999996,25.259999999999998,96.25,1.0,1.0,1,57.0,2.0
7,120,p039,8,56.38,28.19,97.27272727272728,1.0,1.0,1,58.0,8.0
7,120,p039,9,12.82,6.41,100.0,1.0,1.0,0,32.0,0.0
7,120,p039,10,34.92,17.46,100.0,1.0,1.0,1,47.0,4.0
7,120,p039,11,32.6,16.3,98.33333333333333,1.0,1.0,0,45.0,2.0
7,120,p039,12,97.84,48.92,58.888888888888886,1.0,0.0,1,69.0,16.0
7,120,p039,13,34.76,17.38,100.0,1.0,1.0,0,46.0,4.0
7,120,p039,14,20.36,10.18,20.0,0.0,0.0,0,16.0,1.0
7,120,p039,15,34.92,17.46,100.0,1.0,1.0,1,47.0,4.0
7,120,p040,0,25.96,12.98,100.0,1.0,1.0,0,41.0,4.0
7,120,p040,1,34.6,17.3,100.0,1.0,1.0,0,45.0,4.0
7,120,p040,2,86.26000000000002,43.13000000000001,15.384615384615383,0.0,0.0,1,61.0,8.0
7,120,p040,3,89.2,44.6,93.52941176470588,1.0,1.0,1,65.0,16.0
7,120,p040,4,36.980000000000004,18.490000000000002,20.0,0.0,0.0,1,28.0,4.0
7,120,p040,5,46.1,23.05,18.57142857142857,0.0,0.0,0,35.0,4.0
7,120,p040,6,34.76,17.38,100.0,1.0,1.0,0,46.0,4.0
7,120,p040,7,35.06,17.53,100.0,1.0,1.0,0,46.0,4.0
7,120,p040,8,23.32,11.66,100.0,1.0,1.0,0,37.0,2.0
7,120,p040,9,25.64,12.82,100.0,1.0,1.0,0,39.0,4.0
7,120,p040,10,34.92,17.46,100.0,1.0,1.0,1,47.0,4.0
7,120,p040,11,24.1,12.05,100.0,1.0,1.0,0,40.0,2.0
7,120,p040,12,59.06,29.53,17.0,0.0,0.0,1,41.0,8.0
7,120,p040,13,56.22,28.11,97.27272727272728,1.0,1.0,1,57.0,8.0
7,120,p040,14,56.839999999999996,28.419999999999998,97.27272727272728,1.0,1.0,1,59.0,8.0
7,120,p040,15,9.66,4.83,100.0,1.0,1.0,0,31.0,1.0
7,120,p041,0,18.0,9.0,100.0,1.0,1.0,0,35.0,1.0
7,120,p041,1,18.3,9.15,100.0,1.0,1.0,0,35.0,1.0
7,120,p041,2,43.879999999999995,21.939999999999998,98.75,1.0,1.0,1,53.0,4.0
7,120,p041,3,46.239999999999995,23.119999999999997,18.57142857142857,0.0,0.0,0,34.0,4.0
7,120,p041,4,34.76,17.38,100.0,1.0,1.0,0,46.0,4.0
7,120,p041,5,12.82,6.41,100.0,1.0,1.0,0,32.0,0.0
7,120,p041,6,14.36,7.18,100.0,1.0,1.0,0,31.0,2.0
7,120,p041,7,12.82,6.41,100.0,1.0,1.0,0,32.0,0.0
7,120,p041,8,9.18,4.59,100.0,1.0,1.0,0,28.0,1.0
7,120,p041,9,91.44,45.72,93.88888888888889,1.0,1.0,1,79.0,16.0
7,120,p041,10,18.3,9.15,100.0,1.0,1.0,0,35.0,1.0
7,120,p041,11,25.54,12.77,20.0,0.0,0.0,0,19.0,2.0
7,120,p041,12,18.619999999999997,9.309999999999999,100.0,1.0,1.0,0,37.0,1.0
7,120,p041,13,12.82,6.41,100.0,1.0,1.0,0,32.0,0.0
7,120,p041,14,34.44,17.22,100.0,1.0,1.0,0,44.0,4.0
7,120,p041,15,35.06,17.53,100.0,1.0,1.0,0,46.0,4.0
7,120,p042,0,24.259999999999998,12.129999999999999,100.0,1.0,1.0,0,41.0,2.0
7,120,p042,1,100.0,53.32,93.6842105263158,1.0,1.0,1,74.0,16.0
7,120,p042,2,34.76,17.38,100.0,1.0,1.0,0,46.0,4.0
7,120,p042,3,26.1,13.05,100.0,1.0,1.0,0,40.0,4.0
7,120,p042,4,43.56,21.78,98.75,1.0,1.0,1,51.0,4.0
7,120,p042,5,43.72,21.86,98.75,1.0,1.0,1,52.0,4.0
7,120,p042,6,25.479999999999997,12.739999999999998,100.0,1.0,1.0,0,38.0,4.0
7,120,p042,7,45.62,22.81,18.57142857142857,0.0,0.0,1,32.0,4.0
7,120,p042,8,24.1,12.05,100.0,1.0,1.0,0,40.0,2.0
7,120,p042,9,34.6,17.3,100.0,1.0,1.0,0,45.0,4.0
7,120,p042,10,23.619999999999997,11.809999999999999,100.0,1.0,1.0,0,37.0,2.0
7,120,p042,11,33.22,16.61,98.33333333333333,1.0,1.0,1,47.0,2.0
7,120,p042,12,23.64,11.82,100.0,1.0,1.0,0,39.0,2.0
7,120,p042,13,25.96,12.98,100.0,1.0,1.0,0,41.0,4.0
7,120,p042,14,25.479999999999997,12.739999999999998,100.0,1.0,1.0,0,38.0,4.0
7,120,p042,15,65.82000000000001,32.910000000000004,96.66666666666667,1.0,1.0,1,67.0,8.0
7,120,p043,0,14.98,7.49,100.0,1.0,1.0,0,33.0,2.0
7,120,p043,1,9.36,4.68,100.0,1.0,1.0,0,31.0,1.0
7,120,p043,2,9.5,4.75,100.0,1.0,1.0,0,30.0,1.0
7,120,p043,3,34.92,17.46,100.0,1.0,1.0,1,47.0,4.0
7,120,p043,4,44.2,22.1,98.75,1.0,1.0,1,55.0,4.0
7,120,p043,5,28.32,14.16,20.0,0.0,0.0,1,22.0,4.0
7,120,p043,6,18.78,9.39,100.0,1.0,1.0,0,38.0,1.0
7,120,p043,7,35.08,17.54,100.0,1.0,1.0,1,48.0,4.0
7,120,p043,8,32.9,16.45,98.33333333333333,1.0,1.0,0,45.0,2.0
7,120,p043,9,68.34,34.17,16.363636363636363,0.0,0.0,1,49.0,8.0
7,120,p043,10,59.08,29.54,17.0,0.0,0.0,1,43.0,8.0
7,120,p043,11,26.279999999999998,13.139999999999999,100.0,1.0,1.0,0,43.0,4.0
7,120,p043,12,34.5,17.25,18.0,0.0,0.0,0,25.0,2.0
7,120,p043,13,35.08,17.54,100.0,1.0,1.0,1,48.0,4.0
7,120,p043,14,44.2,22.1,98.75,1.0,1.0,1,55.0,4.0
7,120,p043,15,35.08,17.54,100.0,1.0,1.0,1,48.0,4.0
7,120,p044,0,44.04,22.02,98.75,1.0,1.0,1,54.0,4.0
7,120,p044,1,44.2,22.1,98.75,1.0,1.0,1,55.0,4.0
7,120,p044,2,9.66,4.83,100.0,1.0,1.0,0,31.0,1.0
7,120,p044,3,67.56,33.78,16.363636363636363,0.0,0.0,1,46.0,8.0
7,120,p044,4,4.180000000000001,2.0900000000000003,100.0,1.0,1.0,0,28.0,0.0
7,120,p044,5,15.040000000000001,7.5200000000000005,20.0,0.0,0.0,0,14.0,0.0
7,120,p044,6,33.54,16.77,98.33333333333333,1.0,1.0,1,49.0,2.0
7,120,p044,7,48.519999999999996,24.259999999999998,97.0,1.0,1.0,1,57.0,8.0
7,120,p044,8,13.14,6.57,100.0,1.0,1.0,0,34.0,0.0
7,120,p044,9,24.419999999999998,12.209999999999999,100.0,1.0,1.0,0,42.0,2.0
7,120,p044,10,57.18,28.59,97.27272727272728,1.0,1.0,1,63.0,8.0
7,120,p044,11,48.2,24.1,97.0,1.0,1.0,1,55.0,8.0
7,120,p044,12,57.48,28.74,97.27272727272728,1.0,1.0,1,63.0,8.0
7,120,p044,13,48.519999999999996,24.259999999999998,97.0,1.0,1.0,1,57.0,8.0
7,120,p044,14,98.32,49.16,58.888888888888886,1.0,0.0,1,72.0,16.0
7,120,p044,15,15.040000000000001,7.5200000000000005,20.0,0.0,0.0,0,14.0,0.0
7,120,p045,0,9.82,4.91,100.0,1.0,1.0,0,32.0,1.0
7,120,p045,1,25.799999999999997,12.899999999999999,100.0,1.0,1.0,0,40.0,4.0
7,120,p045,2,13.14,6.57,100.0,1.0,1.0,0,34.0,0.0
7,120,p045,3,43.879999999999995,21.939999999999998,98.75,1.0,1.0,1,53.0,4.0
7,120,p045,4,35.08,17.54,100.0,1.0,1.0,1,48.0,4.0
7,120,p045,5,65.66,32.83,96.66666666666667,1.0,1.0,1,66.0,8.0
7,120,p045,6,98.32,49.16,58.888888888888886,1.0,0.0,1,72.0,16.0
7,120,p045,7,27.74,13.87,98.0,1.0,1.0,0,44.0,1.0
7,120,p045,8,85.32000000000002,42.66000000000001,15.384615384615383,0.0,0.0,1,57.0,8.0
7,120,p045,9,67.56,33.78,16.363636363636363,0.0,0.0,1,46.0,8.0
7,120,p045,10,18.78,9.39,100.0,1.0,1.0,0,38.0,1.0
7,120,p045,11,34.76,17.38,100.0,1.0,1.0,0,46.0,4.0
7,120,p045,12,16.58,8.29,20.0,0.0,0.0,1,13.0,2.0
7,120,p045,13,14.68,7.34,100.0,1.0,1.0,0,33.0,2.0
7,120,p045,14,89.2,44.6,58.529411764705884,1.0,0.0,1,65.0,16.0
7,120,p045,15,14.98,7.49,100.0,1.0,1.0,0,33.0,2.0
7,120,p046,0,13.76,6.88,100.0,1.0,1.0,0,36.0,0.0
7,120,p046,1,16.58,8.29,20.0,0.0,0.0,1,13.0,2.0
7,120,p046,2,25.2,12.6,100.0,1.0,1.0,0,45.0,2.0
7,120,p046,3,16.08,8.04,100.0,1.0,1.0,0,38.0,2.0
7,120,p046,4,58.44,29.22,17.0,0.0,0.0,1,39.0,8.0
7,120,p046,5,68.03999999999999,34.019999999999996,16.363636363636363,0.0,0.0,1,49.0,8.0
7,120,p046,6,100.0,55.87,13.68421052631579,0.0,0.0,1,74.0,16.0
7,120,p046,7,48.36,24.18,97.0,1.0,1.0,1,56.0,8.0
7,120,p046,8,66.28,33.14,96.66666666666667,1.0,1.0,1,68.0,8.0
7,120,p046,9,20.68,10.34,20.0,0.0,0.0,0,18.0,1.0
7,120,p046,10,27.04,13.52,100.0,1.0,1.0,0,44.0,4.0
7,120,p046,11,25.54,12.77,20.0,0.0,0.0,0,19.0,2.0
7,120,p046,12,68.03999999999999,34.019999999999996,16.363636363636363,0.0,0.0,1,49.0,8.0
7,120,p046,13,57.78,28.89,97.27272727272728,1.0,1.0,1,63.0,8.0
7,120,p046,14,100.0,51.309999999999995,13.88888888888889,0.0,0.0,1,67.0,16.0
7,120,p046,15,16.240000000000002,8.120000000000001,100.0,1.0,1.0,0,39.0,2.0
7,120,p047,0,34.16,17.08,98.33333333333333,1.0,1.0,1,51.0,2.0
7,120,p047,1,66.75999999999999,33.379999999999995,96.66666666666667,1.0,1.0,1,71.0,8.0
7,120,p047,2,36.0,18.0,100.0,1.0,1.0,1,50.0,4.0
7,120,p047,3,9.98,4.99,100.0,1.0,1.0,0,33.0,1.0
7,120,p047,4,26.419999999999998,13.209999999999999,100.0,1.0,1.0,0,42.0,4.0
7,120,p047,5,44.5,22.25,98.75,1.0,1.0,1,55.0,4.0
7,120,p047,6,100.0,51.47,13.88888888888889,0.0,0.0,1,69.0,16.0
7,120,p047,7,25.04,12.52,100.0,1.0,1.0,0,44.0,2.0
7,120,p047,8,10.280000000000001,5.140000000000001,100.0,1.0,1.0,0,33.0,1.0
7,120,p047,9,59.38,29.69,17.0,0.0,0.0,1,43.0,8.0
7,120,p047,10,44.5,22.25,98.75,1.0,1.0,1,55.0,4.0
7,120,p047,11,35.86,17.93,100.0,1.0,1.0,1,51.0,4.0
7,120,p047,12,98.3,49.15,58.888888888888886,1.0,0.0,1,70.0,16.0
7,120,p047,13,100.0,53.56,58.68421052631579,1.0,0.0,1,77.0,16.0
7,120,p047,14,35.379999999999995,17.689999999999998,100.0,1.0,1.0,1,48.0,4.0
7,120,p047,15,24.58,12.29,100.0,1.0,1.0,0,43.0,2.0
7,120,p048,0,48.36,24.18,97.0,1.0,1.0,1,56.0,8.0
7,120,p048,1,98.16,49.08,58.888888888888886,1.0,0.0,1,71.0,16.0
7,120,p048,2,52.720000000000006,26.360000000000003,15.714285714285714,0.0,0.0,1,37.0,2.0
7,120,p048,3,26.58,13.29,100.0,1.0,1.0,0,43.0,4.0
7,120,p048,4,25.2,12.6,100.0,1.0,1.0,0,45.0,2.0
7,120,p048,5,26.48,13.24,20.0,0.0,0.0,0,23.0,2.0
7,120,p048,6,57.78,28.89,97.27272727272728,1.0,1.0,1,63.0,8.0
7,120,p048,7,35.379999999999995,17.689999999999998,100.0,1.0,1.0,1,48.0,4.0
7,120,p048,8,35.54,17.77,100.0,1.0,1.0,1,49.0,4.0
7,120,p048,9,35.28,17.64,18.0,0.0,0.0,0,28.0,2.0
7,120,p048,10,27.9,13.95,98.0,1.0,1.0,0,45.0,1.0
7,120,p048,11,98.3,49.15,58.888888888888886,1.0,0.0,1,70.0,16.0
7,120,p048,12,25.2,12.6,100.0,1.0,1.0,0,45.0,2.0
7,120,p048,13,89.5,44.75,58.529411764705884,1.0,0.0,1,65.0,16.0
7,120,p048,14,35.54,17.77,100.0,1.0,1.0,1,49.0,4.0
7,120,p048,15,100.0,53.629999999999995,58.68421052631579,1.0,0.0,1,76.0,16.0
7,140,p037,0,100.0,53.48,58.68421052631579,1.0,0.0,1,76.0,16.0
7,140,p037,1,98.0,49.0,58.888888888888886,1.0,0.0,1,70.0,16.0
7,140,p037,2,47.42,23.71,97.0,1.0,1.0,1,52.0,8.0
7,140,p037,3,43.879999999999995,21.939999999999998,98.75,1.0,1.0,1,53.0,4.0
7,140,p037,4,12.82,6.41,100.0,1.0,1.0,0,32.0,0.0
7,140,p037,5,23.619999999999997,11.809999999999999,100.0,1.0,1.0,0,37.0,2.0
7,140,p037,6,34.76,17.38,100.0,1.0,1.0,0,46.0,4.0
7,140,p037,7,27.58,13.79,98.0,1.0,1.0,0,43.0,1.0
7,140,p037,8,35.06,17.53,100.0,1.0,1.0,0,46.0,4.0
7,140,p037,9,100.0,61.64,13.0,0.0,0.0,1,78.0,16.0
7,140,p037,10,59.38,29.69,17.0,0.0,0.0,1,43.0,8.0
7,140,p037,11,27.58,13.79,98.0,1.0,1.0,0,43.0,1.0
7,140,p037,12,25.86,12.93,20.0,0.0,0.0,0,21.0,2.0
7,140,p037,13,100.0,51.47,13.88888888888889,0.0,0.0,1,69.0,16.0
7,140,p037,14,98.0,49.0,58.888888888888886,1.0,0.0,1,70.0,16.0
7,140,p037,15,91.3,45.65,93.88888888888889,1.0,1.0,1,80.0,16.0
7,140,p038,0,65.8,32.9,96.66666666666667,1.0,1.0,1,65.0,8.0
7,140,p038,1,100.0,53.4,58.68421052631579,1.0,0.0,1,75.0,16.0
7,140,p038,2,35.06,17.53,100.0,1.0,1.0,0,46.0,4.0
7,140,p038,3,12.82,6.41,100.0,1.0,1.0,0,32.0,0.0
7,140,p038,4,56.38,28.19,97.27272727272728,1.0,1.0,1,58.0,8.0
7,140,p038,5,91.3,45.65,93.88888888888889,1.0,1.0,1,80.0,16.0
7,140,p038,6,91.3,45.65,93.88888888888889,1.0,1.0,1,80.0,16.0
7,140,p038,7,98.0,49.0,58.888888888888886,1.0,0.0,1,70.0,16.0
7,140,p038,8,56.86,28.43,97.27272727272728,1.0,1.0,1,61.0,8.0
7,140,p038,9,100.0,53.48,58.68421052631579,1.0,0.0,1,76.0,16.0
7,140,p038,10,97.38,48.69,58.888888888888886,1.0,0.0,1,68.0,16.0
7,140,p038,11,36.980000000000004,18.490000000000002,20.0,0.0,0.0,1,28.0,4.0
7,140,p038,12,12.82,6.41,100.0,1.0,1.0,0,32.0,0.0
7,140,p038,13,97.52,48.76,58.888888888888886,1.0,0.0,1,67.0,16.0
7,140,p038,14,26.48,13.24,20.0,0.0,0.0,0,23.0,2.0
7,140,p038,15,46.1,23.05,18.57142857142857,0.0,0.0,0,35.0,4.0
7,140,p039,0,48.2,24.1,97.0,1.0,1.0,1,55.0,8.0
7,140,p039,1,91.44,45.72,93.88888888888889,1.0,1.0,1,79.0,16.0
7,140,p039,2,57.16,28.58,97.27272727272728,1.0,1.0,1,61.0,8.0
7,140,p039,3,100.0,53.48,58.68421052631579,1.0,0.0,1,76.0,16.0
7,140,p039,4,97.67999999999999,48.839999999999996,58.888888888888886,1.0,0.0,1,68.0,16.0
7,140,p039,5,47.260000000000005,23.630000000000003,97.0,1.0,1.0,1,51.0,8.0
7,140,p039,6,100.0,53.17,58.68421052631579,1.0,0.0,1,74.0,16.0
7,140,p039,7,61.8,30.9,97.0,1.0,1.0,1,65.0,4.0
7,140,p039,8,97.52,48.76,58.888888888888886,1.0,0.0,1,67.0,16.0
7,140,p039,9,12.82,6.41,100.0,1.0,1.0,0,32.0,0.0
7,140,p039,10,100.0,53.17,58.68421052631579,1.0,0.0,1,74.0,16.0
7,140,p039,11,43.879999999999995,21.939999999999998,98.75,1.0,1.0,1,53.0,4.0
7,140,p039,12,97.84,48.92,58.888888888888886,1.0,0.0,1,69.0,16.0
7,140,p039,13,97.52,48.76,58.888888888888886,1.0,0.0,1,67.0,16.0
7,140,p039,14,29.32,14.66,17.5,0.0,0.0,1,22.0,1.0
7,140,p039,15,56.86,28.43,97.27272727272728,1.0,1.0,1,61.0,8.0
7,140,p040,0,47.900000000000006,23.950000000000003,97.0,1.0,1.0,1,55.0,8.0
7,140,p040,1,56.839999999999996,28.419999999999998,97.27272727272728,1.0,1.0,1,59.0,8.0
7,140,p040,2,100.0,61.87,13.0,0.0,0.0,1,79.0,16.0
7,140,p040,3,89.2,44.6,93.52941176470588,1.0,1.0,1,65.0,16.0
7,140,p040,4,100.0,51.309999999999995,13.88888888888889,0.0,0.0,1,67.0,16.0
7,140,p040,5,100.0,55.72,13.68421052631579,0.0,0.0,1,74.0,16.0
7,140,p040,6,97.67999999999999,48.839999999999996,93.88888888888889,1.0,1.0,1,68.0,16.0
7,140,p040,7,98.0,49.0,93.88888888888889,1.0,1.0,1,70.0,16.0
7,140,p040,8,34.76,17.38,100.0,1.0,1.0,0,46.0,4.0
7,140,p040,9,47.879999999999995,23.939999999999998,97.0,1.0,1.0,1,53.0,8.0
7,140,p040,10,56.86,28.43,97.27272727272728,1.0,1.0,1,61.0,8.0
7,140,p040,11,43.56,21.78,98.75,1.0,1.0,1,51.0,4.0
7,140,p040,12,100.0,51.55,13.88888888888889,0.0,0.0,1,70.0,16.0
7,140,p040,13,100.0,53.4,93.6842105263158,1.0,1.0,1,75.0,16.0
7,140,p040,14,98.16,49.08,93.88888888888889,1.0,1.0,1,71.0,16.0
7,140,p040,15,15.14,7.57,100.0,1.0,1.0,0,34.0,2.0
7,140,p041,0,23.64,11.82,100.0,1.0,1.0,0,39.0,2.0
7,140,p041,1,23.619999999999997,11.809999999999999,100.0,1.0,1.0,0,37.0,2.0
7,140,p041,2,65.82000000000001,32.910000000000004,96.66666666666667,1.0,1.0,1,67.0,8.0
7,140,p041,3,100.0,55.949999999999996,13.68421052631579,0.0,0.0,1,75.0,16.0
7,140,p041,4,56.38,28.19,97.27272727272728,1.0,1.0,1,58.0,8.0
7,140,p041,5,18.0,9.0,100.0,1.0,1.0,0,35.0,1.0
7,140,p041,6,25.799999999999997,12.899999999999999,100.0,1.0,1.0,0,40.0,4.0
7,140,p041,7,12.82,6.41,100.0,1.0,1.0,0,32.0,0.0
7,140,p041,8,14.36,7.18,100.0,1.0,1.0,0,31.0,2.0
7,140,p041,9,91.44,45.72,93.88888888888889,1.0,1.0,1,79.0,16.0
7,140,p041,10,23.619999999999997,11.809999999999999,100.0,1.0,1.0,0,37.0,2.0
7,140,p041,11,36.980000000000004,18.490000000000002,20.0,0.0,0.0,1,28.0,4.0
7,140,p041,12,18.619999999999997,9.309999999999999,100.0,1.0,1.0,0,37.0,1.0
7,140,p041,13,27.1,13.55,98.0,1.0,1.0,0,40.0,1.0
7,140,p041,14,56.22,28.11,97.27272727272728,1.0,1.0,1,57.0,8.0
7,140,p041,15,98.0,49.0,93.88888888888889,1.0,1.0,1,70.0,16.0
7,140,p042,0,35.06,17.53,100.0,1.0,1.0,0,46.0,4.0
7,140,p042,1,100.0,53.32,93.6842105263158,1.0,1.0,1,74.0,16.0
7,140,p042,2,56.38,28.19,97.27272727272728,1.0,1.0,1,58.0,8.0
7,140,p042,3,89.03999999999999,44.519999999999996,93.52941176470588,1.0,1.0,1,64.0,16.0
7,140,p042,4,100.0,53.56,93.6842105263158,1.0,1.0,1,77.0,16.0
7,140,p042,5,65.34,32.67,96.66666666666667,1.0,1.0,1,64.0,8.0
7,140,p042,6,47.260000000000005,23.630000000000003,97.0,1.0,1.0,1,51.0,8.0
7,140,p042,7,100.0,55.87,13.68421052631579,0.0,0.0,1,74.0,16.0
7,140,p042,8,34.6,17.3,100.0,1.0,1.0,0,45.0,4.0
7,140,p042,9,56.839999999999996,28.419999999999998,97.27272727272728,1.0,1.0,1,59.0,8.0
7,140,p042,10,36.66,18.33,20.0,0.0,0.0,1,26.0,4.0
7,140,p042,11,44.02,22.01,98.75,1.0,1.0,1,52.0,4.0
7,140,p042,12,34.92,17.46,100.0,1.0,1.0,1,47.0,4.0
7,140,p042,13,91.3,45.65,93.88888888888889,1.0,1.0,1,80.0,16.0
7,140,p042,14,91.6,45.8,93.88888888888889,1.0,1.0,1,80.0,16.0
7,140,p042,15,100.0,53.25,93.6842105263158,1.0,1.0,1,75.0,16.0
7,140,p043,0,34.76,17.38,100.0,1.0,1.0,0,46.0,4.0
7,140,p043,1,18.32,9.16,100.0,1.0,1.0,0,37.0,1.0
7,140,p043,2,23.64,11.82,100.0,1.0,1.0,0,39.0,2.0
7,140,p043,3,57.16,28.58,97.27272727272728,1.0,1.0,1,61.0,8.0
7,140,p043,4,100.0,53.41,58.68421052631579,1.0,0.0,1,77.0,16.0
7,140,p043,5,93.97999999999999,46.989999999999995,13.529411764705882,0.0,0.0,1,63.0,16.0
7,140,p043,6,24.58,12.29,100.0,1.0,1.0,0,43.0,2.0
7,140,p043,7,100.0,53.48,58.68421052631579,1.0,0.0,1,76.0,16.0
7,140,p043,8,43.72,21.86,98.75,1.0,1.0,1,52.0,4.0
7,140,p043,9,100.0,55.949999999999996,13.68421052631579,0.0,0.0,1,75.0,16.0
7,140,p043,10,100.0,51.239999999999995,13.88888888888889,0.0,0.0,1,68.0,16.0
7,140,p043,11,48.22,24.11,97.0,1.0,1.0,1,57.0,8.0
7,140,p043,12,45.94,22.97,18.57142857142857,0.0,0.0,0,34.0,4.0
7,140,p043,13,100.0,53.48,58.68421052631579,1.0,0.0,1,76.0,16.0
7,140,p043,14,66.14,33.07,96.66666666666667,1.0,1.0,1,69.0,8.0
7,140,p043,15,98.0,49.0,58.888888888888886,1.0,0.0,1,70.0,16.0
7,140,p044,0,100.0,55.78999999999999,13.68421052631579,0.0,0.0,1,73.0,16.0
7,140,p044,1,66.14,33.07,96.66666666666667,1.0,1.0,1,69.0,8.0
7,140,p044,2,23.939999999999998,11.969999999999999,100.0,1.0,1.0,0,39.0,2.0
7,140,p044,3,100.0,55.78999999999999,13.68421052631579,0.0,0.0,1,73.0,16.0
7,140,p044,4,9.98,4.99,100.0,1.0,1.0,0,33.0,1.0
7,140,p044,5,20.36,10.18,20.0,0.0,0.0,0,16.0,1.0
7,140,p044,6,33.54,16.77,98.33333333333333,1.0,1.0,1,49.0,2.0
7,140,p044,7,89.36,44.68,58.529411764705884,1.0,0.0,1,66.0,16.0
7,140,p044,8,13.14,6.57,100.0,1.0,1.0,0,34.0,0.0
7,140,p044,9,34.92,17.46,100.0,1.0,1.0,1,47.0,4.0
7,140,p044,10,100.0,53.41,58.68421052631579,1.0,0.0,1,77.0,16.0
7,140,p044,11,98.47999999999999,49.239999999999995,58.888888888888886,1.0,0.0,1,73.0,16.0
7,140,p044,12,100.0,53.64,58.68421052631579,1.0,0.0,1,78.0,16.0
7,140,p044,13,98.32,49.16,58.888888888888886,1.0,0.0,1,72.0,16.0
7,140,p044,14,98.32,49.16,58.888888888888886,1.0,0.0,1,72.0,16.0
7,140,p044,15,15.040000000000001,7.5200000000000005,20.0,0.0,0.0,0,14.0,0.0
7,140,p045,0,9.82,4.91,100.0,1.0,1.0,0,32.0,1.0
7,140,p045,1,89.2,44.6,58.529411764705884,1.0,0.0,1,65.0,16.0
7,140,p045,2,18.46,9.23,100.0,1.0,1.0,0,36.0,1.0
7,140,p045,3,66.12,33.06,96.66666666666667,1.0,1.0,1,67.0,8.0
7,140,p045,4,98.0,49.0,58.888888888888886,1.0,0.0,1,70.0,16.0
7,140,p045,5,100.0,61.709999999999994,13.0,0.0,0.0,1,77.0,16.0
7,140,p045,6,100.0,53.64,58.68421052631579,1.0,0.0,1,78.0,16.0
7,140,p045,7,33.54,16.77,98.33333333333333,1.0,1.0,1,49.0,2.0
7,140,p045,8,100.0,61.79,13.0,0.0,0.0,1,78.0,16.0
7,140,p045,9,100.0,55.78999999999999,13.68421052631579,0.0,0.0,1,73.0,16.0
7,140,p045,10,24.58,12.29,100.0,1.0,1.0,0,43.0,2.0
7,140,p045,11,56.54,28.27,97.27272727272728,1.0,1.0,1,59.0,8.0
7,140,p045,12,36.980000000000004,18.490000000000002,20.0,0.0,0.0,1,28.0,4.0
7,140,p045,13,26.119999999999997,13.059999999999999,100.0,1.0,1.0,0,42.0,4.0
7,140,p045,14,89.2,44.6,58.529411764705884,1.0,0.0,1,65.0,16.0
7,140,p045,15,25.799999999999997,12.899999999999999,100.0,1.0,1.0,0,40.0,4.0
7,140,p046,0,19.240000000000002,9.620000000000001,100.0,1.0,1.0,0,39.0,1.0
7,140,p046,1,36.980000000000004,18.490000000000002,20.0,0.0,0.0,1,28.0,4.0
7,140,p046,2,36.0,18.0,100.0,1.0,1.0,1,50.0,4.0
7,140,p046,3,26.58,13.29,100.0,1.0,1.0,0,43.0,4.0
7,140,p046,4,100.0,51.38999999999999,13.88888888888889,0.0,0.0,1,68.0,16.0
7,140,p046,5,100.0,55.72,13.68421052631579,0.0,0.0,1,74.0,16.0
7,140,p046,6,100.0,55.87,13.68421052631579,0.0,0.0,1,74.0,16.0
7,140,p046,7,89.33999999999999,44.669999999999995,58.529411764705884,1.0,0.0,1,64.0,16.0
7,140,p046,8,100.0,53.629999999999995,58.68421052631579,1.0,0.0,1,76.0,16.0
7,140,p046,9,26.48,13.24,20.0,0.0,0.0,0,23.0,2.0
7,140,p046,10,89.66,44.83,58.529411764705884,1.0,0.0,1,66.0,16.0
7,140,p046,11,45.94,22.97,18.57142857142857,0.0,0.0,0,34.0,4.0
7,140,p046,12,100.0,55.72,13.68421052631579,0.0,0.0,1,74.0,16.0
7,140,p046,13,98.78,49.39,58.888888888888886,1.0,0.0,1,73.0,16.0
7,140,p046,14,100.0,51.309999999999995,13.88888888888889,0.0,0.0,1,67.0,16.0
7,140,p046,15,27.04,13.52,100.0,1.0,1.0,0,44.0,4.0
7,140,p047,0,44.96,22.48,98.75,1.0,1.0,1,56.0,4.0
7,140,p047,1,100.0,53.56,58.68421052631579,1.0,0.0,1,77.0,16.0
7,140,p047,2,58.1,29.05,97.27272727272728,1.0,1.0,1,65.0,8.0
7,140,p047,3,15.62,7.81,100.0,1.0,1.0,0,37.0,2.0
7,140,p047,4,89.5,44.75,58.529411764705884,1.0,0.0,1,65.0,16.0
7,140,p047,5,66.74000000000001,33.370000000000005,96.66666666666667,1.0,1.0,1,69.0,8.0
7,140,p047,6,100.0,51.47,13.88888888888889,0.0,0.0,1,69.0,16.0
7,140,p047,7,35.54,17.77,100.0,1.0,1.0,1,49.0,4.0
7,140,p047,8,24.560000000000002,12.280000000000001,100.0,1.0,1.0,0,41.0,2.0
7,140,p047,9,100.0,51.47,13.88888888888889,0.0,0.0,1,69.0,16.0
7,140,p047,10,100.0,53.87,58.68421052631579,1.0,0.0,1,79.0,16.0
7,140,p047,11,57.8,28.9,97.27272727272728,1.0,1.0,1,65.0,8.0
7,140,p047,12,98.3,49.15,58.888888888888886,1.0,0.0,1,70.0,16.0
7,140,p047,13,100.0,53.56,58.68421052631579,1.0,0.0,1,77.0,16.0
7,140,p047,14,98.46,49.23,58.888888888888886,1.0,0.0,1,71.0,16.0
7,140,p047,15,44.82000000000001,22.410000000000004,98.75,1.0,1.0,1,57.0,4.0
7,140,p048,0,98.3,49.15,58.888888888888886,1.0,0.0,1,70.0,16.0
7,140,p048,1,98.16,49.08,58.888888888888886,1.0,0.0,1,71.0,16.0
7,140,p048,2,63.540000000000006,31.770000000000003,16.666666666666664,0.0,0.0,1,44.0,4.0
7,140,p048,3,48.82000000000001,24.410000000000004,97.0,1.0,1.0,1,57.0,8.0
7,140,p048,4,44.96,22.48,98.75,1.0,1.0,1,56.0,4.0
7,140,p048,5,26.48,13.24,20.0,0.0,0.0,0,23.0,2.0
7,140,p048,6,98.78,49.39,58.888888888888886,1.0,0.0,1,73.0,16.0
7,140,p048,7,57.16,28.58,97.27272727272728,1.0,1.0,1,61.0,8.0
7,140,p048,8,98.78,49.39,58.888888888888886,1.0,0.0,1,73.0,16.0
7,140,p048,9,45.78,22.89,18.57142857142857,0.0,0.0,1,33.0,4.0
7,140,p048,10,33.54,16.77,98.33333333333333,1.0,1.0,1,49.0,2.0
7,140,p048,11,98.3,49.15,58.888888888888886,1.0,0.0,1,70.0,16.0
7,140,p048,12,36.0,18.0,100.0,1.0,1.0,1,50.0,4.0
7,140,p048,13,98.46,49.23,58.888888888888886,1.0,0.0,1,71.0,16.0
7,140,p048,14,98.78,49.39,58.888888888888886,1.0,0.0,1,73.0,16.0
7,140,p048,15,100.0,53.629999999999995,58.68421052631579,1.0,0.0,1,76.0,16.0
7,160,p037,0,100.0,53.48,58.68421052631579,1.0,0.0,1,76.0,16.0
7,160,p037,1,100.0,51.55,13.88888888888889,0.0,0.0,1,70.0,16.0
7,160,p037,2,91.44,45.72,93.88888888888889,1.0,1.0,1,79.0,16.0
7,160,p037,3,100.0,53.17,58.68421052631579,1.0,0.0,1,74.0,16.0
7,160,p037,4,12.82,6.41,100.0,1.0,1.0,0,32.0,0.0
7,160,p037,5,56.22,28.11,97.27272727272728,1.0,1.0,1,57.0,8.0
7,160,p037,6,97.52,48.76,58.888888888888886,1.0,0.0,1,67.0,16.0
7,160,p037,7,43.56,21.78,98.75,1.0,1.0,1,51.0,4.0
7,160,p037,8,97.84,48.92,58.888888888888886,1.0,0.0,1,69.0,16.0
7,160,p037,9,100.0,61.64,13.0,0.0,0.0,1,78.0,16.0
7,160,p037,10,100.0,51.47,13.88888888888889,0.0,0.0,1,69.0,16.0
7,160,p037,11,43.56,21.78,98.75,1.0,1.0,1,51.0,4.0
7,160,p037,12,100.0,51.239999999999995,13.88888888888889,0.0,0.0,1,68.0,16.0
7,160,p037,13,100.0,51.47,13.88888888888889,0.0,0.0,1,69.0,16.0
7,160,p037,14,98.0,49.0,58.888888888888886,1.0,0.0,1,70.0,16.0
7,160,p037,15,93.52,46.76,13.529411764705882,0.0,0.0,1,62.0,16.0
7,160,p038,0,100.0,53.48,58.68421052631579,1.0,0.0,1,76.0,16.0
7,160,p038,1,100.0,53.4,58.68421052631579,1.0,0.0,1,75.0,16.0
7,160,p038,2,97.84,48.92,58.888888888888886,1.0,0.0,1,69.0,16.0
7,160,p038,3,12.82,6.41,100.0,1.0,1.0,0,32.0,0.0
7,160,p038,4,97.52,48.76,58.888888888888886,1.0,0.0,1,67.0,16.0
7,160,p038,5,91.3,45.65,93.88888888888889,1.0,1.0,1,80.0,16.0
7,160,p038,6,91.3,45.65,93.88888888888889,1.0,1.0,1,80.0,16.0
7,160,p038,7,98.0,49.0,58.888888888888886,1.0,0.0,1,70.0,16.0
7,160,p038,8,100.0,51.239999999999995,13.88888888888889,0.0,0.0,1,68.0,16.0
7,160,p038,9,100.0,56.029999999999994,13.68421052631579,0.0,0.0,1,76.0,16.0
7,160,p038,10,97.38,48.69,58.888888888888886,1.0,0.0,1,68.0,16.0
7,160,p038,11,100.0,51.309999999999995,13.88888888888889,0.0,0.0,1,67.0,16.0
7,160,p038,12,18.0,9.0,100.0,1.0,1.0,0,35.0,1.0
7,160,p038,13,97.52,48.76,58.888888888888886,1.0,0.0,1,67.0,16.0
7,160,p038,14,59.38,29.69,17.0,0.0,0.0,1,43.0,8.0
7,160,p038,15,100.0,55.72,13.68421052631579,0.0,0.0,1,74.0,16.0
7,160,p039,0,97.84,48.92,58.888888888888886,1.0,0.0,1,69.0,16.0
7,160,p039,1,91.44,45.72,93.88888888888889,1.0,1.0,1,79.0,16.0
7,160,p039,2,100.0,51.47,13.88888888888889,0.0,0.0,1,69.0,16.0
7,160,p039,3,100.0,53.48,58.68421052631579,1.0,0.0,1,76.0,16.0
7,160,p039,4,97.67999999999999,48.839999999999996,58.888888888888886,1.0,0.0,1,68.0,16.0
7,160,p039,5,91.6,45.8,93.88888888888889,1.0,1.0,1,80.0,16.0
7,160,p039,6,100.0,55.72,13.68421052631579,0.0,0.0,1,74.0,16.0
7,160,p039,7,100.0,61.64,13.0,0.0,0.0,1,78.0,16.0
7,160,p039,8,97.52,48.76,58.888888888888886,1.0,0.0,1,67.0,16.0
7,160,p039,9,12.82,6.41,100.0,1.0,1.0,0,32.0,0.0
7,160,p039,10,100.0,53.17,58.68421052631579,1.0,0.0,1,74.0,16.0
7,160,p039,11,100.0,53.17,58.68421052631579,1.0,0.0,1,74.0,16.0
7,160,p039,12,97.84,48.92,58.888888888888886,1.0,0.0,1,69.0,16.0
7,160,p039,13,97.52,48.76,58.888888888888886,1.0,0.0,1,67.0,16.0
7,160,p039,14,45.94,22.97,18.57142857142857,0.0,0.0,0,34.0,4.0
7,160,p039,15,100.0,51.239999999999995,13.88888888888889,0.0,0.0,1,68.0,16.0
7,160,p040,0,97.54,48.77,93.88888888888889,1.0,1.0,1,69.0,16.0
7,160,p040,1,98.16,49.08,93.88888888888889,1.0,1.0,1,71.0,16.0
7,160,p040,2,100.0,61.87,13.0,0.0,0.0,1,79.0,16.0
7,160,p040,3,89.2,44.6,93.52941176470588,1.0,1.0,1,65.0,16.0
7,160,p040,4,100.0,51.309999999999995,13.88888888888889,0.0,0.0,1,67.0,16.0
7,160,p040,5,100.0,55.72,13.68421052631579,0.0,0.0,1,74.0,16.0
7,160,p040,6,100.0,55.78999999999999,13.68421052631579,0.0,0.0,1,73.0,16.0
7,160,p040,7,100.0,53.48,93.6842105263158,1.0,1.0,1,76.0,16.0
7,160,p040,8,97.67999999999999,48.839999999999996,93.88888888888889,1.0,1.0,1,68.0,16.0
7,160,p040,9,89.2,44.6,93.52941176470588,1.0,1.0,1,65.0,16.0
7,160,p040,10,97.54,48.77,93.88888888888889,1.0,1.0,1,69.0,16.0
7,160,p040,11,100.0,53.56,93.6842105263158,1.0,1.0,1,77.0,16.0
7,160,p040,12,100.0,51.55,13.88888888888889,0.0,0.0,1,70.0,16.0
7,160,p040,13,100.0,53.4,93.6842105263158,1.0,1.0,1,75.0,16.0
7,160,p040,14,100.0,51.55,13.88888888888889,0.0,0.0,1,70.0,16.0
7,160,p040,15,89.2,44.6,93.52941176470588,1.0,1.0,1,65.0,16.0
7,160,p041,0,97.54,48.77,93.88888888888889,1.0,1.0,1,69.0,16.0
7,160,p041,1,56.22,28.11,97.27272727272728,1.0,1.0,1,57.0,8.0
7,160,p041,2,100.0,53.25,93.6842105263158,1.0,1.0,1,75.0,16.0
7,160,p041,3,100.0,55.949999999999996,13.68421052631579,0.0,0.0,1,75.0,16.0
7,160,p041,4,97.67999999999999,48.839999999999996,93.88888888888889,1.0,1.0,1,68.0,16.0
7,160,p041,5,23.64,11.82,100.0,1.0,1.0,0,39.0,2.0
7,160,p041,6,91.44,45.72,93.88888888888889,1.0,1.0,1,79.0,16.0
7,160,p041,7,18.14,9.07,100.0,1.0,1.0,0,34.0,1.0
7,160,p041,8,47.42,23.71,97.0,1.0,1.0,1,52.0,8.0
7,160,p041,9,91.44,45.72,93.88888888888889,1.0,1.0,1,79.0,16.0
7,160,p041,10,97.84,48.92,93.88888888888889,1.0,1.0,1,69.0,16.0
7,160,p041,11,100.0,51.309999999999995,13.88888888888889,0.0,0.0,1,67.0,16.0
7,160,p041,12,34.6,17.3,100.0,1.0,1.0,0,45.0,4.0
7,160,p041,13,32.28,16.14,98.33333333333333,1.0,1.0,0,43.0,2.0
7,160,p041,14,97.84,48.92,93.88888888888889,1.0,1.0,1,69.0,16.0
7,160,p041,15,98.0,49.0,93.88888888888889,1.0,1.0,1,70.0,16.0
7,160,p042,0,98.0,49.0,93.88888888888889,1.0,1.0,1,70.0,16.0
7,160,p042,1,100.0,53.32,93.6842105263158,1.0,1.0,1,74.0,16.0
7,160,p042,2,97.67999999999999,48.839999999999996,93.88888888888889,1.0,1.0,1,68.0,16.0
7,160,p042,3,98.0,49.0,93.88888888888889,1.0,1.0,1,70.0,16.0
7,160,p042,4,100.0,53.56,93.6842105263158,1.0,1.0,1,77.0,16.0
7,160,p042,5,100.0,53.32,93.6842105263158,1.0,1.0,1,74.0,16.0
7,160,p042,6,91.6,45.8,93.88888888888889,1.0,1.0,1,80.0,16.0
7,160,p042,7,100.0,55.87,13.68421052631579,0.0,0.0,1,74.0,16.0
7,160,p042,8,98.16,49.08,93.88888888888889,1.0,1.0,1,71.0,16.0
7,160,p042,9,98.16,49.08,93.88888888888889,1.0,1.0,1,71.0,16.0
7,160,p042,10,100.0,51.38999999999999,13.88888888888889,0.0,0.0,1,68.0,16.0
7,160,p042,11,100.0,53.48,93.6842105263158,1.0,1.0,1,76.0,16.0
7,160,p042,12,97.54,48.77,93.88888888888889,1.0,1.0,1,69.0,16.0
7,160,p042,13,91.3,45.65,93.88888888888889,1.0,1.0,1,80.0,16.0
7,160,p042,14,91.6,45.8,93.88888888888889,1.0,1.0,1,80.0,16.0
7,160,p042,15,100.0,53.25,93.6842105263158,1.0,1.0,1,75.0,16.0
7,160,p043,0,98.16,49.08,58.888888888888886,1.0,0.0,1,71.0,16.0
7,160,p043,1,57.18,28.59,97.27272727272728,1.0,1.0,1,63.0,8.0
7,160,p043,2,98.0,49.0,58.888888888888886,1.0,0.0,1,70.0,16.0
7,160,p043,3,98.47999999999999,49.239999999999995,58.888888888888886,1.0,0.0,1,73.0,16.0
7,160,p043,4,100.0,53.41,58.68421052631579,1.0,0.0,1,77.0,16.0
7,160,p043,5,93.97999999999999,46.989999999999995,13.529411764705882,0.0,0.0,1,63.0,16.0
7,160,p043,6,59.38,29.69,17.0,0.0,0.0,1,43.0,8.0
7,160,p043,7,100.0,53.48,58.68421052631579,1.0,0.0,1,76.0,16.0
7,160,p043,8,100.0,53.56,58.68421052631579,1.0,0.0,1,77.0,16.0
7,160,p043,9,100.0,55.949999999999996,13.68421052631579,0.0,0.0,1,75.0,16.0
7,160,p043,10,100.0,51.239999999999995,13.88888888888889,0.0,0.0,1,68.0,16.0
7,160,p043,11,88.9,44.45,58.529411764705884,1.0,0.0,1,65.0,16.0
7,160,p043,12,100.0,55.78999999999999,13.68421052631579,0.0,0.0,1,73.0,16.0
7,160,p043,13,100.0,53.48,58.68421052631579,1.0,0.0,1,76.0,16.0
7,160,p043,14,100.0,53.41,58.68421052631579,1.0,0.0,1,77.0,16.0
7,160,p043,15,98.0,49.0,58.888888888888886,1.0,0.0,1,70.0,16.0
7,160,p044,0,100.0,55.78999999999999,13.68421052631579,0.0,0.0,1,73.0,16.0
7,160,p044,1,100.0,53.41,58.68421052631579,1.0,0.0,1,77.0,16.0
7,160,p044,2,56.54,28.27,97.27272727272728,1.0,1.0,1,59.0,8.0
7,160,p044,3,100.0,55.78999999999999,13.68421052631579,0.0,0.0,1,73.0,16.0
7,160,p044,4,15.459999999999999,7.7299999999999995,100.0,1.0,1.0,0,36.0,2.0
7,160,p044,5,25.54,12.77,20.0,0.0,0.0,0,19.0,2.0
7,160,p044,6,100.0,53.64,58.68421052631579,1.0,0.0,1,78.0,16.0
7,160,p044,7,89.36,44.68,58.529411764705884,1.0,0.0,1,66.0,16.0
7,160,p044,8,13.14,6.57,100.0,1.0,1.0,0,34.0,0.0
7,160,p044,9,98.47999999999999,49.239999999999995,58.888888888888886,1.0,0.0,1,73.0,16.0
7,160,p044,10,100.0,53.41,58.68421052631579,1.0,0.0,1,77.0,16.0
7,160,p044,11,98.47999999999999,49.239999999999995,58.888888888888886,1.0,0.0,1,73.0,16.0
7,160,p044,12,100.0,53.64,58.68421052631579,1.0,0.0,1,78.0,16.0
7,160,p044,13,98.32,49.16,58.888888888888886,1.0,0.0,1,72.0,16.0
7,160,p044,14,98.32,49.16,58.888888888888886,1.0,0.0,1,72.0,16.0
7,160,p044,15,20.52,10.26,20.0,0.0,0.0,0,17.0,1.0
7,160,p045,0,35.379999999999995,17.689999999999998,100.0,1.0,1.0,1,48.0,4.0
7,160,p045,1,89.2,44.6,58.529411764705884,1.0,0.0,1,65.0,16.0
7,160,p045,2,25.54,12.77,20.0,0.0,0.0,0,19.0,2.0
7,160,p045,3,100.0,53.72,58.68421052631579,1.0,0.0,1,79.0,16.0
7,160,p045,4,98.0,49.0,58.888888888888886,1.0,0.0,1,70.0,16.0
7,160,p045,5,100.0,61.709999999999994,13.0,0.0,0.0,1,77.0,16.0
7,160,p045,6,100.0,53.64,58.68421052631579,1.0,0.0,1,78.0,16.0
7,160,p045,7,100.0,53.64,58.68421052631579,1.0,0.0,1,78.0,16.0
7,160,p045,8,100.0,61.79,13.0,0.0,0.0,1,78.0,16.0
7,160,p045,9,100.0,55.78999999999999,13.68421052631579,0.0,0.0,1,73.0,16.0
7,160,p045,10,100.0,53.64,58.68421052631579,1.0,0.0,1,78.0,16.0
7,160,p045,11,98.16,49.08,58.888888888888886,1.0,0.0,1,71.0,16.0
7,160,p045,12,100.0,51.309999999999995,13.88888888888889,0.0,0.0,1,67.0,16.0
7,160,p045,13,89.03999999999999,44.519999999999996,58.529411764705884,1.0,0.0,1,64.0,16.0
7,160,p045,14,89.2,44.6,58.529411764705884,1.0,0.0,1,65.0,16.0
7,160,p045,15,89.2,44.6,58.529411764705884,1.0,0.0,1,65.0,16.0
7,160,p046,0,24.560000000000002,12.280000000000001,100.0,1.0,1.0,0,41.0,2.0
7,160,p046,1,100.0,51.309999999999995,13.88888888888889,0.0,0.0,1,67.0,16.0
7,160,p046,2,98.61999999999999,49.309999999999995,58.888888888888886,1.0,0.0,1,72.0,16.0
7,160,p046,3,89.82,44.91,58.529411764705884,1.0,0.0,1,67.0,16.0
7,160,p046,4,100.0,51.38999999999999,13.88888888888889,0.0,0.0,1,68.0,16.0
7,160,p046,5,100.0,55.72,13.68421052631579,0.0,0.0,1,74.0,16.0
7,160,p046,6,100.0,55.87,13.68421052631579,0.0,0.0,1,74.0,16.0
7,160,p046,7,89.33999999999999,44.669999999999995,58.529411764705884,1.0,0.0,1,64.0,16.0
7,160,p046,8,100.0,53.629999999999995,58.68421052631579,1.0,0.0,1,76.0,16.0
7,160,p046,9,59.38,29.69,17.0,0.0,0.0,1,43.0,8.0
7,160,p046,10,89.66,44.83,58.529411764705884,1.0,0.0,1,66.0,16.0
7,160,p046,11,100.0,55.78999999999999,13.68421052631579,0.0,0.0,1,73.0,16.0
7,160,p046,12,100.0,55.72,13.68421052631579,0.0,0.0,1,74.0,16.0
7,160,p046,13,98.78,49.39,58.888888888888886,1.0,0.0,1,73.0,16.0
7,160,p046,14,100.0,51.309999999999995,13.88888888888889,0.0,0.0,1,67.0,16.0
7,160,p046,15,100.0,51.47,13.88888888888889,0.0,0.0,1,69.0,16.0
7,160,p047,0,100.0,53.79,58.68421052631579,1.0,0.0,1,78.0,16.0
7,160,p047,1,100.0,53.56,58.68421052631579,1.0,0.0,1,77.0,16.0
7,160,p047,2,98.61999999999999,49.309999999999995,58.888888888888886,1.0,0.0,1,72.0,16.0
7,160,p047,3,100.0,51.239999999999995,13.88888888888889,0.0,0.0,1,68.0,16.0
7,160,p047,4,89.5,44.75,58.529411764705884,1.0,0.0,1,65.0,16.0
7,160,p047,5,100.0,53.87,58.68421052631579,1.0,0.0,1,79.0,16.0
7,160,p047,6,100.0,51.47,13.88888888888889,0.0,0.0,1,69.0,16.0
7,160,p047,7,98.78,49.39,58.888888888888886,1.0,0.0,1,73.0,16.0
7,160,p047,8,100.0,51.38999999999999,13.88888888888889,0.0,0.0,1,68.0,16.0
7,160,p047,9,100.0,51.47,13.88888888888889,0.0,0.0,1,69.0,16.0
7,160,p047,10,100.0,53.87,58.68421052631579,1.0,0.0,1,79.0,16.0
7,160,p047,11,98.16,49.08,58.888888888888886,1.0,0.0,1,71.0,16.0
7,160,p047,12,98.3,49.15,58.888888888888886,1.0,0.0,1,70.0,16.0
7,160,p047,13,100.0,53.56,58.68421052631579,1.0,0.0,1,77.0,16.0
7,160,p047,14,98.46,49.23,58.888888888888886,1.0,0.0,1,71.0,16.0
7,160,p047,15,100.0,55.72,13.68421052631579,0.0,0.0,1,74.0,16.0
7,160,p048,0,98.3,49.15,58.888888888888886,1.0,0.0,1,70.0,16.0
7,160,p048,1,100.0,53.56,58.68421052631579,1.0,0.0,1,77.0,16.0
7,160,p048,2,100.0,61.79,13.0,0.0,0.0,1,78.0,16.0
7,160,p048,3,89.82,44.91,58.529411764705884,1.0,0.0,1,67.0,16.0
7,160,p048,4,100.0,53.79,58.68421052631579,1.0,0.0,1,78.0,16.0
7,160,p048,5,100.0,51.47,13.88888888888889,0.0,0.0,1,69.0,16.0
7,160,p048,6,98.78,49.39,58.888888888888886,1.0,0.0,1,73.0,16.0
7,160,p048,7,98.46,49.23,58.888888888888886,1.0,0.0,1,71.0,16.0
7,160,p048,8,98.78,49.39,58.888888888888886,1.0,0.0,1,73.0,16.0
7,160,p048,9,100.0,56.029999999999994,13.68421052631579,0.0,0.0,1,76.0,16.0
7,160,p048,10,66.75999999999999,33.379999999999995,96.66666666666667,1.0,1.0,1,71.0,8.0
7,160,p048,11,98.3,49.15,58.888888888888886,1.0,0.0,1,70.0,16.0
7,160,p048,12,98.61999999999999,49.309999999999995,58.888888888888886,1.0,0.0,1,72.0,16.0
7,160,p048,13,98.46,49.23,58.888888888888886,1.0,0.0,1,71.0,16.0
7,160,p048,14,98.78,49.39,58.888888888888886,1.0,0.0,1,73.0,16.0
7,160,p048,15,100.0,53.629999999999995,58.68421052631579,1.0,0.0,1,76.0,16.0
7,180,p037,0,100.0,53.48,58.68421052631579,1.0,0.0,1,76.0,16.0
7,180,p037,1,100.0,56.029999999999994,13.68421052631579,0.0,0.0,1,76.0,16.0
7,180,p037,2,91.44,45.72,93.88888888888889,1.0,1.0,1,79.0,16.0
7,180,p037,3,100.0,53.17,58.68421052631579,1.0,0.0,1,74.0,16.0
7,180,p037,4,27.58,13.79,98.0,1.0,1.0,0,43.0,1.0
7,180,p037,5,97.67999999999999,48.839999999999996,58.888888888888886,1.0,0.0,1,68.0,16.0
7,180,p037,6,97.52,48.76,58.888888888888886,1.0,0.0,1,67.0,16.0
7,180,p037,7,100.0,53.48,58.68421052631579,1.0,0.0,1,76.0,16.0
7,180,p037,8,97.84,48.92,58.888888888888886,1.0,0.0,1,69.0,16.0
7,180,p037,9,100.0,61.64,13.0,0.0,0.0,1,78.0,16.0
7,180,p037,10,100.0,51.47,13.88888888888889,0.0,0.0,1,69.0,16.0
7,180,p037,11,100.0,53.48,58.68421052631579,1.0,0.0,1,76.0,16.0
7,180,p037,12,100.0,51.239999999999995,13.88888888888889,0.0,0.0,1,68.0,16.0
7,180,p037,13,100.0,51.47,13.88888888888889,0.0,0.0,1,69.0,16.0
7,180,p037,14,98.0,49.0,58.888888888888886,1.0,0.0,1,70.0,16.0
7,180,p037,15,100.0,51.239999999999995,13.88888888888889,0.0,0.0,1,68.0,16.0
7,180,p038,0,100.0,53.48,58.68421052631579,1.0,0.0,1,76.0,16.0
7,180,p038,1,100.0,53.4,58.68421052631579,1.0,0.0,1,75.0,16.0
7,180,p038,2,97.84,48.92,58.888888888888886,1.0,0.0,1,69.0,16.0
7,180,p038,3,21.78,10.89,97.5,1.0,1.0,1,38.0,0.0
7,180,p038,4,97.52,48.76,58.888888888888886,1.0,0.0,1,67.0,16.0
7,180,p038,5,97.38,48.69,58.888888888888886,1.0,0.0,1,68.0,16.0
7,180,p038,6,91.3,45.65,93.88888888888889,1.0,1.0,1,80.0,16.0
7,180,p038,7,98.0,49.0,58.888888888888886,1.0,0.0,1,70.0,16.0
7,180,p038,8,100.0,51.239999999999995,13.88888888888889,0.0,0.0,1,68.0,16.0
7,180,p038,9,100.0,56.029999999999994,13.68421052631579,0.0,0.0,1,76.0,16.0
7,180,p038,10,97.38,48.69,58.888888888888886,1.0,0.0,1,68.0,16.0
7,180,p038,11,100.0,51.309999999999995,13.88888888888889,0.0,0.0,1,67.0,16.0
7,180,p038,12,23.64,11.82,100.0,1.0,1.0,0,39.0,2.0
7,180,p038,13,97.52,48.76,58.888888888888886,1.0,0.0,1,67.0,16.0
7,180,p038,14,100.0,51.47,13.88888888888889,0.0,0.0,1,69.0,16.0
7,180,p038,15,100.0,55.72,13.68421052631579,0.0,0.0,1,74.0,16.0
7,180,p039,0,97.84,48.92,58.888888888888886,1.0,0.0,1,69.0,16.0
7,180,p039,1,97.52,48.76,58.888888888888886,1.0,0.0,1,67.0,16.0
7,180,p039,2,100.0,51.47,13.88888888888889,0.0,0.0,1,69.0,16.0
7,180,p039,3,100.0,53.48,58.68421052631579,1.0,0.0,1,76.0,16.0
7,180,p039,4,97.67999999999999,48.839999999999996,58.888888888888886,1.0,0.0,1,68.0,16.0
7,180,p039,5,91.6,45.8,93.88888888888889,1.0,1.0,1,80.0,16.0
7,180,p039,6,100.0,55.72,13.68421052631579,0.0,0.0,1,74.0,16.0
7,180,p039,7,100.0,61.64,13.0,0.0,0.0,1,78.0,16.0
7,180,p039,8,100.0,53.239999999999995,58.68421052631579,1.0,0.0,1,73.0,16.0
7,180,p039,9,26.96,13.48,98.0,1.0,1.0,0,41.0,1.0
7,180,p039,10,100.0,53.17,58.68421052631579,1.0,0.0,1,74.0,16.0
7,180,p039,11,100.0,53.17,58.68421052631579,1.0,0.0,1,74.0,16.0
7,180,p039,12,97.84,48.92,58.888888888888886,1.0,0.0,1,69.0,16.0
7,180,p039,13,97.52,48.76,58.888888888888886,1.0,0.0,1,67.0,16.0
7,180,p039,14,100.0,55.78999999999999,13.68421052631579,0.0,0.0,1,73.0,16.0
7,180,p039,15,100.0,51.239999999999995,13.88888888888889,0.0,0.0,1,68.0,16.0
7,180,p040,0,97.54,48.77,93.88888888888889,1.0,1.0,1,69.0,16.0
7,180,p040,1,98.16,49.08,93.88888888888889,1.0,1.0,1,71.0,16.0
7,180,p040,2,100.0,61.87,13.0,0.0,0.0,1,79.0,16.0
7,180,p040,3,89.2,44.6,93.52941176470588,1.0,1.0,1,65.0,16.0
7,180,p040,4,100.0,51.309999999999995,13.88888888888889,0.0,0.0,1,67.0,16.0
7,180,p040,5,100.0,61.64,13.0,0.0,0.0,1,78.0,16.0
7,180,p040,6,100.0,55.78999999999999,13.68421052631579,0.0,0.0,1,73.0,16.0
7,180,p040,7,100.0,53.48,93.6842105263158,1.0,1.0,1,76.0,16.0
7,180,p040,8,100.0,53.32,93.6842105263158,1.0,1.0,1,74.0,16.0
7,180,p040,9,94.13999999999999,47.06999999999999,13.529411764705882,0.0,0.0,1,64.0,16.0
7,180,p040,10,97.54,48.77,93.88888888888889,1.0,1.0,1,69.0,16.0
7,180,p040,11,100.0,53.56,93.6842105263158,1.0,1.0,1,77.0,16.0
7,180,p040,12,100.0,51.55,13.88888888888889,0.0,0.0,1,70.0,16.0
7,180,p040,13,100.0,53.4,93.6842105263158,1.0,1.0,1,75.0,16.0
7,180,p040,14,100.0,56.029999999999994,13.68421052631579,0.0,0.0,1,76.0,16.0
7,180,p040,15,89.2,44.6,93.52941176470588,1.0,1.0,1,65.0,16.0
7,180,p041,0,100.0,53.25,93.6842105263158,1.0,1.0,1,75.0,16.0
7,180,p041,1,100.0,53.4,93.6842105263158,1.0,1.0,1,75.0,16.0
7,180,p041,2,100.0,53.25,93.6842105263158,1.0,1.0,1,75.0,16.0
7,180,p041,3,100.0,55.949999999999996,13.68421052631579,0.0,0.0,1,75.0,16.0
7,180,p041,4,97.67999999999999,48.839999999999996,93.88888888888889,1.0,1.0,1,68.0,16.0
7,180,p041,5,65.82000000000001,32.910000000000004,96.66666666666667,1.0,1.0,1,67.0,8.0
7,180,p041,6,91.44,45.72,93.88888888888889,1.0,1.0,1,79.0,16.0
7,180,p041,7,23.32,11.66,100.0,1.0,1.0,0,37.0,2.0
7,180,p041,8,91.44,45.72,93.88888888888889,1.0,1.0,1,79.0,16.0
7,180,p041,9,91.44,45.72,93.88888888888889,1.0,1.0,1,79.0,16.0
7,180,p041,10,97.84,48.92,93.88888888888889,1.0,1.0,1,69.0,16.0
7,180,p041,11,100.0,51.309999999999995,13.88888888888889,0.0,0.0,1,67.0,16.0
7,180,p041,12,98.16,49.08,93.88888888888889,1.0,1.0,1,71.0,16.0
7,180,p041,13,65.34,32.67,96.66666666666667,1.0,1.0,1,64.0,8.0
7,180,p041,14,97.84,48.92,93.88888888888889,1.0,1.0,1,69.0,16.0
7,180,p041,15,98.0,49.0,93.88888888888889,1.0,1.0,1,70.0,16.0
7,180,p042,0,98.0,49.0,93.88888888888889,1.0,1.0,1,70.0,16.0
7,180,p042,1,100.0,53.32,93.6842105263158,1.0,1.0,1,74.0,16.0
7,180,p042,2,97.67999999999999,48.839999999999996,93.88888888888889,1.0,1.0,1,68.0,16.0
7,180,p042,3,98.0,49.0,93.88888888888889,1.0,1.0,1,70.0,16.0
7,180,p042,4,100.0,53.56,93.6842105263158,1.0,1.0,1,77.0,16.0
7,180,p042,5,100.0,53.32,93.6842105263158,1.0,1.0,1,74.0,16.0
7,180,p042,6,97.84,48.92,93.88888888888889,1.0,1.0,1,69.0,16.0
7,180,p042,7,100.0,55.87,13.68421052631579,0.0,0.0,1,74.0,16.0
7,180,p042,8,98.16,49.08,93.88888888888889,1.0,1.0,1,71.0,16.0
7,180,p042,9,98.16,49.08,93.88888888888889,1.0,1.0,1,71.0,16.0
7,180,p042,10,100.0,51.38999999999999,13.88888888888889,0.0,0.0,1,68.0,16.0
7,180,p042,11,100.0,53.48,93.6842105263158,1.0,1.0,1,76.0,16.0
7,180,p042,12,100.0,53.25,93.6842105263158,1.0,1.0,1,75.0,16.0
7,180,p042,13,91.3,45.65,93.88888888888889,1.0,1.0,1,80.0,16.0
7,180,p042,14,91.6,45.8,93.88888888888889,1.0,1.0,1,80.0,16.0
7,180,p042,15,100.0,53.25,93.6842105263158,1.0,1.0,1,75.0,16.0
7,180,p043,0,98.16,49.08,58.888888888888886,1.0,0.0,1,71.0,16.0
7,180,p043,1,97.86,48.93,58.888888888888886,1.0,0.0,1,71.0,16.0
7,180,p043,2,98.0,49.0,58.888888888888886,1.0,0.0,1,70.0,16.0
7,180,p043,3,100.0,51.55,13.88888888888889,0.0,0.0,1,70.0,16.0
7,180,p043,4,100.0,53.41,58.68421052631579,1.0,0.0,1,77.0,16.0
7,180,p043,5,93.97999999999999,46.989999999999995,13.529411764705882,0.0,0.0,1,63.0,16.0
7,180,p043,6,100.0,55.949999999999996,13.68421052631579,0.0,0.0,1,75.0,16.0
7,180,p043,7,100.0,53.48,58.68421052631579,1.0,0.0,1,76.0,16.0
7,180,p043,8,100.0,53.56,58.68421052631579,1.0,0.0,1,77.0,16.0
7,180,p043,9,100.0,55.949999999999996,13.68421052631579,0.0,0.0,1,75.0,16.0
7,180,p043,10,100.0,51.239999999999995,13.88888888888889,0.0,0.0,1,68.0,16.0
7,180,p043,11,88.9,44.45,58.529411764705884,1.0,0.0,1,65.0,16.0
7,180,p043,12,100.0,61.709999999999994,13.0,0.0,0.0,1,77.0,16.0
7,180,p043,13,100.0,53.48,58.68421052631579,1.0,0.0,1,76.0,16.0
7,180,p043,14,100.0,53.41,58.68421052631579,1.0,0.0,1,77.0,16.0
7,180,p043,15,98.0,49.0,58.888888888888886,1.0,0.0,1,70.0,16.0
7,180,p044,0,100.0,55.78999999999999,13.68421052631579,0.0,0.0,1,73.0,16.0
7,180,p044,1,100.0,55.72,13.68421052631579,0.0,0.0,1,74.0,16.0
7,180,p044,2,98.16,49.08,58.888888888888886,1.0,0.0,1,71.0,16.0
7,180,p044,3,100.0,55.78999999999999,13.68421052631579,0.0,0.0,1,73.0,16.0
7,180,p044,4,48.2,24.1,97.0,1.0,1.0,1,55.0,8.0
7,180,p044,5,67.56,33.78,16.363636363636363,0.0,0.0,1,46.0,8.0
7,180,p044,6,100.0,53.64,58.68421052631579,1.0,0.0,1,78.0,16.0
7,180,p044,7,89.36,44.68,58.529411764705884,1.0,0.0,1,66.0,16.0
7,180,p044,8,27.74,13.87,98.0,1.0,1.0,0,44.0,1.0
7,180,p044,9,98.47999999999999,49.239999999999995,58.888888888888886,1.0,0.0,1,73.0,16.0
7,180,p044,10,100.0,53.41,58.68421052631579,1.0,0.0,1,77.0,16.0
7,180,p044,11,98.47999999999999,49.239999999999995,58.888888888888886,1.0,0.0,1,73.0,16.0
7,180,p044,12,100.0,53.64,58.68421052631579,1.0,0.0,1,78.0,16.0
7,180,p044,13,98.32,49.16,58.888888888888886,1.0,0.0,1,72.0,16.0
7,180,p044,14,100.0,53.64,58.68421052631579,1.0,0.0,1,78.0,16.0
7,180,p044,15,25.84,12.92,20.0,0.0,0.0,0,19.0,2.0
7,180,p045,0,98.32,49.16,58.888888888888886,1.0,0.0,1,72.0,16.0
7,180,p045,1,98.16,49.08,58.888888888888886,1.0,0.0,1,71.0,16.0
7,180,p045,2,58.599999999999994,29.299999999999997,17.0,0.0,0.0,1,40.0,8.0
7,180,p045,3,100.0,53.72,58.68421052631579,1.0,0.0,1,79.0,16.0
7,180,p045,4,98.0,49.0,58.888888888888886,1.0,0.0,1,70.0,16.0
7,180,p045,5,100.0,61.709999999999994,13.0,0.0,0.0,1,77.0,16.0
7,180,p045,6,100.0,53.64,58.68421052631579,1.0,0.0,1,78.0,16.0
7,180,p045,7,100.0,53.64,58.68421052631579,1.0,0.0,1,78.0,16.0
7,180,p045,8,100.0,61.79,13.0,0.0,0.0,1,78.0,16.0
7,180,p045,9,100.0,55.78999999999999,13.68421052631579,0.0,0.0,1,73.0,16.0
7,180,p045,10,100.0,53.64,58.68421052631579,1.0,0.0,1,78.0,16.0
7,180,p045,11,98.16,49.08,58.888888888888886,1.0,0.0,1,71.0,16.0
7,180,p045,12,100.0,51.309999999999995,13.88888888888889,0.0,0.0,1,67.0,16.0
7,180,p045,13,89.03999999999999,44.519999999999996,58.529411764705884,1.0,0.0,1,64.0,16.0
7,180,p045,14,89.2,44.6,58.529411764705884,1.0,0.0,1,65.0,16.0
7,180,p045,15,98.16,49.08,58.888888888888886,1.0,0.0,1,71.0,16.0
7,180,p046,0,57.16,28.58,97.27272727272728,1.0,1.0,1,61.0,8.0
7,180,p046,1,100.0,51.309999999999995,13.88888888888889,0.0,0.0,1,67.0,16.0
7,180,p046,2,98.61999999999999,49.309999999999995,58.888888888888886,1.0,0.0,1,72.0,16.0
7,180,p046,3,89.82,44.91,58.529411764705884,1.0,0.0,1,67.0,16.0
7,180,p046,4,100.0,51.38999999999999,13.88888888888889,0.0,0.0,1,68.0,16.0
7,180,p046,5,100.0,55.72,13.68421052631579,0.0,0.0,1,74.0,16.0
7,180,p046,6,100.0,55.87,13.68421052631579,0.0,0.0,1,74.0,16.0
7,180,p046,7,89.33999999999999,44.669999999999995,58.529411764705884,1.0,0.0,1,64.0,16.0
7,180,p046,8,100.0,53.629999999999995,58.68421052631579,1.0,0.0,1,76.0,16.0
7,180,p046,9,100.0,55.949999999999996,13.68421052631579,0.0,0.0,1,75.0,16.0
7,180,p046,10,89.66,44.83,58.529411764705884,1.0,0.0,1,66.0,16.0
7,180,p046,11,100.0,55.78999999999999,13.68421052631579,0.0,0.0,1,73.0,16.0
7,180,p046,12,100.0,55.72,13.68421052631579,0.0,0.0,1,74.0,16.0
7,180,p046,13,98.78,49.39,58.888888888888886,1.0,0.0,1,73.0,16.0
7,180,p046,14,100.0,51.309999999999995,13.88888888888889,0.0,0.0,1,67.0,16.0
7,180,p046,15,100.0,51.47,13.88888888888889,0.0,0.0,1,69.0,16.0
7,180,p047,0,100.0,53.79,58.68421052631579,1.0,0.0,1,78.0,16.0
7,180,p047,1,100.0,53.56,58.68421052631579,1.0,0.0,1,77.0,16.0
7,180,p047,2,98.61999999999999,49.309999999999995,58.888888888888886,1.0,0.0,1,72.0,16.0
7,180,p047,3,100.0,51.239999999999995,13.88888888888889,0.0,0.0,1,68.0,16.0
7,180,p047,4,89.5,44.75,58.529411764705884,1.0,0.0,1,65.0,16.0
7,180,p047,5,100.0,53.87,58.68421052631579,1.0,0.0,1,79.0,16.0
7,180,p047,6,100.0,51.47,13.88888888888889,0.0,0.0,1,69.0,16.0
7,180,p047,7,98.78,49.39,58.888888888888886,1.0,0.0,1,73.0,16.0
7,180,p047,8,100.0,51.38999999999999,13.88888888888889,0.0,0.0,1,68.0,16.0
7,180,p047,9,100.0,51.47,13.88888888888889,0.0,0.0,1,69.0,16.0
7,180,p047,10,100.0,53.87,58.68421052631579,1.0,0.0,1,79.0,16.0
7,180,p047,11,98.16,49.08,58.888888888888886,1.0,0.0,1,71.0,16.0
7,180,p047,12,98.3,49.15,58.888888888888886,1.0,0.0,1,70.0,16.0
7,180,p047,13,100.0,53.56,58.68421052631579,1.0,0.0,1,77.0,16.0
7,180,p047,14,98.46,49.23,58.888888888888886,1.0,0.0,1,71.0,16.0
7,180,p047,15,100.0,55.72,13.68421052631579,0.0,0.0,1,74.0,16.0
7,180,p048,0,98.3,49.15,58.888888888888886,1.0,0.0,1,70.0,16.0
7,180,p048,1,100.0,53.56,58.68421052631579,1.0,0.0,1,77.0,16.0
7,180,p048,2,100.0,61.79,13.0,0.0,0.0,1,78.0,16.0
7,180,p048,3,89.82,44.91,58.529411764705884,1.0,0.0,1,67.0,16.0
7,180,p048,4,100.0,53.79,58.68421052631579,1.0,0.0,1,78.0,16.0
7,180,p048,5,100.0,51.47,13.88888888888889,0.0,0.0,1,69.0,16.0
7,180,p048,6,100.0,53.87,58.68421052631579,1.0,0.0,1,79.0,16.0
7,180,p048,7,98.46,49.23,58.888888888888886,1.0,0.0,1,71.0,16.0
7,180,p048,8,98.78,49.39,58.888888888888886,1.0,0.0,1,73.0,16.0
7,180,p048,9,100.0,56.029999999999994,13.68421052631579,0.0,0.0,1,76.0,16.0
7,180,p048,10,100.0,61.64,13.0,0.0,0.0,1,78.0,16.0
7,180,p048,11,98.3,49.15,58.888888888888886,1.0,0.0,1,70.0,16.0
7,180,p048,12,100.0,53.79,58.68421052631579,1.0,0.0,1,78.0,16.0
7,180,p048,13,98.46,49.23,58.888888888888886,1.0,0.0,1,71.0,16.0
7,180,p048,14,98.78,49.39,58.888888888888886,1.0,0.0,1,73.0,16.0
7,180,p048,15,100.0,53.629999999999995,58.68421052631579,1.0,0.0,1,76.0,16.0
7,200,p037,0,100.0,53.48,58.68421052631579,1.0,0.0,1,76.0,16.0
7,200,p037,1,100.0,56.029999999999994,13.68421052631579,0.0,0.0,1,76.0,16.0
7,200,p037,2,97.52,48.76,58.888888888888886,1.0,0.0,1,67.0,16.0
7,200,p037,3,100.0,53.17,58.68421052631579,1.0,0.0,1,74.0,16.0
7,200,p037,4,27.58,13.79,98.0,1.0,1.0,0,43.0,1.0
7,200,p037,5,100.0,53.32,58.68421052631579,1.0,0.0,1,74.0,16.0
7,200,p037,6,97.52,48.76,58.888888888888886,1.0,0.0,1,67.0,16.0
7,200,p037,7,100.0,53.48,58.68421052631579,1.0,0.0,1,76.0,16.0
7,200,p037,8,100.0,53.4,58.68421052631579,1.0,0.0,1,75.0,16.0
7,200,p037,9,100.0,61.64,13.0,0.0,0.0,1,78.0,16.0
7,200,p037,10,100.0,51.47,13.88888888888889,0.0,0.0,1,69.0,16.0
7,200,p037,11,100.0,53.48,58.68421052631579,1.0,0.0,1,76.0,16.0
7,200,p037,12,100.0,55.72,13.68421052631579,0.0,0.0,1,74.0,16.0
7,200,p037,13,100.0,51.47,13.88888888888889,0.0,0.0,1,69.0,16.0
7,200,p037,14,98.0,49.0,58.888888888888886,1.0,0.0,1,70.0,16.0
7,200,p037,15,100.0,51.239999999999995,13.88888888888889,0.0,0.0,1,68.0,16.0
7,200,p038,0,100.0,53.48,58.68421052631579,1.0,0.0,1,76.0,16.0
7,200,p038,1,100.0,53.4,58.68421052631579,1.0,0.0,1,75.0,16.0
7,200,p038,2,97.84,48.92,58.888888888888886,1.0,0.0,1,69.0,16.0
7,200,p038,3,21.78,10.89,97.5,1.0,1.0,1,38.0,0.0
7,200,p038,4,97.52,48.76,58.888888888888886,1.0,0.0,1,67.0,16.0
7,200,p038,5,97.38,48.69,58.888888888888886,1.0,0.0,1,68.0,16.0
7,200,p038,6,91.3,45.65,93.88888888888889,1.0,1.0,1,80.0,16.0
7,200,p038,7,98.0,49.0,58.888888888888886,1.0,0.0,1,70.0,16.0
7,200,p038,8,100.0,55.72,13.68421052631579,0.0,0.0,1,74.0,16.0
7,200,p038,9,100.0,56.029999999999994,13.68421052631579,0.0,0.0,1,76.0,16.0
7,200,p038,10,100.0,53.17,58.68421052631579,1.0,0.0,1,74.0,16.0
7,200,p038,11,100.0,55.78999999999999,13.68421052631579,0.0,0.0,1,73.0,16.0
7,200,p038,12,34.92,17.46,100.0,1.0,1.0,1,47.0,4.0
7,200,p038,13,97.52,48.76,58.888888888888886,1.0,0.0,1,67.0,16.0
7,200,p038,14,100.0,51.47,13.88888888888889,0.0,0.0,1,69.0,16.0
7,200,p038,15,100.0,55.72,13.68421052631579,0.0,0.0,1,74.0,16.0
7,200,p039,0,97.84,48.92,58.888888888888886,1.0,0.0,1,69.0,16.0
7,200,p039,1,97.52,48.76,58.888888888888886,1.0,0.0,1,67.0,16.0
7,200,p039,2,100.0,55.949999999999996,13.68421052631579,0.0,0.0,1,75.0,16.0
7,200,p039,3,100.0,53.48,58.68421052631579,1.0,0.0,1,76.0,16.0
7,200,p039,4,97.67999999999999,48.839999999999996,58.888888888888886,1.0,0.0,1,68.0,16.0
7,200,p039,5,91.6,45.8,93.88888888888889,1.0,1.0,1,80.0,16.0
7,200,p039,6,100.0,55.72,13.68421052631579,0.0,0.0,1,74.0,16.0
7,200,p039,7,100.0,61.64,13.0,0.0,0.0,1,78.0,16.0
7,200,p039,8,100.0,53.239999999999995,58.68421052631579,1.0,0.0,1,73.0,16.0
7,200,p039,9,26.96,13.48,98.0,1.0,1.0,0,41.0,1.0
7,200,p039,10,100.0,55.72,13.68421052631579,0.0,0.0,1,74.0,16.0
7,200,p039,11,100.0,53.17,58.68421052631579,1.0,0.0,1,74.0,16.0
7,200,p039,12,97.84,48.92,58.888888888888886,1.0,0.0,1,69.0,16.0
7,200,p039,13,97.52,48.76,58.888888888888886,1.0,0.0,1,67.0,16.0
7,200,p039,14,100.0,55.78999999999999,13.68421052631579,0.0,0.0,1,73.0,16.0
7,200,p039,15,100.0,51.239999999999995,13.88888888888889,0.0,0.0,1,68.0,16.0
7,200,p040,0,97.54,48.77,93.88888888888889,1.0,1.0,1,69.0,16.0
7,200,p040,1,98.16,49.08,93.88888888888889,1.0,1.0,1,71.0,16.0
7,200,p040,2,100.0,61.87,13.0,0.0,0.0,1,79.0,16.0
7,200,p040,3,98.16,49.08,93.88888888888889,1.0,1.0,1,71.0,16.0
7,200,p040,4,100.0,51.309999999999995,13.88888888888889,0.0,0.0,1,67.0,16.0
7,200,p040,5,100.0,61.64,13.0,0.0,0.0,1,78.0,16.0
7,200,p040,6,100.0,55.78999999999999,13.68421052631579,0.0,0.0,1,73.0,16.0
7,200,p040,7,100.0,53.48,93.6842105263158,1.0,1.0,1,76.0,16.0
7,200,p040,8,100.0,53.32,93.6842105263158,1.0,1.0,1,74.0,16.0
7,200,p040,9,94.13999999999999,47.06999999999999,13.529411764705882,0.0,0.0,1,64.0,16.0
7,200,p040,10,100.0,53.25,93.6842105263158,1.0,1.0,1,75.0,16.0
7,200,p040,11,100.0,53.56,93.6842105263158,1.0,1.0,1,77.0,16.0
7,200,p040,12,100.0,51.55,13.88888888888889,0.0,0.0,1,70.0,16.0
7,200,p040,13,100.0,53.4,93.6842105263158,1.0,1.0,1,75.0,16.0
7,200,p040,14,100.0,56.029999999999994,13.68421052631579,0.0,0.0,1,76.0,16.0
7,200,p040,15,98.16,49.08,93.88888888888889,1.0,1.0,1,71.0,16.0
7,200,p041,0,100.0,53.25,93.6842105263158,1.0,1.0,1,75.0,16.0
7,200,p041,1,100.0,53.4,93.6842105263158,1.0,1.0,1,75.0,16.0
7,200,p041,2,100.0,61.64,13.0,0.0,0.0,1,78.0,16.0
7,200,p041,3,100.0,55.949999999999996,13.68421052631579,0.0,0.0,1,75.0,16.0
7,200,p041,4,100.0,53.32,93.6842105263158,1.0,1.0,1,74.0,16.0
7,200,p041,5,100.0,53.25,93.6842105263158,1.0,1.0,1,75.0,16.0
7,200,p041,6,91.44,45.72,93.88888888888889,1.0,1.0,1,79.0,16.0
7,200,p041,7,43.72,21.86,98.75,1.0,1.0,1,52.0,4.0
7,200,p041,8,91.44,45.72,93.88888888888889,1.0,1.0,1,79.0,16.0
7,200,p041,9,91.44,45.72,93.88888888888889,1.0,1.0,1,79.0,16.0
7,200,p041,10,100.0,53.4,93.6842105263158,1.0,1.0,1,75.0,16.0
7,200,p041,11,100.0,55.78999999999999,13.68421052631579,0.0,0.0,1,73.0,16.0
7,200,p041,12,98.16,49.08,93.88888888888889,1.0,1.0,1,71.0,16.0
7,200,p041,13,100.0,53.32,93.6842105263158,1.0,1.0,1,74.0,16.0
7,200,p041,14,100.0,51.38999999999999,13.88888888888889,0.0,0.0,1,68.0,16.0
7,200,p041,15,100.0,53.48,93.6842105263158,1.0,1.0,1,76.0,16.0
7,200,p042,0,100.0,51.47,13.88888888888889,0.0,0.0,1,69.0,16.0
7,200,p042,1,100.0,53.32,93.6842105263158,1.0,1.0,1,74.0,16.0
7,200,p042,2,97.67999999999999,48.839999999999996,93.88888888888889,1.0,1.0,1,68.0,16.0
7,200,p042,3,100.0,51.47,13.88888888888889,0.0,0.0,1,69.0,16.0
7,200,p042,4,100.0,53.56,93.6842105263158,1.0,1.0,1,77.0,16.0
7,200,p042,5,100.0,55.78999999999999,13.68421052631579,0.0,0.0,1,73.0,16.0
7,200,p042,6,97.84,48.92,93.88888888888889,1.0,1.0,1,69.0,16.0
7,200,p042,7,100.0,55.87,13.68421052631579,0.0,0.0,1,74.0,16.0
7,200,p042,8,98.16,49.08,93.88888888888889,1.0,1.0,1,71.0,16.0
7,200,p042,9,100.0,53.56,93.6842105263158,1.0,1.0,1,77.0,16.0
7,200,p042,10,100.0,55.87,13.68421052631579,0.0,0.0,1,74.0,16.0
7,200,p042,11,100.0,53.48,93.6842105263158,1.0,1.0,1,76.0,16.0
7,200,p042,12,100.0,53.25,93.6842105263158,1.0,1.0,1,75.0,16.0
7,200,p042,13,97.54,48.77,93.88888888888889,1.0,1.0,1,69.0,16.0
7,200,p042,14,91.6,45.8,93.88888888888889,1.0,1.0,1,80.0,16.0
7,200,p042,15,100.0,53.25,93.6842105263158,1.0,1.0,1,75.0,16.0
7,200,p043,0,98.16,49.08,58.888888888888886,1.0,0.0,1,71.0,16.0
7,200,p043,1,97.86,48.93,58.888888888888886,1.0,0.0,1,71.0,16.0
7,200,p043,2,98.0,49.0,58.888888888888886,1.0,0.0,1,70.0,16.0
7,200,p043,3,100.0,56.029999999999994,13.68421052631579,0.0,0.0,1,76.0,16.0
7,200,p043,4,100.0,53.41,58.68421052631579,1.0,0.0,1,77.0,16.0
7,200,p043,5,93.97999999999999,46.989999999999995,13.529411764705882,0.0,0.0,1,63.0,16.0
7,200,p043,6,100.0,55.949999999999996,13.68421052631579,0.0,0.0,1,75.0,16.0
7,200,p043,7,100.0,55.78999999999999,13.68421052631579,0.0,0.0,1,73.0,16.0
7,200,p043,8,100.0,53.56,58.68421052631579,1.0,0.0,1,77.0,16.0
7,200,p043,9,100.0,55.949999999999996,13.68421052631579,0.0,0.0,1,75.0,16.0
7,200,p043,10,100.0,51.239999999999995,13.88888888888889,0.0,0.0,1,68.0,16.0
7,200,p043,11,88.9,44.45,58.529411764705884,1.0,0.0,1,65.0,16.0
7,200,p043,12,100.0,61.709999999999994,13.0,0.0,0.0,1,77.0,16.0
7,200,p043,13,100.0,53.48,58.68421052631579,1.0,0.0,1,76.0,16.0
7,200,p043,14,100.0,53.41,58.68421052631579,1.0,0.0,1,77.0,16.0
7,200,p043,15,100.0,53.48,58.68421052631579,1.0,0.0,1,76.0,16.0
7,200,p044,0,100.0,55.78999999999999,13.68421052631579,0.0,0.0,1,73.0,16.0
7,200,p044,1,100.0,55.72,13.68421052631579,0.0,0.0,1,74.0,16.0
7,200,p044,2,98.16,49.08,58.888888888888886,1.0,0.0,1,71.0,16.0
7,200,p044,3,100.0,55.78999999999999,13.68421052631579,0.0,0.0,1,73.0,16.0
7,200,p044,4,98.47999999999999,49.239999999999995,58.888888888888886,1.0,0.0,1,73.0,16.0
7,200,p044,5,100.0,55.78999999999999,13.68421052631579,0.0,0.0,1,73.0,16.0
7,200,p044,6,100.0,53.64,58.68421052631579,1.0,0.0,1,78.0,16.0
7,200,p044,7,89.36,44.68,58.529411764705884,1.0,0.0,1,66.0,16.0
7,200,p044,8,27.74,13.87,98.0,1.0,1.0,0,44.0,1.0
7,200,p044,9,98.47999999999999,49.239999999999995,58.888888888888886,1.0,0.0,1,73.0,16.0
7,200,p044,10,100.0,53.41,58.68421052631579,1.0,0.0,1,77.0,16.0
7,200,p044,11,98.47999999999999,49.239999999999995,58.888888888888886,1.0,0.0,1,73.0,16.0
7,200,p044,12,100.0,53.64,58.68421052631579,1.0,0.0,1,78.0,16.0
7,200,p044,13,98.32,49.16,58.888888888888886,1.0,0.0,1,72.0,16.0
7,200,p044,14,100.0,53.64,58.68421052631579,1.0,0.0,1,78.0,16.0
7,200,p044,15,45.62,22.81,18.57142857142857,0.0,0.0,1,32.0,4.0
7,200,p045,0,98.32,49.16,58.888888888888886,1.0,0.0,1,72.0,16.0
7,200,p045,1,98.16,49.08,58.888888888888886,1.0,0.0,1,71.0,16.0
7,200,p045,2,100.0,55.78999999999999,13.68421052631579,0.0,0.0,1,73.0,16.0
7,200,p045,3,100.0,53.72,58.68421052631579,1.0,0.0,1,79.0,16.0
7,200,p045,4,98.0,49.0,58.888888888888886,1.0,0.0,1,70.0,16.0
7,200,p045,5,100.0,61.709999999999994,13.0,0.0,0.0,1,77.0,16.0
7,200,p045,6,100.0,53.64,58.68421052631579,1.0,0.0,1,78.0,16.0
7,200,p045,7,100.0,53.64,58.68421052631579,1.0,0.0,1,78.0,16.0
7,200,p045,8,100.0,61.79,13.0,0.0,0.0,1,78.0,16.0
7,200,p045,9,100.0,55.78999999999999,13.68421052631579,0.0,0.0,1,73.0,16.0
7,200,p045,10,100.0,53.64,58.68421052631579,1.0,0.0,1,78.0,16.0
7,200,p045,11,100.0,53.56,58.68421052631579,1.0,0.0,1,77.0,16.0
7,200,p045,12,100.0,51.309999999999995,13.88888888888889,0.0,0.0,1,67.0,16.0
7,200,p045,13,93.66,46.83,13.529411764705882,0.0,0.0,1,61.0,16.0
7,200,p045,14,89.2,44.6,58.529411764705884,1.0,0.0,1,65.0,16.0
7,200,p045,15,100.0,51.38999999999999,13.88888888888889,0.0,0.0,1,68.0,16.0
7,200,p046,0,100.0,53.709999999999994,58.68421052631579,1.0,0.0,1,77.0,16.0
7,200,p046,1,100.0,51.309999999999995,13.88888888888889,0.0,0.0,1,67.0,16.0
7,200,p046,2,100.0,53.79,58.68421052631579,1.0,0.0,1,78.0,16.0
7,200,p046,3,89.82,44.91,58.529411764705884,1.0,0.0,1,67.0,16.0
7,200,p046,4,100.0,55.87,13.68421052631579,0.0,0.0,1,74.0,16.0
7,200,p046,5,100.0,55.72,13.68421052631579,0.0,0.0,1,74.0,16.0
7,200,p046,6,100.0,55.87,13.68421052631579,0.0,0.0,1,74.0,16.0
7,200,p046,7,89.33999999999999,44.669999999999995,58.529411764705884,1.0,0.0,1,64.0,16.0
7,200,p046,8,100.0,53.629999999999995,58.68421052631579,1.0,0.0,1,76.0,16.0
7,200,p046,9,100.0,55.949999999999996,13.68421052631579,0.0,0.0,1,75.0,16.0
7,200,p046,10,89.66,44.83,58.529411764705884,1.0,0.0,1,66.0,16.0
7,200,p046,11,100.0,55.78999999999999,13.68421052631579,0.0,0.0,1,73.0,16.0
7,200,p046,12,100.0,55.72,13.68421052631579,0.0,0.0,1,74.0,16.0
7,200,p046,13,98.78,49.39,58.888888888888886,1.0,0.0,1,73.0,16.0
7,200,p046,14,100.0,51.309999999999995,13.88888888888889,0.0,0.0,1,67.0,16.0
7,200,p046,15,100.0,51.47,13.88888888888889,0.0,0.0,1,69.0,16.0
7,200,p047,0,100.0,55.949999999999996,13.68421052631579,0.0,0.0,1,75.0,16.0
7,200,p047,1,100.0,53.56,58.68421052631579,1.0,0.0,1,77.0,16.0
7,200,p047,2,100.0,53.79,58.68421052631579,1.0,0.0,1,78.0,16.0
7,200,p047,3,100.0,51.239999999999995,13.88888888888889,0.0,0.0,1,68.0,16.0
7,200,p047,4,89.5,44.75,58.529411764705884,1.0,0.0,1,65.0,16.0
7,200,p047,5,100.0,53.87,58.68421052631579,1.0,0.0,1,79.0,16.0
7,200,p047,6,100.0,55.949999999999996,13.68421052631579,0.0,0.0,1,75.0,16.0
7,200,p047,7,98.78,49.39,58.888888888888886,1.0,0.0,1,73.0,16.0
7,200,p047,8,100.0,51.38999999999999,13.88888888888889,0.0,0.0,1,68.0,16.0
7,200,p047,9,100.0,55.949999999999996,13.68421052631579,0.0,0.0,1,75.0,16.0
7,200,p047,10,100.0,53.87,58.68421052631579,1.0,0.0,1,79.0,16.0
7,200,p047,11,100.0,53.56,58.68421052631579,1.0,0.0,1,77.0,16.0
7,200,p047,12,100.0,53.629999999999995,58.68421052631579,1.0,0.0,1,76.0,16.0
7,200,p047,13,100.0,53.56,58.68421052631579,1.0,0.0,1,77.0,16.0
7,200,p047,14,98.46,49.23,58.888888888888886,1.0,0.0,1,71.0,16.0
7,200,p047,15,100.0,55.72,13.68421052631579,0.0,0.0,1,74.0,16.0
7,200,p048,0,98.3,49.15,58.888888888888886,1.0,0.0,1,70.0,16.0
7,200,p048,1,100.0,53.56,58.68421052631579,1.0,0.0,1,77.0,16.0
7,200,p048,2,100.0,61.79,13.0,0.0,0.0,1,78.0,16.0
7,200,p048,3,98.78,49.39,58.888888888888886,1.0,0.0,1,73.0,16.0
7,200,p048,4,100.0,53.79,58.68421052631579,1.0,0.0,1,78.0,16.0
7,200,p048,5,100.0,51.47,13.88888888888889,0.0,0.0,1,69.0,16.0
7,200,p048,6,100.0,53.87,58.68421052631579,1.0,0.0,1,79.0,16.0
7,200,p048,7,98.46,49.23,58.888888888888886,1.0,0.0,1,71.0,16.0
7,200,p048,8,100.0,53.87,58.68421052631579,1.0,0.0,1,79.0,16.0
7,200,p048,9,100.0,56.029999999999994,13.68421052631579,0.0,0.0,1,76.0,16.0
7,200,p048,10,100.0,61.64,13.0,0.0,0.0,1,78.0,16.0
7,200,p048,11,98.3,49.15,58.888888888888886,1.0,0.0,1,70.0,16.0
7,200,p048,12,100.0,53.79,58.68421052631579,1.0,0.0,1,78.0,16.0
7,200,p048,13,98.46,49.23,58.888888888888886,1.0,0.0,1,71.0,16.0
7,200,p048,14,98.78,49.39,58.888888888888886,1.0,0.0,1,73.0,16.0
7,200,p048,15,100.0,55.78999999999999,13.68421052631579,0.0,0.0,1,73.0,16.0
7,220,p037,0,100.0,56.029999999999994,13.68421052631579,0.0,0.0,1,76.0,16.0
7,220,p037,1,100.0,56.029999999999994,13.68421052631579,0.0,0.0,1,76.0,16.0
7,220,p037,2,97.52,48.76,58.888888888888886,1.0,0.0,1,67.0,16.0
7,220,p037,3,100.0,53.17,58.68421052631579,1.0,0.0,1,74.0,16.0
7,220,p037,4,33.06,16.53,98.33333333333333,1.0,1.0,0,46.0,2.0
7,220,p037,5,100.0,53.32,58.68421052631579,1.0,0.0,1,74.0,16.0
7,220,p037,6,100.0,53.239999999999995,58.68421052631579,1.0,0.0,1,73.0,16.0
7,220,p037,7,100.0,53.48,58.68421052631579,1.0,0.0,1,76.0,16.0
7,220,p037,8,100.0,53.4,58.68421052631579,1.0,0.0,1,75.0,16.0
7,220,p037,9,100.0,61.64,13.0,0.0,0.0,1,78.0,16.0
7,220,p037,10,100.0,55.949999999999996,13.68421052631579,0.0,0.0,1,75.0,16.0
7,220,p037,11,100.0,53.48,58.68421052631579,1.0,0.0,1,76.0,16.0
7,220,p037,12,100.0,55.72,13.68421052631579,0.0,0.0,1,74.0,16.0
7,220,p037,13,100.0,55.949999999999996,13.68421052631579,0.0,0.0,1,75.0,16.0
7,220,p037,14,100.0,53.48,58.68421052631579,1.0,0.0,1,76.0,16.0
7,220,p037,15,100.0,51.239999999999995,13.88888888888889,0.0,0.0,1,68.0,16.0
7,220,p038,0,100.0,53.48,58.68421052631579,1.0,0.0,1,76.0,16.0
7,220,p038,1,100.0,53.4,58.68421052631579,1.0,0.0,1,75.0,16.0
7,220,p038,2,97.84,48.92,58.888888888888886,1.0,0.0,1,69.0,16.0
7,220,p038,3,26.96,13.48,98.0,1.0,1.0,0,41.0,1.0
7,220,p038,4,97.52,48.76,58.888888888888886,1.0,0.0,1,67.0,16.0
7,220,p038,5,97.38,48.69,58.888888888888886,1.0,0.0,1,68.0,16.0
7,220,p038,6,91.3,45.65,93.88888888888889,1.0,1.0,1,80.0,16.0
7,220,p038,7,100.0,53.48,58.68421052631579,1.0,0.0,1,76.0,16.0
7,220,p038,8,100.0,55.72,13.68421052631579,0.0,0.0,1,74.0,16.0
7,220,p038,9,100.0,56.029999999999994,13.68421052631579,0.0,0.0,1,76.0,16.0
7,220,p038,10,100.0,53.17,58.68421052631579,1.0,0.0,1,74.0,16.0
7,220,p038,11,100.0,55.78999999999999,13.68421052631579,0.0,0.0,1,73.0,16.0
7,220,p038,12,34.92,17.46,100.0,1.0,1.0,1,47.0,4.0
7,220,p038,13,97.52,48.76,58.888888888888886,1.0,0.0,1,67.0,16.0
7,220,p038,14,100.0,51.47,13.88888888888889,0.0,0.0,1,69.0,16.0
7,220,p038,15,100.0,55.72,13.68421052631579,0.0,0.0,1,74.0,16.0
7,220,p039,0,100.0,51.47,13.88888888888889,0.0,0.0,1,69.0,16.0
7,220,p039,1,97.52,48.76,58.888888888888886,1.0,0.0,1,67.0,16.0
7,220,p039,2,100.0,55.949999999999996,13.68421052631579,0.0,0.0,1,75.0,16.0
7,220,p039,3,100.0,53.48,58.68421052631579,1.0,0.0,1,76.0,16.0
7,220,p039,4,100.0,53.32,58.68421052631579,1.0,0.0,1,74.0,16.0
7,220,p039,5,91.6,45.8,93.88888888888889,1.0,1.0,1,80.0,16.0
7,220,p039,6,100.0,55.72,13.68421052631579,0.0,0.0,1,74.0,16.0
7,220,p039,7,100.0,61.64,13.0,0.0,0.0,1,78.0,16.0
7,220,p039,8,100.0,53.239999999999995,58.68421052631579,1.0,0.0,1,73.0,16.0
7,220,p039,9,32.6,16.3,98.33333333333333,1.0,1.0,0,45.0,2.0
7,220,p039,10,100.0,55.72,13.68421052631579,0.0,0.0,1,74.0,16.0
7,220,p039,11,100.0,53.17,58.68421052631579,1.0,0.0,1,74.0,16.0
7,220,p039,12,100.0,53.4,58.68421052631579,1.0,0.0,1,75.0,16.0
7,220,p039,13,97.52,48.76,58.888888888888886,1.0,0.0,1,67.0,16.0
7,220,p039,14,100.0,55.78999999999999,13.68421052631579,0.0,0.0,1,73.0,16.0
7,220,p039,15,100.0,55.72,13.68421052631579,0.0,0.0,1,74.0,16.0
7,220,p040,0,97.54,48.77,93.88888888888889,1.0,1.0,1,69.0,16.0
7,220,p040,1,100.0,53.56,93.6842105263158,1.0,1.0,1,77.0,16.0
7,220,p040,2,100.0,61.87,13.0,0.0,0.0,1,79.0,16.0
7,220,p040,3,98.16,49.08,93.88888888888889,1.0,1.0,1,71.0,16.0
7,220,p040,4,100.0,51.309999999999995,13.88888888888889,0.0,0.0,1,67.0,16.0
7,220,p040,5,100.0,61.64,13.0,0.0,0.0,1,78.0,16.0
7,220,p040,6,100.0,55.78999999999999,13.68421052631579,0.0,0.0,1,73.0,16.0
7,220,p040,7,100.0,55.949999999999996,13.68421052631579,0.0,0.0,1,75.0,16.0
7,220,p040,8,100.0,53.32,93.6842105263158,1.0,1.0,1,74.0,16.0
7,220,p040,9,94.13999999999999,47.06999999999999,13.529411764705882,0.0,0.0,1,64.0,16.0
7,220,p040,10,100.0,53.25,93.6842105263158,1.0,1.0,1,75.0,16.0
7,220,p040,11,100.0,53.56,93.6842105263158,1.0,1.0,1,77.0,16.0
7,220,p040,12,100.0,56.029999999999994,13.68421052631579,0.0,0.0,1,76.0,16.0
7,220,p040,13,100.0,53.4,93.6842105263158,1.0,1.0,1,75.0,16.0
7,220,p040,14,100.0,56.029999999999994,13.68421052631579,0.0,0.0,1,76.0,16.0
7,220,p040,15,98.16,49.08,93.88888888888889,1.0,1.0,1,71.0,16.0
7,220,p041,0,100.0,53.25,93.6842105263158,1.0,1.0,1,75.0,16.0
7,220,p041,1,100.0,53.4,93.6842105263158,1.0,1.0,1,75.0,16.0
7,220,p041,2,100.0,61.64,13.0,0.0,0.0,1,78.0,16.0
7,220,p041,3,100.0,55.949999999999996,13.68421052631579,0.0,0.0,1,75.0,16.0
7,220,p041,4,100.0,53.32,93.6842105263158,1.0,1.0,1,74.0,16.0
7,220,p041,5,100.0,53.25,93.6842105263158,1.0,1.0,1,75.0,16.0
7,220,p041,6,91.44,45.72,93.88888888888889,1.0,1.0,1,79.0,16.0
7,220,p041,7,65.34,32.67,96.66666666666667,1.0,1.0,1,64.0,8.0
7,220,p041,8,91.44,45.72,93.88888888888889,1.0,1.0,1,79.0,16.0
7,220,p041,9,91.44,45.72,93.88888888888889,1.0,1.0,1,79.0,16.0
7,220,p041,10,100.0,53.4,93.6842105263158,1.0,1.0,1,75.0,16.0
7,220,p041,11,100.0,55.78999999999999,13.68421052631579,0.0,0.0,1,73.0,16.0
7,220,p041,12,100.0,56.029999999999994,13.68421052631579,0.0,0.0,1,76.0,16.0
7,220,p041,13,100.0,53.32,93.6842105263158,1.0,1.0,1,74.0,16.0
7,220,p041,14,100.0,55.87,13.68421052631579,0.0,0.0,1,74.0,16.0
7,220,p041,15,100.0,53.48,93.6842105263158,1.0,1.0,1,76.0,16.0
7,220,p042,0,100.0,51.47,13.88888888888889,0.0,0.0,1,69.0,16.0
7,220,p042,1,100.0,53.32,93.6842105263158,1.0,1.0,1,74.0,16.0
7,220,p042,2,97.67999999999999,48.839999999999996,93.88888888888889,1.0,1.0,1,68.0,16.0
7,220,p042,3,100.0,51.47,13.88888888888889,0.0,0.0,1,69.0,16.0
7,220,p042,4,100.0,53.56,93.6842105263158,1.0,1.0,1,77.0,16.0
7,220,p042,5,100.0,55.78999999999999,13.68421052631579,0.0,0.0,1,73.0,16.0
7,220,p042,6,97.84,48.92,93.88888888888889,1.0,1.0,1,69.0,16.0
7,220,p042,7,100.0,55.87,13.68421052631579,0.0,0.0,1,74.0,16.0
7,220,p042,8,98.16,49.08,93.88888888888889,1.0,1.0,1,71.0,16.0
7,220,p042,9,100.0,53.56,93.6842105263158,1.0,1.0,1,77.0,16.0
7,220,p042,10,100.0,55.87,13.68421052631579,0.0,0.0,1,74.0,16.0
7,220,p042,11,100.0,53.48,93.6842105263158,1.0,1.0,1,76.0,16.0
7,220,p042,12,100.0,53.25,93.6842105263158,1.0,1.0,1,75.0,16.0
7,220,p042,13,97.54,48.77,93.88888888888889,1.0,1.0,1,69.0,16.0
7,220,p042,14,91.6,45.8,93.88888888888889,1.0,1.0,1,80.0,16.0
7,220,p042,15,100.0,53.25,93.6842105263158,1.0,1.0,1,75.0,16.0
7,220,p043,0,100.0,51.38999999999999,13.88888888888889,0.0,0.0,1,68.0,16.0
7,220,p043,1,97.86,48.93,58.888888888888886,1.0,0.0,1,71.0,16.0
7,220,p043,2,98.0,49.0,58.888888888888886,1.0,0.0,1,70.0,16.0
7,220,p043,3,100.0,56.029999999999994,13.68421052631579,0.0,0.0,1,76.0,16.0
7,220,p043,4,100.0,53.41,58.68421052631579,1.0,0.0,1,77.0,16.0
7,220,p043,5,93.97999999999999,46.989999999999995,13.529411764705882,0.0,0.0,1,63.0,16.0
7,220,p043,6,100.0,55.949999999999996,13.68421052631579,0.0,0.0,1,75.0,16.0
7,220,p043,7,100.0,55.78999999999999,13.68421052631579,0.0,0.0,1,73.0,16.0
7,220,p043,8,100.0,53.56,58.68421052631579,1.0,0.0,1,77.0,16.0
7,220,p043,9,100.0,55.949999999999996,13.68421052631579,0.0,0.0,1,75.0,16.0
7,220,p043,10,100.0,51.239999999999995,13.88888888888889,0.0,0.0,1,68.0,16.0
7,220,p043,11,88.9,44.45,58.529411764705884,1.0,0.0,1,65.0,16.0
7,220,p043,12,100.0,61.709999999999994,13.0,0.0,0.0,1,77.0,16.0
7,220,p043,13,100.0,53.48,58.68421052631579,1.0,0.0,1,76.0,16.0
7,220,p043,14,100.0,55.72,13.68421052631579,0.0,0.0,1,74.0,16.0
7,220,p043,15,100.0,53.48,58.68421052631579,1.0,0.0,1,76.0,16.0
7,220,p044,0,100.0,55.78999999999999,13.68421052631579,0.0,0.0,1,73.0,16.0
7,220,p044,1,100.0,55.72,13.68421052631579,0.0,0.0,1,74.0,16.0
7,220,p044,2,98.16,49.08,58.888888888888886,1.0,0.0,1,71.0,16.0
7,220,p044,3,100.0,55.78999999999999,13.68421052631579,0.0,0.0,1,73.0,16.0
7,220,p044,4,98.47999999999999,49.239999999999995,58.888888888888886,1.0,0.0,1,73.0,16.0
7,220,p044,5,100.0,55.78999999999999,13.68421052631579,0.0,0.0,1,73.0,16.0
7,220,p044,6,100.0,53.64,58.68421052631579,1.0,0.0,1,78.0,16.0
7,220,p044,7,93.97999999999999,46.989999999999995,13.529411764705882,0.0,0.0,1,63.0,16.0
7,220,p044,8,33.54,16.77,98.33333333333333,1.0,1.0,1,49.0,2.0
7,220,p044,9,100.0,53.72,58.68421052631579,1.0,0.0,1,79.0,16.0
7,220,p044,10,100.0,53.41,58.68421052631579,1.0,0.0,1,77.0,16.0
7,220,p044,11,98.47999999999999,49.239999999999995,58.888888888888886,1.0,0.0,1,73.0,16.0
7,220,p044,12,100.0,53.64,58.68421052631579,1.0,0.0,1,78.0,16.0
7,220,p044,13,98.32,49.16,58.888888888888886,1.0,0.0,1,72.0,16.0
7,220,p044,14,100.0,53.64,58.68421052631579,1.0,0.0,1,78.0,16.0
7,220,p044,15,67.39999999999999,33.699999999999996,16.363636363636363,0.0,0.0,1,45.0,8.0
7,220,p045,0,98.32,49.16,58.888888888888886,1.0,0.0,1,72.0,16.0
7,220,p045,1,98.16,49.08,58.888888888888886,1.0,0.0,1,71.0,16.0
7,220,p045,2,100.0,55.78999999999999,13.68421052631579,0.0,0.0,1,73.0,16.0
7,220,p045,3,100.0,53.72,58.68421052631579,1.0,0.0,1,79.0,16.0
7,220,p045,4,100.0,53.48,58.68421052631579,1.0,0.0,1,76.0,16.0
7,220,p045,5,100.0,61.709999999999994,13.0,0.0,0.0,1,77.0,16.0
7,220,p045,6,100.0,53.64,58.68421052631579,1.0,0.0,1,78.0,16.0
7,220,p045,7,100.0,53.64,58.68421052631579,1.0,0.0,1,78.0,16.0
7,220,p045,8,100.0,61.79,13.0,0.0,0.0,1,78.0,16.0
7,220,p045,9,100.0,55.78999999999999,13.68421052631579,0.0,0.0,1,73.0,16.0
7,220,p045,10,100.0,53.64,58.68421052631579,1.0,0.0,1,78.0,16.0
7,220,p045,11,100.0,55.87,13.68421052631579,0.0,0.0,1,74.0,16.0
7,220,p045,12,100.0,51.309999999999995,13.88888888888889,0.0,0.0,1,67.0,16.0
7,220,p045,13,100.0,51.309999999999995,13.88888888888889,0.0,0.0,1,67.0,16.0
7,220,p045,14,89.2,44.6,58.529411764705884,1.0,0.0,1,65.0,16.0
7,220,p045,15,100.0,51.38999999999999,13.88888888888889,0.0,0.0,1,68.0,16.0
7,220,p046,0,100.0,53.709999999999994,58.68421052631579,1.0,0.0,1,77.0,16.0
7,220,p046,1,100.0,51.309999999999995,13.88888888888889,0.0,0.0,1,67.0,16.0
7,220,p046,2,100.0,53.79,58.68421052631579,1.0,0.0,1,78.0,16.0
7,220,p046,3,89.82,44.91,58.529411764705884,1.0,0.0,1,67.0,16.0
7,220,p046,4,100.0,55.87,13.68421052631579,0.0,0.0,1,74.0,16.0
7,220,p046,5,100.0,55.72,13.68421052631579,0.0,0.0,1,74.0,16.0
7,220,p046,6,100.0,55.87,13.68421052631579,0.0,0.0,1,74.0,16.0
7,220,p046,7,89.33999999999999,44.669999999999995,58.529411764705884,1.0,0.0,1,64.0,16.0
7,220,p046,8,100.0,53.629999999999995,58.68421052631579,1.0,0.0,1,76.0,16.0
7,220,p046,9,100.0,55.949999999999996,13.68421052631579,0.0,0.0,1,75.0,16.0
7,220,p046,10,89.66,44.83,58.529411764705884,1.0,0.0,1,66.0,16.0
7,220,p046,11,100.0,55.78999999999999,13.68421052631579,0.0,0.0,1,73.0,16.0
7,220,p046,12,100.0,55.72,13.68421052631579,0.0,0.0,1,74.0,16.0
7,220,p046,13,100.0,53.87,58.68421052631579,1.0,0.0,1,79.0,16.0
7,220,p046,14,100.0,51.309999999999995,13.88888888888889,0.0,0.0,1,67.0,16.0
7,220,p046,15,100.0,51.47,13.88888888888889,0.0,0.0,1,69.0,16.0
7,220,p047,0,100.0,55.949999999999996,13.68421052631579,0.0,0.0,1,75.0,16.0
7,220,p047,1,100.0,53.56,58.68421052631579,1.0,0.0,1,77.0,16.0
7,220,p047,2,100.0,53.79,58.68421052631579,1.0,0.0,1,78.0,16.0
7,220,p047,3,100.0,51.239999999999995,13.88888888888889,0.0,0.0,1,68.0,16.0
7,220,p047,4,98.46,49.23,58.888888888888886,1.0,0.0,1,71.0,16.0
7,220,p047,5,100.0,61.949999999999996,13.0,0.0,0.0,1,80.0,16.0
7,220,p047,6,100.0,55.949999999999996,13.68421052631579,0.0,0.0,1,75.0,16.0
7,220,p047,7,98.78,49.39,58.888888888888886,1.0,0.0,1,73.0,16.0
7,220,p047,8,100.0,51.38999999999999,13.88888888888889,0.0,0.0,1,68.0,16.0
7,220,p047,9,100.0,55.949999999999996,13.68421052631579,0.0,0.0,1,75.0,16.0
7,220,p047,10,100.0,56.029999999999994,13.68421052631579,0.0,0.0,1,76.0,16.0
7,220,p047,11,100.0,53.56,58.68421052631579,1.0,0.0,1,77.0,16.0
7,220,p047,12,100.0,55.78999999999999,13.68421052631579,0.0,0.0,1,73.0,16.0
7,220,p047,13,100.0,53.56,58.68421052631579,1.0,0.0,1,77.0,16.0
7,220,p047,14,100.0,53.709999999999994,58.68421052631579,1.0,0.0,1,77.0,16.0
7,220,p047,15,100.0,55.72,13.68421052631579,0.0,0.0,1,74.0,16.0
7,220,p048,0,98.3,49.15,58.888888888888886,1.0,0.0,1,70.0,16.0
7,220,p048,1,100.0,53.56,58.68421052631579,1.0,0.0,1,77.0,16.0
7,220,p048,2,100.0,61.79,13.0,0.0,0.0,1,78.0,16.0
7,220,p048,3,98.78,49.39,58.888888888888886,1.0,0.0,1,73.0,16.0
7,220,p048,4,100.0,55.949999999999996,13.68421052631579,0.0,0.0,1,75.0,16.0
7,220,p048,5,100.0,55.949999999999996,13.68421052631579,0.0,0.0,1,75.0,16.0
7,220,p048,6,100.0,53.87,58.68421052631579,1.0,0.0,1,79.0,16.0
7,220,p048,7,100.0,53.709999999999994,58.68421052631579,1.0,0.0,1,77.0,16.0
7,220,p048,8,100.0,53.87,58.68421052631579,1.0,0.0,1,79.0,16.0
7,220,p048,9,100.0,56.029999999999994,13.68421052631579,0.0,0.0,1,76.0,16.0
7,220,p048,10,100.0,61.64,13.0,0.0,0.0,1,78.0,16.0
7,220,p048,11,98.3,49.15,58.888888888888886,1.0,0.0,1,70.0,16.0
7,220,p048,12,100.0,53.79,58.68421052631579,1.0,0.0,1,78.0,16.0
7,220,p048,13,98.46,49.23,58.888888888888886,1.0,0.0,1,71.0,16.0
7,220,p048,14,100.0,53.87,58.68421052631579,1.0,0.0,1,79.0,16.0
7,220,p048,15,100.0,55.78999999999999,13.68421052631579,0.0,0.0,1,73.0,16.0
7,240,p037,0,100.0,56.029999999999994,13.68421052631579,0.0,0.0,1,76.0,16.0
7,240,p037,1,100.0,56.029999999999994,13.68421052631579,0.0,0.0,1,76.0,16.0
7,240,p037,2,97.52,48.76,58.888888888888886,1.0,0.0,1,67.0,16.0
7,240,p037,3,100.0,53.17,58.68421052631579,1.0,0.0,1,74.0,16.0
7,240,p037,4,33.06,16.53,98.33333333333333,1.0,1.0,0,46.0,2.0
7,240,p037,5,100.0,53.32,58.68421052631579,1.0,0.0,1,74.0,16.0
7,240,p037,6,100.0,53.239999999999995,58.68421052631579,1.0,0.0,1,73.0,16.0
7,240,p037,7,100.0,53.48,58.68421052631579,1.0,0.0,1,76.0,16.0
7,240,p037,8,100.0,53.4,58.68421052631579,1.0,0.0,1,75.0,16.0
7,240,p037,9,100.0,61.64,13.0,0.0,0.0,1,78.0,16.0
7,240,p037,10,100.0,55.949999999999996,13.68421052631579,0.0,0.0,1,75.0,16.0
7,240,p037,11,100.0,53.48,58.68421052631579,1.0,0.0,1,76.0,16.0
7,240,p037,12,100.0,55.72,13.68421052631579,0.0,0.0,1,74.0,16.0
7,240,p037,13,100.0,55.949999999999996,13.68421052631579,0.0,0.0,1,75.0,16.0
7,240,p037,14,100.0,56.029999999999994,13.68421052631579,0.0,0.0,1,76.0,16.0
7,240,p037,15,100.0,51.239999999999995,13.88888888888889,0.0,0.0,1,68.0,16.0
7,240,p038,0,100.0,53.48,58.68421052631579,1.0,0.0,1,76.0,16.0
7,240,p038,1,100.0,53.4,58.68421052631579,1.0,0.0,1,75.0,16.0
7,240,p038,2,97.84,48.92,58.888888888888886,1.0,0.0,1,69.0,16.0
7,240,p038,3,26.96,13.48,98.0,1.0,1.0,0,41.0,1.0
7,240,p038,4,100.0,53.239999999999995,58.68421052631579,1.0,0.0,1,73.0,16.0
7,240,p038,5,97.38,48.69,58.888888888888886,1.0,0.0,1,68.0,16.0
7,240,p038,6,91.3,45.65,93.88888888888889,1.0,1.0,1,80.0,16.0
7,240,p038,7,100.0,53.48,58.68421052631579,1.0,0.0,1,76.0,16.0
7,240,p038,8,100.0,55.72,13.68421052631579,0.0,0.0,1,74.0,16.0
7,240,p038,9,100.0,56.029999999999994,13.68421052631579,0.0,0.0,1,76.0,16.0
7,240,p038,10,100.0,53.17,58.68421052631579,1.0,0.0,1,74.0,16.0
7,240,p038,11,100.0,55.78999999999999,13.68421052631579,0.0,0.0,1,73.0,16.0
7,240,p038,12,56.86,28.43,97.27272727272728,1.0,1.0,1,61.0,8.0
7,240,p038,13,97.52,48.76,58.888888888888886,1.0,0.0,1,67.0,16.0
7,240,p038,14,100.0,55.949999999999996,13.68421052631579,0.0,0.0,1,75.0,16.0
7,240,p038,15,100.0,55.72,13.68421052631579,0.0,0.0,1,74.0,16.0
7,240,p039,0,100.0,51.47,13.88888888888889,0.0,0.0,1,69.0,16.0
7,240,p039,1,97.52,48.76,58.888888888888886,1.0,0.0,1,67.0,16.0
7,240,p039,2,100.0,55.949999999999996,13.68421052631579,0.0,0.0,1,75.0,16.0
7,240,p039,3,100.0,53.48,58.68421052631579,1.0,0.0,1,76.0,16.0
7,240,p039,4,100.0,55.87,13.68421052631579,0.0,0.0,1,74.0,16.0
7,240,p039,5,91.6,45.8,93.88888888888889,1.0,1.0,1,80.0,16.0
7,240,p039,6,100.0,55.72,13.68421052631579,0.0,0.0,1,74.0,16.0
7,240,p039,7,100.0,61.64,13.0,0.0,0.0,1,78.0,16.0
7,240,p039,8,100.0,53.239999999999995,58.68421052631579,1.0,0.0,1,73.0,16.0
7,240,p039,9,32.6,16.3,98.33333333333333,1.0,1.0,0,45.0,2.0
7,240,p039,10,100.0,55.72,13.68421052631579,0.0,0.0,1,74.0,16.0
7,240,p039,11,100.0,53.17,58.68421052631579,1.0,0.0,1,74.0,16.0
7,240,p039,12,100.0,53.4,58.68421052631579,1.0,0.0,1,75.0,16.0
7,240,p039,13,100.0,53.239999999999995,58.68421052631579,1.0,0.0,1,73.0,16.0
7,240,p039,14,100.0,55.78999999999999,13.68421052631579,0.0,0.0,1,73.0,16.0
7,240,p039,15,100.0,55.72,13.68421052631579,0.0,0.0,1,74.0,16.0
7,240,p040,0,97.54,48.77,93.88888888888889,1.0,1.0,1,69.0,16.0
7,240,p040,1,100.0,56.029999999999994,13.68421052631579,0.0,0.0,1,76.0,16.0
7,240,p040,2,100.0,61.87,13.0,0.0,0.0,1,79.0,16.0
7,240,p040,3,100.0,51.55,13.88888888888889,0.0,0.0,1,70.0,16.0
7,240,p040,4,100.0,55.78999999999999,13.68421052631579,0.0,0.0,1,73.0,16.0
7,240,p040,5,100.0,61.64,13.0,0.0,0.0,1,78.0,16.0
7,240,p040,6,100.0,55.78999999999999,13.68421052631579,0.0,0.0,1,73.0,16.0
7,240,p040,7,100.0,55.949999999999996,13.68421052631579,0.0,0.0,1,75.0,16.0
7,240,p040,8,100.0,53.32,93.6842105263158,1.0,1.0,1,74.0,16.0
7,240,p040,9,94.13999999999999,47.06999999999999,13.529411764705882,0.0,0.0,1,64.0,16.0
7,240,p040,10,100.0,53.25,93.6842105263158,1.0,1.0,1,75.0,16.0
7,240,p040,11,100.0,53.56,93.6842105263158,1.0,1.0,1,77.0,16.0
7,240,p040,12,100.0,56.029999999999994,13.68421052631579,0.0,0.0,1,76.0,16.0
7,240,p040,13,100.0,55.87,13.68421052631579,0.0,0.0,1,74.0,16.0
7,240,p040,14,100.0,56.029999999999994,13.68421052631579,0.0,0.0,1,76.0,16.0
7,240,p040,15,98.16,49.08,93.88888888888889,1.0,1.0,1,71.0,16.0
7,240,p041,0,100.0,53.25,93.6842105263158,1.0,1.0,1,75.0,16.0
7,240,p041,1,100.0,53.4,93.6842105263158,1.0,1.0,1,75.0,16.0
7,240,p041,2,100.0,61.64,13.0,0.0,0.0,1,78.0,16.0
7,240,p041,3,100.0,55.949999999999996,13.68421052631579,0.0,0.0,1,75.0,16.0
7,240,p041,4,100.0,53.32,93.6842105263158,1.0,1.0,1,74.0,16.0
7,240,p041,5,100.0,53.25,93.6842105263158,1.0,1.0,1,75.0,16.0
7,240,p041,6,97.67999999999999,48.839999999999996,93.88888888888889,1.0,1.0,1,68.0,16.0
7,240,p041,7,65.34,32.67,96.66666666666667,1.0,1.0,1,64.0,8.0
7,240,p041,8,91.44,45.72,93.88888888888889,1.0,1.0,1,79.0,16.0
7,240,p041,9,100.0,51.309999999999995,13.88888888888889,0.0,0.0,1,67.0,16.0
7,240,p041,10,100.0,53.4,93.6842105263158,1.0,1.0,1,75.0,16.0
7,240,p041,11,100.0,55.78999999999999,13.68421052631579,0.0,0.0,1,73.0,16.0
7,240,p041,12,100.0,56.029999999999994,13.68421052631579,0.0,0.0,1,76.0,16.0
7,240,p041,13,100.0,53.32,93.6842105263158,1.0,1.0,1,74.0,16.0
7,240,p041,14,100.0,55.87,13.68421052631579,0.0,0.0,1,74.0,16.0
7,240,p041,15,100.0,53.48,93.6842105263158,1.0,1.0,1,76.0,16.0
7,240,p042,0,100.0,55.949999999999996,13.68421052631579,0.0,0.0,1,75.0,16.0
7,240,p042,1,100.0,55.78999999999999,13.68421052631579,0.0,0.0,1,73.0,16.0
7,240,p042,2,100.0,53.32,93.6842105263158,1.0,1.0,1,74.0,16.0
7,240,p042,3,100.0,51.47,13.88888888888889,0.0,0.0,1,69.0,16.0
7,240,p042,4,100.0,53.56,93.6842105263158,1.0,1.0,1,77.0,16.0
7,240,p042,5,100.0,55.78999999999999,13.68421052631579,0.0,0.0,1,73.0,16.0
7,240,p042,6,97.84,48.92,93.88888888888889,1.0,1.0,1,69.0,16.0
7,240,p042,7,100.0,55.87,13.68421052631579,0.0,0.0,1,74.0,16.0
7,240,p042,8,100.0,53.56,93.6842105263158,1.0,1.0,1,77.0,16.0
7,240,p042,9,100.0,53.56,93.6842105263158,1.0,1.0,1,77.0,16.0
7,240,p042,10,100.0,55.87,13.68421052631579,0.0,0.0,1,74.0,16.0
7,240,p042,11,100.0,53.48,93.6842105263158,1.0,1.0,1,76.0,16.0
7,240,p042,12,100.0,53.25,93.6842105263158,1.0,1.0,1,75.0,16.0
7,240,p042,13,97.54,48.77,93.88888888888889,1.0,1.0,1,69.0,16.0
7,240,p042,14,91.6,45.8,93.88888888888889,1.0,1.0,1,80.0,16.0
7,240,p042,15,100.0,53.25,93.6842105263158,1.0,1.0,1,75.0,16.0
7,240,p043,0,100.0,51.38999999999999,13.88888888888889,0.0,0.0,1,68.0,16.0
7,240,p043,1,97.86,48.93,58.888888888888886,1.0,0.0,1,71.0,16.0
7,240,p043,2,98.0,49.0,58.888888888888886,1.0,0.0,1,70.0,16.0
7,240,p043,3,100.0,56.029999999999994,13.68421052631579,0.0,0.0,1,76.0,16.0
7,240,p043,4,100.0,53.41,58.68421052631579,1.0,0.0,1,77.0,16.0
7,240,p043,5,100.0,51.47,13.88888888888889,0.0,0.0,1,69.0,16.0
7,240,p043,6,100.0,55.949999999999996,13.68421052631579,0.0,0.0,1,75.0,16.0
7,240,p043,7,100.0,55.78999999999999,13.68421052631579,0.0,0.0,1,73.0,16.0
7,240,p043,8,100.0,55.87,13.68421052631579,0.0,0.0,1,74.0,16.0
7,240,p043,9,100.0,55.949999999999996,13.68421052631579,0.0,0.0,1,75.0,16.0
7,240,p043,10,100.0,55.72,13.68421052631579,0.0,0.0,1,74.0,16.0
7,240,p043,11,88.9,44.45,58.529411764705884,1.0,0.0,1,65.0,16.0
7,240,p043,12,100.0,61.709999999999994,13.0,0.0,0.0,1,77.0,16.0
7,240,p043,13,100.0,53.48,58.68421052631579,1.0,0.0,1,76.0,16.0
7,240,p043,14,100.0,55.72,13.68421052631579,0.0,0.0,1,74.0,16.0
7,240,p043,15,100.0,53.48,58.68421052631579,1.0,0.0,1,76.0,16.0
7,240,p044,0,100.0,55.78999999999999,13.68421052631579,0.0,0.0,1,73.0,16.0
7,240,p044,1,100.0,55.72,13.68421052631579,0.0,0.0,1,74.0,16.0
7,240,p044,2,98.16,49.08,58.888888888888886,1.0,0.0,1,71.0,16.0
7,240,p044,3,100.0,55.78999999999999,13.68421052631579,0.0,0.0,1,73.0,16.0
7,240,p044,4,98.47999999999999,49.239999999999995,58.888888888888886,1.0,0.0,1,73.0,16.0
7,240,p044,5,100.0,55.78999999999999,13.68421052631579,0.0,0.0,1,73.0,16.0
7,240,p044,6,100.0,53.64,58.68421052631579,1.0,0.0,1,78.0,16.0
7,240,p044,7,93.97999999999999,46.989999999999995,13.529411764705882,0.0,0.0,1,63.0,16.0
7,240,p044,8,35.44,17.72,18.0,0.0,0.0,0,29.0,2.0
7,240,p044,9,100.0,53.72,58.68421052631579,1.0,0.0,1,79.0,16.0
7,240,p044,10,100.0,53.41,58.68421052631579,1.0,0.0,1,77.0,16.0
7,240,p044,11,100.0,51.55,13.88888888888889,0.0,0.0,1,70.0,16.0
7,240,p044,12,100.0,55.949999999999996,13.68421052631579,0.0,0.0,1,75.0,16.0
7,240,p044,13,98.32,49.16,58.888888888888886,1.0,0.0,1,72.0,16.0
7,240,p044,14,100.0,53.64,58.68421052631579,1.0,0.0,1,78.0,16.0
7,240,p044,15,100.0,55.87,13.68421052631579,0.0,0.0,1,74.0,16.0
7,240,p045,0,98.32,49.16,58.888888888888886,1.0,0.0,1,72.0,16.0
7,240,p045,1,98.16,49.08,58.888888888888886,1.0,0.0,1,71.0,16.0
7,240,p045,2,100.0,55.78999999999999,13.68421052631579,0.0,0.0,1,73.0,16.0
7,240,p045,3,100.0,53.72,58.68421052631579,1.0,0.0,1,79.0,16.0
7,240,p045,4,100.0,53.48,58.68421052631579,1.0,0.0,1,76.0,16.0
7,240,p045,5,100.0,61.709999999999994,13.0,0.0,0.0,1,77.0,16.0
7,240,p045,6,100.0,53.64,58.68421052631579,1.0,0.0,1,78.0,16.0
7,240,p045,7,100.0,53.64,58.68421052631579,1.0,0.0,1,78.0,16.0
7,240,p045,8,100.0,61.79,13.0,0.0,0.0,1,78.0,16.0
7,240,p045,9,100.0,55.78999999999999,13.68421052631579,0.0,0.0,1,73.0,16.0
7,240,p045,10,100.0,53.64,58.68421052631579,1.0,0.0,1,78.0,16.0
7,240,p045,11,100.0,55.87,13.68421052631579,0.0,0.0,1,74.0,16.0
7,240,p045,12,100.0,51.309999999999995,13.88888888888889,0.0,0.0,1,67.0,16.0
7,240,p045,13,100.0,51.309999999999995,13.88888888888889,0.0,0.0,1,67.0,16.0
7,240,p045,14,98.16,49.08,58.888888888888886,1.0,0.0,1,71.0,16.0
7,240,p045,15,100.0,51.38999999999999,13.88888888888889,0.0,0.0,1,68.0,16.0
7,240,p046,0,100.0,53.709999999999994,58.68421052631579,1.0,0.0,1,77.0,16.0
7,240,p046,1,100.0,51.309999999999995,13.88888888888889,0.0,0.0,1,67.0,16.0
7,240,p046,2,100.0,53.79,58.68421052631579,1.0,0.0,1,78.0,16.0
7,240,p046,3,98.78,49.39,58.888888888888886,1.0,0.0,1,73.0,16.0
7,240,p046,4,100.0,55.87,13.68421052631579,0.0,0.0,1,74.0,16.0
7,240,p046,5,100.0,55.72,13.68421052631579,0.0,0.0,1,74.0,16.0
7,240,p046,6,100.0,55.87,13.68421052631579,0.0,0.0,1,74.0,16.0
7,240,p046,7,98.3,49.15,58.888888888888886,1.0,0.0,1,70.0,16.0
7,240,p046,8,100.0,53.629999999999995,58.68421052631579,1.0,0.0,1,76.0,16.0
7,240,p046,9,100.0,55.949999999999996,13.68421052631579,0.0,0.0,1,75.0,16.0
7,240,p046,10,89.66,44.83,58.529411764705884,1.0,0.0,1,66.0,16.0
7,240,p046,11,100.0,55.78999999999999,13.68421052631579,0.0,0.0,1,73.0,16.0
7,240,p046,12,100.0,55.72,13.68421052631579,0.0,0.0,1,74.0,16.0
7,240,p046,13,100.0,53.87,58.68421052631579,1.0,0.0,1,79.0,16.0
7,240,p046,14,100.0,55.78999999999999,13.68421052631579,0.0,0.0,1,73.0,16.0
7,240,p046,15,100.0,51.47,13.88888888888889,0.0,0.0,1,69.0,16.0
7,240,p047,0,100.0,55.949999999999996,13.68421052631579,0.0,0.0,1,75.0,16.0
7,240,p047,1,100.0,55.72,13.68421052631579,0.0,0.0,1,74.0,16.0
7,240,p047,2,100.0,53.79,58.68421052631579,1.0,0.0,1,78.0,16.0
7,240,p047,3,100.0,51.239999999999995,13.88888888888889,0.0,0.0,1,68.0,16.0
7,240,p047,4,98.46,49.23,58.888888888888886,1.0,0.0,1,71.0,16.0
7,240,p047,5,100.0,61.949999999999996,13.0,0.0,0.0,1,80.0,16.0
7,240,p047,6,100.0,55.949999999999996,13.68421052631579,0.0,0.0,1,75.0,16.0
7,240,p047,7,100.0,56.029999999999994,13.68421052631579,0.0,0.0,1,76.0,16.0
7,240,p047,8,100.0,51.38999999999999,13.88888888888889,0.0,0.0,1,68.0,16.0
7,240,p047,9,100.0,55.949999999999996,13.68421052631579,0.0,0.0,1,75.0,16.0
7,240,p047,10,100.0,56.029999999999994,13.68421052631579,0.0,0.0,1,76.0,16.0
7,240,p047,11,100.0,55.72,13.68421052631579,0.0,0.0,1,74.0,16.0
7,240,p047,12,100.0,55.78999999999999,13.68421052631579,0.0,0.0,1,73.0,16.0
7,240,p047,13,100.0,53.56,58.68421052631579,1.0,0.0,1,77.0,16.0
7,240,p047,14,100.0,53.709999999999994,58.68421052631579,1.0,0.0,1,77.0,16.0
7,240,p047,15,100.0,55.72,13.68421052631579,0.0,0.0,1,74.0,16.0
7,240,p048,0,98.3,49.15,58.888888888888886,1.0,0.0,1,70.0,16.0
7,240,p048,1,100.0,53.56,58.68421052631579,1.0,0.0,1,77.0,16.0
7,240,p048,2,100.0,61.79,13.0,0.0,0.0,1,78.0,16.0
7,240,p048,3,98.78,49.39,58.888888888888886,1.0,0.0,1,73.0,16.0
7,240,p048,4,100.0,55.949999999999996,13.68421052631579,0.0,0.0,1,75.0,16.0
7,240,p048,5,100.0,55.949999999999996,13.68421052631579,0.0,0.0,1,75.0,16.0
7,240,p048,6,100.0,53.87,58.68421052631579,1.0,0.0,1,79.0,16.0
7,240,p048,7,100.0,53.709999999999994,58.68421052631579,1.0,0.0,1,77.0,16.0
7,240,p048,8,100.0,53.87,58.68421052631579,1.0,0.0,1,79.0,16.0
7,240,p048,9,100.0,56.029999999999994,13.68421052631579,0.0,0.0,1,76.0,16.0
7,240,p048,10,100.0,61.64,13.0,0.0,0.0,1,78.0,16.0
7,240,p048,11,100.0,53.629999999999995,58.68421052631579,1.0,0.0,1,76.0,16.0
7,240,p048,12,100.0,53.79,58.68421052631579,1.0,0.0,1,78.0,16.0
7,240,p048,13,98.46,49.23,58.888888888888886,1.0,0.0,1,71.0,16.0
7,240,p048,14,100.0,53.87,58.68421052631579,1.0,0.0,1,79.0,16.0
7,240,p048,15,100.0,55.78999999999999,13.68421052631579,0.0,0.0,1,73.0,16.0
7,260,p037,0,100.0,56.029999999999994,13.68421052631579,0.0,0.0,1,76.0,16.0
7,260,p037,1,100.0,56.029999999999994,13.68421052631579,0.0,0.0,1,76.0,16.0
7,260,p037,2,97.52,48.76,58.888888888888886,1.0,0.0,1,67.0,16.0
7,260,p037,3,100.0,53.17,58.68421052631579,1.0,0.0,1,74.0,16.0
7,260,p037,4,43.56,21.78,98.75,1.0,1.0,1,51.0,4.0
7,260,p037,5,100.0,53.32,58.68421052631579,1.0,0.0,1,74.0,16.0
7,260,p037,6,100.0,53.239999999999995,58.68421052631579,1.0,0.0,1,73.0,16.0
7,260,p037,7,100.0,56.029999999999994,13.68421052631579,0.0,0.0,1,76.0,16.0
7,260,p037,8,100.0,53.4,58.68421052631579,1.0,0.0,1,75.0,16.0
7,260,p037,9,100.0,61.64,13.0,0.0,0.0,1,78.0,16.0
7,260,p037,10,100.0,55.949999999999996,13.68421052631579,0.0,0.0,1,75.0,16.0
7,260,p037,11,100.0,53.48,58.68421052631579,1.0,0.0,1,76.0,16.0
7,260,p037,12,100.0,55.72,13.68421052631579,0.0,0.0,1,74.0,16.0
7,260,p037,13,100.0,55.949999999999996,13.68421052631579,0.0,0.0,1,75.0,16.0
7,260,p037,14,100.0,56.029999999999994,13.68421052631579,0.0,0.0,1,76.0,16.0
7,260,p037,15,100.0,51.239999999999995,13.88888888888889,0.0,0.0,1,68.0,16.0
7,260,p038,0,100.0,53.48,58.68421052631579,1.0,0.0,1,76.0,16.0
7,260,p038,1,100.0,53.4,58.68421052631579,1.0,0.0,1,75.0,16.0
7,260,p038,2,100.0,53.4,58.68421052631579,1.0,0.0,1,75.0,16.0
7,260,p038,3,29.18,14.59,17.5,0.0,0.0,1,23.0,1.0
7,260,p038,4,100.0,53.239999999999995,58.68421052631579,1.0,0.0,1,73.0,16.0
7,260,p038,5,100.0,51.239999999999995,13.88888888888889,0.0,0.0,1,68.0,16.0
7,260,p038,6,100.0,51.239999999999995,13.88888888888889,0.0,0.0,1,68.0,16.0
7,260,p038,7,100.0,53.48,58.68421052631579,1.0,0.0,1,76.0,16.0
7,260,p038,8,100.0,55.72,13.68421052631579,0.0,0.0,1,74.0,16.0
7,260,p038,9,100.0,56.029999999999994,13.68421052631579,0.0,0.0,1,76.0,16.0
7,260,p038,10,100.0,53.17,58.68421052631579,1.0,0.0,1,74.0,16.0
7,260,p038,11,100.0,55.78999999999999,13.68421052631579,0.0,0.0,1,73.0,16.0
7,260,p038,12,100.0,53.17,58.68421052631579,1.0,0.0,1,74.0,16.0
7,260,p038,13,100.0,53.239999999999995,58.68421052631579,1.0,0.0,1,73.0,16.0
7,260,p038,14,100.0,55.949999999999996,13.68421052631579,0.0,0.0,1,75.0,16.0
7,260,p038,15,100.0,55.72,13.68421052631579,0.0,0.0,1,74.0,16.0
7,260,p039,0,100.0,51.47,13.88888888888889,0.0,0.0,1,69.0,16.0
7,260,p039,1,97.52,48.76,58.888888888888886,1.0,0.0,1,67.0,16.0
7,260,p039,2,100.0,55.949999999999996,13.68421052631579,0.0,0.0,1,75.0,16.0
7,260,p039,3,100.0,53.48,58.68421052631579,1.0,0.0,1,76.0,16.0
7,260,p039,4,100.0,55.87,13.68421052631579,0.0,0.0,1,74.0,16.0
7,260,p039,5,97.67999999999999,48.839999999999996,58.888888888888886,1.0,0.0,1,68.0,16.0
7,260,p039,6,100.0,55.72,13.68421052631579,0.0,0.0,1,74.0,16.0
7,260,p039,7,100.0,61.64,13.0,0.0,0.0,1,78.0,16.0
7,260,p039,8,100.0,53.239999999999995,58.68421052631579,1.0,0.0,1,73.0,16.0
7,260,p039,9,46.1,23.05,18.57142857142857,0.0,0.0,0,35.0,4.0
7,260,p039,10,100.0,55.72,13.68421052631579,0.0,0.0,1,74.0,16.0
7,260,p039,11,100.0,55.72,13.68421052631579,0.0,0.0,1,74.0,16.0
7,260,p039,12,100.0,53.4,58.68421052631579,1.0,0.0,1,75.0,16.0
7,260,p039,13,100.0,55.78999999999999,13.68421052631579,0.0,0.0,1,73.0,16.0
7,260,p039,14,100.0,55.78999999999999,13.68421052631579,0.0,0.0,1,73.0,16.0
7,260,p039,15,100.0,55.72,13.68421052631579,0.0,0.0,1,74.0,16.0
7,260,p040,0,97.54,48.77,93.88888888888889,1.0,1.0,1,69.0,16.0
7,260,p040,1,100.0,56.029999999999994,13.68421052631579,0.0,0.0,1,76.0,16.0
7,260,p040,2,100.0,61.87,13.0,0.0,0.0,1,79.0,16.0
7,260,p040,3,100.0,51.55,13.88888888888889,0.0,0.0,1,70.0,16.0
7,260,p040,4,100.0,55.78999999999999,13.68421052631579,0.0,0.0,1,73.0,16.0
7,260,p040,5,100.0,61.64,13.0,0.0,0.0,1,78.0,16.0
7,260,p040,6,100.0,55.78999999999999,13.68421052631579,0.0,0.0,1,73.0,16.0
7,260,p040,7,100.0,55.949999999999996,13.68421052631579,0.0,0.0,1,75.0,16.0
7,260,p040,8,100.0,53.32,93.6842105263158,1.0,1.0,1,74.0,16.0
7,260,p040,9,94.13999999999999,47.06999999999999,13.529411764705882,0.0,0.0,1,64.0,16.0
7,260,p040,10,100.0,53.25,93.6842105263158,1.0,1.0,1,75.0,16.0
7,260,p040,11,100.0,53.56,93.6842105263158,1.0,1.0,1,77.0,16.0
7,260,p040,12,100.0,56.029999999999994,13.68421052631579,0.0,0.0,1,76.0,16.0
7,260,p040,13,100.0,55.87,13.68421052631579,0.0,0.0,1,74.0,16.0
7,260,p040,14,100.0,56.029999999999994,13.68421052631579,0.0,0.0,1,76.0,16.0
7,260,p040,15,98.16,49.08,93.88888888888889,1.0,1.0,1,71.0,16.0
7,260,p041,0,100.0,55.72,13.68421052631579,0.0,0.0,1,74.0,16.0
7,260,p041,1,100.0,53.4,93.6842105263158,1.0,1.0,1,75.0,16.0
7,260,p041,2,100.0,61.64,13.0,0.0,0.0,1,78.0,16.0
7,260,p041,3,100.0,55.949999999999996,13.68421052631579,0.0,0.0,1,75.0,16.0
7,260,p041,4,100.0,53.32,93.6842105263158,1.0,1.0,1,74.0,16.0
7,260,p041,5,100.0,53.25,93.6842105263158,1.0,1.0,1,75.0,16.0
7,260,p041,6,97.67999999999999,48.839999999999996,93.88888888888889,1.0,1.0,1,68.0,16.0
7,260,p041,7,100.0,53.32,93.6842105263158,1.0,1.0,1,74.0,16.0
7,260,p041,8,91.44,45.72,93.88888888888889,1.0,1.0,1,79.0,16.0
7,260,p041,9,100.0,51.309999999999995,13.88888888888889,0.0,0.0,1,67.0,16.0
7,260,p041,10,100.0,53.4,93.6842105263158,1.0,1.0,1,75.0,16.0
7,260,p041,11,100.0,55.78999999999999,13.68421052631579,0.0,0.0,1,73.0,16.0
7,260,p041,12,100.0,56.029999999999994,13.68421052631579,0.0,0.0,1,76.0,16.0
7,260,p041,13,100.0,53.32,93.6842105263158,1.0,1.0,1,74.0,16.0
7,260,p041,14,100.0,55.87,13.68421052631579,0.0,0.0,1,74.0,16.0
7,260,p041,15,100.0,53.48,93.6842105263158,1.0,1.0,1,76.0,16.0
7,260,p042,0,100.0,55.949999999999996,13.68421052631579,0.0,0.0,1,75.0,16.0
7,260,p042,1,100.0,55.78999999999999,13.68421052631579,0.0,0.0,1,73.0,16.0
7,260,p042,2,100.0,53.32,93.6842105263158,1.0,1.0,1,74.0,16.0
7,260,p042,3,100.0,51.47,13.88888888888889,0.0,0.0,1,69.0,16.0
7,260,p042,4,100.0,53.56,93.6842105263158,1.0,1.0,1,77.0,16.0
7,260,p042,5,100.0,55.78999999999999,13.68421052631579,0.0,0.0,1,73.0,16.0
7,260,p042,6,97.84,48.92,93.88888888888889,1.0,1.0,1,69.0,16.0
7,260,p042,7,100.0,55.87,13.68421052631579,0.0,0.0,1,74.0,16.0
7,260,p042,8,100.0,53.56,93.6842105263158,1.0,1.0,1,77.0,16.0
7,260,p042,9,100.0,53.56,93.6842105263158,1.0,1.0,1,77.0,16.0
7,260,p042,10,100.0,55.87,13.68421052631579,0.0,0.0,1,74.0,16.0
7,260,p042,11,100.0,55.949999999999996,13.68421052631579,0.0,0.0,1,75.0,16.0
7,260,p042,12,100.0,53.25,93.6842105263158,1.0,1.0,1,75.0,16.0
7,260,p042,13,100.0,51.239999999999995,13.88888888888889,0.0,0.0,1,68.0,16.0
7,260,p042,14,93.82,46.91,13.529411764705882,0.0,0.0,1,62.0,16.0
7,260,p042,15,100.0,53.25,93.6842105263158,1.0,1.0,1,75.0,16.0
7,260,p043,0,100.0,55.87,13.68421052631579,0.0,0.0,1,74.0,16.0
7,260,p043,1,100.0,53.41,58.68421052631579,1.0,0.0,1,77.0,16.0
7,260,p043,2,100.0,53.48,58.68421052631579,1.0,0.0,1,76.0,16.0
7,260,p043,3,100.0,56.029999999999994,13.68421052631579,0.0,0.0,1,76.0,16.0
7,260,p043,4,100.0,55.72,13.68421052631579,0.0,0.0,1,74.0,16.0
7,260,p043,5,100.0,51.47,13.88888888888889,0.0,0.0,1,69.0,16.0
7,260,p043,6,100.0,55.949999999999996,13.68421052631579,0.0,0.0,1,75.0,16.0
7,260,p043,7,100.0,55.78999999999999,13.68421052631579,0.0,0.0,1,73.0,16.0
7,260,p043,8,100.0,55.87,13.68421052631579,0.0,0.0,1,74.0,16.0
7,260,p043,9,100.0,61.87,13.0,0.0,0.0,1,79.0,16.0
7,260,p043,10,100.0,55.72,13.68421052631579,0.0,0.0,1,74.0,16.0
7,260,p043,11,88.9,44.45,58.529411764705884,1.0,0.0,1,65.0,16.0
7,260,p043,12,100.0,61.709999999999994,13.0,0.0,0.0,1,77.0,16.0
7,260,p043,13,100.0,53.48,58.68421052631579,1.0,0.0,1,76.0,16.0
7,260,p043,14,100.0,55.72,13.68421052631579,0.0,0.0,1,74.0,16.0
7,260,p043,15,100.0,55.78999999999999,13.68421052631579,0.0,0.0,1,73.0,16.0
7,260,p044,0,100.0,55.78999999999999,13.68421052631579,0.0,0.0,1,73.0,16.0
7,260,p044,1,100.0,55.72,13.68421052631579,0.0,0.0,1,74.0,16.0
7,260,p044,2,100.0,53.56,58.68421052631579,1.0,0.0,1,77.0,16.0
7,260,p044,3,100.0,55.78999999999999,13.68421052631579,0.0,0.0,1,73.0,16.0
7,260,p044,4,98.47999999999999,49.239999999999995,58.888888888888886,1.0,0.0,1,73.0,16.0
7,260,p044,5,100.0,55.78999999999999,13.68421052631579,0.0,0.0,1,73.0,16.0
7,260,p044,6,100.0,53.64,58.68421052631579,1.0,0.0,1,78.0,16.0
7,260,p044,7,100.0,51.47,13.88888888888889,0.0,0.0,1,69.0,16.0
7,260,p044,8,35.44,17.72,18.0,0.0,0.0,0,29.0,2.0
7,260,p044,9,100.0,53.72,58.68421052631579,1.0,0.0,1,79.0,16.0
7,260,p044,10,100.0,53.41,58.68421052631579,1.0,0.0,1,77.0,16.0
7,260,p044,11,100.0,56.029999999999994,13.68421052631579,0.0,0.0,1,76.0,16.0
7,260,p044,12,100.0,55.949999999999996,13.68421052631579,0.0,0.0,1,75.0,16.0
7,260,p044,13,100.0,53.64,58.68421052631579,1.0,0.0,1,78.0,16.0
7,260,p044,14,100.0,53.64,58.68421052631579,1.0,0.0,1,78.0,16.0
7,260,p044,15,100.0,55.87,13.68421052631579,0.0,0.0,1,74.0,16.0
7,260,p045,0,100.0,51.47,13.88888888888889,0.0,0.0,1,69.0,16.0
7,260,p045,1,98.16,49.08,58.888888888888886,1.0,0.0,1,71.0,16.0
7,260,p045,2,100.0,55.78999999999999,13.68421052631579,0.0,0.0,1,73.0,16.0
7,260,p045,3,100.0,53.72,58.68421052631579,1.0,0.0,1,79.0,16.0
7,260,p045,4,100.0,55.78999999999999,13.68421052631579,0.0,0.0,1,73.0,16.0
7,260,p045,5,100.0,61.709999999999994,13.0,0.0,0.0,1,77.0,16.0
7,260,p045,6,100.0,53.64,58.68421052631579,1.0,0.0,1,78.0,16.0
7,260,p045,7,100.0,55.949999999999996,13.68421052631579,0.0,0.0,1,75.0,16.0
7,260,p045,8,100.0,61.79,13.0,0.0,0.0,1,78.0,16.0
7,260,p045,9,100.0,55.78999999999999,13.68421052631579,0.0,0.0,1,73.0,16.0
7,260,p045,10,100.0,55.949999999999996,13.68421052631579,0.0,0.0,1,75.0,16.0
7,260,p045,11,100.0,55.87,13.68421052631579,0.0,0.0,1,74.0,16.0
7,260,p045,12,100.0,55.78999999999999,13.68421052631579,0.0,0.0,1,73.0,16.0
7,260,p045,13,100.0,51.309999999999995,13.88888888888889,0.0,0.0,1,67.0,16.0
7,260,p045,14,98.16,49.08,58.888888888888886,1.0,0.0,1,71.0,16.0
7,260,p045,15,100.0,51.38999999999999,13.88888888888889,0.0,0.0,1,68.0,16.0
7,260,p046,0,100.0,53.709999999999994,58.68421052631579,1.0,0.0,1,77.0,16.0
7,260,p046,1,100.0,55.78999999999999,13.68421052631579,0.0,0.0,1,73.0,16.0
7,260,p046,2,100.0,53.79,58.68421052631579,1.0,0.0,1,78.0,16.0
7,260,p046,3,98.78,49.39,58.888888888888886,1.0,0.0,1,73.0,16.0
7,260,p046,4,100.0,55.87,13.68421052631579,0.0,0.0,1,74.0,16.0
7,260,p046,5,100.0,55.72,13.68421052631579,0.0,0.0,1,74.0,16.0
7,260,p046,6,100.0,55.87,13.68421052631579,0.0,0.0,1,74.0,16.0
7,260,p046,7,98.3,49.15,58.888888888888886,1.0,0.0,1,70.0,16.0
7,260,p046,8,100.0,53.629999999999995,58.68421052631579,1.0,0.0,1,76.0,16.0
7,260,p046,9,100.0,55.949999999999996,13.68421052631579,0.0,0.0,1,75.0,16.0
7,260,p046,10,98.61999999999999,49.309999999999995,58.888888888888886,1.0,0.0,1,72.0,16.0
7,260,p046,11,100.0,55.78999999999999,13.68421052631579,0.0,0.0,1,73.0,16.0
7,260,p046,12,100.0,55.72,13.68421052631579,0.0,0.0,1,74.0,16.0
7,260,p046,13,100.0,53.87,58.68421052631579,1.0,0.0,1,79.0,16.0
7,260,p046,14,100.0,55.78999999999999,13.68421052631579,0.0,0.0,1,73.0,16.0
7,260,p046,15,100.0,51.47,13.88888888888889,0.0,0.0,1,69.0,16.0
7,260,p047,0,100.0,55.949999999999996,13.68421052631579,0.0,0.0,1,75.0,16.0
7,260,p047,1,100.0,55.72,13.68421052631579,0.0,0.0,1,74.0,16.0
7,260,p047,2,100.0,53.79,58.68421052631579,1.0,0.0,1,78.0,16.0
7,260,p047,3,100.0,51.239999999999995,13.88888888888889,0.0,0.0,1,68.0,16.0
7,260,p047,4,100.0,51.38999999999999,13.88888888888889,0.0,0.0,1,68.0,16.0
7,260,p047,5,100.0,61.949999999999996,13.0,0.0,0.0,1,80.0,16.0
7,260,p047,6,100.0,55.949999999999996,13.68421052631579,0.0,0.0,1,75.0,16.0
7,260,p047,7,100.0,56.029999999999994,13.68421052631579,0.0,0.0,1,76.0,16.0
7,260,p047,8,100.0,55.87,13.68421052631579,0.0,0.0,1,74.0,16.0
7,260,p047,9,100.0,55.949999999999996,13.68421052631579,0.0,0.0,1,75.0,16.0
7,260,p047,10,100.0,56.029999999999994,13.68421052631579,0.0,0.0,1,76.0,16.0
7,260,p047,11,100.0,55.72,13.68421052631579,0.0,0.0,1,74.0,16.0
7,260,p047,12,100.0,55.78999999999999,13.68421052631579,0.0,0.0,1,73.0,16.0
7,260,p047,13,100.0,53.56,58.68421052631579,1.0,0.0,1,77.0,16.0
7,260,p047,14,100.0,55.87,13.68421052631579,0.0,0.0,1,74.0,16.0
7,260,p047,15,100.0,55.72,13.68421052631579,0.0,0.0,1,74.0,16.0
7,260,p048,0,100.0,53.629999999999995,58.68421052631579,1.0,0.0,1,76.0,16.0
7,260,p048,1,100.0,55.72,13.68421052631579,0.0,0.0,1,74.0,16.0
7,260,p048,2,100.0,61.79,13.0,0.0,0.0,1,78.0,16.0
7,260,p048,3,98.78,49.39,58.888888888888886,1.0,0.0,1,73.0,16.0
7,260,p048,4,100.0,55.949999999999996,13.68421052631579,0.0,0.0,1,75.0,16.0
7,260,p048,5,100.0,55.949999999999996,13.68421052631579,0.0,0.0,1,75.0,16.0
7,260,p048,6,100.0,53.87,58.68421052631579,1.0,0.0,1,79.0,16.0
7,260,p048,7,100.0,53.709999999999994,58.68421052631579,1.0,0.0,1,77.0,16.0
7,260,p048,8,100.0,56.029999999999994,13.68421052631579,0.0,0.0,1,76.0,16.0
7,260,p048,9,100.0,56.029999999999994,13.68421052631579,0.0,0.0,1,76.0,16.0
7,260,p048,10,100.0,61.64,13.0,0.0,0.0,1,78.0,16.0
7,260,p048,11,100.0,53.629999999999995,58.68421052631579,1.0,0.0,1,76.0,16.0
7,260,p048,12,100.0,53.79,58.68421052631579,1.0,0.0,1,78.0,16.0
7,260,p048,13,100.0,55.87,13.68421052631579,0.0,0.0,1,74.0,16.0
7,260,p048,14,100.0,53.87,58.68421052631579,1.0,0.0,1,79.0,16.0
7,260,p048,15,100.0,55.78999999999999,13.68421052631579,0.0,0.0,1,73.0,16.0
7,280,p037,0,100.0,56.029999999999994,13.68421052631579,0.0,0.0,1,76.0,16.0
7,280,p037,1,100.0,56.029999999999994,13.68421052631579,0.0,0.0,1,76.0,16.0
7,280,p037,2,97.52,48.76,58.888888888888886,1.0,0.0,1,67.0,16.0
7,280,p037,3,100.0,53.17,58.68421052631579,1.0,0.0,1,74.0,16.0
7,280,p037,4,43.56,21.78,98.75,1.0,1.0,1,51.0,4.0
7,280,p037,5,100.0,53.32,58.68421052631579,1.0,0.0,1,74.0,16.0
7,280,p037,6,100.0,53.239999999999995,58.68421052631579,1.0,0.0,1,73.0,16.0
7,280,p037,7,100.0,56.029999999999994,13.68421052631579,0.0,0.0,1,76.0,16.0
7,280,p037,8,100.0,53.4,58.68421052631579,1.0,0.0,1,75.0,16.0
7,280,p037,9,100.0,61.64,13.0,0.0,0.0,1,78.0,16.0
7,280,p037,10,100.0,55.949999999999996,13.68421052631579,0.0,0.0,1,75.0,16.0
7,280,p037,11,100.0,53.48,58.68421052631579,1.0,0.0,1,76.0,16.0
7,280,p037,12,100.0,55.72,13.68421052631579,0.0,0.0,1,74.0,16.0
7,280,p037,13,100.0,55.949999999999996,13.68421052631579,0.0,0.0,1,75.0,16.0
7,280,p037,14,100.0,56.029999999999994,13.68421052631579,0.0,0.0,1,76.0,16.0
7,280,p037,15,100.0,51.239999999999995,13.88888888888889,0.0,0.0,1,68.0,16.0
7,280,p038,0,100.0,56.029999999999994,13.68421052631579,0.0,0.0,1,76.0,16.0
7,280,p038,1,100.0,53.4,58.68421052631579,1.0,0.0,1,75.0,16.0
7,280,p038,2,100.0,53.4,58.68421052631579,1.0,0.0,1,75.0,16.0
7,280,p038,3,29.18,14.59,17.5,0.0,0.0,1,23.0,1.0
7,280,p038,4,100.0,53.239999999999995,58.68421052631579,1.0,0.0,1,73.0,16.0
7,280,p038,5,100.0,51.239999999999995,13.88888888888889,0.0,0.0,1,68.0,16.0
7,280,p038,6,100.0,51.239999999999995,13.88888888888889,0.0,0.0,1,68.0,16.0
7,280,p038,7,100.0,53.48,58.68421052631579,1.0,0.0,1,76.0,16.0
7,280,p038,8,100.0,55.72,13.68421052631579,0.0,0.0,1,74.0,16.0
7,280,p038,9,100.0,56.029999999999994,13.68421052631579,0.0,0.0,1,76.0,16.0
7,280,p038,10,100.0,53.17,58.68421052631579,1.0,0.0,1,74.0,16.0
7,280,p038,11,100.0,55.78999999999999,13.68421052631579,0.0,0.0,1,73.0,16.0
7,280,p038,12,100.0,53.17,58.68421052631579,1.0,0.0,1,74.0,16.0
7,280,p038,13,100.0,53.239999999999995,58.68421052631579,1.0,0.0,1,73.0,16.0
7,280,p038,14,100.0,55.949999999999996,13.68421052631579,0.0,0.0,1,75.0,16.0
7,280,p038,15,100.0,55.72,13.68421052631579,0.0,0.0,1,74.0,16.0
7,280,p039,0,100.0,55.949999999999996,13.68421052631579,0.0,0.0,1,75.0,16.0
7,280,p039,1,97.52,48.76,58.888888888888886,1.0,0.0,1,67.0,16.0
7,280,p039,2,100.0,55.949999999999996,13.68421052631579,0.0,0.0,1,75.0,16.0
7,280,p039,3,100.0,53.48,58.68421052631579,1.0,0.0,1,76.0,16.0
7,280,p039,4,100.0,55.87,13.68421052631579,0.0,0.0,1,74.0,16.0
7,280,p039,5,100.0,51.38999999999999,13.88888888888889,0.0,0.0,1,68.0,16.0
7,280,p039,6,100.0,55.72,13.68421052631579,0.0,0.0,1,74.0,16.0
7,280,p039,7,100.0,61.64,13.0,0.0,0.0,1,78.0,16.0
7,280,p039,8,100.0,53.239999999999995,58.68421052631579,1.0,0.0,1,73.0,16.0
7,280,p039,9,46.1,23.05,18.57142857142857,0.0,0.0,0,35.0,4.0
7,280,p039,10,100.0,55.72,13.68421052631579,0.0,0.0,1,74.0,16.0
7,280,p039,11,100.0,55.72,13.68421052631579,0.0,0.0,1,74.0,16.0
7,280,p039,12,100.0,53.4,58.68421052631579,1.0,0.0,1,75.0,16.0
7,280,p039,13,100.0,55.78999999999999,13.68421052631579,0.0,0.0,1,73.0,16.0
7,280,p039,14,100.0,55.78999999999999,13.68421052631579,0.0,0.0,1,73.0,16.0
7,280,p039,15,100.0,55.72,13.68421052631579,0.0,0.0,1,74.0,16.0
7,280,p040,0,100.0,55.72,13.68421052631579,0.0,0.0,1,74.0,16.0
7,280,p040,1,100.0,56.029999999999994,13.68421052631579,0.0,0.0,1,76.0,16.0
7,280,p040,2,100.0,61.87,13.0,0.0,0.0,1,79.0,16.0
7,280,p040,3,100.0,51.55,13.88888888888889,0.0,0.0,1,70.0,16.0
7,280,p040,4,100.0,55.78999999999999,13.68421052631579,0.0,0.0,1,73.0,16.0
7,280,p040,5,100.0,61.64,13.0,0.0,0.0,1,78.0,16.0
7,280,p040,6,100.0,55.78999999999999,13.68421052631579,0.0,0.0,1,73.0,16.0
7,280,p040,7,100.0,55.949999999999996,13.68421052631579,0.0,0.0,1,75.0,16.0
7,280,p040,8,100.0,53.32,93.6842105263158,1.0,1.0,1,74.0,16.0
7,280,p040,9,94.13999999999999,47.06999999999999,13.529411764705882,0.0,0.0,1,64.0,16.0
7,280,p040,10,100.0,53.25,93.6842105263158,1.0,1.0,1,75.0,16.0
7,280,p040,11,100.0,56.029999999999994,13.68421052631579,0.0,0.0,1,76.0,16.0
7,280,p040,12,100.0,56.029999999999994,13.68421052631579,0.0,0.0,1,76.0,16.0
7,280,p040,13,100.0,55.87,13.68421052631579,0.0,0.0,1,74.0,16.0
7,280,p040,14,100.0,56.029999999999994,13.68421052631579,0.0,0.0,1,76.0,16.0
7,280,p040,15,100.0,51.55,13.88888888888889,0.0,0.0,1,70.0,16.0
7,280,p041,0,100.0,55.72,13.68421052631579,0.0,0.0,1,74.0,16.0
7,280,p041,1,100.0,53.4,93.6842105263158,1.0,1.0,1,75.0,16.0
7,280,p041,2,100.0,61.64,13.0,0.0,0.0,1,78.0,16.0
7,280,p041,3,100.0,55.949999999999996,13.68421052631579,0.0,0.0,1,75.0,16.0
7,280,p041,4,100.0,53.32,93.6842105263158,1.0,1.0,1,74.0,16.0
7,280,p041,5,100.0,53.25,93.6842105263158,1.0,1.0,1,75.0,16.0
7,280,p041,6,97.67999999999999,48.839999999999996,93.88888888888889,1.0,1.0,1,68.0,16.0
7,280,p041,7,100.0,53.32,93.6842105263158,1.0,1.0,1,74.0,16.0
7,280,p041,8,93.66,46.83,13.529411764705882,0.0,0.0,1,61.0,16.0
7,280,p041,9,100.0,51.309999999999995,13.88888888888889,0.0,0.0,1,67.0,16.0
7,280,p041,10,100.0,53.4,93.6842105263158,1.0,1.0,1,75.0,16.0
7,280,p041,11,100.0,55.78999999999999,13.68421052631579,0.0,0.0,1,73.0,16.0
7,280,p041,12,100.0,56.029999999999994,13.68421052631579,0.0,0.0,1,76.0,16.0
7,280,p041,13,100.0,53.32,93.6842105263158,1.0,1.0,1,74.0,16.0
7,280,p041,14,100.0,55.87,13.68421052631579,0.0,0.0,1,74.0,16.0
7,280,p041,15,100.0,53.48,93.6842105263158,1.0,1.0,1,76.0,16.0
7,280,p042,0,100.0,55.949999999999996,13.68421052631579,0.0,0.0,1,75.0,16.0
7,280,p042,1,100.0,55.78999999999999,13.68421052631579,0.0,0.0,1,73.0,16.0
7,280,p042,2,100.0,53.32,93.6842105263158,1.0,1.0,1,74.0,16.0
7,280,p042,3,100.0,55.949999999999996,13.68421052631579,0.0,0.0,1,75.0,16.0
7,280,p042,4,100.0,56.029999999999994,13.68421052631579,0.0,0.0,1,76.0,16.0
7,280,p042,5,100.0,55.78999999999999,13.68421052631579,0.0,0.0,1,73.0,16.0
7,280,p042,6,97.84,48.92,93.88888888888889,1.0,1.0,1,69.0,16.0
7,280,p042,7,100.0,55.87,13.68421052631579,0.0,0.0,1,74.0,16.0
7,280,p042,8,100.0,53.56,93.6842105263158,1.0,1.0,1,77.0,16.0
7,280,p042,9,100.0,53.56,93.6842105263158,1.0,1.0,1,77.0,16.0
7,280,p042,10,100.0,55.87,13.68421052631579,0.0,0.0,1,74.0,16.0
7,280,p042,11,100.0,55.949999999999996,13.68421052631579,0.0,0.0,1,75.0,16.0
7,280,p042,12,100.0,55.72,13.68421052631579,0.0,0.0,1,74.0,16.0
7,280,p042,13,100.0,51.239999999999995,13.88888888888889,0.0,0.0,1,68.0,16.0
7,280,p042,14,93.82,46.91,13.529411764705882,0.0,0.0,1,62.0,16.0
7,280,p042,15,100.0,53.25,93.6842105263158,1.0,1.0,1,75.0,16.0
7,280,p043,0,100.0,55.87,13.68421052631579,0.0,0.0,1,74.0,16.0
7,280,p043,1,100.0,53.41,58.68421052631579,1.0,0.0,1,77.0,16.0
7,280,p043,2,100.0,53.48,58.68421052631579,1.0,0.0,1,76.0,16.0
7,280,p043,3,100.0,56.029999999999994,13.68421052631579,0.0,0.0,1,76.0,16.0
7,280,p043,4,100.0,55.72,13.68421052631579,0.0,0.0,1,74.0,16.0
7,280,p043,5,100.0,51.47,13.88888888888889,0.0,0.0,1,69.0,16.0
7,280,p043,6,100.0,55.949999999999996,13.68421052631579,0.0,0.0,1,75.0,16.0
7,280,p043,7,100.0,55.78999999999999,13.68421052631579,0.0,0.0,1,73.0,16.0
7,280,p043,8,100.0,55.87,13.68421052631579,0.0,0.0,1,74.0,16.0
7,280,p043,9,100.0,61.87,13.0,0.0,0.0,1,79.0,16.0
7,280,p043,10,100.0,55.72,13.68421052631579,0.0,0.0,1,74.0,16.0
7,280,p043,11,93.52,46.76,13.529411764705882,0.0,0.0,1,62.0,16.0
7,280,p043,12,100.0,61.709999999999994,13.0,0.0,0.0,1,77.0,16.0
7,280,p043,13,100.0,55.78999999999999,13.68421052631579,0.0,0.0,1,73.0,16.0
7,280,p043,14,100.0,55.72,13.68421052631579,0.0,0.0,1,74.0,16.0
7,280,p043,15,100.0,55.78999999999999,13.68421052631579,0.0,0.0,1,73.0,16.0
7,280,p044,0,100.0,55.78999999999999,13.68421052631579,0.0,0.0,1,73.0,16.0
7,280,p044,1,100.0,55.72,13.68421052631579,0.0,0.0,1,74.0,16.0
7,280,p044,2,100.0,53.56,58.68421052631579,1.0,0.0,1,77.0,16.0
7,280,p044,3,100.0,55.78999999999999,13.68421052631579,0.0,0.0,1,73.0,16.0
7,280,p044,4,98.47999999999999,49.239999999999995,58.888888888888886,1.0,0.0,1,73.0,16.0
7,280,p044,5,100.0,55.78999999999999,13.68421052631579,0.0,0.0,1,73.0,16.0
7,280,p044,6,100.0,53.64,58.68421052631579,1.0,0.0,1,78.0,16.0
7,280,p044,7,100.0,51.47,13.88888888888889,0.0,0.0,1,69.0,16.0
7,280,p044,8,46.239999999999995,23.119999999999997,18.57142857142857,0.0,0.0,0,34.0,4.0
7,280,p044,9,100.0,53.72,58.68421052631579,1.0,0.0,1,79.0,16.0
7,280,p044,10,100.0,55.72,13.68421052631579,0.0,0.0,1,74.0,16.0
7,280,p044,11,100.0,56.029999999999994,13.68421052631579,0.0,0.0,1,76.0,16.0
7,280,p044,12,100.0,55.949999999999996,13.68421052631579,0.0,0.0,1,75.0,16.0
7,280,p044,13,100.0,53.64,58.68421052631579,1.0,0.0,1,78.0,16.0
7,280,p044,14,100.0,53.64,58.68421052631579,1.0,0.0,1,78.0,16.0
7,280,p044,15,100.0,55.87,13.68421052631579,0.0,0.0,1,74.0,16.0
7,280,p045,0,100.0,55.949999999999996,13.68421052631579,0.0,0.0,1,75.0,16.0
7,280,p045,1,98.16,49.08,58.888888888888886,1.0,0.0,1,71.0,16.0
7,280,p045,2,100.0,55.78999999999999,13.68421052631579,0.0,0.0,1,73.0,16.0
7,280,p045,3,100.0,53.72,58.68421052631579,1.0,0.0,1,79.0,16.0
7,280,p045,4,100.0,55.78999999999999,13.68421052631579,0.0,0.0,1,73.0,16.0
7,280,p045,5,100.0,61.709999999999994,13.0,0.0,0.0,1,77.0,16.0
7,280,p045,6,100.0,53.64,58.68421052631579,1.0,0.0,1,78.0,16.0
7,280,p045,7,100.0,55.949999999999996,13.68421052631579,0.0,0.0,1,75.0,16.0
7,280,p045,8,100.0,61.79,13.0,0.0,0.0,1,78.0,16.0
7,280,p045,9,100.0,55.78999999999999,13.68421052631579,0.0,0.0,1,73.0,16.0
7,280,p045,10,100.0,55.949999999999996,13.68421052631579,0.0,0.0,1,75.0,16.0
7,280,p045,11,100.0,55.87,13.68421052631579,0.0,0.0,1,74.0,16.0
7,280,p045,12,100.0,55.78999999999999,13.68421052631579,0.0,0.0,1,73.0,16.0
7,280,p045,13,100.0,51.309999999999995,13.88888888888889,0.0,0.0,1,67.0,16.0
7,280,p045,14,98.16,49.08,58.888888888888886,1.0,0.0,1,71.0,16.0
7,280,p045,15,100.0,55.87,13.68421052631579,0.0,0.0,1,74.0,16.0
7,280,p046,0,100.0,55.87,13.68421052631579,0.0,0.0,1,74.0,16.0
7,280,p046,1,100.0,55.78999999999999,13.68421052631579,0.0,0.0,1,73.0,16.0
7,280,p046,2,100.0,53.79,58.68421052631579,1.0,0.0,1,78.0,16.0
7,280,p046,3,98.78,49.39,58.888888888888886,1.0,0.0,1,73.0,16.0
7,280,p046,4,100.0,55.87,13.68421052631579,0.0,0.0,1,74.0,16.0
7,280,p046,5,100.0,55.72,13.68421052631579,0.0,0.0,1,74.0,16.0
7,280,p046,6,100.0,55.87,13.68421052631579,0.0,0.0,1,74.0,16.0
7,280,p046,7,98.3,49.15,58.888888888888886,1.0,0.0,1,70.0,16.0
7,280,p046,8,100.0,61.709999999999994,13.0,0.0,0.0,1,77.0,16.0
7,280,p046,9,100.0,55.949999999999996,13.68421052631579,0.0,0.0,1,75.0,16.0
7,280,p046,10,100.0,51.47,13.88888888888889,0.0,0.0,1,69.0,16.0
7,280,p046,11,100.0,55.78999999999999,13.68421052631579,0.0,0.0,1,73.0,16.0
7,280,p046,12,100.0,55.72,13.68421052631579,0.0,0.0,1,74.0,16.0
7,280,p046,13,100.0,53.87,58.68421052631579,1.0,0.0,1,79.0,16.0
7,280,p046,14,100.0,55.78999999999999,13.68421052631579,0.0,0.0,1,73.0,16.0
7,280,p046,15,100.0,55.949999999999996,13.68421052631579,0.0,0.0,1,75.0,16.0
7,280,p047,0,100.0,55.949999999999996,13.68421052631579,0.0,0.0,1,75.0,16.0
7,280,p047,1,100.0,55.72,13.68421052631579,0.0,0.0,1,74.0,16.0
7,280,p047,2,100.0,53.79,58.68421052631579,1.0,0.0,1,78.0,16.0
7,280,p047,3,100.0,55.72,13.68421052631579,0.0,0.0,1,74.0,16.0
7,280,p047,4,100.0,51.38999999999999,13.88888888888889,0.0,0.0,1,68.0,16.0
7,280,p047,5,100.0,61.949999999999996,13.0,0.0,0.0,1,80.0,16.0
7,280,p047,6,100.0,55.949999999999996,13.68421052631579,0.0,0.0,1,75.0,16.0
7,280,p047,7,100.0,56.029999999999994,13.68421052631579,0.0,0.0,1,76.0,16.0
7,280,p047,8,100.0,55.87,13.68421052631579,0.0,0.0,1,74.0,16.0
7,280,p047,9,100.0,55.949999999999996,13.68421052631579,0.0,0.0,1,75.0,16.0
7,280,p047,10,100.0,56.029999999999994,13.68421052631579,0.0,0.0,1,76.0,16.0
7,280,p047,11,100.0,55.72,13.68421052631579,0.0,0.0,1,74.0,16.0
7,280,p047,12,100.0,55.78999999999999,13.68421052631579,0.0,0.0,1,73.0,16.0
7,280,p047,13,100.0,55.72,13.68421052631579,0.0,0.0,1,74.0,16.0
7,280,p047,14,100.0,55.87,13.68421052631579,0.0,0.0,1,74.0,16.0
7,280,p047,15,100.0,55.72,13.68421052631579,0.0,0.0,1,74.0,16.0
7,280,p048,0,100.0,55.78999999999999,13.68421052631579,0.0,0.0,1,73.0,16.0
7,280,p048,1,100.0,55.72,13.68421052631579,0.0,0.0,1,74.0,16.0
7,280,p048,2,100.0,61.79,13.0,0.0,0.0,1,78.0,16.0
7,280,p048,3,100.0,51.55,13.88888888888889,0.0,0.0,1,70.0,16.0
7,280,p048,4,100.0,55.949999999999996,13.68421052631579,0.0,0.0,1,75.0,16.0
7,280,p048,5,100.0,55.949999999999996,13.68421052631579,0.0,0.0,1,75.0,16.0
7,280,p048,6,100.0,53.87,58.68421052631579,1.0,0.0,1,79.0,16.0
7,280,p048,7,100.0,53.709999999999994,58.68421052631579,1.0,0.0,1,77.0,16.0
7,280,p048,8,100.0,56.029999999999994,13.68421052631579,0.0,0.0,1,76.0,16.0
7,280,p048,9,100.0,56.029999999999994,13.68421052631579,0.0,0.0,1,76.0,16.0
7,280,p048,10,100.0,61.64,13.0,0.0,0.0,1,78.0,16.0
7,280,p048,11,100.0,53.629999999999995,58.68421052631579,1.0,0.0,1,76.0,16.0
7,280,p048,12,100.0,53.79,58.68421052631579,1.0,0.0,1,78.0,16.0
7,280,p048,13,100.0,55.87,13.68421052631579,0.0,0.0,1,74.0,16.0
7,280,p048,14,100.0,56.029999999999994,13.68421052631579,0.0,0.0,1,76.0,16.0
7,280,p048,15,100.0,55.78999999999999,13.68421052631579,0.0,0.0,1,73.0,16.0
7,300,p037,0,100.0,56.029999999999994,13.68421052631579,0.0,0.0,1,76.0,16.0
7,300,p037,1,100.0,56.029999999999994,13.68421052631579,0.0,0.0,1,76.0,16.0
7,300,p037,2,97.52,48.76,58.888888888888886,1.0,0.0,1,67.0,16.0
7,300,p037,3,100.0,53.17,58.68421052631579,1.0,0.0,1,74.0,16.0
7,300,p037,4,43.56,21.78,98.75,1.0,1.0,1,51.0,4.0
7,300,p037,5,100.0,53.32,58.68421052631579,1.0,0.0,1,74.0,16.0
7,300,p037,6,100.0,53.239999999999995,58.68421052631579,1.0,0.0,1,73.0,16.0
7,300,p037,7,100.0,56.029999999999994,13.68421052631579,0.0,0.0,1,76.0,16.0
7,300,p037,8,100.0,53.4,58.68421052631579,1.0,0.0,1,75.0,16.0
7,300,p037,9,100.0,61.64,13.0,0.0,0.0,1,78.0,16.0
7,300,p037,10,100.0,55.949999999999996,13.68421052631579,0.0,0.0,1,75.0,16.0
7,300,p037,11,100.0,53.48,58.68421052631579,1.0,0.0,1,76.0,16.0
7,300,p037,12,100.0,55.72,13.68421052631579,0.0,0.0,1,74.0,16.0
7,300,p037,13,100.0,55.949999999999996,13.68421052631579,0.0,0.0,1,75.0,16.0
7,300,p037,14,100.0,56.029999999999994,13.68421052631579,0.0,0.0,1,76.0,16.0
7,300,p037,15,100.0,55.72,13.68421052631579,0.0,0.0,1,74.0,16.0
7,300,p038,0,100.0,56.029999999999994,13.68421052631579,0.0,0.0,1,76.0,16.0
7,300,p038,1,100.0,53.4,58.68421052631579,1.0,0.0,1,75.0,16.0
7,300,p038,2,100.0,53.4,58.68421052631579,1.0,0.0,1,75.0,16.0
7,300,p038,3,34.82,17.41,18.0,0.0,0.0,0,27.0,2.0
7,300,p038,4,100.0,53.239999999999995,58.68421052631579,1.0,0.0,1,73.0,16.0
7,300,p038,5,100.0,55.72,13.68421052631579,0.0,0.0,1,74.0,16.0
7,300,p038,6,100.0,51.239999999999995,13.88888888888889,0.0,0.0,1,68.0,16.0
7,300,p038,7,100.0,53.48,58.68421052631579,1.0,0.0,1,76.0,16.0
7,300,p038,8,100.0,55.72,13.68421052631579,0.0,0.0,1,74.0,16.0
7,300,p038,9,100.0,56.029999999999994,13.68421052631579,0.0,0.0,1,76.0,16.0
7,300,p038,10,100.0,53.17,58.68421052631579,1.0,0.0,1,74.0,16.0
7,300,p038,11,100.0,55.78999999999999,13.68421052631579,0.0,0.0,1,73.0,16.0
7,300,p038,12,100.0,55.72,13.68421052631579,0.0,0.0,1,74.0,16.0
7,300,p038,13,100.0,55.78999999999999,13.68421052631579,0.0,0.0,1,73.0,16.0
7,300,p038,14,100.0,55.949999999999996,13.68421052631579,0.0,0.0,1,75.0,16.0
7,300,p038,15,100.0,55.72,13.68421052631579,0.0,0.0,1,74.0,16.0
7,300,p039,0,100.0,55.949999999999996,13.68421052631579,0.0,0.0,1,75.0,16.0
7,300,p039,1,100.0,53.239999999999995,58.68421052631579,1.0,0.0,1,73.0,16.0
7,300,p039,2,100.0,55.949999999999996,13.68421052631579,0.0,0.0,1,75.0,16.0
7,300,p039,3,100.0,53.48,58.68421052631579,1.0,0.0,1,76.0,16.0
7,300,p039,4,100.0,55.87,13.68421052631579,0.0,0.0,1,74.0,16.0
7,300,p039,5,100.0,51.38999999999999,13.88888888888889,0.0,0.0,1,68.0,16.0
7,300,p039,6,100.0,55.72,13.68421052631579,0.0,0.0,1,74.0,16.0
7,300,p039,7,100.0,61.64,13.0,0.0,0.0,1,78.0,16.0
7,300,p039,8,100.0,53.239999999999995,58.68421052631579,1.0,0.0,1,73.0,16.0
7,300,p039,9,46.1,23.05,18.57142857142857,0.0,0.0,0,35.0,4.0
7,300,p039,10,100.0,55.72,13.68421052631579,0.0,0.0,1,74.0,16.0
7,300,p039,11,100.0,55.72,13.68421052631579,0.0,0.0,1,74.0,16.0
7,300,p039,12,100.0,53.4,58.68421052631579,1.0,0.0,1,75.0,16.0
7,300,p039,13,100.0,55.78999999999999,13.68421052631579,0.0,0.0,1,73.0,16.0
7,300,p039,14,100.0,55.78999999999999,13.68421052631579,0.0,0.0,1,73.0,16.0
7,300,p039,15,100.0,55.72,13.68421052631579,0.0,0.0,1,74.0,16.0
7,300,p040,0,100.0,55.72,13.68421052631579,0.0,0.0,1,74.0,16.0
7,300,p040,1,100.0,56.029999999999994,13.68421052631579,0.0,0.0,1,76.0,16.0
7,300,p040,2,100.0,61.87,13.0,0.0,0.0,1,79.0,16.0
7,300,p040,3,100.0,51.55,13.88888888888889,0.0,0.0,1,70.0,16.0
7,300,p040,4,100.0,55.78999999999999,13.68421052631579,0.0,0.0,1,73.0,16.0
7,300,p040,5,100.0,61.64,13.0,0.0,0.0,1,78.0,16.0
7,300,p040,6,100.0,55.78999999999999,13.68421052631579,0.0,0.0,1,73.0,16.0
7,300,p040,7,100.0,55.949999999999996,13.68421052631579,0.0,0.0,1,75.0,16.0
7,300,p040,8,100.0,53.32,93.6842105263158,1.0,1.0,1,74.0,16.0
7,300,p040,9,100.0,51.55,13.88888888888889,0.0,0.0,1,70.0,16.0
7,300,p040,10,100.0,53.25,93.6842105263158,1.0,1.0,1,75.0,16.0
7,300,p040,11,100.0,56.029999999999994,13.68421052631579,0.0,0.0,1,76.0,16.0
7,300,p040,12,100.0,56.029999999999994,13.68421052631579,0.0,0.0,1,76.0,16.0
7,300,p040,13,100.0,55.87,13.68421052631579,0.0,0.0,1,74.0,16.0
7,300,p040,14,100.0,56.029999999999994,13.68421052631579,0.0,0.0,1,76.0,16.0
7,300,p040,15,100.0,51.55,13.88888888888889,0.0,0.0,1,70.0,16.0
7,300,p041,0,100.0,55.72,13.68421052631579,0.0,0.0,1,74.0,16.0
7,300,p041,1,100.0,55.87,13.68421052631579,0.0,0.0,1,74.0,16.0
7,300,p041,2,100.0,61.64,13.0,0.0,0.0,1,78.0,16.0
7,300,p041,3,100.0,55.949999999999996,13.68421052631579,0.0,0.0,1,75.0,16.0
7,300,p041,4,100.0,53.32,93.6842105263158,1.0,1.0,1,74.0,16.0
7,300,p041,5,100.0,53.25,93.6842105263158,1.0,1.0,1,75.0,16.0
7,300,p041,6,97.67999999999999,48.839999999999996,93.88888888888889,1.0,1.0,1,68.0,16.0
7,300,p041,7,100.0,53.32,93.6842105263158,1.0,1.0,1,74.0,16.0
7,300,p041,8,93.66,46.83,13.529411764705882,0.0,0.0,1,61.0,16.0
7,300,p041,9,100.0,51.309999999999995,13.88888888888889,0.0,0.0,1,67.0,16.0
7,300,p041,10,100.0,53.4,93.6842105263158,1.0,1.0,1,75.0,16.0
7,300,p041,11,100.0,55.78999999999999,13.68421052631579,0.0,0.0,1,73.0,16.0
7,300,p041,12,100.0,56.029999999999994,13.68421052631579,0.0,0.0,1,76.0,16.0
7,300,p041,13,100.0,53.32,93.6842105263158,1.0,1.0,1,74.0,16.0
7,300,p041,14,100.0,55.87,13.68421052631579,0.0,0.0,1,74.0,16.0
7,300,p041,15,100.0,55.949999999999996,13.68421052631579,0.0,0.0,1,75.0,16.0
7,300,p042,0,100.0,55.949999999999996,13.68421052631579,0.0,0.0,1,75.0,16.0
7,300,p042,1,100.0,55.78999999999999,13.68421052631579,0.0,0.0,1,73.0,16.0
7,300,p042,2,100.0,53.32,93.6842105263158,1.0,1.0,1,74.0,16.0
7,300,p042,3,100.0,55.949999999999996,13.68421052631579,0.0,0.0,1,75.0,16.0
7,300,p042,4,100.0,56.029999999999994,13.68421052631579,0.0,0.0,1,76.0,16.0
7,300,p042,5,100.0,55.78999999999999,13.68421052631579,0.0,0.0,1,73.0,16.0
7,300,p042,6,100.0,53.4,93.6842105263158,1.0,1.0,1,75.0,16.0
7,300,p042,7,100.0,55.87,13.68421052631579,0.0,0.0,1,74.0,16.0
7,300,p042,8,100.0,53.56,93.6842105263158,1.0,1.0,1,77.0,16.0
7,300,p042,9,100.0,53.56,93.6842105263158,1.0,1.0,1,77.0,16.0
7,300,p042,10,100.0,55.87,13.68421052631579,0.0,0.0,1,74.0,16.0
7,300,p042,11,100.0,55.949999999999996,13.68421052631579,0.0,0.0,1,75.0,16.0
7,300,p042,12,100.0,55.72,13.68421052631579,0.0,0.0,1,74.0,16.0
7,300,p042,13,100.0,51.239999999999995,13.88888888888889,0.0,0.0,1,68.0,16.0
7,300,p042,14,93.82,46.91,13.529411764705882,0.0,0.0,1,62.0,16.0
7,300,p042,15,100.0,53.25,93.6842105263158,1.0,1.0,1,75.0,16.0
7,300,p043,0,100.0,55.87,13.68421052631579,0.0,0.0,1,74.0,16.0
7,300,p043,1,100.0,53.41,58.68421052631579,1.0,0.0,1,77.0,16.0
7,300,p043,2,100.0,53.48,58.68421052631579,1.0,0.0,1,76.0,16.0
7,300,p043,3,100.0,56.029999999999994,13.68421052631579,0.0,0.0,1,76.0,16.0
7,300,p043,4,100.0,55.72,13.68421052631579,0.0,0.0,1,74.0,16.0
7,300,p043,5,100.0,51.47,13.88888888888889,0.0,0.0,1,69.0,16.0
7,300,p043,6,100.0,55.949999999999996,13.68421052631579,0.0,0.0,1,75.0,16.0
7,300,p043,7,100.0,55.78999999999999,13.68421052631579,0.0,0.0,1,73.0,16.0
7,300,p043,8,100.0,55.87,13.68421052631579,0.0,0.0,1,74.0,16.0
7,300,p043,9,100.0,61.87,13.0,0.0,0.0,1,79.0,16.0
7,300,p043,10,100.0,55.72,13.68421052631579,0.0,0.0,1,74.0,16.0
7,300,p043,11,93.52,46.76,13.529411764705882,0.0,0.0,1,62.0,16.0
7,300,p043,12,100.0,61.709999999999994,13.0,0.0,0.0,1,77.0,16.0
7,300,p043,13,100.0,55.78999999999999,13.68421052631579,0.0,0.0,1,73.0,16.0
7,300,p043,14,100.0,55.72,13.68421052631579,0.0,0.0,1,74.0,16.0
7,300,p043,15,100.0,55.78999999999999,13.68421052631579,0.0,0.0,1,73.0,16.0
7,300,p044,0,100.0,55.78999999999999,13.68421052631579,0.0,0.0,1,73.0,16.0
7,300,p044,1,100.0,55.72,13.68421052631579,0.0,0.0,1,74.0,16.0
7,300,p044,2,100.0,53.56,58.68421052631579,1.0,0.0,1,77.0,16.0
7,300,p044,3,100.0,55.78999999999999,13.68421052631579,0.0,0.0,1,73.0,16.0
7,300,p044,4,98.47999999999999,49.239999999999995,58.888888888888886,1.0,0.0,1,73.0,16.0
7,300,p044,5,100.0,55.78999999999999,13.68421052631579,0.0,0.0,1,73.0,16.0
7,300,p044,6,100.0,53.64,58.68421052631579,1.0,0.0,1,78.0,16.0
7,300,p044,7,100.0,51.47,13.88888888888889,0.0,0.0,1,69.0,16.0
7,300,p044,8,46.239999999999995,23.119999999999997,18.57142857142857,0.0,0.0,0,34.0,4.0
7,300,p044,9,100.0,53.72,58.68421052631579,1.0,0.0,1,79.0,16.0
7,300,p044,10,100.0,55.72,13.68421052631579,0.0,0.0,1,74.0,16.0
7,300,p044,11,100.0,56.029999999999994,13.68421052631579,0.0,0.0,1,76.0,16.0
7,300,p044,12,100.0,55.949999999999996,13.68421052631579,0.0,0.0,1,75.0,16.0
7,300,p044,13,100.0,53.64,58.68421052631579,1.0,0.0,1,78.0,16.0
7,300,p044,14,100.0,53.64,58.68421052631579,1.0,0.0,1,78.0,16.0
7,300,p044,15,100.0,55.87,13.68421052631579,0.0,0.0,1,74.0,16.0
7,300,p045,0,100.0,55.949999999999996,13.68421052631579,0.0,0.0,1,75.0,16.0
7,300,p045,1,100.0,53.56,58.68421052631579,1.0,0.0,1,77.0,16.0
7,300,p045,2,100.0,55.78999999999999,13.68421052631579,0.0,0.0,1,73.0,16.0
7,300,p045,3,100.0,53.72,58.68421052631579,1.0,0.0,1,79.0,16.0
7,300,p045,4,100.0,55.78999999999999,13.68421052631579,0.0,0.0,1,73.0,16.0
7,300,p045,5,100.0,61.709999999999994,13.0,0.0,0.0,1,77.0,16.0
7,300,p045,6,100.0,53.64,58.68421052631579,1.0,0.0,1,78.0,16.0
7,300,p045,7,100.0,55.949999999999996,13.68421052631579,0.0,0.0,1,75.0,16.0
7,300,p045,8,100.0,61.79,13.0,0.0,0.0,1,78.0,16.0
7,300,p045,9,100.0,55.78999999999999,13.68421052631579,0.0,0.0,1,73.0,16.0
7,300,p045,10,100.0,55.949999999999996,13.68421052631579,0.0,0.0,1,75.0,16.0
7,300,p045,11,100.0,55.87,13.68421052631579,0.0,0.0,1,74.0,16.0
7,300,p045,12,100.0,55.78999999999999,13.68421052631579,0.0,0.0,1,73.0,16.0
7,300,p045,13,100.0,51.309999999999995,13.88888888888889,0.0,0.0,1,67.0,16.0
7,300,p045,14,100.0,51.38999999999999,13.88888888888889,0.0,0.0,1,68.0,16.0
7,300,p045,15,100.0,55.87,13.68421052631579,0.0,0.0,1,74.0,16.0
7,300,p046,0,100.0,55.87,13.68421052631579,0.0,0.0,1,74.0,16.0
7,300,p046,1,100.0,55.78999999999999,13.68421052631579,0.0,0.0,1,73.0,16.0
7,300,p046,2,100.0,55.949999999999996,13.68421052631579,0.0,0.0,1,75.0,16.0
7,300,p046,3,100.0,51.55,13.88888888888889,0.0,0.0,1,70.0,16.0
7,300,p046,4,100.0,55.87,13.68421052631579,0.0,0.0,1,74.0,16.0
7,300,p046,5,100.0,55.72,13.68421052631579,0.0,0.0,1,74.0,16.0
7,300,p046,6,100.0,55.87,13.68421052631579,0.0,0.0,1,74.0,16.0
7,300,p046,7,98.3,49.15,58.888888888888886,1.0,0.0,1,70.0,16.0
7,300,p046,8,100.0,61.709999999999994,13.0,0.0,0.0,1,77.0,16.0
7,300,p046,9,100.0,55.949999999999996,13.68421052631579,0.0,0.0,1,75.0,16.0
7,300,p046,10,100.0,51.47,13.88888888888889,0.0,0.0,1,69.0,16.0
7,300,p046,11,100.0,55.78999999999999,13.68421052631579,0.0,0.0,1,73.0,16.0
7,300,p046,12,100.0,55.72,13.68421052631579,0.0,0.0,1,74.0,16.0
7,300,p046,13,100.0,53.87,58.68421052631579,1.0,0.0,1,79.0,16.0
7,300,p046,14,100.0,55.78999999999999,13.68421052631579,0.0,0.0,1,73.0,16.0
7,300,p046,15,100.0,55.949999999999996,13.68421052631579,0.0,0.0,1,75.0,16.0
7,300,p047,0,100.0,55.949999999999996,13.68421052631579,0.0,0.0,1,75.0,16.0
7,300,p047,1,100.0,55.72,13.68421052631579,0.0,0.0,1,74.0,16.0
7,300,p047,2,100.0,55.949999999999996,13.68421052631579,0.0,0.0,1,75.0,16.0
7,300,p047,3,100.0,55.72,13.68421052631579,0.0,0.0,1,74.0,16.0
7,300,p047,4,100.0,51.38999999999999,13.88888888888889,0.0,0.0,1,68.0,16.0
7,300,p047,5,100.0,61.949999999999996,13.0,0.0,0.0,1,80.0,16.0
7,300,p047,6,100.0,55.949999999999996,13.68421052631579,0.0,0.0,1,75.0,16.0
7,300,p047,7,100.0,56.029999999999994,13.68421052631579,0.0,0.0,1,76.0,16.0
7,300,p047,8,100.0,55.87,13.68421052631579,0.0,0.0,1,74.0,16.0
7,300,p047,9,100.0,55.949999999999996,13.68421052631579,0.0,0.0,1,75.0,16.0
7,300,p047,10,100.0,56.029999999999994,13.68421052631579,0.0,0.0,1,76.0,16.0
7,300,p047,11,100.0,55.72,13.68421052631579,0.0,0.0,1,74.0,16.0
7,300,p047,12,100.0,55.78999999999999,13.68421052631579,0.0,0.0,1,73.0,16.0
7,300,p047,13,100.0,55.72,13.68421052631579,0.0,0.0,1,74.0,16.0
7,300,p047,14,100.0,55.87,13.68421052631579,0.0,0.0,1,74.0,16.0
7,300,p047,15,100.0,55.72,13.68421052631579,0.0,0.0,1,74.0,16.0
7,300,p048,0,100.0,55.78999999999999,13.68421052631579,0.0,0.0,1,73.0,16.0
7,300,p048,1,100.0,55.72,13.68421052631579,0.0,0.0,1,74.0,16.0
7,300,p048,2,100.0,61.79,13.0,0.0,0.0,1,78.0,16.0
7,300,p048,3,100.0,51.55,13.88888888888889,0.0,0.0,1,70.0,16.0
7,300,p048,4,100.0,55.949999999999996,13.68421052631579,0.0,0.0,1,75.0,16.0
7,300,p048,5,100.0,55.949999999999996,13.68421052631579,0.0,0.0,1,75.0,16.0
7,300,p048,6,100.0,53.87,58.68421052631579,1.0,0.0,1,79.0,16.0
7,300,p048,7,100.0,53.709999999999994,58.68421052631579,1.0,0.0,1,77.0,16.0
7,300,p048,8,100.0,56.029999999999994,13.68421052631579,0.0,0.0,1,76.0,16.0
7,300,p048,9,100.0,56.029999999999994,13.68421052631579,0.0,0.0,1,76.0,16.0
7,300,p048,10,100.0,61.64,13.0,0.0,0.0,1,78.0,16.0
7,300,p048,11,100.0,53.629999999999995,58.68421052631579,1.0,0.0,1,76.0,16.0
7,300,p048,12,100.0,53.79,58.68421052631579,1.0,0.0,1,78.0,16.0
7,300,p048,13,100.0,55.87,13.68421052631579,0.0,0.0,1,74.0,16.0
7,300,p048,14,100.0,56.029999999999994,13.68421052631579,0.0,0.0,1,76.0,16.0
7,300,p048,15,100.0,55.78999999999999,13.68421052631579,0.0,0.0,1,73.0,16.0
19,0,p037,0,9.5,4.75,100.0,1.0,1.0,0,30.0,1.0
19,0,p037,1,9.5,4.75,100.0,1.0,1.0,0,30.0,1.0
19,0,p037,2,9.34,4.67,100.0,1.0,1.0,0,29.0,1.0
19,0,p037,3,9.66,4.83,100.0,1.0,1.0,0,31.0,1.0
19,0,p037,4,9.5,4.75,100.0,1.0,1.0,0,30.0,1.0
19,0,p037,5,20.52,10.26,20.0,0.0,0.0,0,17.0,1.0
19,0,p037,6,9.5,4.75,100.0,1.0,1.0,0,30.0,1.0
19,0,p037,7,9.04,4.52,100.0,1.0,1.0,0,29.0,1.0
19,0,p037,8,18.46,9.23,100.0,1.0,1.0,0,36.0,1.0
19,0,p037,9,15.3,7.65,100.0,1.0,1.0,0,35.0,2.0
19,0,p037,10,9.5,4.75,100.0,1.0,1.0,0,30.0,1.0
19,0,p037,11,3.8600000000000003,1.9300000000000002,100.0,1.0,1.0,0,26.0,0.0
19,0,p037,12,16.9,8.45,20.0,0.0,0.0,1,15.0,2.0
19,0,p037,13,9.18,4.59,100.0,1.0,1.0,0,28.0,1.0
19,0,p037,14,9.66,4.83,100.0,1.0,1.0,0,31.0,1.0
19,0,p037,15,18.3,9.15,100.0,1.0,1.0,0,35.0,1.0
19,0,p038,0,9.18,4.59,100.0,1.0,1.0,0,28.0,1.0
19,0,p038,1,9.5,4.75,100.0,1.0,1.0,0,30.0,1.0
19,0,p038,2,9.04,4.52,100.0,1.0,1.0,0,29.0,1.0
19,0,p038,3,18.14,9.07,100.0,1.0,1.0,0,34.0,1.0
19,0,p038,4,9.18,4.59,100.0,1.0,1.0,0,28.0,1.0
19,0,p038,5,9.04,4.52,100.0,1.0,1.0,0,29.0,1.0
19,0,p038,6,9.5,4.75,100.0,1.0,1.0,0,30.0,1.0
19,0,p038,7,11.4,5.7,20.0,0.0,0.0,0,10.0,1.0
19,0,p038,8,9.5,4.75,100.0,1.0,1.0,0,30.0,1.0
19,0,p038,9,9.66,4.83,100.0,1.0,1.0,0,31.0,1.0
19,0,p038,10,9.66,4.83,100.0,1.0,1.0,0,31.0,1.0
19,0,p038,11,11.56,5.78,20.0,0.0,0.0,0,11.0,1.0
19,0,p038,12,9.5,4.75,100.0,1.0,1.0,0,30.0,1.0
19,0,p038,13,9.18,4.59,100.0,1.0,1.0,0,28.0,1.0
19,0,p038,14,3.8600000000000003,1.9300000000000002,100.0,1.0,1.0,0,26.0,0.0
19,0,p038,15,11.72,5.86,20.0,0.0,0.0,0,12.0,1.0
19,0,p039,0,9.5,4.75,100.0,1.0,1.0,0,30.0,1.0
19,0,p039,1,9.18,4.59,100.0,1.0,1.0,0,28.0,1.0
19,0,p039,2,18.619999999999997,9.309999999999999,100.0,1.0,1.0,0,37.0,1.0
19,0,p039,3,18.619999999999997,9.309999999999999,100.0,1.0,1.0,0,37.0,1.0
19,0,p039,4,18.14,9.07,100.0,1.0,1.0,0,34.0,1.0
19,0,p039,5,9.5,4.75,100.0,1.0,1.0,0,30.0,1.0
19,0,p039,6,3.8600000000000003,1.9300000000000002,100.0,1.0,1.0,0,26.0,0.0
19,0,p039,7,100.0,53.239999999999995,58.68421052631579,1.0,0.0,1,73.0,16.0
19,0,p039,8,32.28,16.14,98.33333333333333,1.0,1.0,0,43.0,2.0
19,0,p039,9,9.34,4.67,100.0,1.0,1.0,0,29.0,1.0
19,0,p039,10,15.3,7.65,100.0,1.0,1.0,0,35.0,2.0
19,0,p039,11,6.080000000000001,3.0400000000000005,20.0,0.0,0.0,0,8.0,0.0
19,0,p039,12,18.46,9.23,100.0,1.0,1.0,0,36.0,1.0
19,0,p039,13,11.88,5.94,20.0,0.0,0.0,0,13.0,1.0
19,0,p039,14,11.26,5.63,20.0,0.0,0.0,0,11.0,1.0
19,0,p039,15,9.66,4.83,100.0,1.0,1.0,0,31.0,1.0
19,0,p040,0,9.34,4.67,100.0,1.0,1.0,0,29.0,1.0
19,0,p040,1,27.7,13.85,20.0,0.0,0.0,1,20.0,4.0
19,0,p040,2,9.5,4.75,100.0,1.0,1.0,0,30.0,1.0
19,0,p040,3,9.5,4.75,100.0,1.0,1.0,0,30.0,1.0
19,0,p040,4,17.36,8.68,20.0,0.0,0.0,1,16.0,2.0
19,0,p040,5,18.3,9.15,100.0,1.0,1.0,0,35.0,1.0
19,0,p040,6,9.18,4.59,100.0,1.0,1.0,0,28.0,1.0
19,0,p040,7,15.3,7.65,100.0,1.0,1.0,0,35.0,2.0
19,0,p040,8,20.36,10.18,20.0,0.0,0.0,0,16.0,1.0
19,0,p040,9,11.4,5.7,20.0,0.0,0.0,0,10.0,1.0
19,0,p040,10,9.5,4.75,100.0,1.0,1.0,0,30.0,1.0
19,0,p040,11,35.06,17.53,100.0,1.0,1.0,0,46.0,4.0
19,0,p040,12,15.3,7.65,100.0,1.0,1.0,0,35.0,2.0
19,0,p040,13,15.14,7.57,100.0,1.0,1.0,0,34.0,2.0
19,0,p040,14,11.56,5.78,20.0,0.0,0.0,0,11.0,1.0
19,0,p040,15,9.18,4.59,100.0,1.0,1.0,0,28.0,1.0
19,0,p041,0,9.34,4.67,100.0,1.0,1.0,0,29.0,1.0
19,0,p041,1,9.18,4.59,100.0,1.0,1.0,0,28.0,1.0
19,0,p041,2,9.66,4.83,100.0,1.0,1.0,0,31.0,1.0
19,0,p041,3,29.8,14.9,17.5,0.0,0.0,1,25.0,1.0
19,0,p041,4,9.04,4.52,100.0,1.0,1.0,0,29.0,1.0
19,0,p041,5,9.34,4.67,100.0,1.0,1.0,0,29.0,1.0
19,0,p041,6,9.18,4.59,100.0,1.0,1.0,0,28.0,1.0
19,0,p041,7,3.8600000000000003,1.9300000000000002,100.0,1.0,1.0,0,26.0,0.0
19,0,p041,8,11.88,5.94,20.0,0.0,0.0,0,13.0,1.0
19,0,p041,9,9.66,4.83,100.0,1.0,1.0,0,31.0,1.0
19,0,p041,10,11.88,5.94,20.0,0.0,0.0,0,13.0,1.0
19,0,p041,11,44.879999999999995,22.439999999999998,95.71428571428571,1.0,1.0,1,53.0,1.0
19,0,p041,12,9.5,4.75,100.0,1.0,1.0,0,30.0,1.0
19,0,p041,13,9.18,4.59,100.0,1.0,1.0,0,28.0,1.0
19,0,p041,14,18.3,9.15,100.0,1.0,1.0,0,35.0,1.0
19,0,p041,15,9.66,4.83,100.0,1.0,1.0,0,31.0,1.0
19,0,p042,0,6.080000000000001,3.0400000000000005,20.0,0.0,0.0,0,8.0,0.0
19,0,p042,1,9.34,4.67,100.0,1.0,1.0,0,29.0,1.0
19,0,p042,2,45.34,22.67,95.71428571428571,1.0,1.0,1,54.0,1.0
19,0,p042,3,15.14,7.57,100.0,1.0,1.0,0,34.0,2.0
19,0,p042,4,18.619999999999997,9.309999999999999,100.0,1.0,1.0,0,37.0,1.0
19,0,p042,5,9.5,4.75,100.0,1.0,1.0,0,30.0,1.0
19,0,p042,6,9.5,4.75,100.0,1.0,1.0,0,30.0,1.0
19,0,p042,7,14.36,7.18,100.0,1.0,1.0,0,31.0,2.0
19,0,p042,8,9.66,4.83,100.0,1.0,1.0,0,31.0,1.0
19,0,p042,9,25.479999999999997,12.739999999999998,100.0,1.0,1.0,0,38.0,4.0
19,0,p042,10,25.96,12.98,100.0,1.0,1.0,0,41.0,4.0
19,0,p042,11,9.34,4.67,100.0,1.0,1.0,0,29.0,1.0
19,0,p042,12,34.44,17.22,100.0,1.0,1.0,0,44.0,4.0
19,0,p042,13,9.66,4.83,100.0,1.0,1.0,0,31.0,1.0
19,0,p042,14,12.82,6.41,100.0,1.0,1.0,0,32.0,0.0
19,0,p042,15,11.56,5.78,20.0,0.0,0.0,0,11.0,1.0
19,0,p043,0,17.52,8.76,20.0,0.0,0.0,0,17.0,2.0
19,0,p043,1,9.82,4.91,100.0,1.0,1.0,0,32.0,1.0
19,0,p043,2,15.62,7.81,100.0,1.0,1.0,0,37.0,2.0
19,0,p043,3,9.36,4.68,100.0,1.0,1.0,0,31.0,1.0
19,0,p043,4,9.66,4.83,100.0,1.0,1.0,0,31.0,1.0
19,0,p043,5,14.68,7.34,100.0,1.0,1.0,0,33.0,2.0
19,0,p043,6,9.5,4.75,100.0,1.0,1.0,0,30.0,1.0
19,0,p043,7,34.92,17.46,100.0,1.0,1.0,1,47.0,4.0
19,0,p043,8,17.36,8.68,20.0,0.0,0.0,1,16.0,2.0
19,0,p043,9,9.66,4.83,100.0,1.0,1.0,0,31.0,1.0
19,0,p043,10,9.5,4.75,100.0,1.0,1.0,0,30.0,1.0
19,0,p043,11,9.82,4.91,100.0,1.0,1.0,0,32.0,1.0
19,0,p043,12,9.98,4.99,100.0,1.0,1.0,0,33.0,1.0
19,0,p043,13,9.36,4.68,100.0,1.0,1.0,0,31.0,1.0
19,0,p043,14,25.799999999999997,12.899999999999999,100.0,1.0,1.0,0,40.0,4.0
19,0,p043,15,4.180000000000001,2.0900000000000003,100.0,1.0,1.0,0,28.0,0.0
19,0,p044,0,15.62,7.81,100.0,1.0,1.0,0,37.0,2.0
19,0,p044,1,18.46,9.23,100.0,1.0,1.0,0,36.0,1.0
19,0,p044,2,18.46,9.23,100.0,1.0,1.0,0,36.0,1.0
19,0,p044,3,9.82,4.91,100.0,1.0,1.0,0,32.0,1.0
19,0,p044,4,9.82,4.91,100.0,1.0,1.0,0,32.0,1.0
19,0,p044,5,9.82,4.91,100.0,1.0,1.0,0,32.0,1.0
19,0,p044,6,14.98,7.49,100.0,1.0,1.0,0,33.0,2.0
19,0,p044,7,9.66,4.83,100.0,1.0,1.0,0,31.0,1.0
19,0,p044,8,9.5,4.75,100.0,1.0,1.0,0,30.0,1.0
19,0,p044,9,18.619999999999997,9.309999999999999,100.0,1.0,1.0,0,37.0,1.0
19,0,p044,10,6.080000000000001,3.0400000000000005,20.0,0.0,0.0,0,8.0,0.0
19,0,p044,11,9.5,4.75,100.0,1.0,1.0,0,30.0,1.0
19,0,p044,12,9.36,4.68,100.0,1.0,1.0,0,31.0,1.0
19,0,p044,13,9.5,4.75,100.0,1.0,1.0,0,30.0,1.0
19,0,p044,14,9.5,4.75,100.0,1.0,1.0,0,30.0,1.0
19,0,p044,15,18.46,9.23,100.0,1.0,1.0,0,36.0,1.0
19,0,p045,0,28.18,14.09,20.0,0.0,0.0,1,23.0,4.0
19,0,p045,1,9.5,4.75,100.0,1.0,1.0,0,30.0,1.0
19,0,p045,2,14.68,7.34,100.0,1.0,1.0,0,33.0,2.0
19,0,p045,3,27.9,13.95,98.0,1.0,1.0,0,45.0,1.0
19,0,p045,4,9.98,4.99,100.0,1.0,1.0,0,33.0,1.0
19,0,p045,5,23.939999999999998,11.969999999999999,100.0,1.0,1.0,0,39.0,2.0
19,0,p045,6,9.98,4.99,100.0,1.0,1.0,0,33.0,1.0
19,0,p045,7,9.98,4.99,100.0,1.0,1.0,0,33.0,1.0
19,0,p045,8,15.62,7.81,100.0,1.0,1.0,0,37.0,2.0
19,0,p045,9,9.5,4.75,100.0,1.0,1.0,0,30.0,1.0
19,0,p045,10,9.98,4.99,100.0,1.0,1.0,0,33.0,1.0
19,0,p045,11,9.5,4.75,100.0,1.0,1.0,0,30.0,1.0
19,0,p045,12,18.32,9.16,100.0,1.0,1.0,0,37.0,1.0
19,0,p045,13,9.98,4.99,100.0,1.0,1.0,0,33.0,1.0
19,0,p045,14,14.68,7.34,100.0,1.0,1.0,0,33.0,2.0
19,0,p045,15,23.939999999999998,11.969999999999999,100.0,1.0,1.0,0,39.0,2.0
19,0,p046,0,16.880000000000003,8.440000000000001,20.0,0.0,0.0,1,13.0,2.0
19,0,p046,1,10.120000000000001,5.0600000000000005,100.0,1.0,1.0,0,32.0,1.0
19,0,p046,2,19.4,9.7,100.0,1.0,1.0,0,40.0,1.0
19,0,p046,3,10.120000000000001,5.0600000000000005,100.0,1.0,1.0,0,32.0,1.0
19,0,p046,4,10.120000000000001,5.0600000000000005,100.0,1.0,1.0,0,32.0,1.0
19,0,p046,5,13.76,6.88,100.0,1.0,1.0,0,36.0,0.0
19,0,p046,6,10.440000000000001,5.220000000000001,100.0,1.0,1.0,0,34.0,1.0
19,0,p046,7,19.560000000000002,9.780000000000001,100.0,1.0,1.0,0,41.0,1.0
19,0,p046,8,25.04,12.52,100.0,1.0,1.0,0,44.0,2.0
19,0,p046,9,10.440000000000001,5.220000000000001,100.0,1.0,1.0,0,34.0,1.0
19,0,p046,10,19.560000000000002,9.780000000000001,100.0,1.0,1.0,0,41.0,1.0
19,0,p046,11,10.440000000000001,5.220000000000001,100.0,1.0,1.0,0,34.0,1.0
19,0,p046,12,10.120000000000001,5.0600000000000005,100.0,1.0,1.0,0,32.0,1.0
19,0,p046,13,48.2,24.1,97.0,1.0,1.0,1,55.0,8.0
19,0,p046,14,10.120000000000001,5.0600000000000005,100.0,1.0,1.0,0,32.0,1.0
19,0,p046,15,16.880000000000003,8.440000000000001,20.0,0.0,0.0,1,13.0,2.0
19,0,p047,0,10.600000000000001,5.300000000000001,100.0,1.0,1.0,0,35.0,1.0
19,0,p047,1,10.440000000000001,5.220000000000001,100.0,1.0,1.0,0,34.0,1.0
19,0,p047,2,10.440000000000001,5.220000000000001,100.0,1.0,1.0,0,34.0,1.0
19,0,p047,3,19.4,9.7,100.0,1.0,1.0,0,40.0,1.0
19,0,p047,4,10.600000000000001,5.300000000000001,100.0,1.0,1.0,0,35.0,1.0
19,0,p047,5,10.600000000000001,5.300000000000001,100.0,1.0,1.0,0,35.0,1.0
19,0,p047,6,10.600000000000001,5.300000000000001,100.0,1.0,1.0,0,35.0,1.0
19,0,p047,7,11.88,5.94,20.0,0.0,0.0,0,13.0,1.0
19,0,p047,8,16.08,8.04,100.0,1.0,1.0,0,38.0,2.0
19,0,p047,9,15.600000000000001,7.800000000000001,100.0,1.0,1.0,0,35.0,2.0
19,0,p047,10,16.240000000000002,8.120000000000001,100.0,1.0,1.0,0,39.0,2.0
19,0,p047,11,10.600000000000001,5.300000000000001,100.0,1.0,1.0,0,35.0,1.0
19,0,p047,12,11.4,5.7,20.0,0.0,0.0,0,10.0,1.0
19,0,p047,13,10.120000000000001,5.0600000000000005,100.0,1.0,1.0,0,32.0,1.0
19,0,p047,14,9.98,4.99,100.0,1.0,1.0,0,33.0,1.0
19,0,p047,15,4.8,2.4,100.0,1.0,1.0,0,30.0,0.0
19,0,p048,0,9.98,4.99,100.0,1.0,1.0,0,33.0,1.0
19,0,p048,1,16.08,8.04,100.0,1.0,1.0,0,38.0,2.0
19,0,p048,2,10.440000000000001,5.220000000000001,100.0,1.0,1.0,0,34.0,1.0
19,0,p048,3,10.280000000000001,5.140000000000001,100.0,1.0,1.0,0,33.0,1.0
19,0,p048,4,28.2,14.1,98.0,1.0,1.0,0,45.0,1.0
19,0,p048,5,10.440000000000001,5.220000000000001,100.0,1.0,1.0,0,34.0,1.0
19,0,p048,6,35.86,17.93,100.0,1.0,1.0,1,51.0,4.0
19,0,p048,7,26.32,13.16,20.0,0.0,0.0,0,22.0,2.0
19,0,p048,8,48.82000000000001,24.410000000000004,97.0,1.0,1.0,1,57.0,8.0
19,0,p048,9,10.440000000000001,5.220000000000001,100.0,1.0,1.0,0,34.0,1.0
19,0,p048,10,4.8,2.4,100.0,1.0,1.0,0,30.0,0.0
19,0,p048,11,28.2,14.1,98.0,1.0,1.0,0,45.0,1.0
19,0,p048,12,11.88,5.94,20.0,0.0,0.0,0,13.0,1.0
19,0,p048,13,13.76,6.88,100.0,1.0,1.0,0,36.0,0.0
19,0,p048,14,9.98,4.99,100.0,1.0,1.0,0,33.0,1.0
19,0,p048,15,28.2,14.1,98.0,1.0,1.0,0,45.0,1.0
19,20,p037,0,9.5,4.75,100.0,1.0,1.0,0,30.0,1.0
19,20,p037,1,9.5,4.75,100.0,1.0,1.0,0,30.0,1.0
19,20,p037,2,9.34,4.67,100.0,1.0,1.0,0,29.0,1.0
19,20,p037,3,9.66,4.83,100.0,1.0,1.0,0,31.0,1.0
19,20,p037,4,18.46,9.23,100.0,1.0,1.0,0,36.0,1.0
19,20,p037,5,20.52,10.26,20.0,0.0,0.0,0,17.0,1.0
19,20,p037,6,9.5,4.75,100.0,1.0,1.0,0,30.0,1.0
19,20,p037,7,18.0,9.0,100.0,1.0,1.0,0,35.0,1.0
19,20,p037,8,18.46,9.23,100.0,1.0,1.0,0,36.0,1.0
19,20,p037,9,26.1,13.05,100.0,1.0,1.0,0,40.0,4.0
19,20,p037,10,9.5,4.75,100.0,1.0,1.0,0,30.0,1.0
19,20,p037,11,3.8600000000000003,1.9300000000000002,100.0,1.0,1.0,0,26.0,0.0
19,20,p037,12,16.9,8.45,20.0,0.0,0.0,1,15.0,2.0
19,20,p037,13,18.14,9.07,100.0,1.0,1.0,0,34.0,1.0
19,20,p037,14,9.66,4.83,100.0,1.0,1.0,0,31.0,1.0
19,20,p037,15,27.259999999999998,13.629999999999999,98.0,1.0,1.0,0,41.0,1.0
19,20,p038,0,9.18,4.59,100.0,1.0,1.0,0,28.0,1.0
19,20,p038,1,9.5,4.75,100.0,1.0,1.0,0,30.0,1.0
19,20,p038,2,14.68,7.34,100.0,1.0,1.0,0,33.0,2.0
19,20,p038,3,23.32,11.66,100.0,1.0,1.0,0,37.0,2.0
19,20,p038,4,9.18,4.59,100.0,1.0,1.0,0,28.0,1.0
19,20,p038,5,9.04,4.52,100.0,1.0,1.0,0,29.0,1.0
19,20,p038,6,15.3,7.65,100.0,1.0,1.0,0,35.0,2.0
19,20,p038,7,11.4,5.7,20.0,0.0,0.0,0,10.0,1.0
19,20,p038,8,9.5,4.75,100.0,1.0,1.0,0,30.0,1.0
19,20,p038,9,18.619999999999997,9.309999999999999,100.0,1.0,1.0,0,37.0,1.0
19,20,p038,10,9.66,4.83,100.0,1.0,1.0,0,31.0,1.0
19,20,p038,11,11.56,5.78,20.0,0.0,0.0,0,11.0,1.0
19,20,p038,12,9.5,4.75,100.0,1.0,1.0,0,30.0,1.0
19,20,p038,13,23.32,11.66,100.0,1.0,1.0,0,37.0,2.0
19,20,p038,14,3.8600000000000003,1.9300000000000002,100.0,1.0,1.0,0,26.0,0.0
19,20,p038,15,11.72,5.86,20.0,0.0,0.0,0,12.0,1.0
19,20,p039,0,9.5,4.75,100.0,1.0,1.0,0,30.0,1.0
19,20,p039,1,9.18,4.59,100.0,1.0,1.0,0,28.0,1.0
19,20,p039,2,24.1,12.05,100.0,1.0,1.0,0,40.0,2.0
19,20,p039,3,18.619999999999997,9.309999999999999,100.0,1.0,1.0,0,37.0,1.0
19,20,p039,4,23.32,11.66,100.0,1.0,1.0,0,37.0,2.0
19,20,p039,5,9.5,4.75,100.0,1.0,1.0,0,30.0,1.0
19,20,p039,6,3.8600000000000003,1.9300000000000002,100.0,1.0,1.0,0,26.0,0.0
19,20,p039,7,100.0,53.239999999999995,58.68421052631579,1.0,0.0,1,73.0,16.0
19,20,p039,8,32.28,16.14,98.33333333333333,1.0,1.0,0,43.0,2.0
19,20,p039,9,9.34,4.67,100.0,1.0,1.0,0,29.0,1.0
19,20,p039,10,15.3,7.65,100.0,1.0,1.0,0,35.0,2.0
19,20,p039,11,6.080000000000001,3.0400000000000005,20.0,0.0,0.0,0,8.0,0.0
19,20,p039,12,18.46,9.23,100.0,1.0,1.0,0,36.0,1.0
19,20,p039,13,11.88,5.94,20.0,0.0,0.0,0,13.0,1.0
19,20,p039,14,11.26,5.63,20.0,0.0,0.0,0,11.0,1.0
19,20,p039,15,9.66,4.83,100.0,1.0,1.0,0,31.0,1.0
19,20,p040,0,18.3,9.15,100.0,1.0,1.0,0,35.0,1.0
19,20,p040,1,27.7,13.85,20.0,0.0,0.0,1,20.0,4.0
19,20,p040,2,9.5,4.75,100.0,1.0,1.0,0,30.0,1.0
19,20,p040,3,15.3,7.65,100.0,1.0,1.0,0,35.0,2.0
19,20,p040,4,17.36,8.68,20.0,0.0,0.0,1,16.0,2.0
19,20,p040,5,18.3,9.15,100.0,1.0,1.0,0,35.0,1.0
19,20,p040,6,9.18,4.59,100.0,1.0,1.0,0,28.0,1.0
19,20,p040,7,15.3,7.65,100.0,1.0,1.0,0,35.0,2.0
19,20,p040,8,20.36,10.18,20.0,0.0,0.0,0,16.0,1.0
19,20,p040,9,11.4,5.7,20.0,0.0,0.0,0,10.0,1.0
19,20,p040,10,9.5,4.75,100.0,1.0,1.0,0,30.0,1.0
19,20,p040,11,35.06,17.53,100.0,1.0,1.0,0,46.0,4.0
19,20,p040,12,15.3,7.65,100.0,1.0,1.0,0,35.0,2.0
19,20,p040,13,24.1,12.05,100.0,1.0,1.0,0,40.0,2.0
19,20,p040,14,11.56,5.78,20.0,0.0,0.0,0,11.0,1.0
19,20,p040,15,9.18,4.59,100.0,1.0,1.0,0,28.0,1.0
19,20,p041,0,9.34,4.67,100.0,1.0,1.0,0,29.0,1.0
19,20,p041,1,9.18,4.59,100.0,1.0,1.0,0,28.0,1.0
19,20,p041,2,9.66,4.83,100.0,1.0,1.0,0,31.0,1.0
19,20,p041,3,29.8,14.9,17.5,0.0,0.0,1,25.0,1.0
19,20,p041,4,9.04,4.52,100.0,1.0,1.0,0,29.0,1.0
19,20,p041,5,9.34,4.67,100.0,1.0,1.0,0,29.0,1.0
19,20,p041,6,9.18,4.59,100.0,1.0,1.0,0,28.0,1.0
19,20,p041,7,3.8600000000000003,1.9300000000000002,100.0,1.0,1.0,0,26.0,0.0
19,20,p041,8,11.88,5.94,20.0,0.0,0.0,0,13.0,1.0
19,20,p041,9,9.66,4.83,100.0,1.0,1.0,0,31.0,1.0
19,20,p041,10,11.88,5.94,20.0,0.0,0.0,0,13.0,1.0
19,20,p041,11,44.879999999999995,22.439999999999998,95.71428571428571,1.0,1.0,1,53.0,1.0
19,20,p041,12,9.5,4.75,100.0,1.0,1.0,0,30.0,1.0
19,20,p041,13,9.18,4.59,100.0,1.0,1.0,0,28.0,1.0
19,20,p041,14,18.3,9.15,100.0,1.0,1.0,0,35.0,1.0
19,20,p041,15,9.66,4.83,100.0,1.0,1.0,0,31.0,1.0
19,20,p042,0,6.080000000000001,3.0400000000000005,20.0,0.0,0.0,0,8.0,0.0
19,20,p042,1,18.3,9.15,100.0,1.0,1.0,0,35.0,1.0
19,20,p042,2,45.34,22.67,95.71428571428571,1.0,1.0,1,54.0,1.0
19,20,p042,3,15.14,7.57,100.0,1.0,1.0,0,34.0,2.0
19,20,p042,4,18.619999999999997,9.309999999999999,100.0,1.0,1.0,0,37.0,1.0
19,20,p042,5,9.5,4.75,100.0,1.0,1.0,0,30.0,1.0
19,20,p042,6,9.5,4.75,100.0,1.0,1.0,0,30.0,1.0
19,20,p042,7,14.36,7.18,100.0,1.0,1.0,0,31.0,2.0
19,20,p042,8,9.66,4.83,100.0,1.0,1.0,0,31.0,1.0
19,20,p042,9,47.260000000000005,23.630000000000003,97.0,1.0,1.0,1,51.0,8.0
19,20,p042,10,25.96,12.98,100.0,1.0,1.0,0,41.0,4.0
19,20,p042,11,18.3,9.15,100.0,1.0,1.0,0,35.0,1.0
19,20,p042,12,34.44,17.22,100.0,1.0,1.0,0,44.0,4.0
19,20,p042,13,9.66,4.83,100.0,1.0,1.0,0,31.0,1.0
19,20,p042,14,12.82,6.41,100.0,1.0,1.0,0,32.0,0.0
19,20,p042,15,11.56,5.78,20.0,0.0,0.0,0,11.0,1.0
19,20,p043,0,17.52,8.76,20.0,0.0,0.0,0,17.0,2.0
19,20,p043,1,15.62,7.81,100.0,1.0,1.0,0,37.0,2.0
19,20,p043,2,15.62,7.81,100.0,1.0,1.0,0,37.0,2.0
19,20,p043,3,9.36,4.68,100.0,1.0,1.0,0,31.0,1.0
19,20,p043,4,9.66,4.83,100.0,1.0,1.0,0,31.0,1.0
19,20,p043,5,14.68,7.34,100.0,1.0,1.0,0,33.0,2.0
19,20,p043,6,9.5,4.75,100.0,1.0,1.0,0,30.0,1.0
19,20,p043,7,34.92,17.46,100.0,1.0,1.0,1,47.0,4.0
19,20,p043,8,27.86,13.93,20.0,0.0,0.0,1,21.0,4.0
19,20,p043,9,9.66,4.83,100.0,1.0,1.0,0,31.0,1.0
19,20,p043,10,9.5,4.75,100.0,1.0,1.0,0,30.0,1.0
19,20,p043,11,9.82,4.91,100.0,1.0,1.0,0,32.0,1.0
19,20,p043,12,9.98,4.99,100.0,1.0,1.0,0,33.0,1.0
19,20,p043,13,9.36,4.68,100.0,1.0,1.0,0,31.0,1.0
19,20,p043,14,25.799999999999997,12.899999999999999,100.0,1.0,1.0,0,40.0,4.0
19,20,p043,15,13.14,6.57,100.0,1.0,1.0,0,34.0,0.0
19,20,p044,0,15.62,7.81,100.0,1.0,1.0,0,37.0,2.0
19,20,p044,1,18.46,9.23,100.0,1.0,1.0,0,36.0,1.0
19,20,p044,2,18.46,9.23,100.0,1.0,1.0,0,36.0,1.0
19,20,p044,3,9.82,4.91,100.0,1.0,1.0,0,32.0,1.0
19,20,p044,4,9.82,4.91,100.0,1.0,1.0,0,32.0,1.0
19,20,p044,5,9.82,4.91,100.0,1.0,1.0,0,32.0,1.0
19,20,p044,6,14.98,7.49,100.0,1.0,1.0,0,33.0,2.0
19,20,p044,7,9.66,4.83,100.0,1.0,1.0,0,31.0,1.0
19,20,p044,8,9.5,4.75,100.0,1.0,1.0,0,30.0,1.0
19,20,p044,9,18.619999999999997,9.309999999999999,100.0,1.0,1.0,0,37.0,1.0
19,20,p044,10,6.080000000000001,3.0400000000000005,20.0,0.0,0.0,0,8.0,0.0
19,20,p044,11,9.5,4.75,100.0,1.0,1.0,0,30.0,1.0
19,20,p044,12,9.36,4.68,100.0,1.0,1.0,0,31.0,1.0
19,20,p044,13,9.5,4.75,100.0,1.0,1.0,0,30.0,1.0
19,20,p044,14,9.5,4.75,100.0,1.0,1.0,0,30.0,1.0
19,20,p044,15,18.46,9.23,100.0,1.0,1.0,0,36.0,1.0
19,20,p045,0,28.18,14.09,20.0,0.0,0.0,1,23.0,4.0
19,20,p045,1,9.5,4.75,100.0,1.0,1.0,0,30.0,1.0
19,20,p045,2,14.68,7.34,100.0,1.0,1.0,0,33.0,2.0
19,20,p045,3,45.82000000000001,22.910000000000004,95.71428571428571,1.0,1.0,1,57.0,1.0
19,20,p045,4,9.98,4.99,100.0,1.0,1.0,0,33.0,1.0
19,20,p045,5,23.939999999999998,11.969999999999999,100.0,1.0,1.0,0,39.0,2.0
19,20,p045,6,9.98,4.99,100.0,1.0,1.0,0,33.0,1.0
19,20,p045,7,9.98,4.99,100.0,1.0,1.0,0,33.0,1.0
19,20,p045,8,15.62,7.81,100.0,1.0,1.0,0,37.0,2.0
19,20,p045,9,9.5,4.75,100.0,1.0,1.0,0,30.0,1.0
19,20,p045,10,18.939999999999998,9.469999999999999,100.0,1.0,1.0,0,39.0,1.0
19,20,p045,11,9.5,4.75,100.0,1.0,1.0,0,30.0,1.0
19,20,p045,12,18.32,9.16,100.0,1.0,1.0,0,37.0,1.0
19,20,p045,13,15.459999999999999,7.7299999999999995,100.0,1.0,1.0,0,36.0,2.0
19,20,p045,14,14.68,7.34,100.0,1.0,1.0,0,33.0,2.0
19,20,p045,15,23.939999999999998,11.969999999999999,100.0,1.0,1.0,0,39.0,2.0
19,20,p046,0,16.880000000000003,8.440000000000001,20.0,0.0,0.0,1,13.0,2.0
19,20,p046,1,15.3,7.65,100.0,1.0,1.0,0,35.0,2.0
19,20,p046,2,28.36,14.18,98.0,1.0,1.0,0,46.0,1.0
19,20,p046,3,10.120000000000001,5.0600000000000005,100.0,1.0,1.0,0,32.0,1.0
19,20,p046,4,10.120000000000001,5.0600000000000005,100.0,1.0,1.0,0,32.0,1.0
19,20,p046,5,13.76,6.88,100.0,1.0,1.0,0,36.0,0.0
19,20,p046,6,10.440000000000001,5.220000000000001,100.0,1.0,1.0,0,34.0,1.0
19,20,p046,7,19.560000000000002,9.780000000000001,100.0,1.0,1.0,0,41.0,1.0
19,20,p046,8,35.54,17.77,100.0,1.0,1.0,1,49.0,4.0
19,20,p046,9,10.440000000000001,5.220000000000001,100.0,1.0,1.0,0,34.0,1.0
19,20,p046,10,19.560000000000002,9.780000000000001,100.0,1.0,1.0,0,41.0,1.0
19,20,p046,11,10.440000000000001,5.220000000000001,100.0,1.0,1.0,0,34.0,1.0
19,20,p046,12,10.120000000000001,5.0600000000000005,100.0,1.0,1.0,0,32.0,1.0
19,20,p046,13,48.2,24.1,97.0,1.0,1.0,1,55.0,8.0
19,20,p046,14,10.120000000000001,5.0600000000000005,100.0,1.0,1.0,0,32.0,1.0
19,20,p046,15,16.880000000000003,8.440000000000001,20.0,0.0,0.0,1,13.0,2.0
19,20,p047,0,10.600000000000001,5.300000000000001,100.0,1.0,1.0,0,35.0,1.0
19,20,p047,1,10.440000000000001,5.220000000000001,100.0,1.0,1.0,0,34.0,1.0
19,20,p047,2,10.440000000000001,5.220000000000001,100.0,1.0,1.0,0,34.0,1.0
19,20,p047,3,19.4,9.7,100.0,1.0,1.0,0,40.0,1.0
19,20,p047,4,10.600000000000001,5.300000000000001,100.0,1.0,1.0,0,35.0,1.0
19,20,p047,5,10.600000000000001,5.300000000000001,100.0,1.0,1.0,0,35.0,1.0
19,20,p047,6,10.600000000000001,5.300000000000001,100.0,1.0,1.0,0,35.0,1.0
19,20,p047,7,11.88,5.94,20.0,0.0,0.0,0,13.0,1.0
19,20,p047,8,26.58,13.29,100.0,1.0,1.0,0,43.0,4.0
19,20,p047,9,15.600000000000001,7.800000000000001,100.0,1.0,1.0,0,35.0,2.0
19,20,p047,10,16.240000000000002,8.120000000000001,100.0,1.0,1.0,0,39.0,2.0
19,20,p047,11,10.600000000000001,5.300000000000001,100.0,1.0,1.0,0,35.0,1.0
19,20,p047,12,11.4,5.7,20.0,0.0,0.0,0,10.0,1.0
19,20,p047,13,10.120000000000001,5.0600000000000005,100.0,1.0,1.0,0,32.0,1.0
19,20,p047,14,9.98,4.99,100.0,1.0,1.0,0,33.0,1.0
19,20,p047,15,4.8,2.4,100.0,1.0,1.0,0,30.0,0.0
19,20,p048,0,15.62,7.81,100.0,1.0,1.0,0,37.0,2.0
19,20,p048,1,16.08,8.04,100.0,1.0,1.0,0,38.0,2.0
19,20,p048,2,19.4,9.7,100.0,1.0,1.0,0,40.0,1.0
19,20,p048,3,10.280000000000001,5.140000000000001,100.0,1.0,1.0,0,33.0,1.0
19,20,p048,4,28.2,14.1,98.0,1.0,1.0,0,45.0,1.0
19,20,p048,5,10.440000000000001,5.220000000000001,100.0,1.0,1.0,0,34.0,1.0
19,20,p048,6,35.86,17.93,100.0,1.0,1.0,1,51.0,4.0
19,20,p048,7,36.82,18.41,20.0,0.0,0.0,1,27.0,4.0
19,20,p048,8,89.82,44.91,58.529411764705884,1.0,0.0,1,67.0,16.0
19,20,p048,9,10.440000000000001,5.220000000000001,100.0,1.0,1.0,0,34.0,1.0
19,20,p048,10,4.8,2.4,100.0,1.0,1.0,0,30.0,0.0
19,20,p048,11,28.2,14.1,98.0,1.0,1.0,0,45.0,1.0
19,20,p048,12,11.88,5.94,20.0,0.0,0.0,0,13.0,1.0
19,20,p048,13,13.76,6.88,100.0,1.0,1.0,0,36.0,0.0
19,20,p048,14,15.62,7.81,100.0,1.0,1.0,0,37.0,2.0
19,20,p048,15,28.2,14.1,98.0,1.0,1.0,0,45.0,1.0
19,40,p037,0,9.5,4.75,100.0,1.0,1.0,0,30.0,1.0
19,40,p037,1,9.5,4.75,100.0,1.0,1.0,0,30.0,1.0
19,40,p037,2,9.34,4.67,100.0,1.0,1.0,0,29.0,1.0
19,40,p037,3,9.66,4.83,100.0,1.0,1.0,0,31.0,1.0
19,40,p037,4,18.46,9.23,100.0,1.0,1.0,0,36.0,1.0
19,40,p037,5,20.52,10.26,20.0,0.0,0.0,0,17.0,1.0
19,40,p037,6,18.46,9.23,100.0,1.0,1.0,0,36.0,1.0
19,40,p037,7,18.0,9.0,100.0,1.0,1.0,0,35.0,1.0
19,40,p037,8,18.46,9.23,100.0,1.0,1.0,0,36.0,1.0
19,40,p037,9,26.1,13.05,100.0,1.0,1.0,0,40.0,4.0
19,40,p037,10,9.5,4.75,100.0,1.0,1.0,0,30.0,1.0
19,40,p037,11,12.82,6.41,100.0,1.0,1.0,0,32.0,0.0
19,40,p037,12,16.9,8.45,20.0,0.0,0.0,1,15.0,2.0
19,40,p037,13,18.14,9.07,100.0,1.0,1.0,0,34.0,1.0
19,40,p037,14,9.66,4.83,100.0,1.0,1.0,0,31.0,1.0
19,40,p037,15,27.259999999999998,13.629999999999999,98.0,1.0,1.0,0,41.0,1.0
19,40,p038,0,9.18,4.59,100.0,1.0,1.0,0,28.0,1.0
19,40,p038,1,9.5,4.75,100.0,1.0,1.0,0,30.0,1.0
19,40,p038,2,14.68,7.34,100.0,1.0,1.0,0,33.0,2.0
19,40,p038,3,23.32,11.66,100.0,1.0,1.0,0,37.0,2.0
19,40,p038,4,9.18,4.59,100.0,1.0,1.0,0,28.0,1.0
19,40,p038,5,9.04,4.52,100.0,1.0,1.0,0,29.0,1.0
19,40,p038,6,24.259999999999998,12.129999999999999,100.0,1.0,1.0,0,41.0,2.0
19,40,p038,7,11.4,5.7,20.0,0.0,0.0,0,10.0,1.0
19,40,p038,8,9.5,4.75,100.0,1.0,1.0,0,30.0,1.0
19,40,p038,9,18.619999999999997,9.309999999999999,100.0,1.0,1.0,0,37.0,1.0
19,40,p038,10,9.66,4.83,100.0,1.0,1.0,0,31.0,1.0
19,40,p038,11,11.56,5.78,20.0,0.0,0.0,0,11.0,1.0
19,40,p038,12,18.46,9.23,100.0,1.0,1.0,0,36.0,1.0
19,40,p038,13,23.32,11.66,100.0,1.0,1.0,0,37.0,2.0
19,40,p038,14,12.82,6.41,100.0,1.0,1.0,0,32.0,0.0
19,40,p038,15,11.72,5.86,20.0,0.0,0.0,0,12.0,1.0
19,40,p039,0,9.5,4.75,100.0,1.0,1.0,0,30.0,1.0
19,40,p039,1,9.18,4.59,100.0,1.0,1.0,0,28.0,1.0
19,40,p039,2,24.1,12.05,100.0,1.0,1.0,0,40.0,2.0
19,40,p039,3,18.619999999999997,9.309999999999999,100.0,1.0,1.0,0,37.0,1.0
19,40,p039,4,23.32,11.66,100.0,1.0,1.0,0,37.0,2.0
19,40,p039,5,9.5,4.75,100.0,1.0,1.0,0,30.0,1.0
19,40,p039,6,3.8600000000000003,1.9300000000000002,100.0,1.0,1.0,0,26.0,0.0
19,40,p039,7,100.0,53.239999999999995,58.68421052631579,1.0,0.0,1,73.0,16.0
19,40,p039,8,32.28,16.14,98.33333333333333,1.0,1.0,0,43.0,2.0
19,40,p039,9,9.34,4.67,100.0,1.0,1.0,0,29.0,1.0
19,40,p039,10,15.3,7.65,100.0,1.0,1.0,0,35.0,2.0
19,40,p039,11,6.080000000000001,3.0400000000000005,20.0,0.0,0.0,0,8.0,0.0
19,40,p039,12,18.46,9.23,100.0,1.0,1.0,0,36.0,1.0
19,40,p039,13,11.88,5.94,20.0,0.0,0.0,0,13.0,1.0
19,40,p039,14,11.26,5.63,20.0,0.0,0.0,0,11.0,1.0
19,40,p039,15,9.66,4.83,100.0,1.0,1.0,0,31.0,1.0
19,40,p040,0,23.619999999999997,11.809999999999999,100.0,1.0,1.0,0,37.0,2.0
19,40,p040,1,27.7,13.85,20.0,0.0,0.0,1,20.0,4.0
19,40,p040,2,9.5,4.75,100.0,1.0,1.0,0,30.0,1.0
19,40,p040,3,15.3,7.65,100.0,1.0,1.0,0,35.0,2.0
19,40,p040,4,17.36,8.68,20.0,0.0,0.0,1,16.0,2.0
19,40,p040,5,18.3,9.15,100.0,1.0,1.0,0,35.0,1.0
19,40,p040,6,14.36,7.18,100.0,1.0,1.0,0,31.0,2.0
19,40,p040,7,26.1,13.05,100.0,1.0,1.0,0,40.0,4.0
19,40,p040,8,20.36,10.18,20.0,0.0,0.0,0,16.0,1.0
19,40,p040,9,20.36,10.18,20.0,0.0,0.0,0,16.0,1.0
19,40,p040,10,9.5,4.75,100.0,1.0,1.0,0,30.0,1.0
19,40,p040,11,35.06,17.53,100.0,1.0,1.0,0,46.0,4.0
19,40,p040,12,26.1,13.05,100.0,1.0,1.0,0,40.0,4.0
19,40,p040,13,24.1,12.05,100.0,1.0,1.0,0,40.0,2.0
19,40,p040,14,11.56,5.78,20.0,0.0,0.0,0,11.0,1.0
19,40,p040,15,9.18,4.59,100.0,1.0,1.0,0,28.0,1.0
19,40,p041,0,9.34,4.67,100.0,1.0,1.0,0,29.0,1.0
19,40,p041,1,18.14,9.07,100.0,1.0,1.0,0,34.0,1.0
19,40,p041,2,15.14,7.57,100.0,1.0,1.0,0,34.0,2.0
19,40,p041,3,35.28,17.64,18.0,0.0,0.0,0,28.0,2.0
19,40,p041,4,9.04,4.52,100.0,1.0,1.0,0,29.0,1.0
19,40,p041,5,9.34,4.67,100.0,1.0,1.0,0,29.0,1.0
19,40,p041,6,9.18,4.59,100.0,1.0,1.0,0,28.0,1.0
19,40,p041,7,3.8600000000000003,1.9300000000000002,100.0,1.0,1.0,0,26.0,0.0
19,40,p041,8,20.84,10.42,20.0,0.0,0.0,0,19.0,1.0
19,40,p041,9,9.66,4.83,100.0,1.0,1.0,0,31.0,1.0
19,40,p041,10,17.36,8.68,20.0,0.0,0.0,1,16.0,2.0
19,40,p041,11,44.879999999999995,22.439999999999998,95.71428571428571,1.0,1.0,1,53.0,1.0
19,40,p041,12,9.5,4.75,100.0,1.0,1.0,0,30.0,1.0
19,40,p041,13,9.18,4.59,100.0,1.0,1.0,0,28.0,1.0
19,40,p041,14,18.3,9.15,100.0,1.0,1.0,0,35.0,1.0
19,40,p041,15,9.66,4.83,100.0,1.0,1.0,0,31.0,1.0
19,40,p042,0,6.080000000000001,3.0400000000000005,20.0,0.0,0.0,0,8.0,0.0
19,40,p042,1,23.619999999999997,11.809999999999999,100.0,1.0,1.0,0,37.0,2.0
19,40,p042,2,45.34,22.67,95.71428571428571,1.0,1.0,1,54.0,1.0
19,40,p042,3,24.1,12.05,100.0,1.0,1.0,0,40.0,2.0
19,40,p042,4,18.619999999999997,9.309999999999999,100.0,1.0,1.0,0,37.0,1.0
19,40,p042,5,9.5,4.75,100.0,1.0,1.0,0,30.0,1.0
19,40,p042,6,9.5,4.75,100.0,1.0,1.0,0,30.0,1.0
19,40,p042,7,14.36,7.18,100.0,1.0,1.0,0,31.0,2.0
19,40,p042,8,9.66,4.83,100.0,1.0,1.0,0,31.0,1.0
19,40,p042,9,47.260000000000005,23.630000000000003,97.0,1.0,1.0,1,51.0,8.0
19,40,p042,10,25.96,12.98,100.0,1.0,1.0,0,41.0,4.0
19,40,p042,11,18.3,9.15,100.0,1.0,1.0,0,35.0,1.0
19,40,p042,12,34.44,17.22,100.0,1.0,1.0,0,44.0,4.0
19,40,p042,13,9.66,4.83,100.0,1.0,1.0,0,31.0,1.0
19,40,p042,14,12.82,6.41,100.0,1.0,1.0,0,32.0,0.0
19,40,p042,15,16.880000000000003,8.440000000000001,20.0,0.0,0.0,1,13.0,2.0
19,40,p043,0,28.32,14.16,20.0,0.0,0.0,1,22.0,4.0
19,40,p043,1,15.62,7.81,100.0,1.0,1.0,0,37.0,2.0
19,40,p043,2,26.419999999999998,13.209999999999999,100.0,1.0,1.0,0,42.0,4.0
19,40,p043,3,9.36,4.68,100.0,1.0,1.0,0,31.0,1.0
19,40,p043,4,9.66,4.83,100.0,1.0,1.0,0,31.0,1.0
19,40,p043,5,14.68,7.34,100.0,1.0,1.0,0,33.0,2.0
19,40,p043,6,9.5,4.75,100.0,1.0,1.0,0,30.0,1.0
19,40,p043,7,34.92,17.46,100.0,1.0,1.0,1,47.0,4.0
19,40,p043,8,27.86,13.93,20.0,0.0,0.0,1,21.0,4.0
19,40,p043,9,9.66,4.83,100.0,1.0,1.0,0,31.0,1.0
19,40,p043,10,4.180000000000001,2.0900000000000003,100.0,1.0,1.0,0,28.0,0.0
19,40,p043,11,9.82,4.91,100.0,1.0,1.0,0,32.0,1.0
19,40,p043,12,18.939999999999998,9.469999999999999,100.0,1.0,1.0,0,39.0,1.0
19,40,p043,13,11.26,5.63,20.0,0.0,0.0,0,11.0,1.0
19,40,p043,14,47.58,23.79,97.0,1.0,1.0,1,53.0,8.0
19,40,p043,15,13.14,6.57,100.0,1.0,1.0,0,34.0,0.0
19,40,p044,0,15.62,7.81,100.0,1.0,1.0,0,37.0,2.0
19,40,p044,1,18.46,9.23,100.0,1.0,1.0,0,36.0,1.0
19,40,p044,2,18.46,9.23,100.0,1.0,1.0,0,36.0,1.0
19,40,p044,3,9.82,4.91,100.0,1.0,1.0,0,32.0,1.0
19,40,p044,4,9.82,4.91,100.0,1.0,1.0,0,32.0,1.0
19,40,p044,5,9.82,4.91,100.0,1.0,1.0,0,32.0,1.0
19,40,p044,6,25.799999999999997,12.899999999999999,100.0,1.0,1.0,0,40.0,4.0
19,40,p044,7,9.66,4.83,100.0,1.0,1.0,0,31.0,1.0
19,40,p044,8,9.5,4.75,100.0,1.0,1.0,0,30.0,1.0
19,40,p044,9,18.619999999999997,9.309999999999999,100.0,1.0,1.0,0,37.0,1.0
19,40,p044,10,15.040000000000001,7.5200000000000005,20.0,0.0,0.0,0,14.0,0.0
19,40,p044,11,9.5,4.75,100.0,1.0,1.0,0,30.0,1.0
19,40,p044,12,9.36,4.68,100.0,1.0,1.0,0,31.0,1.0
19,40,p044,13,14.68,7.34,100.0,1.0,1.0,0,33.0,2.0
19,40,p044,14,9.5,4.75,100.0,1.0,1.0,0,30.0,1.0
19,40,p044,15,18.46,9.23,100.0,1.0,1.0,0,36.0,1.0
19,40,p045,0,28.18,14.09,20.0,0.0,0.0,1,23.0,4.0
19,40,p045,1,18.46,9.23,100.0,1.0,1.0,0,36.0,1.0
19,40,p045,2,26.119999999999997,13.059999999999999,100.0,1.0,1.0,0,42.0,4.0
19,40,p045,3,45.82000000000001,22.910000000000004,95.71428571428571,1.0,1.0,1,57.0,1.0
19,40,p045,4,9.98,4.99,100.0,1.0,1.0,0,33.0,1.0
19,40,p045,5,23.939999999999998,11.969999999999999,100.0,1.0,1.0,0,39.0,2.0
19,40,p045,6,9.98,4.99,100.0,1.0,1.0,0,33.0,1.0
19,40,p045,7,9.98,4.99,100.0,1.0,1.0,0,33.0,1.0
19,40,p045,8,26.419999999999998,13.209999999999999,100.0,1.0,1.0,0,42.0,4.0
19,40,p045,9,9.5,4.75,100.0,1.0,1.0,0,30.0,1.0
19,40,p045,10,18.939999999999998,9.469999999999999,100.0,1.0,1.0,0,39.0,1.0
19,40,p045,11,18.46,9.23,100.0,1.0,1.0,0,36.0,1.0
19,40,p045,12,18.32,9.16,100.0,1.0,1.0,0,37.0,1.0
19,40,p045,13,15.459999999999999,7.7299999999999995,100.0,1.0,1.0,0,36.0,2.0
19,40,p045,14,26.119999999999997,13.059999999999999,100.0,1.0,1.0,0,42.0,4.0
19,40,p045,15,34.76,17.38,100.0,1.0,1.0,0,46.0,4.0
19,40,p046,0,16.880000000000003,8.440000000000001,20.0,0.0,0.0,1,13.0,2.0
19,40,p046,1,15.3,7.65,100.0,1.0,1.0,0,35.0,2.0
19,40,p046,2,28.36,14.18,98.0,1.0,1.0,0,46.0,1.0
19,40,p046,3,10.120000000000001,5.0600000000000005,100.0,1.0,1.0,0,32.0,1.0
19,40,p046,4,10.120000000000001,5.0600000000000005,100.0,1.0,1.0,0,32.0,1.0
19,40,p046,5,13.76,6.88,100.0,1.0,1.0,0,36.0,0.0
19,40,p046,6,19.4,9.7,100.0,1.0,1.0,0,40.0,1.0
19,40,p046,7,19.560000000000002,9.780000000000001,100.0,1.0,1.0,0,41.0,1.0
19,40,p046,8,44.5,22.25,98.75,1.0,1.0,1,55.0,4.0
19,40,p046,9,10.440000000000001,5.220000000000001,100.0,1.0,1.0,0,34.0,1.0
19,40,p046,10,19.560000000000002,9.780000000000001,100.0,1.0,1.0,0,41.0,1.0
19,40,p046,11,10.440000000000001,5.220000000000001,100.0,1.0,1.0,0,34.0,1.0
19,40,p046,12,10.120000000000001,5.0600000000000005,100.0,1.0,1.0,0,32.0,1.0
19,40,p046,13,48.2,24.1,97.0,1.0,1.0,1,55.0,8.0
19,40,p046,14,10.120000000000001,5.0600000000000005,100.0,1.0,1.0,0,32.0,1.0
19,40,p046,15,16.880000000000003,8.440000000000001,20.0,0.0,0.0,1,13.0,2.0
19,40,p047,0,10.600000000000001,5.300000000000001,100.0,1.0,1.0,0,35.0,1.0
19,40,p047,1,10.440000000000001,5.220000000000001,100.0,1.0,1.0,0,34.0,1.0
19,40,p047,2,16.240000000000002,8.120000000000001,100.0,1.0,1.0,0,39.0,2.0
19,40,p047,3,28.36,14.18,98.0,1.0,1.0,0,46.0,1.0
19,40,p047,4,10.600000000000001,5.300000000000001,100.0,1.0,1.0,0,35.0,1.0
19,40,p047,5,10.600000000000001,5.300000000000001,100.0,1.0,1.0,0,35.0,1.0
19,40,p047,6,16.08,8.04,100.0,1.0,1.0,0,38.0,2.0
19,40,p047,7,20.84,10.42,20.0,0.0,0.0,0,19.0,1.0
19,40,p047,8,26.58,13.29,100.0,1.0,1.0,0,43.0,4.0
19,40,p047,9,15.600000000000001,7.800000000000001,100.0,1.0,1.0,0,35.0,2.0
19,40,p047,10,16.240000000000002,8.120000000000001,100.0,1.0,1.0,0,39.0,2.0
19,40,p047,11,10.600000000000001,5.300000000000001,100.0,1.0,1.0,0,35.0,1.0
19,40,p047,12,11.4,5.7,20.0,0.0,0.0,0,10.0,1.0
19,40,p047,13,10.120000000000001,5.0600000000000005,100.0,1.0,1.0,0,32.0,1.0
19,40,p047,14,9.98,4.99,100.0,1.0,1.0,0,33.0,1.0
19,40,p047,15,13.76,6.88,100.0,1.0,1.0,0,36.0,0.0
19,40,p048,0,15.62,7.81,100.0,1.0,1.0,0,37.0,2.0
19,40,p048,1,16.08,8.04,100.0,1.0,1.0,0,38.0,2.0
19,40,p048,2,19.4,9.7,100.0,1.0,1.0,0,40.0,1.0
19,40,p048,3,4.8,2.4,100.0,1.0,1.0,0,30.0,0.0
19,40,p048,4,46.120000000000005,23.060000000000002,95.71428571428571,1.0,1.0,1,57.0,1.0
19,40,p048,5,25.2,12.6,100.0,1.0,1.0,0,45.0,2.0
19,40,p048,6,35.86,17.93,100.0,1.0,1.0,1,51.0,4.0
19,40,p048,7,36.82,18.41,20.0,0.0,0.0,1,27.0,4.0
19,40,p048,8,89.82,44.91,58.529411764705884,1.0,0.0,1,67.0,16.0
19,40,p048,9,10.440000000000001,5.220000000000001,100.0,1.0,1.0,0,34.0,1.0
19,40,p048,10,4.8,2.4,100.0,1.0,1.0,0,30.0,0.0
19,40,p048,11,28.2,14.1,98.0,1.0,1.0,0,45.0,1.0
19,40,p048,12,11.88,5.94,20.0,0.0,0.0,0,13.0,1.0
19,40,p048,13,13.76,6.88,100.0,1.0,1.0,0,36.0,0.0
19,40,p048,14,24.58,12.29,100.0,1.0,1.0,0,43.0,2.0
19,40,p048,15,28.2,14.1,98.0,1.0,1.0,0,45.0,1.0
19,60,p037,0,9.5,4.75,100.0,1.0,1.0,0,30.0,1.0
19,60,p037,1,9.5,4.75,100.0,1.0,1.0,0,30.0,1.0
19,60,p037,2,23.619999999999997,11.809999999999999,100.0,1.0,1.0,0,37.0,2.0
19,60,p037,3,24.1,12.05,100.0,1.0,1.0,0,40.0,2.0
19,60,p037,4,18.46,9.23,100.0,1.0,1.0,0,36.0,1.0
19,60,p037,5,20.52,10.26,20.0,0.0,0.0,0,17.0,1.0
19,60,p037,6,24.259999999999998,12.129999999999999,100.0,1.0,1.0,0,41.0,2.0
19,60,p037,7,18.0,9.0,100.0,1.0,1.0,0,35.0,1.0
19,60,p037,8,18.46,9.23,100.0,1.0,1.0,0,36.0,1.0
19,60,p037,9,35.06,17.53,100.0,1.0,1.0,0,46.0,4.0
19,60,p037,10,9.5,4.75,100.0,1.0,1.0,0,30.0,1.0
19,60,p037,11,12.82,6.41,100.0,1.0,1.0,0,32.0,0.0
19,60,p037,12,16.9,8.45,20.0,0.0,0.0,1,15.0,2.0
19,60,p037,13,18.14,9.07,100.0,1.0,1.0,0,34.0,1.0
19,60,p037,14,9.66,4.83,100.0,1.0,1.0,0,31.0,1.0
19,60,p037,15,27.259999999999998,13.629999999999999,98.0,1.0,1.0,0,41.0,1.0
19,60,p038,0,23.32,11.66,100.0,1.0,1.0,0,37.0,2.0
19,60,p038,1,24.259999999999998,12.129999999999999,100.0,1.0,1.0,0,41.0,2.0
19,60,p038,2,14.68,7.34,100.0,1.0,1.0,0,33.0,2.0
19,60,p038,3,34.5,17.25,18.0,0.0,0.0,0,25.0,2.0
19,60,p038,4,9.18,4.59,100.0,1.0,1.0,0,28.0,1.0
19,60,p038,5,9.04,4.52,100.0,1.0,1.0,0,29.0,1.0
19,60,p038,6,24.259999999999998,12.129999999999999,100.0,1.0,1.0,0,41.0,2.0
19,60,p038,7,16.58,8.29,20.0,0.0,0.0,1,13.0,2.0
19,60,p038,8,18.46,9.23,100.0,1.0,1.0,0,36.0,1.0
19,60,p038,9,18.619999999999997,9.309999999999999,100.0,1.0,1.0,0,37.0,1.0
19,60,p038,10,18.619999999999997,9.309999999999999,100.0,1.0,1.0,0,37.0,1.0
19,60,p038,11,20.52,10.26,20.0,0.0,0.0,0,17.0,1.0
19,60,p038,12,18.46,9.23,100.0,1.0,1.0,0,36.0,1.0
19,60,p038,13,23.32,11.66,100.0,1.0,1.0,0,37.0,2.0
19,60,p038,14,12.82,6.41,100.0,1.0,1.0,0,32.0,0.0
19,60,p038,15,11.72,5.86,20.0,0.0,0.0,0,12.0,1.0
19,60,p039,0,9.5,4.75,100.0,1.0,1.0,0,30.0,1.0
19,60,p039,1,9.18,4.59,100.0,1.0,1.0,0,28.0,1.0
19,60,p039,2,24.1,12.05,100.0,1.0,1.0,0,40.0,2.0
19,60,p039,3,18.619999999999997,9.309999999999999,100.0,1.0,1.0,0,37.0,1.0
19,60,p039,4,32.28,16.14,98.33333333333333,1.0,1.0,0,43.0,2.0
19,60,p039,5,15.3,7.65,100.0,1.0,1.0,0,35.0,2.0
19,60,p039,6,3.8600000000000003,1.9300000000000002,100.0,1.0,1.0,0,26.0,0.0
19,60,p039,7,100.0,53.239999999999995,58.68421052631579,1.0,0.0,1,73.0,16.0
19,60,p039,8,43.72,21.86,98.75,1.0,1.0,1,52.0,4.0
19,60,p039,9,18.3,9.15,100.0,1.0,1.0,0,35.0,1.0
19,60,p039,10,26.1,13.05,100.0,1.0,1.0,0,40.0,4.0
19,60,p039,11,6.080000000000001,3.0400000000000005,20.0,0.0,0.0,0,8.0,0.0
19,60,p039,12,24.259999999999998,12.129999999999999,100.0,1.0,1.0,0,41.0,2.0
19,60,p039,13,11.88,5.94,20.0,0.0,0.0,0,13.0,1.0
19,60,p039,14,16.9,8.45,20.0,0.0,0.0,1,15.0,2.0
19,60,p039,15,9.66,4.83,100.0,1.0,1.0,0,31.0,1.0
19,60,p040,0,23.619999999999997,11.809999999999999,100.0,1.0,1.0,0,37.0,2.0
19,60,p040,1,49.48,24.74,16.666666666666664,0.0,0.0,1,33.0,8.0
19,60,p040,2,9.5,4.75,100.0,1.0,1.0,0,30.0,1.0
19,60,p040,3,15.3,7.65,100.0,1.0,1.0,0,35.0,2.0
19,60,p040,4,17.36,8.68,20.0,0.0,0.0,1,16.0,2.0
19,60,p040,5,18.3,9.15,100.0,1.0,1.0,0,35.0,1.0
19,60,p040,6,23.32,11.66,100.0,1.0,1.0,0,37.0,2.0
19,60,p040,7,26.1,13.05,100.0,1.0,1.0,0,40.0,4.0
19,60,p040,8,25.54,12.77,20.0,0.0,0.0,0,19.0,2.0
19,60,p040,9,20.36,10.18,20.0,0.0,0.0,0,16.0,1.0
19,60,p040,10,9.5,4.75,100.0,1.0,1.0,0,30.0,1.0
19,60,p040,11,35.06,17.53,100.0,1.0,1.0,0,46.0,4.0
19,60,p040,12,26.1,13.05,100.0,1.0,1.0,0,40.0,4.0
19,60,p040,13,34.6,17.3,100.0,1.0,1.0,0,45.0,4.0
19,60,p040,14,11.56,5.78,20.0,0.0,0.0,0,11.0,1.0
19,60,p040,15,14.36,7.18,100.0,1.0,1.0,0,31.0,2.0
19,60,p041,0,9.34,4.67,100.0,1.0,1.0,0,29.0,1.0
19,60,p041,1,18.14,9.07,100.0,1.0,1.0,0,34.0,1.0
19,60,p041,2,15.14,7.57,100.0,1.0,1.0,0,34.0,2.0
19,60,p041,3,35.28,17.64,18.0,0.0,0.0,0,28.0,2.0
19,60,p041,4,9.04,4.52,100.0,1.0,1.0,0,29.0,1.0
19,60,p041,5,14.66,7.33,100.0,1.0,1.0,0,31.0,2.0
19,60,p041,6,23.32,11.66,100.0,1.0,1.0,0,37.0,2.0
19,60,p041,7,3.8600000000000003,1.9300000000000002,100.0,1.0,1.0,0,26.0,0.0
19,60,p041,8,20.84,10.42,20.0,0.0,0.0,0,19.0,1.0
19,60,p041,9,9.66,4.83,100.0,1.0,1.0,0,31.0,1.0
19,60,p041,10,17.36,8.68,20.0,0.0,0.0,1,16.0,2.0
19,60,p041,11,44.879999999999995,22.439999999999998,95.71428571428571,1.0,1.0,1,53.0,1.0
19,60,p041,12,9.5,4.75,100.0,1.0,1.0,0,30.0,1.0
19,60,p041,13,9.18,4.59,100.0,1.0,1.0,0,28.0,1.0
19,60,p041,14,18.3,9.15,100.0,1.0,1.0,0,35.0,1.0
19,60,p041,15,15.14,7.57,100.0,1.0,1.0,0,34.0,2.0
19,60,p042,0,15.040000000000001,7.5200000000000005,20.0,0.0,0.0,0,14.0,0.0
19,60,p042,1,23.619999999999997,11.809999999999999,100.0,1.0,1.0,0,37.0,2.0
19,60,p042,2,51.14,25.57,96.25,1.0,1.0,1,59.0,2.0
19,60,p042,3,34.6,17.3,100.0,1.0,1.0,0,45.0,4.0
19,60,p042,4,18.619999999999997,9.309999999999999,100.0,1.0,1.0,0,37.0,1.0
19,60,p042,5,18.46,9.23,100.0,1.0,1.0,0,36.0,1.0
19,60,p042,6,9.5,4.75,100.0,1.0,1.0,0,30.0,1.0
19,60,p042,7,25.799999999999997,12.899999999999999,100.0,1.0,1.0,0,40.0,4.0
19,60,p042,8,9.66,4.83,100.0,1.0,1.0,0,31.0,1.0
19,60,p042,9,47.260000000000005,23.630000000000003,97.0,1.0,1.0,1,51.0,8.0
19,60,p042,10,25.96,12.98,100.0,1.0,1.0,0,41.0,4.0
19,60,p042,11,18.3,9.15,100.0,1.0,1.0,0,35.0,1.0
19,60,p042,12,34.44,17.22,100.0,1.0,1.0,0,44.0,4.0
19,60,p042,13,9.66,4.83,100.0,1.0,1.0,0,31.0,1.0
19,60,p042,14,21.78,10.89,97.5,1.0,1.0,1,38.0,0.0
19,60,p042,15,16.880000000000003,8.440000000000001,20.0,0.0,0.0,1,13.0,2.0
19,60,p043,0,28.32,14.16,20.0,0.0,0.0,1,22.0,4.0
19,60,p043,1,15.62,7.81,100.0,1.0,1.0,0,37.0,2.0
19,60,p043,2,26.419999999999998,13.209999999999999,100.0,1.0,1.0,0,42.0,4.0
19,60,p043,3,18.32,9.16,100.0,1.0,1.0,0,37.0,1.0
19,60,p043,4,18.619999999999997,9.309999999999999,100.0,1.0,1.0,0,37.0,1.0
19,60,p043,5,26.119999999999997,13.059999999999999,100.0,1.0,1.0,0,42.0,4.0
19,60,p043,6,9.5,4.75,100.0,1.0,1.0,0,30.0,1.0
19,60,p043,7,66.12,33.06,96.66666666666667,1.0,1.0,1,67.0,8.0
19,60,p043,8,27.86,13.93,20.0,0.0,0.0,1,21.0,4.0
19,60,p043,9,9.66,4.83,100.0,1.0,1.0,0,31.0,1.0
19,60,p043,10,4.180000000000001,2.0900000000000003,100.0,1.0,1.0,0,28.0,0.0
19,60,p043,11,9.82,4.91,100.0,1.0,1.0,0,32.0,1.0
19,60,p043,12,24.419999999999998,12.209999999999999,100.0,1.0,1.0,0,42.0,2.0
19,60,p043,13,25.86,12.93,20.0,0.0,0.0,0,21.0,2.0
19,60,p043,14,47.58,23.79,97.0,1.0,1.0,1,53.0,8.0
19,60,p043,15,13.14,6.57,100.0,1.0,1.0,0,34.0,0.0
19,60,p044,0,26.419999999999998,13.209999999999999,100.0,1.0,1.0,0,42.0,4.0
19,60,p044,1,27.419999999999998,13.709999999999999,98.0,1.0,1.0,0,42.0,1.0
19,60,p044,2,27.419999999999998,13.709999999999999,98.0,1.0,1.0,0,42.0,1.0
19,60,p044,3,9.82,4.91,100.0,1.0,1.0,0,32.0,1.0
19,60,p044,4,9.82,4.91,100.0,1.0,1.0,0,32.0,1.0
19,60,p044,5,15.62,7.81,100.0,1.0,1.0,0,37.0,2.0
19,60,p044,6,25.799999999999997,12.899999999999999,100.0,1.0,1.0,0,40.0,4.0
19,60,p044,7,9.66,4.83,100.0,1.0,1.0,0,31.0,1.0
19,60,p044,8,9.5,4.75,100.0,1.0,1.0,0,30.0,1.0
19,60,p044,9,23.939999999999998,11.969999999999999,100.0,1.0,1.0,0,39.0,2.0
19,60,p044,10,15.040000000000001,7.5200000000000005,20.0,0.0,0.0,0,14.0,0.0
19,60,p044,11,9.5,4.75,100.0,1.0,1.0,0,30.0,1.0
19,60,p044,12,9.36,4.68,100.0,1.0,1.0,0,31.0,1.0
19,60,p044,13,14.68,7.34,100.0,1.0,1.0,0,33.0,2.0
19,60,p044,14,9.5,4.75,100.0,1.0,1.0,0,30.0,1.0
19,60,p044,15,18.46,9.23,100.0,1.0,1.0,0,36.0,1.0
19,60,p045,0,28.18,14.09,20.0,0.0,0.0,1,23.0,4.0
19,60,p045,1,18.46,9.23,100.0,1.0,1.0,0,36.0,1.0
19,60,p045,2,35.08,17.54,100.0,1.0,1.0,1,48.0,4.0
19,60,p045,3,45.82000000000001,22.910000000000004,95.71428571428571,1.0,1.0,1,57.0,1.0
19,60,p045,4,9.98,4.99,100.0,1.0,1.0,0,33.0,1.0
19,60,p045,5,34.76,17.38,100.0,1.0,1.0,0,46.0,4.0
19,60,p045,6,9.98,4.99,100.0,1.0,1.0,0,33.0,1.0
19,60,p045,7,9.98,4.99,100.0,1.0,1.0,0,33.0,1.0
19,60,p045,8,26.419999999999998,13.209999999999999,100.0,1.0,1.0,0,42.0,4.0
19,60,p045,9,18.46,9.23,100.0,1.0,1.0,0,36.0,1.0
19,60,p045,10,18.939999999999998,9.469999999999999,100.0,1.0,1.0,0,39.0,1.0
19,60,p045,11,18.46,9.23,100.0,1.0,1.0,0,36.0,1.0
19,60,p045,12,18.32,9.16,100.0,1.0,1.0,0,37.0,1.0
19,60,p045,13,15.459999999999999,7.7299999999999995,100.0,1.0,1.0,0,36.0,2.0
19,60,p045,14,26.119999999999997,13.059999999999999,100.0,1.0,1.0,0,42.0,4.0
19,60,p045,15,34.76,17.38,100.0,1.0,1.0,0,46.0,4.0
19,60,p046,0,27.7,13.85,20.0,0.0,0.0,1,20.0,4.0
19,60,p046,1,24.259999999999998,12.129999999999999,100.0,1.0,1.0,0,41.0,2.0
19,60,p046,2,34.16,17.08,98.33333333333333,1.0,1.0,1,51.0,2.0
19,60,p046,3,10.120000000000001,5.0600000000000005,100.0,1.0,1.0,0,32.0,1.0
19,60,p046,4,19.08,9.54,100.0,1.0,1.0,0,38.0,1.0
19,60,p046,5,13.76,6.88,100.0,1.0,1.0,0,36.0,0.0
19,60,p046,6,19.4,9.7,100.0,1.0,1.0,0,40.0,1.0
19,60,p046,7,19.560000000000002,9.780000000000001,100.0,1.0,1.0,0,41.0,1.0
19,60,p046,8,44.5,22.25,98.75,1.0,1.0,1,55.0,4.0
19,60,p046,9,10.440000000000001,5.220000000000001,100.0,1.0,1.0,0,34.0,1.0
19,60,p046,10,19.560000000000002,9.780000000000001,100.0,1.0,1.0,0,41.0,1.0
19,60,p046,11,10.440000000000001,5.220000000000001,100.0,1.0,1.0,0,34.0,1.0
19,60,p046,12,11.4,5.7,20.0,0.0,0.0,0,10.0,1.0
19,60,p046,13,89.5,44.75,58.529411764705884,1.0,0.0,1,65.0,16.0
19,60,p046,14,19.08,9.54,100.0,1.0,1.0,0,38.0,1.0
19,60,p046,15,36.66,18.33,20.0,0.0,0.0,1,26.0,4.0
19,60,p047,0,10.600000000000001,5.300000000000001,100.0,1.0,1.0,0,35.0,1.0
19,60,p047,1,10.440000000000001,5.220000000000001,100.0,1.0,1.0,0,34.0,1.0
19,60,p047,2,25.2,12.6,100.0,1.0,1.0,0,45.0,2.0
19,60,p047,3,28.36,14.18,98.0,1.0,1.0,0,46.0,1.0
19,60,p047,4,10.600000000000001,5.300000000000001,100.0,1.0,1.0,0,35.0,1.0
19,60,p047,5,19.560000000000002,9.780000000000001,100.0,1.0,1.0,0,41.0,1.0
19,60,p047,6,16.08,8.04,100.0,1.0,1.0,0,38.0,2.0
19,60,p047,7,26.32,13.16,20.0,0.0,0.0,0,22.0,2.0
19,60,p047,8,26.58,13.29,100.0,1.0,1.0,0,43.0,4.0
19,60,p047,9,26.419999999999998,13.209999999999999,100.0,1.0,1.0,0,42.0,4.0
19,60,p047,10,27.04,13.52,100.0,1.0,1.0,0,44.0,4.0
19,60,p047,11,16.08,8.04,100.0,1.0,1.0,0,38.0,2.0
19,60,p047,12,11.4,5.7,20.0,0.0,0.0,0,10.0,1.0
19,60,p047,13,10.120000000000001,5.0600000000000005,100.0,1.0,1.0,0,32.0,1.0
19,60,p047,14,9.98,4.99,100.0,1.0,1.0,0,33.0,1.0
19,60,p047,15,13.76,6.88,100.0,1.0,1.0,0,36.0,0.0
19,60,p048,0,15.62,7.81,100.0,1.0,1.0,0,37.0,2.0
19,60,p048,1,35.54,17.77,100.0,1.0,1.0,1,49.0,4.0
19,60,p048,2,19.4,9.7,100.0,1.0,1.0,0,40.0,1.0
19,60,p048,3,13.76,6.88,100.0,1.0,1.0,0,36.0,0.0
19,60,p048,4,51.44,25.72,96.25,1.0,1.0,1,59.0,2.0
19,60,p048,5,25.2,12.6,100.0,1.0,1.0,0,45.0,2.0
19,60,p048,6,57.8,28.9,97.27272727272728,1.0,1.0,1,65.0,8.0
19,60,p048,7,45.78,22.89,18.57142857142857,0.0,0.0,1,33.0,4.0
19,60,p048,8,89.82,44.91,58.529411764705884,1.0,0.0,1,67.0,16.0
19,60,p048,9,16.240000000000002,8.120000000000001,100.0,1.0,1.0,0,39.0,2.0
19,60,p048,10,4.8,2.4,100.0,1.0,1.0,0,30.0,0.0
19,60,p048,11,28.2,14.1,98.0,1.0,1.0,0,45.0,1.0
19,60,p048,12,11.88,5.94,20.0,0.0,0.0,0,13.0,1.0
19,60,p048,13,13.76,6.88,100.0,1.0,1.0,0,36.0,0.0
19,60,p048,14,24.58,12.29,100.0,1.0,1.0,0,43.0,2.0
19,60,p048,15,28.2,14.1,98.0,1.0,1.0,0,45.0,1.0
19,80,p037,0,9.5,4.75,100.0,1.0,1.0,0,30.0,1.0
19,80,p037,1,9.5,4.75,100.0,1.0,1.0,0,30.0,1.0
19,80,p037,2,23.619999999999997,11.809999999999999,100.0,1.0,1.0,0,37.0,2.0
19,80,p037,3,24.1,12.05,100.0,1.0,1.0,0,40.0,2.0
19,80,p037,4,24.259999999999998,12.129999999999999,100.0,1.0,1.0,0,41.0,2.0
19,80,p037,5,29.48,14.74,17.5,0.0,0.0,1,23.0,1.0
19,80,p037,6,24.259999999999998,12.129999999999999,100.0,1.0,1.0,0,41.0,2.0
19,80,p037,7,18.0,9.0,100.0,1.0,1.0,0,35.0,1.0
19,80,p037,8,27.419999999999998,13.709999999999999,98.0,1.0,1.0,0,42.0,1.0
19,80,p037,9,35.06,17.53,100.0,1.0,1.0,0,46.0,4.0
19,80,p037,10,18.46,9.23,100.0,1.0,1.0,0,36.0,1.0
19,80,p037,11,12.82,6.41,100.0,1.0,1.0,0,32.0,0.0
19,80,p037,12,28.18,14.09,20.0,0.0,0.0,1,23.0,4.0
19,80,p037,13,18.14,9.07,100.0,1.0,1.0,0,34.0,1.0
19,80,p037,14,17.36,8.68,20.0,0.0,0.0,1,16.0,2.0
19,80,p037,15,32.58,16.29,98.33333333333333,1.0,1.0,0,43.0,2.0
19,80,p038,0,23.32,11.66,100.0,1.0,1.0,0,37.0,2.0
19,80,p038,1,24.259999999999998,12.129999999999999,100.0,1.0,1.0,0,41.0,2.0
19,80,p038,2,25.96,12.98,100.0,1.0,1.0,0,41.0,4.0
19,80,p038,3,45.94,22.97,18.57142857142857,0.0,0.0,0,34.0,4.0
19,80,p038,4,9.18,4.59,100.0,1.0,1.0,0,28.0,1.0
19,80,p038,5,9.04,4.52,100.0,1.0,1.0,0,29.0,1.0
19,80,p038,6,35.06,17.53,100.0,1.0,1.0,0,46.0,4.0
19,80,p038,7,25.54,12.77,20.0,0.0,0.0,0,19.0,2.0
19,80,p038,8,18.46,9.23,100.0,1.0,1.0,0,36.0,1.0
19,80,p038,9,18.619999999999997,9.309999999999999,100.0,1.0,1.0,0,37.0,1.0
19,80,p038,10,18.619999999999997,9.309999999999999,100.0,1.0,1.0,0,37.0,1.0
19,80,p038,11,20.52,10.26,20.0,0.0,0.0,0,17.0,1.0
19,80,p038,12,24.259999999999998,12.129999999999999,100.0,1.0,1.0,0,41.0,2.0
19,80,p038,13,34.76,17.38,100.0,1.0,1.0,0,46.0,4.0
19,80,p038,14,12.82,6.41,100.0,1.0,1.0,0,32.0,0.0
19,80,p038,15,11.72,5.86,20.0,0.0,0.0,0,12.0,1.0
19,80,p039,0,15.3,7.65,100.0,1.0,1.0,0,35.0,2.0
19,80,p039,1,9.18,4.59,100.0,1.0,1.0,0,28.0,1.0
19,80,p039,2,34.6,17.3,100.0,1.0,1.0,0,45.0,4.0
19,80,p039,3,18.619999999999997,9.309999999999999,100.0,1.0,1.0,0,37.0,1.0
19,80,p039,4,43.72,21.86,98.75,1.0,1.0,1,52.0,4.0
19,80,p039,5,15.3,7.65,100.0,1.0,1.0,0,35.0,2.0
19,80,p039,6,3.8600000000000003,1.9300000000000002,100.0,1.0,1.0,0,26.0,0.0
19,80,p039,7,100.0,61.709999999999994,13.0,0.0,0.0,1,77.0,16.0
19,80,p039,8,61.64,30.82,97.0,1.0,1.0,1,64.0,4.0
19,80,p039,9,18.3,9.15,100.0,1.0,1.0,0,35.0,1.0
19,80,p039,10,35.06,17.53,100.0,1.0,1.0,0,46.0,4.0
19,80,p039,11,6.080000000000001,3.0400000000000005,20.0,0.0,0.0,0,8.0,0.0
19,80,p039,12,33.22,16.61,98.33333333333333,1.0,1.0,1,47.0,2.0
19,80,p039,13,17.36,8.68,20.0,0.0,0.0,1,16.0,2.0
19,80,p039,14,25.86,12.93,20.0,0.0,0.0,0,21.0,2.0
19,80,p039,15,9.66,4.83,100.0,1.0,1.0,0,31.0,1.0
19,80,p040,0,23.619999999999997,11.809999999999999,100.0,1.0,1.0,0,37.0,2.0
19,80,p040,1,49.48,24.74,16.666666666666664,0.0,0.0,1,33.0,8.0
19,80,p040,2,9.5,4.75,100.0,1.0,1.0,0,30.0,1.0
19,80,p040,3,35.06,17.53,100.0,1.0,1.0,0,46.0,4.0
19,80,p040,4,27.86,13.93,20.0,0.0,0.0,1,21.0,4.0
19,80,p040,5,32.58,16.29,98.33333333333333,1.0,1.0,0,43.0,2.0
19,80,p040,6,23.32,11.66,100.0,1.0,1.0,0,37.0,2.0
19,80,p040,7,26.1,13.05,100.0,1.0,1.0,0,40.0,4.0
19,80,p040,8,34.5,17.25,18.0,0.0,0.0,0,25.0,2.0
19,80,p040,9,25.54,12.77,20.0,0.0,0.0,0,19.0,2.0
19,80,p040,10,9.5,4.75,100.0,1.0,1.0,0,30.0,1.0
19,80,p040,11,57.16,28.58,97.27272727272728,1.0,1.0,1,61.0,8.0
19,80,p040,12,26.1,13.05,100.0,1.0,1.0,0,40.0,4.0
19,80,p040,13,34.6,17.3,100.0,1.0,1.0,0,45.0,4.0
19,80,p040,14,20.52,10.26,20.0,0.0,0.0,0,17.0,1.0
19,80,p040,15,14.36,7.18,100.0,1.0,1.0,0,31.0,2.0
19,80,p041,0,9.34,4.67,100.0,1.0,1.0,0,29.0,1.0
19,80,p041,1,18.14,9.07,100.0,1.0,1.0,0,34.0,1.0
19,80,p041,2,25.64,12.82,100.0,1.0,1.0,0,39.0,4.0
19,80,p041,3,35.28,17.64,18.0,0.0,0.0,0,28.0,2.0
19,80,p041,4,9.04,4.52,100.0,1.0,1.0,0,29.0,1.0
19,80,p041,5,14.66,7.33,100.0,1.0,1.0,0,31.0,2.0
19,80,p041,6,23.32,11.66,100.0,1.0,1.0,0,37.0,2.0
19,80,p041,7,3.8600000000000003,1.9300000000000002,100.0,1.0,1.0,0,26.0,0.0
19,80,p041,8,26.32,13.16,20.0,0.0,0.0,0,22.0,2.0
19,80,p041,9,9.66,4.83,100.0,1.0,1.0,0,31.0,1.0
19,80,p041,10,17.36,8.68,20.0,0.0,0.0,1,16.0,2.0
19,80,p041,11,44.879999999999995,22.439999999999998,95.71428571428571,1.0,1.0,1,53.0,1.0
19,80,p041,12,24.259999999999998,12.129999999999999,100.0,1.0,1.0,0,41.0,2.0
19,80,p041,13,9.18,4.59,100.0,1.0,1.0,0,28.0,1.0
19,80,p041,14,18.3,9.15,100.0,1.0,1.0,0,35.0,1.0
19,80,p041,15,15.14,7.57,100.0,1.0,1.0,0,34.0,2.0
19,80,p042,0,15.040000000000001,7.5200000000000005,20.0,0.0,0.0,0,14.0,0.0
19,80,p042,1,23.619999999999997,11.809999999999999,100.0,1.0,1.0,0,37.0,2.0
19,80,p042,2,51.14,25.57,96.25,1.0,1.0,1,59.0,2.0
19,80,p042,3,34.6,17.3,100.0,1.0,1.0,0,45.0,4.0
19,80,p042,4,18.619999999999997,9.309999999999999,100.0,1.0,1.0,0,37.0,1.0
19,80,p042,5,24.259999999999998,12.129999999999999,100.0,1.0,1.0,0,41.0,2.0
19,80,p042,6,18.46,9.23,100.0,1.0,1.0,0,36.0,1.0
19,80,p042,7,25.799999999999997,12.899999999999999,100.0,1.0,1.0,0,40.0,4.0
19,80,p042,8,24.1,12.05,100.0,1.0,1.0,0,40.0,2.0
19,80,p042,9,91.6,45.8,93.88888888888889,1.0,1.0,1,80.0,16.0
19,80,p042,10,47.900000000000006,23.950000000000003,97.0,1.0,1.0,1,55.0,8.0
19,80,p042,11,18.3,9.15,100.0,1.0,1.0,0,35.0,1.0
19,80,p042,12,56.22,28.11,97.27272727272728,1.0,1.0,1,57.0,8.0
19,80,p042,13,9.66,4.83,100.0,1.0,1.0,0,31.0,1.0
19,80,p042,14,21.78,10.89,97.5,1.0,1.0,1,38.0,0.0
19,80,p042,15,16.880000000000003,8.440000000000001,20.0,0.0,0.0,1,13.0,2.0
19,80,p043,0,37.28,18.64,20.0,0.0,0.0,1,28.0,4.0
19,80,p043,1,26.419999999999998,13.209999999999999,100.0,1.0,1.0,0,42.0,4.0
19,80,p043,2,26.419999999999998,13.209999999999999,100.0,1.0,1.0,0,42.0,4.0
19,80,p043,3,18.32,9.16,100.0,1.0,1.0,0,37.0,1.0
19,80,p043,4,18.619999999999997,9.309999999999999,100.0,1.0,1.0,0,37.0,1.0
19,80,p043,5,35.08,17.54,100.0,1.0,1.0,1,48.0,4.0
19,80,p043,6,9.5,4.75,100.0,1.0,1.0,0,30.0,1.0
19,80,p043,7,66.12,33.06,96.66666666666667,1.0,1.0,1,67.0,8.0
19,80,p043,8,27.86,13.93,20.0,0.0,0.0,1,21.0,4.0
19,80,p043,9,14.98,7.49,100.0,1.0,1.0,0,33.0,2.0
19,80,p043,10,4.180000000000001,2.0900000000000003,100.0,1.0,1.0,0,28.0,0.0
19,80,p043,11,18.78,9.39,100.0,1.0,1.0,0,38.0,1.0
19,80,p043,12,24.419999999999998,12.209999999999999,100.0,1.0,1.0,0,42.0,2.0
19,80,p043,13,25.86,12.93,20.0,0.0,0.0,0,21.0,2.0
19,80,p043,14,47.58,23.79,97.0,1.0,1.0,1,53.0,8.0
19,80,p043,15,13.14,6.57,100.0,1.0,1.0,0,34.0,0.0
19,80,p044,0,26.419999999999998,13.209999999999999,100.0,1.0,1.0,0,42.0,4.0
19,80,p044,1,27.419999999999998,13.709999999999999,98.0,1.0,1.0,0,42.0,1.0
19,80,p044,2,27.419999999999998,13.709999999999999,98.0,1.0,1.0,0,42.0,1.0
19,80,p044,3,9.82,4.91,100.0,1.0,1.0,0,32.0,1.0
19,80,p044,4,9.82,4.91,100.0,1.0,1.0,0,32.0,1.0
19,80,p044,5,15.62,7.81,100.0,1.0,1.0,0,37.0,2.0
19,80,p044,6,25.799999999999997,12.899999999999999,100.0,1.0,1.0,0,40.0,4.0
19,80,p044,7,9.66,4.83,100.0,1.0,1.0,0,31.0,1.0
19,80,p044,8,9.5,4.75,100.0,1.0,1.0,0,30.0,1.0
19,80,p044,9,23.939999999999998,11.969999999999999,100.0,1.0,1.0,0,39.0,2.0
19,80,p044,10,15.040000000000001,7.5200000000000005,20.0,0.0,0.0,0,14.0,0.0
19,80,p044,11,9.5,4.75,100.0,1.0,1.0,0,30.0,1.0
19,80,p044,12,9.36,4.68,100.0,1.0,1.0,0,31.0,1.0
19,80,p044,13,14.68,7.34,100.0,1.0,1.0,0,33.0,2.0
19,80,p044,14,9.5,4.75,100.0,1.0,1.0,0,30.0,1.0
19,80,p044,15,23.64,11.82,100.0,1.0,1.0,0,39.0,2.0
19,80,p045,0,59.08,29.54,17.0,0.0,0.0,1,43.0,8.0
19,80,p045,1,18.46,9.23,100.0,1.0,1.0,0,36.0,1.0
19,80,p045,2,35.08,17.54,100.0,1.0,1.0,1,48.0,4.0
19,80,p045,3,45.82000000000001,22.910000000000004,95.71428571428571,1.0,1.0,1,57.0,1.0
19,80,p045,4,9.98,4.99,100.0,1.0,1.0,0,33.0,1.0
19,80,p045,5,34.76,17.38,100.0,1.0,1.0,0,46.0,4.0
19,80,p045,6,9.98,4.99,100.0,1.0,1.0,0,33.0,1.0
19,80,p045,7,18.939999999999998,9.469999999999999,100.0,1.0,1.0,0,39.0,1.0
19,80,p045,8,26.419999999999998,13.209999999999999,100.0,1.0,1.0,0,42.0,4.0
19,80,p045,9,18.46,9.23,100.0,1.0,1.0,0,36.0,1.0
19,80,p045,10,18.939999999999998,9.469999999999999,100.0,1.0,1.0,0,39.0,1.0
19,80,p045,11,23.64,11.82,100.0,1.0,1.0,0,39.0,2.0
19,80,p045,12,18.32,9.16,100.0,1.0,1.0,0,37.0,1.0
19,80,p045,13,25.96,12.98,100.0,1.0,1.0,0,41.0,4.0
19,80,p045,14,26.119999999999997,13.059999999999999,100.0,1.0,1.0,0,42.0,4.0
19,80,p045,15,34.76,17.38,100.0,1.0,1.0,0,46.0,4.0
19,80,p046,0,36.66,18.33,20.0,0.0,0.0,1,26.0,4.0
19,80,p046,1,35.7,17.85,100.0,1.0,1.0,1,50.0,4.0
19,80,p046,2,34.16,17.08,98.33333333333333,1.0,1.0,1,51.0,2.0
19,80,p046,3,15.3,7.65,100.0,1.0,1.0,0,35.0,2.0
19,80,p046,4,19.08,9.54,100.0,1.0,1.0,0,38.0,1.0
19,80,p046,5,13.76,6.88,100.0,1.0,1.0,0,36.0,0.0
19,80,p046,6,25.2,12.6,100.0,1.0,1.0,0,45.0,2.0
19,80,p046,7,19.560000000000002,9.780000000000001,100.0,1.0,1.0,0,41.0,1.0
19,80,p046,8,44.5,22.25,98.75,1.0,1.0,1,55.0,4.0
19,80,p046,9,10.440000000000001,5.220000000000001,100.0,1.0,1.0,0,34.0,1.0
19,80,p046,10,19.560000000000002,9.780000000000001,100.0,1.0,1.0,0,41.0,1.0
19,80,p046,11,10.440000000000001,5.220000000000001,100.0,1.0,1.0,0,34.0,1.0
19,80,p046,12,11.4,5.7,20.0,0.0,0.0,0,10.0,1.0
19,80,p046,13,89.5,44.75,58.529411764705884,1.0,0.0,1,65.0,16.0
19,80,p046,14,20.36,10.18,20.0,0.0,0.0,0,16.0,1.0
19,80,p046,15,36.66,18.33,20.0,0.0,0.0,1,26.0,4.0
19,80,p047,0,16.08,8.04,100.0,1.0,1.0,0,38.0,2.0
19,80,p047,1,10.440000000000001,5.220000000000001,100.0,1.0,1.0,0,34.0,1.0
19,80,p047,2,25.2,12.6,100.0,1.0,1.0,0,45.0,2.0
19,80,p047,3,28.36,14.18,98.0,1.0,1.0,0,46.0,1.0
19,80,p047,4,19.560000000000002,9.780000000000001,100.0,1.0,1.0,0,41.0,1.0
19,80,p047,5,19.560000000000002,9.780000000000001,100.0,1.0,1.0,0,41.0,1.0
19,80,p047,6,16.08,8.04,100.0,1.0,1.0,0,38.0,2.0
19,80,p047,7,26.32,13.16,20.0,0.0,0.0,0,22.0,2.0
19,80,p047,8,48.82000000000001,24.410000000000004,97.0,1.0,1.0,1,57.0,8.0
19,80,p047,9,26.419999999999998,13.209999999999999,100.0,1.0,1.0,0,42.0,4.0
19,80,p047,10,27.04,13.52,100.0,1.0,1.0,0,44.0,4.0
19,80,p047,11,16.08,8.04,100.0,1.0,1.0,0,38.0,2.0
19,80,p047,12,11.4,5.7,20.0,0.0,0.0,0,10.0,1.0
19,80,p047,13,10.120000000000001,5.0600000000000005,100.0,1.0,1.0,0,32.0,1.0
19,80,p047,14,9.98,4.99,100.0,1.0,1.0,0,33.0,1.0
19,80,p047,15,13.76,6.88,100.0,1.0,1.0,0,36.0,0.0
19,80,p048,0,26.9,13.45,100.0,1.0,1.0,0,45.0,4.0
19,80,p048,1,35.54,17.77,100.0,1.0,1.0,1,49.0,4.0
19,80,p048,2,25.2,12.6,100.0,1.0,1.0,0,45.0,2.0
19,80,p048,3,13.76,6.88,100.0,1.0,1.0,0,36.0,0.0
19,80,p048,4,51.44,25.72,96.25,1.0,1.0,1,59.0,2.0
19,80,p048,5,25.2,12.6,100.0,1.0,1.0,0,45.0,2.0
19,80,p048,6,57.8,28.9,97.27272727272728,1.0,1.0,1,65.0,8.0
19,80,p048,7,45.78,22.89,18.57142857142857,0.0,0.0,1,33.0,4.0
19,80,p048,8,89.82,44.91,58.529411764705884,1.0,0.0,1,67.0,16.0
19,80,p048,9,25.2,12.6,100.0,1.0,1.0,0,45.0,2.0
19,80,p048,10,4.8,2.4,100.0,1.0,1.0,0,30.0,0.0
19,80,p048,11,28.2,14.1,98.0,1.0,1.0,0,45.0,1.0
19,80,p048,12,20.84,10.42,20.0,0.0,0.0,0,19.0,1.0
19,80,p048,13,22.72,11.36,97.5,1.0,1.0,1,42.0,0.0
19,80,p048,14,37.14,18.57,20.0,0.0,0.0,1,29.0,4.0
19,80,p048,15,28.2,14.1,98.0,1.0,1.0,0,45.0,1.0
19,100,p037,0,9.5,4.75,100.0,1.0,1.0,0,30.0,1.0
19,100,p037,1,9.5,4.75,100.0,1.0,1.0,0,30.0,1.0
19,100,p037,2,23.619999999999997,11.809999999999999,100.0,1.0,1.0,0,37.0,2.0
19,100,p037,3,24.1,12.05,100.0,1.0,1.0,0,40.0,2.0
19,100,p037,4,24.259999999999998,12.129999999999999,100.0,1.0,1.0,0,41.0,2.0
19,100,p037,5,29.48,14.74,17.5,0.0,0.0,1,23.0,1.0
19,100,p037,6,24.259999999999998,12.129999999999999,100.0,1.0,1.0,0,41.0,2.0
19,100,p037,7,18.0,9.0,100.0,1.0,1.0,0,35.0,1.0
19,100,p037,8,27.419999999999998,13.709999999999999,98.0,1.0,1.0,0,42.0,1.0
19,100,p037,9,57.16,28.58,97.27272727272728,1.0,1.0,1,61.0,8.0
19,100,p037,10,18.46,9.23,100.0,1.0,1.0,0,36.0,1.0
19,100,p037,11,12.82,6.41,100.0,1.0,1.0,0,32.0,0.0
19,100,p037,12,28.18,14.09,20.0,0.0,0.0,1,23.0,4.0
19,100,p037,13,18.14,9.07,100.0,1.0,1.0,0,34.0,1.0
19,100,p037,14,17.36,8.68,20.0,0.0,0.0,1,16.0,2.0
19,100,p037,15,32.58,16.29,98.33333333333333,1.0,1.0,0,43.0,2.0
19,100,p038,0,34.76,17.38,100.0,1.0,1.0,0,46.0,4.0
19,100,p038,1,35.06,17.53,100.0,1.0,1.0,0,46.0,4.0
19,100,p038,2,25.96,12.98,100.0,1.0,1.0,0,41.0,4.0
19,100,p038,3,45.94,22.97,18.57142857142857,0.0,0.0,0,34.0,4.0
19,100,p038,4,9.18,4.59,100.0,1.0,1.0,0,28.0,1.0
19,100,p038,5,23.64,11.82,100.0,1.0,1.0,0,39.0,2.0
19,100,p038,6,35.06,17.53,100.0,1.0,1.0,0,46.0,4.0
19,100,p038,7,36.980000000000004,18.490000000000002,20.0,0.0,0.0,1,28.0,4.0
19,100,p038,8,18.46,9.23,100.0,1.0,1.0,0,36.0,1.0
19,100,p038,9,18.619999999999997,9.309999999999999,100.0,1.0,1.0,0,37.0,1.0
19,100,p038,10,18.619999999999997,9.309999999999999,100.0,1.0,1.0,0,37.0,1.0
19,100,p038,11,20.52,10.26,20.0,0.0,0.0,0,17.0,1.0
19,100,p038,12,24.259999999999998,12.129999999999999,100.0,1.0,1.0,0,41.0,2.0
19,100,p038,13,34.76,17.38,100.0,1.0,1.0,0,46.0,4.0
19,100,p038,14,12.82,6.41,100.0,1.0,1.0,0,32.0,0.0
19,100,p038,15,26.48,13.24,20.0,0.0,0.0,0,23.0,2.0
19,100,p039,0,15.3,7.65,100.0,1.0,1.0,0,35.0,2.0
19,100,p039,1,9.18,4.59,100.0,1.0,1.0,0,28.0,1.0
19,100,p039,2,43.56,21.78,98.75,1.0,1.0,1,51.0,4.0
19,100,p039,3,27.58,13.79,98.0,1.0,1.0,0,43.0,1.0
19,100,p039,4,43.72,21.86,98.75,1.0,1.0,1,52.0,4.0
19,100,p039,5,24.259999999999998,12.129999999999999,100.0,1.0,1.0,0,41.0,2.0
19,100,p039,6,3.8600000000000003,1.9300000000000002,100.0,1.0,1.0,0,26.0,0.0
19,100,p039,7,100.0,61.709999999999994,13.0,0.0,0.0,1,77.0,16.0
19,100,p039,8,61.64,30.82,97.0,1.0,1.0,1,64.0,4.0
19,100,p039,9,23.619999999999997,11.809999999999999,100.0,1.0,1.0,0,37.0,2.0
19,100,p039,10,35.06,17.53,100.0,1.0,1.0,0,46.0,4.0
19,100,p039,11,6.080000000000001,3.0400000000000005,20.0,0.0,0.0,0,8.0,0.0
19,100,p039,12,33.22,16.61,98.33333333333333,1.0,1.0,1,47.0,2.0
19,100,p039,13,26.32,13.16,20.0,0.0,0.0,0,22.0,2.0
19,100,p039,14,25.86,12.93,20.0,0.0,0.0,0,21.0,2.0
19,100,p039,15,9.66,4.83,100.0,1.0,1.0,0,31.0,1.0
19,100,p040,0,34.44,17.22,100.0,1.0,1.0,0,44.0,4.0
19,100,p040,1,93.82,46.91,13.529411764705882,0.0,0.0,1,62.0,16.0
19,100,p040,2,15.3,7.65,100.0,1.0,1.0,0,35.0,2.0
19,100,p040,3,35.06,17.53,100.0,1.0,1.0,0,46.0,4.0
19,100,p040,4,27.86,13.93,20.0,0.0,0.0,1,21.0,4.0
19,100,p040,5,32.58,16.29,98.33333333333333,1.0,1.0,0,43.0,2.0
19,100,p040,6,34.76,17.38,100.0,1.0,1.0,0,46.0,4.0
19,100,p040,7,48.2,24.1,97.0,1.0,1.0,1,55.0,8.0
19,100,p040,8,45.94,22.97,18.57142857142857,0.0,0.0,0,34.0,4.0
19,100,p040,9,25.54,12.77,20.0,0.0,0.0,0,19.0,2.0
19,100,p040,10,9.5,4.75,100.0,1.0,1.0,0,30.0,1.0
19,100,p040,11,66.12,33.06,96.66666666666667,1.0,1.0,1,67.0,8.0
19,100,p040,12,48.2,24.1,97.0,1.0,1.0,1,55.0,8.0
19,100,p040,13,34.6,17.3,100.0,1.0,1.0,0,45.0,4.0
19,100,p040,14,25.84,12.92,20.0,0.0,0.0,0,19.0,2.0
19,100,p040,15,14.36,7.18,100.0,1.0,1.0,0,31.0,2.0
19,100,p041,0,9.34,4.67,100.0,1.0,1.0,0,29.0,1.0
19,100,p041,1,18.14,9.07,100.0,1.0,1.0,0,34.0,1.0
19,100,p041,2,25.64,12.82,100.0,1.0,1.0,0,39.0,4.0
19,100,p041,3,45.78,22.89,18.57142857142857,0.0,0.0,1,33.0,4.0
19,100,p041,4,9.04,4.52,100.0,1.0,1.0,0,29.0,1.0
19,100,p041,5,25.479999999999997,12.739999999999998,100.0,1.0,1.0,0,38.0,4.0
19,100,p041,6,34.76,17.38,100.0,1.0,1.0,0,46.0,4.0
19,100,p041,7,3.8600000000000003,1.9300000000000002,100.0,1.0,1.0,0,26.0,0.0
19,100,p041,8,26.32,13.16,20.0,0.0,0.0,0,22.0,2.0
19,100,p041,9,9.66,4.83,100.0,1.0,1.0,0,31.0,1.0
19,100,p041,10,27.86,13.93,20.0,0.0,0.0,1,21.0,4.0
19,100,p041,11,50.519999999999996,25.259999999999998,96.25,1.0,1.0,1,57.0,2.0
19,100,p041,12,24.259999999999998,12.129999999999999,100.0,1.0,1.0,0,41.0,2.0
19,100,p041,13,9.18,4.59,100.0,1.0,1.0,0,28.0,1.0
19,100,p041,14,27.259999999999998,13.629999999999999,98.0,1.0,1.0,0,41.0,1.0
19,100,p041,15,15.14,7.57,100.0,1.0,1.0,0,34.0,2.0
19,100,p042,0,15.040000000000001,7.5200000000000005,20.0,0.0,0.0,0,14.0,0.0
19,100,p042,1,34.44,17.22,100.0,1.0,1.0,0,44.0,4.0
19,100,p042,2,51.14,25.57,96.25,1.0,1.0,1,59.0,2.0
19,100,p042,3,34.6,17.3,100.0,1.0,1.0,0,45.0,4.0
19,100,p042,4,24.1,12.05,100.0,1.0,1.0,0,40.0,2.0
19,100,p042,5,24.259999999999998,12.129999999999999,100.0,1.0,1.0,0,41.0,2.0
19,100,p042,6,18.46,9.23,100.0,1.0,1.0,0,36.0,1.0
19,100,p042,7,25.799999999999997,12.899999999999999,100.0,1.0,1.0,0,40.0,4.0
19,100,p042,8,24.1,12.05,100.0,1.0,1.0,0,40.0,2.0
19,100,p042,9,91.6,45.8,93.88888888888889,1.0,1.0,1,80.0,16.0
19,100,p042,10,56.86,28.43,97.27272727272728,1.0,1.0,1,61.0,8.0
19,100,p042,11,18.3,9.15,100.0,1.0,1.0,0,35.0,1.0
19,100,p042,12,65.18,32.59,96.66666666666667,1.0,1.0,1,63.0,8.0
19,100,p042,13,15.14,7.57,100.0,1.0,1.0,0,34.0,2.0
19,100,p042,14,21.78,10.89,97.5,1.0,1.0,1,38.0,0.0
19,100,p042,15,36.66,18.33,20.0,0.0,0.0,1,26.0,4.0
19,100,p043,0,37.28,18.64,20.0,0.0,0.0,1,28.0,4.0
19,100,p043,1,26.419999999999998,13.209999999999999,100.0,1.0,1.0,0,42.0,4.0
19,100,p043,2,48.519999999999996,24.259999999999998,97.0,1.0,1.0,1,57.0,8.0
19,100,p043,3,18.32,9.16,100.0,1.0,1.0,0,37.0,1.0
19,100,p043,4,18.619999999999997,9.309999999999999,100.0,1.0,1.0,0,37.0,1.0
19,100,p043,5,35.08,17.54,100.0,1.0,1.0,1,48.0,4.0
19,100,p043,6,9.5,4.75,100.0,1.0,1.0,0,30.0,1.0
19,100,p043,7,66.12,33.06,96.66666666666667,1.0,1.0,1,67.0,8.0
19,100,p043,8,50.1,25.05,16.666666666666664,0.0,0.0,1,35.0,8.0
19,100,p043,9,14.98,7.49,100.0,1.0,1.0,0,33.0,2.0
19,100,p043,10,4.180000000000001,2.0900000000000003,100.0,1.0,1.0,0,28.0,0.0
19,100,p043,11,24.58,12.29,100.0,1.0,1.0,0,43.0,2.0
19,100,p043,12,34.92,17.46,100.0,1.0,1.0,1,47.0,4.0
19,100,p043,13,37.14,18.57,20.0,0.0,0.0,1,29.0,4.0
19,100,p043,14,98.16,49.08,58.888888888888886,1.0,0.0,1,71.0,16.0
19,100,p043,15,13.14,6.57,100.0,1.0,1.0,0,34.0,0.0
19,100,p044,0,26.419999999999998,13.209999999999999,100.0,1.0,1.0,0,42.0,4.0
19,100,p044,1,32.6,16.3,98.33333333333333,1.0,1.0,0,45.0,2.0
19,100,p044,2,27.419999999999998,13.709999999999999,98.0,1.0,1.0,0,42.0,1.0
19,100,p044,3,18.78,9.39,100.0,1.0,1.0,0,38.0,1.0
19,100,p044,4,15.62,7.81,100.0,1.0,1.0,0,37.0,2.0
19,100,p044,5,15.62,7.81,100.0,1.0,1.0,0,37.0,2.0
19,100,p044,6,47.58,23.79,97.0,1.0,1.0,1,53.0,8.0
19,100,p044,7,14.98,7.49,100.0,1.0,1.0,0,33.0,2.0
19,100,p044,8,14.68,7.34,100.0,1.0,1.0,0,33.0,2.0
19,100,p044,9,32.9,16.45,98.33333333333333,1.0,1.0,0,45.0,2.0
19,100,p044,10,15.040000000000001,7.5200000000000005,20.0,0.0,0.0,0,14.0,0.0
19,100,p044,11,18.46,9.23,100.0,1.0,1.0,0,36.0,1.0
19,100,p044,12,18.32,9.16,100.0,1.0,1.0,0,37.0,1.0
19,100,p044,13,35.08,17.54,100.0,1.0,1.0,1,48.0,4.0
19,100,p044,14,14.68,7.34,100.0,1.0,1.0,0,33.0,2.0
19,100,p044,15,23.64,11.82,100.0,1.0,1.0,0,39.0,2.0
19,100,p045,0,59.08,29.54,17.0,0.0,0.0,1,43.0,8.0
19,100,p045,1,18.46,9.23,100.0,1.0,1.0,0,36.0,1.0
19,100,p045,2,56.7,28.35,97.27272727272728,1.0,1.0,1,60.0,8.0
19,100,p045,3,51.300000000000004,25.650000000000002,96.25,1.0,1.0,1,60.0,2.0
19,100,p045,4,18.939999999999998,9.469999999999999,100.0,1.0,1.0,0,39.0,1.0
19,100,p045,5,43.72,21.86,98.75,1.0,1.0,1,52.0,4.0
19,100,p045,6,18.939999999999998,9.469999999999999,100.0,1.0,1.0,0,39.0,1.0
19,100,p045,7,18.939999999999998,9.469999999999999,100.0,1.0,1.0,0,39.0,1.0
19,100,p045,8,48.519999999999996,24.259999999999998,97.0,1.0,1.0,1,57.0,8.0
19,100,p045,9,18.46,9.23,100.0,1.0,1.0,0,36.0,1.0
19,100,p045,10,18.939999999999998,9.469999999999999,100.0,1.0,1.0,0,39.0,1.0
19,100,p045,11,23.64,11.82,100.0,1.0,1.0,0,39.0,2.0
19,100,p045,12,27.279999999999998,13.639999999999999,98.0,1.0,1.0,0,43.0,1.0
19,100,p045,13,25.96,12.98,100.0,1.0,1.0,0,41.0,4.0
19,100,p045,14,26.119999999999997,13.059999999999999,100.0,1.0,1.0,0,42.0,4.0
19,100,p045,15,65.5,32.75,96.66666666666667,1.0,1.0,1,65.0,8.0
19,100,p046,0,36.66,18.33,20.0,0.0,0.0,1,26.0,4.0
19,100,p046,1,35.7,17.85,100.0,1.0,1.0,1,50.0,4.0
19,100,p046,2,34.16,17.08,98.33333333333333,1.0,1.0,1,51.0,2.0
19,100,p046,3,15.3,7.65,100.0,1.0,1.0,0,35.0,2.0
19,100,p046,4,19.08,9.54,100.0,1.0,1.0,0,38.0,1.0
19,100,p046,5,13.76,6.88,100.0,1.0,1.0,0,36.0,0.0
19,100,p046,6,25.2,12.6,100.0,1.0,1.0,0,45.0,2.0
19,100,p046,7,28.52,14.26,98.0,1.0,1.0,1,47.0,1.0
19,100,p046,8,66.74000000000001,33.370000000000005,96.66666666666667,1.0,1.0,1,69.0,8.0
19,100,p046,9,19.4,9.7,100.0,1.0,1.0,0,40.0,1.0
19,100,p046,10,25.04,12.52,100.0,1.0,1.0,0,44.0,2.0
19,100,p046,11,10.440000000000001,5.220000000000001,100.0,1.0,1.0,0,34.0,1.0
19,100,p046,12,11.4,5.7,20.0,0.0,0.0,0,10.0,1.0
19,100,p046,13,98.46,49.23,58.888888888888886,1.0,0.0,1,71.0,16.0
19,100,p046,14,25.54,12.77,20.0,0.0,0.0,0,19.0,2.0
19,100,p046,15,36.66,18.33,20.0,0.0,0.0,1,26.0,4.0
19,100,p047,0,25.04,12.52,100.0,1.0,1.0,0,44.0,2.0
19,100,p047,1,10.440000000000001,5.220000000000001,100.0,1.0,1.0,0,34.0,1.0
19,100,p047,2,36.0,18.0,100.0,1.0,1.0,1,50.0,4.0
19,100,p047,3,34.16,17.08,98.33333333333333,1.0,1.0,1,51.0,2.0
19,100,p047,4,25.04,12.52,100.0,1.0,1.0,0,44.0,2.0
19,100,p047,5,19.560000000000002,9.780000000000001,100.0,1.0,1.0,0,41.0,1.0
19,100,p047,6,26.58,13.29,100.0,1.0,1.0,0,43.0,4.0
19,100,p047,7,26.32,13.16,20.0,0.0,0.0,0,22.0,2.0
19,100,p047,8,48.82000000000001,24.410000000000004,97.0,1.0,1.0,1,57.0,8.0
19,100,p047,9,26.419999999999998,13.209999999999999,100.0,1.0,1.0,0,42.0,4.0
19,100,p047,10,27.04,13.52,100.0,1.0,1.0,0,44.0,4.0
19,100,p047,11,26.58,13.29,100.0,1.0,1.0,0,43.0,4.0
19,100,p047,12,20.36,10.18,20.0,0.0,0.0,0,16.0,1.0
19,100,p047,13,15.3,7.65,100.0,1.0,1.0,0,35.0,2.0
19,100,p047,14,9.98,4.99,100.0,1.0,1.0,0,33.0,1.0
19,100,p047,15,13.76,6.88,100.0,1.0,1.0,0,36.0,0.0
19,100,p048,0,26.9,13.45,100.0,1.0,1.0,0,45.0,4.0
19,100,p048,1,35.54,17.77,100.0,1.0,1.0,1,49.0,4.0
19,100,p048,2,25.2,12.6,100.0,1.0,1.0,0,45.0,2.0
19,100,p048,3,13.76,6.88,100.0,1.0,1.0,0,36.0,0.0
19,100,p048,4,51.44,25.72,96.25,1.0,1.0,1,59.0,2.0
19,100,p048,5,36.0,18.0,100.0,1.0,1.0,1,50.0,4.0
19,100,p048,6,66.75999999999999,33.379999999999995,96.66666666666667,1.0,1.0,1,71.0,8.0
19,100,p048,7,68.02,34.01,16.363636363636363,0.0,0.0,1,47.0,8.0
19,100,p048,8,89.82,44.91,58.529411764705884,1.0,0.0,1,67.0,16.0
19,100,p048,9,25.2,12.6,100.0,1.0,1.0,0,45.0,2.0
19,100,p048,10,4.8,2.4,100.0,1.0,1.0,0,30.0,0.0
19,100,p048,11,28.2,14.1,98.0,1.0,1.0,0,45.0,1.0
19,100,p048,12,26.32,13.16,20.0,0.0,0.0,0,22.0,2.0
19,100,p048,13,22.72,11.36,97.5,1.0,1.0,1,42.0,0.0
19,100,p048,14,37.14,18.57,20.0,0.0,0.0,1,29.0,4.0
19,100,p048,15,46.120000000000005,23.060000000000002,95.71428571428571,1.0,1.0,1,57.0,1.0
19,120,p037,0,18.46,9.23,100.0,1.0,1.0,0,36.0,1.0
19,120,p037,1,9.5,4.75,100.0,1.0,1.0,0,30.0,1.0
19,120,p037,2,36.66,18.33,20.0,0.0,0.0,1,26.0,4.0
19,120,p037,3,34.6,17.3,100.0,1.0,1.0,0,45.0,4.0
19,120,p037,4,44.02,22.01,98.75,1.0,1.0,1,52.0,4.0
19,120,p037,5,29.48,14.74,17.5,0.0,0.0,1,23.0,1.0
19,120,p037,6,35.06,17.53,100.0,1.0,1.0,0,46.0,4.0
19,120,p037,7,26.96,13.48,98.0,1.0,1.0,0,41.0,1.0
19,120,p037,8,33.22,16.61,98.33333333333333,1.0,1.0,1,47.0,2.0
19,120,p037,9,97.84,48.92,58.888888888888886,1.0,0.0,1,69.0,16.0
19,120,p037,10,18.46,9.23,100.0,1.0,1.0,0,36.0,1.0
19,120,p037,11,12.82,6.41,100.0,1.0,1.0,0,32.0,0.0
19,120,p037,12,50.12,25.06,16.666666666666664,0.0,0.0,1,37.0,8.0
19,120,p037,13,32.28,16.14,98.33333333333333,1.0,1.0,0,43.0,2.0
19,120,p037,14,27.86,13.93,20.0,0.0,0.0,1,21.0,4.0
19,120,p037,15,43.4,21.7,98.75,1.0,1.0,1,50.0,4.0
19,120,p038,0,34.76,17.38,100.0,1.0,1.0,0,46.0,4.0
19,120,p038,1,35.06,17.53,100.0,1.0,1.0,0,46.0,4.0
19,120,p038,2,25.96,12.98,100.0,1.0,1.0,0,41.0,4.0
19,120,p038,3,45.94,22.97,18.57142857142857,0.0,0.0,0,34.0,4.0
19,120,p038,4,14.36,7.18,100.0,1.0,1.0,0,31.0,2.0
19,120,p038,5,23.64,11.82,100.0,1.0,1.0,0,39.0,2.0
19,120,p038,6,35.06,17.53,100.0,1.0,1.0,0,46.0,4.0
19,120,p038,7,36.980000000000004,18.490000000000002,20.0,0.0,0.0,1,28.0,4.0
19,120,p038,8,18.46,9.23,100.0,1.0,1.0,0,36.0,1.0
19,120,p038,9,33.06,16.53,98.33333333333333,1.0,1.0,0,46.0,2.0
19,120,p038,10,18.619999999999997,9.309999999999999,100.0,1.0,1.0,0,37.0,1.0
19,120,p038,11,20.52,10.26,20.0,0.0,0.0,0,17.0,1.0
19,120,p038,12,24.259999999999998,12.129999999999999,100.0,1.0,1.0,0,41.0,2.0
19,120,p038,13,45.94,22.97,18.57142857142857,0.0,0.0,0,34.0,4.0
19,120,p038,14,12.82,6.41,100.0,1.0,1.0,0,32.0,0.0
19,120,p038,15,26.48,13.24,20.0,0.0,0.0,0,23.0,2.0
19,120,p039,0,26.1,13.05,100.0,1.0,1.0,0,40.0,4.0
19,120,p039,1,18.14,9.07,100.0,1.0,1.0,0,34.0,1.0
19,120,p039,2,43.56,21.78,98.75,1.0,1.0,1,51.0,4.0
19,120,p039,3,33.06,16.53,98.33333333333333,1.0,1.0,0,46.0,2.0
19,120,p039,4,65.34,32.67,96.66666666666667,1.0,1.0,1,64.0,8.0
19,120,p039,5,35.06,17.53,100.0,1.0,1.0,0,46.0,4.0
19,120,p039,6,3.8600000000000003,1.9300000000000002,100.0,1.0,1.0,0,26.0,0.0
19,120,p039,7,100.0,61.709999999999994,13.0,0.0,0.0,1,77.0,16.0
19,120,p039,8,83.25999999999999,41.629999999999995,95.71428571428571,1.0,1.0,1,76.0,8.0
19,120,p039,9,23.619999999999997,11.809999999999999,100.0,1.0,1.0,0,37.0,2.0
19,120,p039,10,57.16,28.58,97.27272727272728,1.0,1.0,1,61.0,8.0
19,120,p039,11,15.040000000000001,7.5200000000000005,20.0,0.0,0.0,0,14.0,0.0
19,120,p039,12,44.02,22.01,98.75,1.0,1.0,1,52.0,4.0
19,120,p039,13,36.82,18.41,20.0,0.0,0.0,1,27.0,4.0
19,120,p039,14,37.14,18.57,20.0,0.0,0.0,1,29.0,4.0
19,120,p039,15,9.66,4.83,100.0,1.0,1.0,0,31.0,1.0
19,120,p040,0,43.4,21.7,98.75,1.0,1.0,1,50.0,4.0
19,120,p040,1,93.82,46.91,13.529411764705882,0.0,0.0,1,62.0,16.0
19,120,p040,2,15.3,7.65,100.0,1.0,1.0,0,35.0,2.0
19,120,p040,3,35.06,17.53,100.0,1.0,1.0,0,46.0,4.0
19,120,p040,4,59.06,29.53,17.0,0.0,0.0,1,41.0,8.0
19,120,p040,5,43.4,21.7,98.75,1.0,1.0,1,50.0,4.0
19,120,p040,6,34.76,17.38,100.0,1.0,1.0,0,46.0,4.0
19,120,p040,7,48.2,24.1,97.0,1.0,1.0,1,55.0,8.0
19,120,p040,8,45.94,22.97,18.57142857142857,0.0,0.0,0,34.0,4.0
19,120,p040,9,36.980000000000004,18.490000000000002,20.0,0.0,0.0,1,28.0,4.0
19,120,p040,10,9.5,4.75,100.0,1.0,1.0,0,30.0,1.0
19,120,p040,11,100.0,53.48,93.6842105263158,1.0,1.0,1,76.0,16.0
19,120,p040,12,57.16,28.58,97.27272727272728,1.0,1.0,1,61.0,8.0
19,120,p040,13,65.8,32.9,96.66666666666667,1.0,1.0,1,65.0,8.0
19,120,p040,14,25.84,12.92,20.0,0.0,0.0,0,19.0,2.0
19,120,p040,15,25.799999999999997,12.899999999999999,100.0,1.0,1.0,0,40.0,4.0
19,120,p041,0,9.34,4.67,100.0,1.0,1.0,0,29.0,1.0
19,120,p041,1,18.14,9.07,100.0,1.0,1.0,0,34.0,1.0
19,120,p041,2,34.6,17.3,100.0,1.0,1.0,0,45.0,4.0
19,120,p041,3,45.78,22.89,18.57142857142857,0.0,0.0,1,33.0,4.0
19,120,p041,4,18.0,9.0,100.0,1.0,1.0,0,35.0,1.0
19,120,p041,5,25.479999999999997,12.739999999999998,100.0,1.0,1.0,0,38.0,4.0
19,120,p041,6,34.76,17.38,100.0,1.0,1.0,0,46.0,4.0
19,120,p041,7,12.82,6.41,100.0,1.0,1.0,0,32.0,0.0
19,120,p041,8,36.82,18.41,20.0,0.0,0.0,1,27.0,4.0
19,120,p041,9,18.619999999999997,9.309999999999999,100.0,1.0,1.0,0,37.0,1.0
19,120,p041,10,27.86,13.93,20.0,0.0,0.0,1,21.0,4.0
19,120,p041,11,50.519999999999996,25.259999999999998,96.25,1.0,1.0,1,57.0,2.0
19,120,p041,12,35.06,17.53,100.0,1.0,1.0,0,46.0,4.0
19,120,p041,13,23.32,11.66,100.0,1.0,1.0,0,37.0,2.0
19,120,p041,14,27.259999999999998,13.629999999999999,98.0,1.0,1.0,0,41.0,1.0
19,120,p041,15,25.64,12.82,100.0,1.0,1.0,0,39.0,4.0
19,120,p042,0,15.040000000000001,7.5200000000000005,20.0,0.0,0.0,0,14.0,0.0
19,120,p042,1,43.4,21.7,98.75,1.0,1.0,1,50.0,4.0
19,120,p042,2,61.940000000000005,30.970000000000002,97.0,1.0,1.0,1,64.0,4.0
19,120,p042,3,59.06,29.53,17.0,0.0,0.0,1,41.0,8.0
19,120,p042,4,33.06,16.53,98.33333333333333,1.0,1.0,0,46.0,2.0
19,120,p042,5,35.06,17.53,100.0,1.0,1.0,0,46.0,4.0
19,120,p042,6,18.46,9.23,100.0,1.0,1.0,0,36.0,1.0
19,120,p042,7,47.42,23.71,97.0,1.0,1.0,1,52.0,8.0
19,120,p042,8,34.6,17.3,100.0,1.0,1.0,0,45.0,4.0
19,120,p042,9,93.82,46.91,13.529411764705882,0.0,0.0,1,62.0,16.0
19,120,p042,10,97.54,48.77,93.88888888888889,1.0,1.0,1,69.0,16.0
19,120,p042,11,27.259999999999998,13.629999999999999,98.0,1.0,1.0,0,41.0,1.0
19,120,p042,12,100.0,53.4,93.6842105263158,1.0,1.0,1,75.0,16.0
19,120,p042,13,15.14,7.57,100.0,1.0,1.0,0,34.0,2.0
19,120,p042,14,21.78,10.89,97.5,1.0,1.0,1,38.0,0.0
19,120,p042,15,36.66,18.33,20.0,0.0,0.0,1,26.0,4.0
19,120,p043,0,59.38,29.69,17.0,0.0,0.0,1,43.0,8.0
19,120,p043,1,48.519999999999996,24.259999999999998,97.0,1.0,1.0,1,57.0,8.0
19,120,p043,2,48.519999999999996,24.259999999999998,97.0,1.0,1.0,1,57.0,8.0
19,120,p043,3,18.32,9.16,100.0,1.0,1.0,0,37.0,1.0
19,120,p043,4,18.619999999999997,9.309999999999999,100.0,1.0,1.0,0,37.0,1.0
19,120,p043,5,56.7,28.35,97.27272727272728,1.0,1.0,1,60.0,8.0
19,120,p043,6,14.68,7.34,100.0,1.0,1.0,0,33.0,2.0
19,120,p043,7,100.0,53.72,58.68421052631579,1.0,0.0,1,79.0,16.0
19,120,p043,8,94.13999999999999,47.06999999999999,13.529411764705882,0.0,0.0,1,64.0,16.0
19,120,p043,9,25.799999999999997,12.899999999999999,100.0,1.0,1.0,0,40.0,4.0
19,120,p043,10,9.5,4.75,100.0,1.0,1.0,0,30.0,1.0
19,120,p043,11,24.58,12.29,100.0,1.0,1.0,0,43.0,2.0
19,120,p043,12,34.92,17.46,100.0,1.0,1.0,1,47.0,4.0
19,120,p043,13,37.14,18.57,20.0,0.0,0.0,1,29.0,4.0
19,120,p043,14,98.16,49.08,58.888888888888886,1.0,0.0,1,71.0,16.0
19,120,p043,15,22.1,11.05,97.5,1.0,1.0,1,40.0,0.0
19,120,p044,0,48.519999999999996,24.259999999999998,97.0,1.0,1.0,1,57.0,8.0
19,120,p044,1,32.6,16.3,98.33333333333333,1.0,1.0,0,45.0,2.0
19,120,p044,2,32.6,16.3,98.33333333333333,1.0,1.0,0,45.0,2.0
19,120,p044,3,18.78,9.39,100.0,1.0,1.0,0,38.0,1.0
19,120,p044,4,15.62,7.81,100.0,1.0,1.0,0,37.0,2.0
19,120,p044,5,26.419999999999998,13.209999999999999,100.0,1.0,1.0,0,42.0,4.0
19,120,p044,6,56.54,28.27,97.27272727272728,1.0,1.0,1,59.0,8.0
19,120,p044,7,14.98,7.49,100.0,1.0,1.0,0,33.0,2.0
19,120,p044,8,14.68,7.34,100.0,1.0,1.0,0,33.0,2.0
19,120,p044,9,43.72,21.86,98.75,1.0,1.0,1,52.0,4.0
19,120,p044,10,15.040000000000001,7.5200000000000005,20.0,0.0,0.0,0,14.0,0.0
19,120,p044,11,23.64,11.82,100.0,1.0,1.0,0,39.0,2.0
19,120,p044,12,23.96,11.98,100.0,1.0,1.0,0,41.0,2.0
19,120,p044,13,36.980000000000004,18.490000000000002,20.0,0.0,0.0,1,28.0,4.0
19,120,p044,14,14.68,7.34,100.0,1.0,1.0,0,33.0,2.0
19,120,p044,15,44.04,22.02,98.75,1.0,1.0,1,54.0,4.0
19,120,p045,0,100.0,51.239999999999995,13.88888888888889,0.0,0.0,1,68.0,16.0
19,120,p045,1,18.46,9.23,100.0,1.0,1.0,0,36.0,1.0
19,120,p045,2,56.7,28.35,97.27272727272728,1.0,1.0,1,60.0,8.0
19,120,p045,3,51.300000000000004,25.650000000000002,96.25,1.0,1.0,1,60.0,2.0
19,120,p045,4,18.939999999999998,9.469999999999999,100.0,1.0,1.0,0,39.0,1.0
19,120,p045,5,65.5,32.75,96.66666666666667,1.0,1.0,1,65.0,8.0
19,120,p045,6,24.419999999999998,12.209999999999999,100.0,1.0,1.0,0,42.0,2.0
19,120,p045,7,18.939999999999998,9.469999999999999,100.0,1.0,1.0,0,39.0,1.0
19,120,p045,8,57.48,28.74,97.27272727272728,1.0,1.0,1,63.0,8.0
19,120,p045,9,18.46,9.23,100.0,1.0,1.0,0,36.0,1.0
19,120,p045,10,33.379999999999995,16.689999999999998,98.33333333333333,1.0,1.0,1,48.0,2.0
19,120,p045,11,23.64,11.82,100.0,1.0,1.0,0,39.0,2.0
19,120,p045,12,32.92,16.46,98.33333333333333,1.0,1.0,1,47.0,2.0
19,120,p045,13,25.96,12.98,100.0,1.0,1.0,0,41.0,4.0
19,120,p045,14,56.7,28.35,97.27272727272728,1.0,1.0,1,60.0,8.0
19,120,p045,15,65.5,32.75,96.66666666666667,1.0,1.0,1,65.0,8.0
19,120,p046,0,58.44,29.22,17.0,0.0,0.0,1,39.0,8.0
19,120,p046,1,35.7,17.85,100.0,1.0,1.0,1,50.0,4.0
19,120,p046,2,44.96,22.48,98.75,1.0,1.0,1,56.0,4.0
19,120,p046,3,26.74,13.37,100.0,1.0,1.0,0,44.0,4.0
19,120,p046,4,19.08,9.54,100.0,1.0,1.0,0,38.0,1.0
19,120,p046,5,22.72,11.36,97.5,1.0,1.0,1,42.0,0.0
19,120,p046,6,25.2,12.6,100.0,1.0,1.0,0,45.0,2.0
19,120,p046,7,28.52,14.26,98.0,1.0,1.0,1,47.0,1.0
19,120,p046,8,100.0,53.87,58.68421052631579,1.0,0.0,1,79.0,16.0
19,120,p046,9,25.2,12.6,100.0,1.0,1.0,0,45.0,2.0
19,120,p046,10,34.0,17.0,98.33333333333333,1.0,1.0,1,50.0,2.0
19,120,p046,11,19.4,9.7,100.0,1.0,1.0,0,40.0,1.0
19,120,p046,12,20.36,10.18,20.0,0.0,0.0,0,16.0,1.0
19,120,p046,13,98.46,49.23,58.888888888888886,1.0,0.0,1,71.0,16.0
19,120,p046,14,25.54,12.77,20.0,0.0,0.0,0,19.0,2.0
19,120,p046,15,58.44,29.22,17.0,0.0,0.0,1,39.0,8.0
19,120,p047,0,35.54,17.77,100.0,1.0,1.0,1,49.0,4.0
19,120,p047,1,16.240000000000002,8.120000000000001,100.0,1.0,1.0,0,39.0,2.0
19,120,p047,2,36.0,18.0,100.0,1.0,1.0,1,50.0,4.0
19,120,p047,3,34.16,17.08,98.33333333333333,1.0,1.0,1,51.0,2.0
19,120,p047,4,25.04,12.52,100.0,1.0,1.0,0,44.0,2.0
19,120,p047,5,19.560000000000002,9.780000000000001,100.0,1.0,1.0,0,41.0,1.0
19,120,p047,6,26.58,13.29,100.0,1.0,1.0,0,43.0,4.0
19,120,p047,7,36.82,18.41,20.0,0.0,0.0,1,27.0,4.0
19,120,p047,8,89.82,44.91,58.529411764705884,1.0,0.0,1,67.0,16.0
19,120,p047,9,57.16,28.58,97.27272727272728,1.0,1.0,1,61.0,8.0
19,120,p047,10,49.14,24.57,97.0,1.0,1.0,1,59.0,8.0
19,120,p047,11,26.58,13.29,100.0,1.0,1.0,0,43.0,4.0
19,120,p047,12,25.54,12.77,20.0,0.0,0.0,0,19.0,2.0
19,120,p047,13,15.3,7.65,100.0,1.0,1.0,0,35.0,2.0
19,120,p047,14,9.98,4.99,100.0,1.0,1.0,0,33.0,1.0
19,120,p047,15,13.76,6.88,100.0,1.0,1.0,0,36.0,0.0
19,120,p048,0,26.9,13.45,100.0,1.0,1.0,0,45.0,4.0
19,120,p048,1,57.78,28.89,97.27272727272728,1.0,1.0,1,63.0,8.0
19,120,p048,2,44.96,22.48,98.75,1.0,1.0,1,56.0,4.0
19,120,p048,3,19.240000000000002,9.620000000000001,100.0,1.0,1.0,0,39.0,1.0
19,120,p048,4,62.260000000000005,31.130000000000003,97.0,1.0,1.0,1,66.0,4.0
19,120,p048,5,36.0,18.0,100.0,1.0,1.0,1,50.0,4.0
19,120,p048,6,100.0,53.56,58.68421052631579,1.0,0.0,1,77.0,16.0
19,120,p048,7,100.0,56.029999999999994,13.68421052631579,0.0,0.0,1,76.0,16.0
19,120,p048,8,89.82,44.91,58.529411764705884,1.0,0.0,1,67.0,16.0
19,120,p048,9,36.0,18.0,100.0,1.0,1.0,1,50.0,4.0
19,120,p048,10,4.8,2.4,100.0,1.0,1.0,0,30.0,0.0
19,120,p048,11,33.52,16.76,98.33333333333333,1.0,1.0,1,47.0,2.0
19,120,p048,12,26.32,13.16,20.0,0.0,0.0,0,22.0,2.0
19,120,p048,13,22.72,11.36,97.5,1.0,1.0,1,42.0,0.0
19,120,p048,14,37.14,18.57,20.0,0.0,0.0,1,29.0,4.0
19,120,p048,15,51.44,25.72,96.25,1.0,1.0,1,59.0,2.0
19,140,p037,0,24.259999999999998,12.129999999999999,100.0,1.0,1.0,0,41.0,2.0
19,140,p037,1,24.259999999999998,12.129999999999999,100.0,1.0,1.0,0,41.0,2.0
19,140,p037,2,58.44,29.22,17.0,0.0,0.0,1,39.0,8.0
19,140,p037,3,56.839999999999996,28.419999999999998,97.27272727272728,1.0,1.0,1,59.0,8.0
19,140,p037,4,66.12,33.06,96.66666666666667,1.0,1.0,1,67.0,8.0
19,140,p037,5,34.8,17.4,18.0,0.0,0.0,0,25.0,2.0
19,140,p037,6,66.12,33.06,96.66666666666667,1.0,1.0,1,67.0,8.0
19,140,p037,7,26.96,13.48,98.0,1.0,1.0,0,41.0,1.0
19,140,p037,8,44.02,22.01,98.75,1.0,1.0,1,52.0,4.0
19,140,p037,9,97.84,48.92,58.888888888888886,1.0,0.0,1,69.0,16.0
19,140,p037,10,18.46,9.23,100.0,1.0,1.0,0,36.0,1.0
19,140,p037,11,21.78,10.89,97.5,1.0,1.0,1,38.0,0.0
19,140,p037,12,93.52,46.76,13.529411764705882,0.0,0.0,1,62.0,16.0
19,140,p037,13,43.72,21.86,98.75,1.0,1.0,1,52.0,4.0
19,140,p037,14,50.1,25.05,16.666666666666664,0.0,0.0,1,35.0,8.0
19,140,p037,15,65.18,32.59,96.66666666666667,1.0,1.0,1,63.0,8.0
19,140,p038,0,97.52,48.76,58.888888888888886,1.0,0.0,1,67.0,16.0
19,140,p038,1,97.84,48.92,58.888888888888886,1.0,0.0,1,69.0,16.0
19,140,p038,2,91.3,45.65,93.88888888888889,1.0,1.0,1,80.0,16.0
19,140,p038,3,100.0,55.78999999999999,13.68421052631579,0.0,0.0,1,73.0,16.0
19,140,p038,4,14.36,7.18,100.0,1.0,1.0,0,31.0,2.0
19,140,p038,5,34.92,17.46,100.0,1.0,1.0,1,47.0,4.0
19,140,p038,6,100.0,53.4,58.68421052631579,1.0,0.0,1,75.0,16.0
19,140,p038,7,100.0,51.309999999999995,13.88888888888889,0.0,0.0,1,67.0,16.0
19,140,p038,8,18.46,9.23,100.0,1.0,1.0,0,36.0,1.0
19,140,p038,9,43.56,21.78,98.75,1.0,1.0,1,51.0,4.0
19,140,p038,10,24.1,12.05,100.0,1.0,1.0,0,40.0,2.0
19,140,p038,11,20.52,10.26,20.0,0.0,0.0,0,17.0,1.0
19,140,p038,12,44.02,22.01,98.75,1.0,1.0,1,52.0,4.0
19,140,p038,13,100.0,55.78999999999999,13.68421052631579,0.0,0.0,1,73.0,16.0
19,140,p038,14,21.78,10.89,97.5,1.0,1.0,1,38.0,0.0
19,140,p038,15,37.28,18.64,20.0,0.0,0.0,1,28.0,4.0
19,140,p039,0,48.2,24.1,97.0,1.0,1.0,1,55.0,8.0
19,140,p039,1,18.14,9.07,100.0,1.0,1.0,0,34.0,1.0
19,140,p039,2,100.0,53.48,58.68421052631579,1.0,0.0,1,76.0,16.0
19,140,p039,3,43.56,21.78,98.75,1.0,1.0,1,51.0,4.0
19,140,p039,4,100.0,53.239999999999995,58.68421052631579,1.0,0.0,1,73.0,16.0
19,140,p039,5,57.16,28.58,97.27272727272728,1.0,1.0,1,61.0,8.0
19,140,p039,6,9.04,4.52,100.0,1.0,1.0,0,29.0,1.0
19,140,p039,7,100.0,61.709999999999994,13.0,0.0,0.0,1,77.0,16.0
19,140,p039,8,100.0,61.709999999999994,13.0,0.0,0.0,1,77.0,16.0
19,140,p039,9,34.44,17.22,100.0,1.0,1.0,0,44.0,4.0
19,140,p039,10,97.84,48.92,58.888888888888886,1.0,0.0,1,69.0,16.0
19,140,p039,11,20.68,10.34,20.0,0.0,0.0,0,18.0,1.0
19,140,p039,12,66.12,33.06,96.66666666666667,1.0,1.0,1,67.0,8.0
19,140,p039,13,59.06,29.53,17.0,0.0,0.0,1,41.0,8.0
19,140,p039,14,59.08,29.54,17.0,0.0,0.0,1,43.0,8.0
19,140,p039,15,18.619999999999997,9.309999999999999,100.0,1.0,1.0,0,37.0,1.0
19,140,p040,0,100.0,53.4,93.6842105263158,1.0,1.0,1,75.0,16.0
19,140,p040,1,93.82,46.91,13.529411764705882,0.0,0.0,1,62.0,16.0
19,140,p040,2,35.06,17.53,100.0,1.0,1.0,0,46.0,4.0
19,140,p040,3,98.0,49.0,93.88888888888889,1.0,1.0,1,70.0,16.0
19,140,p040,4,100.0,51.55,13.88888888888889,0.0,0.0,1,70.0,16.0
19,140,p040,5,65.18,32.59,96.66666666666667,1.0,1.0,1,63.0,8.0
19,140,p040,6,97.67999999999999,48.839999999999996,93.88888888888889,1.0,1.0,1,68.0,16.0
19,140,p040,7,89.03999999999999,44.519999999999996,93.52941176470588,1.0,1.0,1,64.0,16.0
19,140,p040,8,67.56,33.78,16.363636363636363,0.0,0.0,1,46.0,8.0
19,140,p040,9,67.56,33.78,16.363636363636363,0.0,0.0,1,46.0,8.0
19,140,p040,10,15.3,7.65,100.0,1.0,1.0,0,35.0,2.0
19,140,p040,11,100.0,53.48,93.6842105263158,1.0,1.0,1,76.0,16.0
19,140,p040,12,98.0,49.0,93.88888888888889,1.0,1.0,1,70.0,16.0
19,140,p040,13,100.0,53.56,93.6842105263158,1.0,1.0,1,77.0,16.0
19,140,p040,14,36.66,18.33,20.0,0.0,0.0,1,26.0,4.0
19,140,p040,15,47.42,23.71,97.0,1.0,1.0,1,52.0,8.0
19,140,p041,0,9.34,4.67,100.0,1.0,1.0,0,29.0,1.0
19,140,p041,1,27.1,13.55,98.0,1.0,1.0,0,40.0,1.0
19,140,p041,2,98.16,49.08,93.88888888888889,1.0,1.0,1,71.0,16.0
19,140,p041,3,100.0,61.949999999999996,13.0,0.0,0.0,1,80.0,16.0
19,140,p041,4,23.64,11.82,100.0,1.0,1.0,0,39.0,2.0
19,140,p041,5,97.84,48.92,93.88888888888889,1.0,1.0,1,69.0,16.0
19,140,p041,6,97.67999999999999,48.839999999999996,93.88888888888889,1.0,1.0,1,68.0,16.0
19,140,p041,7,12.82,6.41,100.0,1.0,1.0,0,32.0,0.0
19,140,p041,8,45.78,22.89,18.57142857142857,0.0,0.0,1,33.0,4.0
19,140,p041,9,18.619999999999997,9.309999999999999,100.0,1.0,1.0,0,37.0,1.0
19,140,p041,10,94.13999999999999,47.06999999999999,13.529411764705882,0.0,0.0,1,64.0,16.0
19,140,p041,11,61.8,30.9,97.0,1.0,1.0,1,65.0,4.0
19,140,p041,12,57.16,28.58,97.27272727272728,1.0,1.0,1,61.0,8.0
19,140,p041,13,34.76,17.38,100.0,1.0,1.0,0,46.0,4.0
19,140,p041,14,27.259999999999998,13.629999999999999,98.0,1.0,1.0,0,41.0,1.0
19,140,p041,15,47.879999999999995,23.939999999999998,97.0,1.0,1.0,1,53.0,8.0
19,140,p042,0,15.040000000000001,7.5200000000000005,20.0,0.0,0.0,0,14.0,0.0
19,140,p042,1,100.0,53.4,93.6842105263158,1.0,1.0,1,75.0,16.0
19,140,p042,2,84.04,42.02,95.71428571428571,1.0,1.0,1,79.0,8.0
19,140,p042,3,100.0,56.029999999999994,13.68421052631579,0.0,0.0,1,76.0,16.0
19,140,p042,4,43.56,21.78,98.75,1.0,1.0,1,51.0,4.0
19,140,p042,5,57.16,28.58,97.27272727272728,1.0,1.0,1,61.0,8.0
19,140,p042,6,18.46,9.23,100.0,1.0,1.0,0,36.0,1.0
19,140,p042,7,97.67999999999999,48.839999999999996,93.88888888888889,1.0,1.0,1,68.0,16.0
19,140,p042,8,56.839999999999996,28.419999999999998,97.27272727272728,1.0,1.0,1,59.0,8.0
19,140,p042,9,93.82,46.91,13.529411764705882,0.0,0.0,1,62.0,16.0
19,140,p042,10,97.54,48.77,93.88888888888889,1.0,1.0,1,69.0,16.0
19,140,p042,11,27.259999999999998,13.629999999999999,98.0,1.0,1.0,0,41.0,1.0
19,140,p042,12,100.0,53.4,93.6842105263158,1.0,1.0,1,75.0,16.0
19,140,p042,13,25.64,12.82,100.0,1.0,1.0,0,39.0,4.0
19,140,p042,14,27.259999999999998,13.629999999999999,98.0,1.0,1.0,0,41.0,1.0
19,140,p042,15,100.0,51.38999999999999,13.88888888888889,0.0,0.0,1,68.0,16.0
19,140,p043,0,100.0,51.47,13.88888888888889,0.0,0.0,1,69.0,16.0
19,140,p043,1,98.32,49.16,58.888888888888886,1.0,0.0,1,72.0,16.0
19,140,p043,2,89.36,44.68,58.529411764705884,1.0,0.0,1,66.0,16.0
19,140,p043,3,23.96,11.98,100.0,1.0,1.0,0,41.0,2.0
19,140,p043,4,23.939999999999998,11.969999999999999,100.0,1.0,1.0,0,39.0,2.0
19,140,p043,5,98.0,49.0,58.888888888888886,1.0,0.0,1,70.0,16.0
19,140,p043,6,35.08,17.54,100.0,1.0,1.0,1,48.0,4.0
19,140,p043,7,100.0,53.72,58.68421052631579,1.0,0.0,1,79.0,16.0
19,140,p043,8,100.0,51.55,13.88888888888889,0.0,0.0,1,70.0,16.0
19,140,p043,9,25.799999999999997,12.899999999999999,100.0,1.0,1.0,0,40.0,4.0
19,140,p043,10,9.5,4.75,100.0,1.0,1.0,0,30.0,1.0
19,140,p043,11,35.379999999999995,17.689999999999998,100.0,1.0,1.0,1,48.0,4.0
19,140,p043,12,66.12,33.06,96.66666666666667,1.0,1.0,1,67.0,8.0
19,140,p043,13,100.0,51.239999999999995,13.88888888888889,0.0,0.0,1,68.0,16.0
19,140,p043,14,98.16,49.08,58.888888888888886,1.0,0.0,1,71.0,16.0
19,140,p043,15,22.1,11.05,97.5,1.0,1.0,1,40.0,0.0
19,140,p044,0,89.36,44.68,58.529411764705884,1.0,0.0,1,66.0,16.0
19,140,p044,1,44.04,22.02,98.75,1.0,1.0,1,54.0,4.0
19,140,p044,2,44.04,22.02,98.75,1.0,1.0,1,54.0,4.0
19,140,p044,3,24.58,12.29,100.0,1.0,1.0,0,43.0,2.0
19,140,p044,4,35.379999999999995,17.689999999999998,100.0,1.0,1.0,1,48.0,4.0
19,140,p044,5,48.519999999999996,24.259999999999998,97.0,1.0,1.0,1,57.0,8.0
19,140,p044,6,98.16,49.08,58.888888888888886,1.0,0.0,1,71.0,16.0
19,140,p044,7,25.799999999999997,12.899999999999999,100.0,1.0,1.0,0,40.0,4.0
19,140,p044,8,26.119999999999997,13.059999999999999,100.0,1.0,1.0,0,42.0,4.0
19,140,p044,9,65.5,32.75,96.66666666666667,1.0,1.0,1,65.0,8.0
19,140,p044,10,24.0,12.0,16.666666666666664,0.0,0.0,1,20.0,0.0
19,140,p044,11,35.08,17.54,100.0,1.0,1.0,1,48.0,4.0
19,140,p044,12,35.239999999999995,17.619999999999997,100.0,1.0,1.0,1,49.0,4.0
19,140,p044,13,100.0,51.309999999999995,13.88888888888889,0.0,0.0,1,67.0,16.0
19,140,p044,14,26.119999999999997,13.059999999999999,100.0,1.0,1.0,0,42.0,4.0
19,140,p044,15,65.66,32.83,96.66666666666667,1.0,1.0,1,66.0,8.0
19,140,p045,0,100.0,51.239999999999995,13.88888888888889,0.0,0.0,1,68.0,16.0
19,140,p045,1,27.419999999999998,13.709999999999999,98.0,1.0,1.0,0,42.0,1.0
19,140,p045,2,98.0,49.0,58.888888888888886,1.0,0.0,1,70.0,16.0
19,140,p045,3,61.8,30.9,97.0,1.0,1.0,1,65.0,4.0
19,140,p045,4,24.419999999999998,12.209999999999999,100.0,1.0,1.0,0,42.0,2.0
19,140,p045,5,100.0,53.56,58.68421052631579,1.0,0.0,1,77.0,16.0
19,140,p045,6,24.419999999999998,12.209999999999999,100.0,1.0,1.0,0,42.0,2.0
19,140,p045,7,18.939999999999998,9.469999999999999,100.0,1.0,1.0,0,39.0,1.0
19,140,p045,8,98.32,49.16,58.888888888888886,1.0,0.0,1,72.0,16.0
19,140,p045,9,18.46,9.23,100.0,1.0,1.0,0,36.0,1.0
19,140,p045,10,43.879999999999995,21.939999999999998,98.75,1.0,1.0,1,53.0,4.0
19,140,p045,11,44.04,22.02,98.75,1.0,1.0,1,54.0,4.0
19,140,p045,12,44.2,22.1,98.75,1.0,1.0,1,55.0,4.0
19,140,p045,13,98.47999999999999,49.239999999999995,58.888888888888886,1.0,0.0,1,73.0,16.0
19,140,p045,14,98.0,49.0,58.888888888888886,1.0,0.0,1,70.0,16.0
19,140,p045,15,100.0,53.56,58.68421052631579,1.0,0.0,1,77.0,16.0
19,140,p046,0,100.0,51.38999999999999,13.88888888888889,0.0,0.0,1,68.0,16.0
19,140,p046,1,98.3,49.15,58.888888888888886,1.0,0.0,1,70.0,16.0
19,140,p046,2,67.06,33.53,96.66666666666667,1.0,1.0,1,71.0,8.0
19,140,p046,3,48.36,24.18,97.0,1.0,1.0,1,56.0,8.0
19,140,p046,4,24.259999999999998,12.129999999999999,100.0,1.0,1.0,0,41.0,2.0
19,140,p046,5,22.72,11.36,97.5,1.0,1.0,1,42.0,0.0
19,140,p046,6,36.0,18.0,100.0,1.0,1.0,1,50.0,4.0
19,140,p046,7,34.0,17.0,98.33333333333333,1.0,1.0,1,50.0,2.0
19,140,p046,8,100.0,53.87,58.68421052631579,1.0,0.0,1,79.0,16.0
19,140,p046,9,36.0,18.0,100.0,1.0,1.0,1,50.0,4.0
19,140,p046,10,44.5,22.25,98.75,1.0,1.0,1,55.0,4.0
19,140,p046,11,25.2,12.6,100.0,1.0,1.0,0,45.0,2.0
19,140,p046,12,20.36,10.18,20.0,0.0,0.0,0,16.0,1.0
19,140,p046,13,98.46,49.23,58.888888888888886,1.0,0.0,1,71.0,16.0
19,140,p046,14,36.980000000000004,18.490000000000002,20.0,0.0,0.0,1,28.0,4.0
19,140,p046,15,100.0,51.38999999999999,13.88888888888889,0.0,0.0,1,68.0,16.0
19,140,p047,0,57.78,28.89,97.27272727272728,1.0,1.0,1,63.0,8.0
19,140,p047,1,27.04,13.52,100.0,1.0,1.0,0,44.0,4.0
19,140,p047,2,98.61999999999999,49.309999999999995,58.888888888888886,1.0,0.0,1,72.0,16.0
19,140,p047,3,44.96,22.48,98.75,1.0,1.0,1,56.0,4.0
19,140,p047,4,35.54,17.77,100.0,1.0,1.0,1,49.0,4.0
19,140,p047,5,19.560000000000002,9.780000000000001,100.0,1.0,1.0,0,41.0,1.0
19,140,p047,6,89.82,44.91,58.529411764705884,1.0,0.0,1,67.0,16.0
19,140,p047,7,68.02,34.01,16.363636363636363,0.0,0.0,1,47.0,8.0
19,140,p047,8,89.82,44.91,58.529411764705884,1.0,0.0,1,67.0,16.0
19,140,p047,9,98.46,49.23,58.888888888888886,1.0,0.0,1,71.0,16.0
19,140,p047,10,89.66,44.83,58.529411764705884,1.0,0.0,1,66.0,16.0
19,140,p047,11,98.78,49.39,58.888888888888886,1.0,0.0,1,73.0,16.0
19,140,p047,12,25.54,12.77,20.0,0.0,0.0,0,19.0,2.0
19,140,p047,13,26.74,13.37,100.0,1.0,1.0,0,44.0,4.0
19,140,p047,14,15.62,7.81,100.0,1.0,1.0,0,37.0,2.0
19,140,p047,15,22.72,11.36,97.5,1.0,1.0,1,42.0,0.0
19,140,p048,0,89.2,44.6,58.529411764705884,1.0,0.0,1,65.0,16.0
19,140,p048,1,98.78,49.39,58.888888888888886,1.0,0.0,1,73.0,16.0
19,140,p048,2,67.06,33.53,96.66666666666667,1.0,1.0,1,71.0,8.0
19,140,p048,3,19.240000000000002,9.620000000000001,100.0,1.0,1.0,0,39.0,1.0
19,140,p048,4,84.04,42.02,95.71428571428571,1.0,1.0,1,79.0,8.0
19,140,p048,5,100.0,53.79,58.68421052631579,1.0,0.0,1,78.0,16.0
19,140,p048,6,100.0,53.56,58.68421052631579,1.0,0.0,1,77.0,16.0
19,140,p048,7,100.0,56.029999999999994,13.68421052631579,0.0,0.0,1,76.0,16.0
19,140,p048,8,89.82,44.91,58.529411764705884,1.0,0.0,1,67.0,16.0
19,140,p048,9,58.1,29.05,97.27272727272728,1.0,1.0,1,65.0,8.0
19,140,p048,10,4.8,2.4,100.0,1.0,1.0,0,30.0,0.0
19,140,p048,11,44.34,22.17,98.75,1.0,1.0,1,54.0,4.0
19,140,p048,12,36.82,18.41,20.0,0.0,0.0,1,27.0,4.0
19,140,p048,13,22.72,11.36,97.5,1.0,1.0,1,42.0,0.0
19,140,p048,14,100.0,55.72,13.68421052631579,0.0,0.0,1,74.0,16.0
19,140,p048,15,62.260000000000005,31.130000000000003,97.0,1.0,1.0,1,66.0,4.0
19,160,p037,0,97.84,48.92,58.888888888888886,1.0,0.0,1,69.0,16.0
19,160,p037,1,97.84,48.92,58.888888888888886,1.0,0.0,1,69.0,16.0
19,160,p037,2,100.0,55.87,13.68421052631579,0.0,0.0,1,74.0,16.0
19,160,p037,3,98.0,49.0,58.888888888888886,1.0,0.0,1,70.0,16.0
19,160,p037,4,100.0,53.4,58.68421052631579,1.0,0.0,1,75.0,16.0
19,160,p037,5,100.0,55.87,13.68421052631579,0.0,0.0,1,74.0,16.0
19,160,p037,6,100.0,53.4,58.68421052631579,1.0,0.0,1,75.0,16.0
19,160,p037,7,43.879999999999995,21.939999999999998,98.75,1.0,1.0,1,53.0,4.0
19,160,p037,8,100.0,53.4,58.68421052631579,1.0,0.0,1,75.0,16.0
19,160,p037,9,100.0,53.4,58.68421052631579,1.0,0.0,1,75.0,16.0
19,160,p037,10,35.06,17.53,100.0,1.0,1.0,0,46.0,4.0
19,160,p037,11,26.96,13.48,98.0,1.0,1.0,0,41.0,1.0
19,160,p037,12,100.0,51.239999999999995,13.88888888888889,0.0,0.0,1,68.0,16.0
19,160,p037,13,100.0,53.239999999999995,58.68421052631579,1.0,0.0,1,73.0,16.0
19,160,p037,14,94.13999999999999,47.06999999999999,13.529411764705882,0.0,0.0,1,64.0,16.0
19,160,p037,15,100.0,55.87,13.68421052631579,0.0,0.0,1,74.0,16.0
19,160,p038,0,100.0,53.239999999999995,58.68421052631579,1.0,0.0,1,73.0,16.0
19,160,p038,1,100.0,53.4,58.68421052631579,1.0,0.0,1,75.0,16.0
19,160,p038,2,97.38,48.69,58.888888888888886,1.0,0.0,1,68.0,16.0
19,160,p038,3,100.0,55.78999999999999,13.68421052631579,0.0,0.0,1,73.0,16.0
19,160,p038,4,100.0,51.309999999999995,13.88888888888889,0.0,0.0,1,67.0,16.0
19,160,p038,5,97.38,48.69,58.888888888888886,1.0,0.0,1,68.0,16.0
19,160,p038,6,100.0,53.4,58.68421052631579,1.0,0.0,1,75.0,16.0
19,160,p038,7,100.0,51.309999999999995,13.88888888888889,0.0,0.0,1,67.0,16.0
19,160,p038,8,44.02,22.01,98.75,1.0,1.0,1,52.0,4.0
19,160,p038,9,100.0,53.48,58.68421052631579,1.0,0.0,1,76.0,16.0
19,160,p038,10,100.0,53.48,58.68421052631579,1.0,0.0,1,76.0,16.0
19,160,p038,11,45.62,22.81,18.57142857142857,0.0,0.0,1,32.0,4.0
19,160,p038,12,100.0,53.4,58.68421052631579,1.0,0.0,1,75.0,16.0
19,160,p038,13,100.0,55.78999999999999,13.68421052631579,0.0,0.0,1,73.0,16.0
19,160,p038,14,27.419999999999998,13.709999999999999,98.0,1.0,1.0,0,42.0,1.0
19,160,p038,15,100.0,51.47,13.88888888888889,0.0,0.0,1,69.0,16.0
19,160,p039,0,88.88,44.44,58.529411764705884,1.0,0.0,1,63.0,16.0
19,160,p039,1,56.38,28.19,97.27272727272728,1.0,1.0,1,58.0,8.0
19,160,p039,2,100.0,53.48,58.68421052631579,1.0,0.0,1,76.0,16.0
19,160,p039,3,100.0,53.48,58.68421052631579,1.0,0.0,1,76.0,16.0
19,160,p039,4,100.0,53.239999999999995,58.68421052631579,1.0,0.0,1,73.0,16.0
19,160,p039,5,97.84,48.92,58.888888888888886,1.0,0.0,1,69.0,16.0
19,160,p039,6,14.68,7.34,100.0,1.0,1.0,0,33.0,2.0
19,160,p039,7,100.0,61.709999999999994,13.0,0.0,0.0,1,77.0,16.0
19,160,p039,8,100.0,61.709999999999994,13.0,0.0,0.0,1,77.0,16.0
19,160,p039,9,97.67999999999999,48.839999999999996,58.888888888888886,1.0,0.0,1,68.0,16.0
19,160,p039,10,100.0,51.47,13.88888888888889,0.0,0.0,1,69.0,16.0
19,160,p039,11,26.48,13.24,20.0,0.0,0.0,0,23.0,2.0
19,160,p039,12,100.0,53.4,58.68421052631579,1.0,0.0,1,75.0,16.0
19,160,p039,13,100.0,51.55,13.88888888888889,0.0,0.0,1,70.0,16.0
19,160,p039,14,100.0,51.239999999999995,13.88888888888889,0.0,0.0,1,68.0,16.0
19,160,p039,15,34.6,17.3,100.0,1.0,1.0,0,45.0,4.0
19,160,p040,0,100.0,53.4,93.6842105263158,1.0,1.0,1,75.0,16.0
19,160,p040,1,93.82,46.91,13.529411764705882,0.0,0.0,1,62.0,16.0
19,160,p040,2,98.0,49.0,93.88888888888889,1.0,1.0,1,70.0,16.0
19,160,p040,3,98.0,49.0,93.88888888888889,1.0,1.0,1,70.0,16.0
19,160,p040,4,100.0,51.55,13.88888888888889,0.0,0.0,1,70.0,16.0
19,160,p040,5,100.0,53.4,93.6842105263158,1.0,1.0,1,75.0,16.0
19,160,p040,6,100.0,53.32,93.6842105263158,1.0,1.0,1,74.0,16.0
19,160,p040,7,98.0,49.0,93.88888888888889,1.0,1.0,1,70.0,16.0
19,160,p040,8,100.0,55.78999999999999,13.68421052631579,0.0,0.0,1,73.0,16.0
19,160,p040,9,100.0,55.78999999999999,13.68421052631579,0.0,0.0,1,73.0,16.0
19,160,p040,10,57.16,28.58,97.27272727272728,1.0,1.0,1,61.0,8.0
19,160,p040,11,100.0,53.48,93.6842105263158,1.0,1.0,1,76.0,16.0
19,160,p040,12,100.0,51.47,13.88888888888889,0.0,0.0,1,69.0,16.0
19,160,p040,13,100.0,53.56,93.6842105263158,1.0,1.0,1,77.0,16.0
19,160,p040,14,100.0,51.38999999999999,13.88888888888889,0.0,0.0,1,68.0,16.0
19,160,p040,15,97.67999999999999,48.839999999999996,93.88888888888889,1.0,1.0,1,68.0,16.0
19,160,p041,0,58.44,29.22,17.0,0.0,0.0,1,39.0,8.0
19,160,p041,1,65.34,32.67,96.66666666666667,1.0,1.0,1,64.0,8.0
19,160,p041,2,98.16,49.08,93.88888888888889,1.0,1.0,1,71.0,16.0
19,160,p041,3,100.0,61.949999999999996,13.0,0.0,0.0,1,80.0,16.0
19,160,p041,4,97.54,48.77,93.88888888888889,1.0,1.0,1,69.0,16.0
19,160,p041,5,97.84,48.92,93.88888888888889,1.0,1.0,1,69.0,16.0
19,160,p041,6,100.0,53.32,93.6842105263158,1.0,1.0,1,74.0,16.0
19,160,p041,7,12.82,6.41,100.0,1.0,1.0,0,32.0,0.0
19,160,p041,8,100.0,56.029999999999994,13.68421052631579,0.0,0.0,1,76.0,16.0
19,160,p041,9,34.6,17.3,100.0,1.0,1.0,0,45.0,4.0
19,160,p041,10,100.0,51.55,13.88888888888889,0.0,0.0,1,70.0,16.0
19,160,p041,11,100.0,61.64,13.0,0.0,0.0,1,78.0,16.0
19,160,p041,12,98.0,49.0,93.88888888888889,1.0,1.0,1,70.0,16.0
19,160,p041,13,97.67999999999999,48.839999999999996,93.88888888888889,1.0,1.0,1,68.0,16.0
19,160,p041,14,43.4,21.7,98.75,1.0,1.0,1,50.0,4.0
19,160,p041,15,89.2,44.6,93.52941176470588,1.0,1.0,1,65.0,16.0
19,160,p042,0,29.18,14.59,17.5,0.0,0.0,1,23.0,1.0
19,160,p042,1,100.0,53.4,93.6842105263158,1.0,1.0,1,75.0,16.0
19,160,p042,2,100.0,61.87,13.0,0.0,0.0,1,79.0,16.0
19,160,p042,3,100.0,56.029999999999994,13.68421052631579,0.0,0.0,1,76.0,16.0
19,160,p042,4,100.0,53.56,93.6842105263158,1.0,1.0,1,77.0,16.0
19,160,p042,5,100.0,53.48,93.6842105263158,1.0,1.0,1,76.0,16.0
19,160,p042,6,57.16,28.58,97.27272727272728,1.0,1.0,1,61.0,8.0
19,160,p042,7,97.67999999999999,48.839999999999996,93.88888888888889,1.0,1.0,1,68.0,16.0
19,160,p042,8,98.16,49.08,93.88888888888889,1.0,1.0,1,71.0,16.0
19,160,p042,9,100.0,51.38999999999999,13.88888888888889,0.0,0.0,1,68.0,16.0
19,160,p042,10,97.54,48.77,93.88888888888889,1.0,1.0,1,69.0,16.0
19,160,p042,11,43.4,21.7,98.75,1.0,1.0,1,50.0,4.0
19,160,p042,12,100.0,53.4,93.6842105263158,1.0,1.0,1,75.0,16.0
19,160,p042,13,89.2,44.6,93.52941176470588,1.0,1.0,1,65.0,16.0
19,160,p042,14,32.58,16.29,98.33333333333333,1.0,1.0,0,43.0,2.0
19,160,p042,15,100.0,51.38999999999999,13.88888888888889,0.0,0.0,1,68.0,16.0
19,160,p043,0,100.0,51.47,13.88888888888889,0.0,0.0,1,69.0,16.0
19,160,p043,1,98.32,49.16,58.888888888888886,1.0,0.0,1,72.0,16.0
19,160,p043,2,93.97999999999999,46.989999999999995,13.529411764705882,0.0,0.0,1,63.0,16.0
19,160,p043,3,100.0,53.41,58.68421052631579,1.0,0.0,1,77.0,16.0
19,160,p043,4,100.0,53.56,58.68421052631579,1.0,0.0,1,77.0,16.0
19,160,p043,5,98.0,49.0,58.888888888888886,1.0,0.0,1,70.0,16.0
19,160,p043,6,98.0,49.0,58.888888888888886,1.0,0.0,1,70.0,16.0
19,160,p043,7,100.0,53.72,58.68421052631579,1.0,0.0,1,79.0,16.0
19,160,p043,8,100.0,51.55,13.88888888888889,0.0,0.0,1,70.0,16.0
19,160,p043,9,89.2,44.6,58.529411764705884,1.0,0.0,1,65.0,16.0
19,160,p043,10,14.68,7.34,100.0,1.0,1.0,0,33.0,2.0
19,160,p043,11,98.32,49.16,58.888888888888886,1.0,0.0,1,72.0,16.0
19,160,p043,12,100.0,53.72,58.68421052631579,1.0,0.0,1,79.0,16.0
19,160,p043,13,100.0,55.72,13.68421052631579,0.0,0.0,1,74.0,16.0
19,160,p043,14,98.16,49.08,58.888888888888886,1.0,0.0,1,71.0,16.0
19,160,p043,15,22.1,11.05,97.5,1.0,1.0,1,40.0,0.0
19,160,p044,0,98.32,49.16,58.888888888888886,1.0,0.0,1,72.0,16.0
19,160,p044,1,100.0,53.48,58.68421052631579,1.0,0.0,1,76.0,16.0
19,160,p044,2,100.0,53.48,58.68421052631579,1.0,0.0,1,76.0,16.0
19,160,p044,3,98.32,49.16,58.888888888888886,1.0,0.0,1,72.0,16.0
19,160,p044,4,100.0,51.47,13.88888888888889,0.0,0.0,1,69.0,16.0
19,160,p044,5,89.36,44.68,58.529411764705884,1.0,0.0,1,66.0,16.0
19,160,p044,6,98.16,49.08,58.888888888888886,1.0,0.0,1,71.0,16.0
19,160,p044,7,89.2,44.6,58.529411764705884,1.0,0.0,1,65.0,16.0
19,160,p044,8,98.0,49.0,58.888888888888886,1.0,0.0,1,70.0,16.0
19,160,p044,9,100.0,53.56,58.68421052631579,1.0,0.0,1,77.0,16.0
19,160,p044,10,29.8,14.9,17.5,0.0,0.0,1,25.0,1.0
19,160,p044,11,98.0,49.0,58.888888888888886,1.0,0.0,1,70.0,16.0
19,160,p044,12,97.86,48.93,58.888888888888886,1.0,0.0,1,71.0,16.0
19,160,p044,13,100.0,51.309999999999995,13.88888888888889,0.0,0.0,1,67.0,16.0
19,160,p044,14,98.0,49.0,58.888888888888886,1.0,0.0,1,70.0,16.0
19,160,p044,15,100.0,53.48,58.68421052631579,1.0,0.0,1,76.0,16.0
19,160,p045,0,100.0,51.239999999999995,13.88888888888889,0.0,0.0,1,68.0,16.0
19,160,p045,1,65.66,32.83,96.66666666666667,1.0,1.0,1,66.0,8.0
19,160,p045,2,100.0,53.48,58.68421052631579,1.0,0.0,1,76.0,16.0
19,160,p045,3,100.0,61.949999999999996,13.0,0.0,0.0,1,80.0,16.0
19,160,p045,4,57.16,28.58,97.27272727272728,1.0,1.0,1,61.0,8.0
19,160,p045,5,100.0,53.56,58.68421052631579,1.0,0.0,1,77.0,16.0
19,160,p045,6,98.47999999999999,49.239999999999995,58.888888888888886,1.0,0.0,1,73.0,16.0
19,160,p045,7,34.92,17.46,100.0,1.0,1.0,1,47.0,4.0
19,160,p045,8,98.32,49.16,58.888888888888886,1.0,0.0,1,72.0,16.0
19,160,p045,9,65.66,32.83,96.66666666666667,1.0,1.0,1,66.0,8.0
19,160,p045,10,100.0,53.72,58.68421052631579,1.0,0.0,1,79.0,16.0
19,160,p045,11,100.0,53.48,58.68421052631579,1.0,0.0,1,76.0,16.0
19,160,p045,12,100.0,53.41,58.68421052631579,1.0,0.0,1,77.0,16.0
19,160,p045,13,98.47999999999999,49.239999999999995,58.888888888888886,1.0,0.0,1,73.0,16.0
19,160,p045,14,98.0,49.0,58.888888888888886,1.0,0.0,1,70.0,16.0
19,160,p045,15,100.0,53.56,58.68421052631579,1.0,0.0,1,77.0,16.0
19,160,p046,0,100.0,51.38999999999999,13.88888888888889,0.0,0.0,1,68.0,16.0
19,160,p046,1,100.0,53.629999999999995,58.68421052631579,1.0,0.0,1,76.0,16.0
19,160,p046,2,100.0,53.79,58.68421052631579,1.0,0.0,1,78.0,16.0
19,160,p046,3,89.33999999999999,44.669999999999995,58.529411764705884,1.0,0.0,1,64.0,16.0
19,160,p046,4,98.3,49.15,58.888888888888886,1.0,0.0,1,70.0,16.0
19,160,p046,5,28.36,14.18,98.0,1.0,1.0,0,46.0,1.0
19,160,p046,6,100.0,53.79,58.68421052631579,1.0,0.0,1,78.0,16.0
19,160,p046,7,66.74000000000001,33.370000000000005,96.66666666666667,1.0,1.0,1,69.0,8.0
19,160,p046,8,100.0,53.87,58.68421052631579,1.0,0.0,1,79.0,16.0
19,160,p046,9,98.61999999999999,49.309999999999995,58.888888888888886,1.0,0.0,1,72.0,16.0
19,160,p046,10,100.0,53.87,58.68421052631579,1.0,0.0,1,79.0,16.0
19,160,p046,11,98.61999999999999,49.309999999999995,58.888888888888886,1.0,0.0,1,72.0,16.0
19,160,p046,12,36.980000000000004,18.490000000000002,20.0,0.0,0.0,1,28.0,4.0
19,160,p046,13,98.46,49.23,58.888888888888886,1.0,0.0,1,71.0,16.0
19,160,p046,14,100.0,55.78999999999999,13.68421052631579,0.0,0.0,1,73.0,16.0
19,160,p046,15,100.0,55.87,13.68421052631579,0.0,0.0,1,74.0,16.0
19,160,p047,0,98.78,49.39,58.888888888888886,1.0,0.0,1,73.0,16.0
19,160,p047,1,89.66,44.83,58.529411764705884,1.0,0.0,1,66.0,16.0
19,160,p047,2,100.0,53.79,58.68421052631579,1.0,0.0,1,78.0,16.0
19,160,p047,3,100.0,53.79,58.68421052631579,1.0,0.0,1,78.0,16.0
19,160,p047,4,98.78,49.39,58.888888888888886,1.0,0.0,1,73.0,16.0
19,160,p047,5,35.54,17.77,100.0,1.0,1.0,1,49.0,4.0
19,160,p047,6,89.82,44.91,58.529411764705884,1.0,0.0,1,67.0,16.0
19,160,p047,7,100.0,56.029999999999994,13.68421052631579,0.0,0.0,1,76.0,16.0
19,160,p047,8,89.82,44.91,58.529411764705884,1.0,0.0,1,67.0,16.0
19,160,p047,9,98.46,49.23,58.888888888888886,1.0,0.0,1,71.0,16.0
19,160,p047,10,89.66,44.83,58.529411764705884,1.0,0.0,1,66.0,16.0
19,160,p047,11,98.78,49.39,58.888888888888886,1.0,0.0,1,73.0,16.0
19,160,p047,12,100.0,51.309999999999995,13.88888888888889,0.0,0.0,1,67.0,16.0
19,160,p047,13,93.66,46.83,13.529411764705882,0.0,0.0,1,61.0,16.0
19,160,p047,14,89.2,44.6,58.529411764705884,1.0,0.0,1,65.0,16.0
19,160,p047,15,22.72,11.36,97.5,1.0,1.0,1,42.0,0.0
19,160,p048,0,89.2,44.6,58.529411764705884,1.0,0.0,1,65.0,16.0
19,160,p048,1,100.0,53.87,58.68421052631579,1.0,0.0,1,79.0,16.0
19,160,p048,2,100.0,53.79,58.68421052631579,1.0,0.0,1,78.0,16.0
19,160,p048,3,33.52,16.76,98.33333333333333,1.0,1.0,1,47.0,2.0
19,160,p048,4,100.0,61.79,13.0,0.0,0.0,1,78.0,16.0
19,160,p048,5,100.0,53.79,58.68421052631579,1.0,0.0,1,78.0,16.0
19,160,p048,6,100.0,53.56,58.68421052631579,1.0,0.0,1,77.0,16.0
19,160,p048,7,100.0,56.029999999999994,13.68421052631579,0.0,0.0,1,76.0,16.0
19,160,p048,8,98.78,49.39,58.888888888888886,1.0,0.0,1,73.0,16.0
19,160,p048,9,98.61999999999999,49.309999999999995,58.888888888888886,1.0,0.0,1,72.0,16.0
19,160,p048,10,15.62,7.81,100.0,1.0,1.0,0,37.0,2.0
19,160,p048,11,100.0,61.79,13.0,0.0,0.0,1,78.0,16.0
19,160,p048,12,100.0,51.55,13.88888888888889,0.0,0.0,1,70.0,16.0
19,160,p048,13,22.72,11.36,97.5,1.0,1.0,1,42.0,0.0
19,160,p048,14,100.0,55.72,13.68421052631579,0.0,0.0,1,74.0,16.0
19,160,p048,15,100.0,61.79,13.0,0.0,0.0,1,78.0,16.0
19,180,p037,0,97.84,48.92,58.888888888888886,1.0,0.0,1,69.0,16.0
19,180,p037,1,97.84,48.92,58.888888888888886,1.0,0.0,1,69.0,16.0
19,180,p037,2,100.0,55.87,13.68421052631579,0.0,0.0,1,74.0,16.0
19,180,p037,3,100.0,53.48,58.68421052631579,1.0,0.0,1,76.0,16.0
19,180,p037,4,100.0,55.949999999999996,13.68421052631579,0.0,0.0,1,75.0,16.0
19,180,p037,5,100.0,55.87,13.68421052631579,0.0,0.0,1,74.0,16.0
19,180,p037,6,100.0,53.4,58.68421052631579,1.0,0.0,1,75.0,16.0
19,180,p037,7,100.0,53.17,58.68421052631579,1.0,0.0,1,74.0,16.0
19,180,p037,8,100.0,53.4,58.68421052631579,1.0,0.0,1,75.0,16.0
19,180,p037,9,100.0,53.4,58.68421052631579,1.0,0.0,1,75.0,16.0
19,180,p037,10,100.0,53.4,58.68421052631579,1.0,0.0,1,75.0,16.0
19,180,p037,11,26.96,13.48,98.0,1.0,1.0,0,41.0,1.0
19,180,p037,12,100.0,51.239999999999995,13.88888888888889,0.0,0.0,1,68.0,16.0
19,180,p037,13,100.0,53.239999999999995,58.68421052631579,1.0,0.0,1,73.0,16.0
19,180,p037,14,94.13999999999999,47.06999999999999,13.529411764705882,0.0,0.0,1,64.0,16.0
19,180,p037,15,100.0,55.87,13.68421052631579,0.0,0.0,1,74.0,16.0
19,180,p038,0,100.0,53.239999999999995,58.68421052631579,1.0,0.0,1,73.0,16.0
19,180,p038,1,100.0,53.4,58.68421052631579,1.0,0.0,1,75.0,16.0
19,180,p038,2,97.38,48.69,58.888888888888886,1.0,0.0,1,68.0,16.0
19,180,p038,3,100.0,55.78999999999999,13.68421052631579,0.0,0.0,1,73.0,16.0
19,180,p038,4,100.0,51.309999999999995,13.88888888888889,0.0,0.0,1,67.0,16.0
19,180,p038,5,97.38,48.69,58.888888888888886,1.0,0.0,1,68.0,16.0
19,180,p038,6,100.0,53.4,58.68421052631579,1.0,0.0,1,75.0,16.0
19,180,p038,7,100.0,51.309999999999995,13.88888888888889,0.0,0.0,1,67.0,16.0
19,180,p038,8,100.0,53.4,58.68421052631579,1.0,0.0,1,75.0,16.0
19,180,p038,9,100.0,53.48,58.68421052631579,1.0,0.0,1,76.0,16.0
19,180,p038,10,100.0,53.48,58.68421052631579,1.0,0.0,1,76.0,16.0
19,180,p038,11,100.0,55.87,13.68421052631579,0.0,0.0,1,74.0,16.0
19,180,p038,12,100.0,55.949999999999996,13.68421052631579,0.0,0.0,1,75.0,16.0
19,180,p038,13,100.0,55.78999999999999,13.68421052631579,0.0,0.0,1,73.0,16.0
19,180,p038,14,33.22,16.61,98.33333333333333,1.0,1.0,1,47.0,2.0
19,180,p038,15,100.0,51.47,13.88888888888889,0.0,0.0,1,69.0,16.0
19,180,p039,0,88.88,44.44,58.529411764705884,1.0,0.0,1,63.0,16.0
19,180,p039,1,97.52,48.76,58.888888888888886,1.0,0.0,1,67.0,16.0
19,180,p039,2,100.0,53.48,58.68421052631579,1.0,0.0,1,76.0,16.0
19,180,p039,3,100.0,56.029999999999994,13.68421052631579,0.0,0.0,1,76.0,16.0
19,180,p039,4,100.0,53.239999999999995,58.68421052631579,1.0,0.0,1,73.0,16.0
19,180,p039,5,97.84,48.92,58.888888888888886,1.0,0.0,1,69.0,16.0
19,180,p039,6,47.900000000000006,23.950000000000003,97.0,1.0,1.0,1,55.0,8.0
19,180,p039,7,100.0,61.709999999999994,13.0,0.0,0.0,1,77.0,16.0
19,180,p039,8,100.0,61.709999999999994,13.0,0.0,0.0,1,77.0,16.0
19,180,p039,9,100.0,53.32,58.68421052631579,1.0,0.0,1,74.0,16.0
19,180,p039,10,100.0,55.949999999999996,13.68421052631579,0.0,0.0,1,75.0,16.0
19,180,p039,11,37.28,18.64,20.0,0.0,0.0,1,28.0,4.0
19,180,p039,12,100.0,55.949999999999996,13.68421052631579,0.0,0.0,1,75.0,16.0
19,180,p039,13,100.0,51.55,13.88888888888889,0.0,0.0,1,70.0,16.0
19,180,p039,14,100.0,55.72,13.68421052631579,0.0,0.0,1,74.0,16.0
19,180,p039,15,98.0,49.0,58.888888888888886,1.0,0.0,1,70.0,16.0
19,180,p040,0,100.0,53.4,93.6842105263158,1.0,1.0,1,75.0,16.0
19,180,p040,1,100.0,51.38999999999999,13.88888888888889,0.0,0.0,1,68.0,16.0
19,180,p040,2,98.0,49.0,93.88888888888889,1.0,1.0,1,70.0,16.0
19,180,p040,3,100.0,53.48,93.6842105263158,1.0,1.0,1,76.0,16.0
19,180,p040,4,100.0,51.55,13.88888888888889,0.0,0.0,1,70.0,16.0
19,180,p040,5,100.0,53.4,93.6842105263158,1.0,1.0,1,75.0,16.0
19,180,p040,6,100.0,55.78999999999999,13.68421052631579,0.0,0.0,1,73.0,16.0
19,180,p040,7,98.0,49.0,93.88888888888889,1.0,1.0,1,70.0,16.0
19,180,p040,8,100.0,55.78999999999999,13.68421052631579,0.0,0.0,1,73.0,16.0
19,180,p040,9,100.0,55.78999999999999,13.68421052631579,0.0,0.0,1,73.0,16.0
19,180,p040,10,98.0,49.0,93.88888888888889,1.0,1.0,1,70.0,16.0
19,180,p040,11,100.0,53.48,93.6842105263158,1.0,1.0,1,76.0,16.0
19,180,p040,12,100.0,51.47,13.88888888888889,0.0,0.0,1,69.0,16.0
19,180,p040,13,100.0,53.56,93.6842105263158,1.0,1.0,1,77.0,16.0
19,180,p040,14,100.0,51.38999999999999,13.88888888888889,0.0,0.0,1,68.0,16.0
19,180,p040,15,97.67999999999999,48.839999999999996,93.88888888888889,1.0,1.0,1,68.0,16.0
19,180,p041,0,100.0,51.38999999999999,13.88888888888889,0.0,0.0,1,68.0,16.0
19,180,p041,1,100.0,53.32,93.6842105263158,1.0,1.0,1,74.0,16.0
19,180,p041,2,98.16,49.08,93.88888888888889,1.0,1.0,1,71.0,16.0
19,180,p041,3,100.0,61.949999999999996,13.0,0.0,0.0,1,80.0,16.0
19,180,p041,4,97.54,48.77,93.88888888888889,1.0,1.0,1,69.0,16.0
19,180,p041,5,97.84,48.92,93.88888888888889,1.0,1.0,1,69.0,16.0
19,180,p041,6,100.0,53.32,93.6842105263158,1.0,1.0,1,74.0,16.0
19,180,p041,7,18.14,9.07,100.0,1.0,1.0,0,34.0,1.0
19,180,p041,8,100.0,56.029999999999994,13.68421052631579,0.0,0.0,1,76.0,16.0
19,180,p041,9,98.16,49.08,93.88888888888889,1.0,1.0,1,71.0,16.0
19,180,p041,10,100.0,51.55,13.88888888888889,0.0,0.0,1,70.0,16.0
19,180,p041,11,100.0,61.64,13.0,0.0,0.0,1,78.0,16.0
19,180,p041,12,98.0,49.0,93.88888888888889,1.0,1.0,1,70.0,16.0
19,180,p041,13,97.67999999999999,48.839999999999996,93.88888888888889,1.0,1.0,1,68.0,16.0
19,180,p041,14,100.0,53.4,93.6842105263158,1.0,1.0,1,75.0,16.0
19,180,p041,15,89.2,44.6,93.52941176470588,1.0,1.0,1,65.0,16.0
19,180,p042,0,34.82,17.41,18.0,0.0,0.0,0,27.0,2.0
19,180,p042,1,100.0,53.4,93.6842105263158,1.0,1.0,1,75.0,16.0
19,180,p042,2,100.0,61.87,13.0,0.0,0.0,1,79.0,16.0
19,180,p042,3,100.0,56.029999999999994,13.68421052631579,0.0,0.0,1,76.0,16.0
19,180,p042,4,100.0,53.56,93.6842105263158,1.0,1.0,1,77.0,16.0
19,180,p042,5,100.0,53.48,93.6842105263158,1.0,1.0,1,76.0,16.0
19,180,p042,6,100.0,53.48,93.6842105263158,1.0,1.0,1,76.0,16.0
19,180,p042,7,97.67999999999999,48.839999999999996,93.88888888888889,1.0,1.0,1,68.0,16.0
19,180,p042,8,100.0,53.56,93.6842105263158,1.0,1.0,1,77.0,16.0
19,180,p042,9,100.0,51.38999999999999,13.88888888888889,0.0,0.0,1,68.0,16.0
19,180,p042,10,97.54,48.77,93.88888888888889,1.0,1.0,1,69.0,16.0
19,180,p042,11,100.0,53.4,93.6842105263158,1.0,1.0,1,75.0,16.0
19,180,p042,12,100.0,53.4,93.6842105263158,1.0,1.0,1,75.0,16.0
19,180,p042,13,89.2,44.6,93.52941176470588,1.0,1.0,1,65.0,16.0
19,180,p042,14,65.18,32.59,96.66666666666667,1.0,1.0,1,63.0,8.0
19,180,p042,15,100.0,51.38999999999999,13.88888888888889,0.0,0.0,1,68.0,16.0
19,180,p043,0,100.0,55.949999999999996,13.68421052631579,0.0,0.0,1,75.0,16.0
19,180,p043,1,98.32,49.16,58.888888888888886,1.0,0.0,1,72.0,16.0
19,180,p043,2,93.97999999999999,46.989999999999995,13.529411764705882,0.0,0.0,1,63.0,16.0
19,180,p043,3,100.0,55.72,13.68421052631579,0.0,0.0,1,74.0,16.0
19,180,p043,4,100.0,53.56,58.68421052631579,1.0,0.0,1,77.0,16.0
19,180,p043,5,100.0,53.48,58.68421052631579,1.0,0.0,1,76.0,16.0
19,180,p043,6,98.0,49.0,58.888888888888886,1.0,0.0,1,70.0,16.0
19,180,p043,7,100.0,56.029999999999994,13.68421052631579,0.0,0.0,1,76.0,16.0
19,180,p043,8,100.0,51.55,13.88888888888889,0.0,0.0,1,70.0,16.0
19,180,p043,9,89.2,44.6,58.529411764705884,1.0,0.0,1,65.0,16.0
19,180,p043,10,47.74,23.87,97.0,1.0,1.0,1,54.0,8.0
19,180,p043,11,98.32,49.16,58.888888888888886,1.0,0.0,1,72.0,16.0
19,180,p043,12,100.0,53.72,58.68421052631579,1.0,0.0,1,79.0,16.0
19,180,p043,13,100.0,55.72,13.68421052631579,0.0,0.0,1,74.0,16.0
19,180,p043,14,100.0,51.38999999999999,13.88888888888889,0.0,0.0,1,68.0,16.0
19,180,p043,15,22.1,11.05,97.5,1.0,1.0,1,40.0,0.0
19,180,p044,0,98.32,49.16,58.888888888888886,1.0,0.0,1,72.0,16.0
19,180,p044,1,100.0,53.48,58.68421052631579,1.0,0.0,1,76.0,16.0
19,180,p044,2,100.0,53.48,58.68421052631579,1.0,0.0,1,76.0,16.0
19,180,p044,3,100.0,51.47,13.88888888888889,0.0,0.0,1,69.0,16.0
19,180,p044,4,100.0,51.47,13.88888888888889,0.0,0.0,1,69.0,16.0
19,180,p044,5,89.36,44.68,58.529411764705884,1.0,0.0,1,66.0,16.0
19,180,p044,6,98.16,49.08,58.888888888888886,1.0,0.0,1,71.0,16.0
19,180,p044,7,89.2,44.6,58.529411764705884,1.0,0.0,1,65.0,16.0
19,180,p044,8,98.0,49.0,58.888888888888886,1.0,0.0,1,70.0,16.0
19,180,p044,9,100.0,53.56,58.68421052631579,1.0,0.0,1,77.0,16.0
19,180,p044,10,29.8,14.9,17.5,0.0,0.0,1,25.0,1.0
19,180,p044,11,98.0,49.0,58.888888888888886,1.0,0.0,1,70.0,16.0
19,180,p044,12,100.0,51.239999999999995,13.88888888888889,0.0,0.0,1,68.0,16.0
19,180,p044,13,100.0,51.309999999999995,13.88888888888889,0.0,0.0,1,67.0,16.0
19,180,p044,14,98.0,49.0,58.888888888888886,1.0,0.0,1,70.0,16.0
19,180,p044,15,100.0,53.48,58.68421052631579,1.0,0.0,1,76.0,16.0
19,180,p045,0,100.0,51.239999999999995,13.88888888888889,0.0,0.0,1,68.0,16.0
19,180,p045,1,100.0,55.78999999999999,13.68421052631579,0.0,0.0,1,73.0,16.0
19,180,p045,2,100.0,53.48,58.68421052631579,1.0,0.0,1,76.0,16.0
19,180,p045,3,100.0,61.949999999999996,13.0,0.0,0.0,1,80.0,16.0
19,180,p045,4,98.47999999999999,49.239999999999995,58.888888888888886,1.0,0.0,1,73.0,16.0
19,180,p045,5,100.0,55.87,13.68421052631579,0.0,0.0,1,74.0,16.0
19,180,p045,6,98.47999999999999,49.239999999999995,58.888888888888886,1.0,0.0,1,73.0,16.0
19,180,p045,7,98.47999999999999,49.239999999999995,58.888888888888886,1.0,0.0,1,73.0,16.0
19,180,p045,8,100.0,51.47,13.88888888888889,0.0,0.0,1,69.0,16.0
19,180,p045,9,100.0,53.48,58.68421052631579,1.0,0.0,1,76.0,16.0
19,180,p045,10,100.0,53.72,58.68421052631579,1.0,0.0,1,79.0,16.0
19,180,p045,11,100.0,53.48,58.68421052631579,1.0,0.0,1,76.0,16.0
19,180,p045,12,100.0,55.72,13.68421052631579,0.0,0.0,1,74.0,16.0
19,180,p045,13,98.47999999999999,49.239999999999995,58.888888888888886,1.0,0.0,1,73.0,16.0
19,180,p045,14,98.0,49.0,58.888888888888886,1.0,0.0,1,70.0,16.0
19,180,p045,15,100.0,53.56,58.68421052631579,1.0,0.0,1,77.0,16.0
19,180,p046,0,100.0,51.38999999999999,13.88888888888889,0.0,0.0,1,68.0,16.0
19,180,p046,1,100.0,53.629999999999995,58.68421052631579,1.0,0.0,1,76.0,16.0
19,180,p046,2,100.0,53.79,58.68421052631579,1.0,0.0,1,78.0,16.0
19,180,p046,3,89.33999999999999,44.669999999999995,58.529411764705884,1.0,0.0,1,64.0,16.0
19,180,p046,4,100.0,53.629999999999995,58.68421052631579,1.0,0.0,1,76.0,16.0
19,180,p046,5,28.36,14.18,98.0,1.0,1.0,0,46.0,1.0
19,180,p046,6,100.0,53.79,58.68421052631579,1.0,0.0,1,78.0,16.0
19,180,p046,7,100.0,53.87,58.68421052631579,1.0,0.0,1,79.0,16.0
19,180,p046,8,100.0,53.87,58.68421052631579,1.0,0.0,1,79.0,16.0
19,180,p046,9,98.61999999999999,49.309999999999995,58.888888888888886,1.0,0.0,1,72.0,16.0
19,180,p046,10,100.0,53.87,58.68421052631579,1.0,0.0,1,79.0,16.0
19,180,p046,11,98.61999999999999,49.309999999999995,58.888888888888886,1.0,0.0,1,72.0,16.0
19,180,p046,12,100.0,51.309999999999995,13.88888888888889,0.0,0.0,1,67.0,16.0
19,180,p046,13,98.46,49.23,58.888888888888886,1.0,0.0,1,71.0,16.0
19,180,p046,14,100.0,55.78999999999999,13.68421052631579,0.0,0.0,1,73.0,16.0
19,180,p046,15,100.0,55.87,13.68421052631579,0.0,0.0,1,74.0,16.0
19,180,p047,0,98.78,49.39,58.888888888888886,1.0,0.0,1,73.0,16.0
19,180,p047,1,98.61999999999999,49.309999999999995,58.888888888888886,1.0,0.0,1,72.0,16.0
19,180,p047,2,100.0,53.79,58.68421052631579,1.0,0.0,1,78.0,16.0
19,180,p047,3,100.0,53.79,58.68421052631579,1.0,0.0,1,78.0,16.0
19,180,p047,4,100.0,53.87,58.68421052631579,1.0,0.0,1,79.0,16.0
19,180,p047,5,100.0,53.87,58.68421052631579,1.0,0.0,1,79.0,16.0
19,180,p047,6,100.0,51.55,13.88888888888889,0.0,0.0,1,70.0,16.0
19,180,p047,7,100.0,56.029999999999994,13.68421052631579,0.0,0.0,1,76.0,16.0
19,180,p047,8,89.82,44.91,58.529411764705884,1.0,0.0,1,67.0,16.0
19,180,p047,9,98.46,49.23,58.888888888888886,1.0,0.0,1,71.0,16.0
19,180,p047,10,89.66,44.83,58.529411764705884,1.0,0.0,1,66.0,16.0
19,180,p047,11,98.78,49.39,58.888888888888886,1.0,0.0,1,73.0,16.0
19,180,p047,12,100.0,51.309999999999995,13.88888888888889,0.0,0.0,1,67.0,16.0
19,180,p047,13,93.66,46.83,13.529411764705882,0.0,0.0,1,61.0,16.0
19,180,p047,14,89.2,44.6,58.529411764705884,1.0,0.0,1,65.0,16.0
19,180,p047,15,28.52,14.26,98.0,1.0,1.0,1,47.0,1.0
19,180,p048,0,89.2,44.6,58.529411764705884,1.0,0.0,1,65.0,16.0
19,180,p048,1,100.0,53.87,58.68421052631579,1.0,0.0,1,79.0,16.0
19,180,p048,2,100.0,53.79,58.68421052631579,1.0,0.0,1,78.0,16.0
19,180,p048,3,66.12,33.06,96.66666666666667,1.0,1.0,1,67.0,8.0
19,180,p048,4,100.0,61.79,13.0,0.0,0.0,1,78.0,16.0
19,180,p048,5,100.0,53.79,58.68421052631579,1.0,0.0,1,78.0,16.0
19,180,p048,6,100.0,53.56,58.68421052631579,1.0,0.0,1,77.0,16.0
19,180,p048,7,100.0,56.029999999999994,13.68421052631579,0.0,0.0,1,76.0,16.0
19,180,p048,8,98.78,49.39,58.888888888888886,1.0,0.0,1,73.0,16.0
19,180,p048,9,100.0,53.79,58.68421052631579,1.0,0.0,1,78.0,16.0
19,180,p048,10,28.18,14.09,20.0,0.0,0.0,1,23.0,4.0
19,180,p048,11,100.0,61.79,13.0,0.0,0.0,1,78.0,16.0
19,180,p048,12,100.0,51.55,13.88888888888889,0.0,0.0,1,70.0,16.0
19,180,p048,13,28.04,14.02,98.0,1.0,1.0,0,44.0,1.0
19,180,p048,14,100.0,55.72,13.68421052631579,0.0,0.0,1,74.0,16.0
19,180,p048,15,100.0,61.79,13.0,0.0,0.0,1,78.0,16.0
19,200,p037,0,97.84,48.92,58.888888888888886,1.0,0.0,1,69.0,16.0
19,200,p037,1,97.84,48.92,58.888888888888886,1.0,0.0,1,69.0,16.0
19,200,p037,2,100.0,55.87,13.68421052631579,0.0,0.0,1,74.0,16.0
19,200,p037,3,100.0,53.48,58.68421052631579,1.0,0.0,1,76.0,16.0
19,200,p037,4,100.0,55.949999999999996,13.68421052631579,0.0,0.0,1,75.0,16.0
19,200,p037,5,100.0,55.87,13.68421052631579,0.0,0.0,1,74.0,16.0
19,200,p037,6,100.0,53.4,58.68421052631579,1.0,0.0,1,75.0,16.0
19,200,p037,7,100.0,53.17,58.68421052631579,1.0,0.0,1,74.0,16.0
19,200,p037,8,100.0,55.949999999999996,13.68421052631579,0.0,0.0,1,75.0,16.0
19,200,p037,9,100.0,53.4,58.68421052631579,1.0,0.0,1,75.0,16.0
19,200,p037,10,100.0,53.4,58.68421052631579,1.0,0.0,1,75.0,16.0
19,200,p037,11,34.82,17.41,18.0,0.0,0.0,0,27.0,2.0
19,200,p037,12,100.0,51.239999999999995,13.88888888888889,0.0,0.0,1,68.0,16.0
19,200,p037,13,100.0,53.239999999999995,58.68421052631579,1.0,0.0,1,73.0,16.0
19,200,p037,14,94.13999999999999,47.06999999999999,13.529411764705882,0.0,0.0,1,64.0,16.0
19,200,p037,15,100.0,55.87,13.68421052631579,0.0,0.0,1,74.0,16.0
19,200,p038,0,100.0,53.239999999999995,58.68421052631579,1.0,0.0,1,73.0,16.0
19,200,p038,1,100.0,53.4,58.68421052631579,1.0,0.0,1,75.0,16.0
19,200,p038,2,97.38,48.69,58.888888888888886,1.0,0.0,1,68.0,16.0
19,200,p038,3,100.0,55.78999999999999,13.68421052631579,0.0,0.0,1,73.0,16.0
19,200,p038,4,100.0,51.309999999999995,13.88888888888889,0.0,0.0,1,67.0,16.0
19,200,p038,5,97.38,48.69,58.888888888888886,1.0,0.0,1,68.0,16.0
19,200,p038,6,100.0,53.4,58.68421052631579,1.0,0.0,1,75.0,16.0
19,200,p038,7,100.0,55.78999999999999,13.68421052631579,0.0,0.0,1,73.0,16.0
19,200,p038,8,100.0,53.4,58.68421052631579,1.0,0.0,1,75.0,16.0
19,200,p038,9,100.0,53.48,58.68421052631579,1.0,0.0,1,76.0,16.0
19,200,p038,10,100.0,53.48,58.68421052631579,1.0,0.0,1,76.0,16.0
19,200,p038,11,100.0,55.87,13.68421052631579,0.0,0.0,1,74.0,16.0
19,200,p038,12,100.0,55.949999999999996,13.68421052631579,0.0,0.0,1,75.0,16.0
19,200,p038,13,100.0,55.78999999999999,13.68421052631579,0.0,0.0,1,73.0,16.0
19,200,p038,14,44.02,22.01,98.75,1.0,1.0,1,52.0,4.0
19,200,p038,15,100.0,51.47,13.88888888888889,0.0,0.0,1,69.0,16.0
19,200,p039,0,88.88,44.44,58.529411764705884,1.0,0.0,1,63.0,16.0
19,200,p039,1,97.52,48.76,58.888888888888886,1.0,0.0,1,67.0,16.0
19,200,p039,2,100.0,53.48,58.68421052631579,1.0,0.0,1,76.0,16.0
19,200,p039,3,100.0,56.029999999999994,13.68421052631579,0.0,0.0,1,76.0,16.0
19,200,p039,4,100.0,53.239999999999995,58.68421052631579,1.0,0.0,1,73.0,16.0
19,200,p039,5,100.0,53.4,58.68421052631579,1.0,0.0,1,75.0,16.0
19,200,p039,6,91.3,45.65,93.88888888888889,1.0,1.0,1,80.0,16.0
19,200,p039,7,100.0,61.709999999999994,13.0,0.0,0.0,1,77.0,16.0
19,200,p039,8,100.0,61.709999999999994,13.0,0.0,0.0,1,77.0,16.0
19,200,p039,9,100.0,53.32,58.68421052631579,1.0,0.0,1,74.0,16.0
19,200,p039,10,100.0,55.949999999999996,13.68421052631579,0.0,0.0,1,75.0,16.0
19,200,p039,11,100.0,51.47,13.88888888888889,0.0,0.0,1,69.0,16.0
19,200,p039,12,100.0,55.949999999999996,13.68421052631579,0.0,0.0,1,75.0,16.0
19,200,p039,13,100.0,51.55,13.88888888888889,0.0,0.0,1,70.0,16.0
19,200,p039,14,100.0,55.72,13.68421052631579,0.0,0.0,1,74.0,16.0
19,200,p039,15,98.0,49.0,58.888888888888886,1.0,0.0,1,70.0,16.0
19,200,p040,0,100.0,53.4,93.6842105263158,1.0,1.0,1,75.0,16.0
19,200,p040,1,100.0,51.38999999999999,13.88888888888889,0.0,0.0,1,68.0,16.0
19,200,p040,2,98.0,49.0,93.88888888888889,1.0,1.0,1,70.0,16.0
19,200,p040,3,100.0,53.48,93.6842105263158,1.0,1.0,1,76.0,16.0
19,200,p040,4,100.0,51.55,13.88888888888889,0.0,0.0,1,70.0,16.0
19,200,p040,5,100.0,53.4,93.6842105263158,1.0,1.0,1,75.0,16.0
19,200,p040,6,100.0,55.78999999999999,13.68421052631579,0.0,0.0,1,73.0,16.0
19,200,p040,7,98.0,49.0,93.88888888888889,1.0,1.0,1,70.0,16.0
19,200,p040,8,100.0,55.78999999999999,13.68421052631579,0.0,0.0,1,73.0,16.0
19,200,p040,9,100.0,55.78999999999999,13.68421052631579,0.0,0.0,1,73.0,16.0
19,200,p040,10,98.0,49.0,93.88888888888889,1.0,1.0,1,70.0,16.0
19,200,p040,11,100.0,53.48,93.6842105263158,1.0,1.0,1,76.0,16.0
19,200,p040,12,100.0,51.47,13.88888888888889,0.0,0.0,1,69.0,16.0
19,200,p040,13,100.0,53.56,93.6842105263158,1.0,1.0,1,77.0,16.0
19,200,p040,14,100.0,55.87,13.68421052631579,0.0,0.0,1,74.0,16.0
19,200,p040,15,100.0,51.309999999999995,13.88888888888889,0.0,0.0,1,67.0,16.0
19,200,p041,0,100.0,51.38999999999999,13.88888888888889,0.0,0.0,1,68.0,16.0
19,200,p041,1,100.0,53.32,93.6842105263158,1.0,1.0,1,74.0,16.0
19,200,p041,2,98.16,49.08,93.88888888888889,1.0,1.0,1,71.0,16.0
19,200,p041,3,100.0,61.949999999999996,13.0,0.0,0.0,1,80.0,16.0
19,200,p041,4,97.54,48.77,93.88888888888889,1.0,1.0,1,69.0,16.0
19,200,p041,5,97.84,48.92,93.88888888888889,1.0,1.0,1,69.0,16.0
19,200,p041,6,100.0,53.32,93.6842105263158,1.0,1.0,1,74.0,16.0
19,200,p041,7,25.54,12.77,20.0,0.0,0.0,0,19.0,2.0
19,200,p041,8,100.0,56.029999999999994,13.68421052631579,0.0,0.0,1,76.0,16.0
19,200,p041,9,98.16,49.08,93.88888888888889,1.0,1.0,1,71.0,16.0
19,200,p041,10,100.0,51.55,13.88888888888889,0.0,0.0,1,70.0,16.0
19,200,p041,11,100.0,61.64,13.0,0.0,0.0,1,78.0,16.0
19,200,p041,12,100.0,53.48,93.6842105263158,1.0,1.0,1,76.0,16.0
19,200,p041,13,97.67999999999999,48.839999999999996,93.88888888888889,1.0,1.0,1,68.0,16.0
19,200,p041,14,100.0,53.4,93.6842105263158,1.0,1.0,1,75.0,16.0
19,200,p041,15,98.16,49.08,93.88888888888889,1.0,1.0,1,71.0,16.0
19,200,p042,0,46.1,23.05,18.57142857142857,0.0,0.0,0,35.0,4.0
19,200,p042,1,100.0,53.4,93.6842105263158,1.0,1.0,1,75.0,16.0
19,200,p042,2,100.0,61.87,13.0,0.0,0.0,1,79.0,16.0
19,200,p042,3,100.0,56.029999999999994,13.68421052631579,0.0,0.0,1,76.0,16.0
19,200,p042,4,100.0,53.56,93.6842105263158,1.0,1.0,1,77.0,16.0
19,200,p042,5,100.0,53.48,93.6842105263158,1.0,1.0,1,76.0,16.0
19,200,p042,6,100.0,53.48,93.6842105263158,1.0,1.0,1,76.0,16.0
19,200,p042,7,97.67999999999999,48.839999999999996,93.88888888888889,1.0,1.0,1,68.0,16.0
19,200,p042,8,100.0,53.56,93.6842105263158,1.0,1.0,1,77.0,16.0
19,200,p042,9,100.0,51.38999999999999,13.88888888888889,0.0,0.0,1,68.0,16.0
19,200,p042,10,100.0,53.25,93.6842105263158,1.0,1.0,1,75.0,16.0
19,200,p042,11,100.0,53.4,93.6842105263158,1.0,1.0,1,75.0,16.0
19,200,p042,12,100.0,53.4,93.6842105263158,1.0,1.0,1,75.0,16.0
19,200,p042,13,89.2,44.6,93.52941176470588,1.0,1.0,1,65.0,16.0
19,200,p042,14,100.0,53.4,93.6842105263158,1.0,1.0,1,75.0,16.0
19,200,p042,15,100.0,55.87,13.68421052631579,0.0,0.0,1,74.0,16.0
19,200,p043,0,100.0,55.949999999999996,13.68421052631579,0.0,0.0,1,75.0,16.0
19,200,p043,1,98.32,49.16,58.888888888888886,1.0,0.0,1,72.0,16.0
19,200,p043,2,93.97999999999999,46.989999999999995,13.529411764705882,0.0,0.0,1,63.0,16.0
19,200,p043,3,100.0,55.72,13.68421052631579,0.0,0.0,1,74.0,16.0
19,200,p043,4,100.0,53.56,58.68421052631579,1.0,0.0,1,77.0,16.0
19,200,p043,5,100.0,53.48,58.68421052631579,1.0,0.0,1,76.0,16.0
19,200,p043,6,98.0,49.0,58.888888888888886,1.0,0.0,1,70.0,16.0
19,200,p043,7,100.0,56.029999999999994,13.68421052631579,0.0,0.0,1,76.0,16.0
19,200,p043,8,100.0,51.55,13.88888888888889,0.0,0.0,1,70.0,16.0
19,200,p043,9,89.2,44.6,58.529411764705884,1.0,0.0,1,65.0,16.0
19,200,p043,10,89.03999999999999,44.519999999999996,58.529411764705884,1.0,0.0,1,64.0,16.0
19,200,p043,11,100.0,53.64,58.68421052631579,1.0,0.0,1,78.0,16.0
19,200,p043,12,100.0,53.72,58.68421052631579,1.0,0.0,1,79.0,16.0
19,200,p043,13,100.0,55.72,13.68421052631579,0.0,0.0,1,74.0,16.0
19,200,p043,14,100.0,51.38999999999999,13.88888888888889,0.0,0.0,1,68.0,16.0
19,200,p043,15,22.1,11.05,97.5,1.0,1.0,1,40.0,0.0
19,200,p044,0,98.32,49.16,58.888888888888886,1.0,0.0,1,72.0,16.0
19,200,p044,1,100.0,53.48,58.68421052631579,1.0,0.0,1,76.0,16.0
19,200,p044,2,100.0,53.48,58.68421052631579,1.0,0.0,1,76.0,16.0
19,200,p044,3,100.0,55.949999999999996,13.68421052631579,0.0,0.0,1,75.0,16.0
19,200,p044,4,100.0,51.47,13.88888888888889,0.0,0.0,1,69.0,16.0
19,200,p044,5,89.36,44.68,58.529411764705884,1.0,0.0,1,66.0,16.0
19,200,p044,6,98.16,49.08,58.888888888888886,1.0,0.0,1,71.0,16.0
19,200,p044,7,89.2,44.6,58.529411764705884,1.0,0.0,1,65.0,16.0
19,200,p044,8,98.0,49.0,58.888888888888886,1.0,0.0,1,70.0,16.0
19,200,p044,9,100.0,53.56,58.68421052631579,1.0,0.0,1,77.0,16.0
19,200,p044,10,35.28,17.64,18.0,0.0,0.0,0,28.0,2.0
19,200,p044,11,98.0,49.0,58.888888888888886,1.0,0.0,1,70.0,16.0
19,200,p044,12,100.0,55.72,13.68421052631579,0.0,0.0,1,74.0,16.0
19,200,p044,13,100.0,55.78999999999999,13.68421052631579,0.0,0.0,1,73.0,16.0
19,200,p044,14,98.0,49.0,58.888888888888886,1.0,0.0,1,70.0,16.0
19,200,p044,15,100.0,53.48,58.68421052631579,1.0,0.0,1,76.0,16.0
19,200,p045,0,100.0,55.72,13.68421052631579,0.0,0.0,1,74.0,16.0
19,200,p045,1,100.0,55.78999999999999,13.68421052631579,0.0,0.0,1,73.0,16.0
19,200,p045,2,100.0,53.48,58.68421052631579,1.0,0.0,1,76.0,16.0
19,200,p045,3,100.0,61.949999999999996,13.0,0.0,0.0,1,80.0,16.0
19,200,p045,4,98.47999999999999,49.239999999999995,58.888888888888886,1.0,0.0,1,73.0,16.0
19,200,p045,5,100.0,55.87,13.68421052631579,0.0,0.0,1,74.0,16.0
19,200,p045,6,98.47999999999999,49.239999999999995,58.888888888888886,1.0,0.0,1,73.0,16.0
19,200,p045,7,100.0,53.72,58.68421052631579,1.0,0.0,1,79.0,16.0
19,200,p045,8,100.0,51.47,13.88888888888889,0.0,0.0,1,69.0,16.0
19,200,p045,9,100.0,53.48,58.68421052631579,1.0,0.0,1,76.0,16.0
19,200,p045,10,100.0,53.72,58.68421052631579,1.0,0.0,1,79.0,16.0
19,200,p045,11,100.0,53.48,58.68421052631579,1.0,0.0,1,76.0,16.0
19,200,p045,12,100.0,55.72,13.68421052631579,0.0,0.0,1,74.0,16.0
19,200,p045,13,98.47999999999999,49.239999999999995,58.888888888888886,1.0,0.0,1,73.0,16.0
19,200,p045,14,98.0,49.0,58.888888888888886,1.0,0.0,1,70.0,16.0
19,200,p045,15,100.0,53.56,58.68421052631579,1.0,0.0,1,77.0,16.0
19,200,p046,0,100.0,55.87,13.68421052631579,0.0,0.0,1,74.0,16.0
19,200,p046,1,100.0,53.629999999999995,58.68421052631579,1.0,0.0,1,76.0,16.0
19,200,p046,2,100.0,61.87,13.0,0.0,0.0,1,79.0,16.0
19,200,p046,3,89.33999999999999,44.669999999999995,58.529411764705884,1.0,0.0,1,64.0,16.0
19,200,p046,4,100.0,53.629999999999995,58.68421052631579,1.0,0.0,1,76.0,16.0
19,200,p046,5,34.16,17.08,98.33333333333333,1.0,1.0,1,51.0,2.0
19,200,p046,6,100.0,55.949999999999996,13.68421052631579,0.0,0.0,1,75.0,16.0
19,200,p046,7,100.0,53.87,58.68421052631579,1.0,0.0,1,79.0,16.0
19,200,p046,8,100.0,53.87,58.68421052631579,1.0,0.0,1,79.0,16.0
19,200,p046,9,98.61999999999999,49.309999999999995,58.888888888888886,1.0,0.0,1,72.0,16.0
19,200,p046,10,100.0,53.87,58.68421052631579,1.0,0.0,1,79.0,16.0
19,200,p046,11,100.0,51.47,13.88888888888889,0.0,0.0,1,69.0,16.0
19,200,p046,12,100.0,51.309999999999995,13.88888888888889,0.0,0.0,1,67.0,16.0
19,200,p046,13,100.0,53.709999999999994,58.68421052631579,1.0,0.0,1,77.0,16.0
19,200,p046,14,100.0,55.78999999999999,13.68421052631579,0.0,0.0,1,73.0,16.0
19,200,p046,15,100.0,55.87,13.68421052631579,0.0,0.0,1,74.0,16.0
19,200,p047,0,100.0,53.87,58.68421052631579,1.0,0.0,1,79.0,16.0
19,200,p047,1,98.61999999999999,49.309999999999995,58.888888888888886,1.0,0.0,1,72.0,16.0
19,200,p047,2,100.0,53.79,58.68421052631579,1.0,0.0,1,78.0,16.0
19,200,p047,3,100.0,53.79,58.68421052631579,1.0,0.0,1,78.0,16.0
19,200,p047,4,100.0,53.87,58.68421052631579,1.0,0.0,1,79.0,16.0
19,200,p047,5,100.0,53.87,58.68421052631579,1.0,0.0,1,79.0,16.0
19,200,p047,6,100.0,51.55,13.88888888888889,0.0,0.0,1,70.0,16.0
19,200,p047,7,100.0,56.029999999999994,13.68421052631579,0.0,0.0,1,76.0,16.0
19,200,p047,8,89.82,44.91,58.529411764705884,1.0,0.0,1,67.0,16.0
19,200,p047,9,98.46,49.23,58.888888888888886,1.0,0.0,1,71.0,16.0
19,200,p047,10,89.66,44.83,58.529411764705884,1.0,0.0,1,66.0,16.0
19,200,p047,11,98.78,49.39,58.888888888888886,1.0,0.0,1,73.0,16.0
19,200,p047,12,100.0,51.309999999999995,13.88888888888889,0.0,0.0,1,67.0,16.0
19,200,p047,13,93.66,46.83,13.529411764705882,0.0,0.0,1,61.0,16.0
19,200,p047,14,89.2,44.6,58.529411764705884,1.0,0.0,1,65.0,16.0
19,200,p047,15,28.52,14.26,98.0,1.0,1.0,1,47.0,1.0
19,200,p048,0,89.2,44.6,58.529411764705884,1.0,0.0,1,65.0,16.0
19,200,p048,1,100.0,53.87,58.68421052631579,1.0,0.0,1,79.0,16.0
19,200,p048,2,100.0,53.79,58.68421052631579,1.0,0.0,1,78.0,16.0
19,200,p048,3,100.0,53.709999999999994,58.68421052631579,1.0,0.0,1,77.0,16.0
19,200,p048,4,100.0,61.79,13.0,0.0,0.0,1,78.0,16.0
19,200,p048,5,100.0,53.79,58.68421052631579,1.0,0.0,1,78.0,16.0
19,200,p048,6,100.0,53.56,58.68421052631579,1.0,0.0,1,77.0,16.0
19,200,p048,7,100.0,56.029999999999994,13.68421052631579,0.0,0.0,1,76.0,16.0
19,200,p048,8,98.78,49.39,58.888888888888886,1.0,0.0,1,73.0,16.0
19,200,p048,9,100.0,53.79,58.68421052631579,1.0,0.0,1,78.0,16.0
19,200,p048,10,50.12,25.06,16.666666666666664,0.0,0.0,1,37.0,8.0
19,200,p048,11,100.0,61.79,13.0,0.0,0.0,1,78.0,16.0
19,200,p048,12,100.0,56.029999999999994,13.68421052631579,0.0,0.0,1,76.0,16.0
19,200,p048,13,33.22,16.61,98.33333333333333,1.0,1.0,1,47.0,2.0
19,200,p048,14,100.0,55.72,13.68421052631579,0.0,0.0,1,74.0,16.0
19,200,p048,15,100.0,61.79,13.0,0.0,0.0,1,78.0,16.0
19,220,p037,0,100.0,53.4,58.68421052631579,1.0,0.0,1,75.0,16.0
19,220,p037,1,97.84,48.92,58.888888888888886,1.0,0.0,1,69.0,16.0
19,220,p037,2,100.0,55.87,13.68421052631579,0.0,0.0,1,74.0,16.0
19,220,p037,3,100.0,53.48,58.68421052631579,1.0,0.0,1,76.0,16.0
19,220,p037,4,100.0,55.949999999999996,13.68421052631579,0.0,0.0,1,75.0,16.0
19,220,p037,5,100.0,55.87,13.68421052631579,0.0,0.0,1,74.0,16.0
19,220,p037,6,100.0,53.4,58.68421052631579,1.0,0.0,1,75.0,16.0
19,220,p037,7,100.0,53.17,58.68421052631579,1.0,0.0,1,74.0,16.0
19,220,p037,8,100.0,55.949999999999996,13.68421052631579,0.0,0.0,1,75.0,16.0
19,220,p037,9,100.0,53.4,58.68421052631579,1.0,0.0,1,75.0,16.0
19,220,p037,10,100.0,53.4,58.68421052631579,1.0,0.0,1,75.0,16.0
19,220,p037,11,46.1,23.05,18.57142857142857,0.0,0.0,0,35.0,4.0
19,220,p037,12,100.0,51.239999999999995,13.88888888888889,0.0,0.0,1,68.0,16.0
19,220,p037,13,100.0,53.239999999999995,58.68421052631579,1.0,0.0,1,73.0,16.0
19,220,p037,14,100.0,51.55,13.88888888888889,0.0,0.0,1,70.0,16.0
19,220,p037,15,100.0,55.87,13.68421052631579,0.0,0.0,1,74.0,16.0
19,220,p038,0,100.0,53.239999999999995,58.68421052631579,1.0,0.0,1,73.0,16.0
19,220,p038,1,100.0,53.4,58.68421052631579,1.0,0.0,1,75.0,16.0
19,220,p038,2,97.38,48.69,58.888888888888886,1.0,0.0,1,68.0,16.0
19,220,p038,3,100.0,55.78999999999999,13.68421052631579,0.0,0.0,1,73.0,16.0
19,220,p038,4,100.0,51.309999999999995,13.88888888888889,0.0,0.0,1,67.0,16.0
19,220,p038,5,100.0,53.17,58.68421052631579,1.0,0.0,1,74.0,16.0
19,220,p038,6,100.0,53.4,58.68421052631579,1.0,0.0,1,75.0,16.0
19,220,p038,7,100.0,55.78999999999999,13.68421052631579,0.0,0.0,1,73.0,16.0
19,220,p038,8,100.0,53.4,58.68421052631579,1.0,0.0,1,75.0,16.0
19,220,p038,9,100.0,53.48,58.68421052631579,1.0,0.0,1,76.0,16.0
19,220,p038,10,100.0,53.48,58.68421052631579,1.0,0.0,1,76.0,16.0
19,220,p038,11,100.0,55.87,13.68421052631579,0.0,0.0,1,74.0,16.0
19,220,p038,12,100.0,55.949999999999996,13.68421052631579,0.0,0.0,1,75.0,16.0
19,220,p038,13,100.0,55.78999999999999,13.68421052631579,0.0,0.0,1,73.0,16.0
19,220,p038,14,66.12,33.06,96.66666666666667,1.0,1.0,1,67.0,8.0
19,220,p038,15,100.0,55.949999999999996,13.68421052631579,0.0,0.0,1,75.0,16.0
19,220,p039,0,97.84,48.92,58.888888888888886,1.0,0.0,1,69.0,16.0
19,220,p039,1,100.0,53.239999999999995,58.68421052631579,1.0,0.0,1,73.0,16.0
19,220,p039,2,100.0,53.48,58.68421052631579,1.0,0.0,1,76.0,16.0
19,220,p039,3,100.0,56.029999999999994,13.68421052631579,0.0,0.0,1,76.0,16.0
19,220,p039,4,100.0,53.239999999999995,58.68421052631579,1.0,0.0,1,73.0,16.0
19,220,p039,5,100.0,53.4,58.68421052631579,1.0,0.0,1,75.0,16.0
19,220,p039,6,91.3,45.65,93.88888888888889,1.0,1.0,1,80.0,16.0
19,220,p039,7,100.0,61.709999999999994,13.0,0.0,0.0,1,77.0,16.0
19,220,p039,8,100.0,61.709999999999994,13.0,0.0,0.0,1,77.0,16.0
19,220,p039,9,100.0,53.32,58.68421052631579,1.0,0.0,1,74.0,16.0
19,220,p039,10,100.0,55.949999999999996,13.68421052631579,0.0,0.0,1,75.0,16.0
19,220,p039,11,100.0,55.949999999999996,13.68421052631579,0.0,0.0,1,75.0,16.0
19,220,p039,12,100.0,55.949999999999996,13.68421052631579,0.0,0.0,1,75.0,16.0
19,220,p039,13,100.0,56.029999999999994,13.68421052631579,0.0,0.0,1,76.0,16.0
19,220,p039,14,100.0,55.72,13.68421052631579,0.0,0.0,1,74.0,16.0
19,220,p039,15,98.0,49.0,58.888888888888886,1.0,0.0,1,70.0,16.0
19,220,p040,0,100.0,53.4,93.6842105263158,1.0,1.0,1,75.0,16.0
19,220,p040,1,100.0,51.38999999999999,13.88888888888889,0.0,0.0,1,68.0,16.0
19,220,p040,2,98.0,49.0,93.88888888888889,1.0,1.0,1,70.0,16.0
19,220,p040,3,100.0,53.48,93.6842105263158,1.0,1.0,1,76.0,16.0
19,220,p040,4,100.0,56.029999999999994,13.68421052631579,0.0,0.0,1,76.0,16.0
19,220,p040,5,100.0,53.4,93.6842105263158,1.0,1.0,1,75.0,16.0
19,220,p040,6,100.0,55.78999999999999,13.68421052631579,0.0,0.0,1,73.0,16.0
19,220,p040,7,98.0,49.0,93.88888888888889,1.0,1.0,1,70.0,16.0
19,220,p040,8,100.0,55.78999999999999,13.68421052631579,0.0,0.0,1,73.0,16.0
19,220,p040,9,100.0,55.78999999999999,13.68421052631579,0.0,0.0,1,73.0,16.0
19,220,p040,10,98.0,49.0,93.88888888888889,1.0,1.0,1,70.0,16.0
19,220,p040,11,100.0,53.48,93.6842105263158,1.0,1.0,1,76.0,16.0
19,220,p040,12,100.0,55.949999999999996,13.68421052631579,0.0,0.0,1,75.0,16.0
19,220,p040,13,100.0,53.56,93.6842105263158,1.0,1.0,1,77.0,16.0
19,220,p040,14,100.0,55.87,13.68421052631579,0.0,0.0,1,74.0,16.0
19,220,p040,15,100.0,51.309999999999995,13.88888888888889,0.0,0.0,1,67.0,16.0
19,220,p041,0,100.0,51.38999999999999,13.88888888888889,0.0,0.0,1,68.0,16.0
19,220,p041,1,100.0,53.32,93.6842105263158,1.0,1.0,1,74.0,16.0
19,220,p041,2,98.16,49.08,93.88888888888889,1.0,1.0,1,71.0,16.0
19,220,p041,3,100.0,61.949999999999996,13.0,0.0,0.0,1,80.0,16.0
19,220,p041,4,97.54,48.77,93.88888888888889,1.0,1.0,1,69.0,16.0
19,220,p041,5,97.84,48.92,93.88888888888889,1.0,1.0,1,69.0,16.0
19,220,p041,6,100.0,53.32,93.6842105263158,1.0,1.0,1,74.0,16.0
19,220,p041,7,25.54,12.77,20.0,0.0,0.0,0,19.0,2.0
19,220,p041,8,100.0,56.029999999999994,13.68421052631579,0.0,0.0,1,76.0,16.0
19,220,p041,9,100.0,53.56,93.6842105263158,1.0,1.0,1,77.0,16.0
19,220,p041,10,100.0,51.55,13.88888888888889,0.0,0.0,1,70.0,16.0
19,220,p041,11,100.0,61.64,13.0,0.0,0.0,1,78.0,16.0
19,220,p041,12,100.0,55.949999999999996,13.68421052631579,0.0,0.0,1,75.0,16.0
19,220,p041,13,100.0,55.78999999999999,13.68421052631579,0.0,0.0,1,73.0,16.0
19,220,p041,14,100.0,53.4,93.6842105263158,1.0,1.0,1,75.0,16.0
19,220,p041,15,98.16,49.08,93.88888888888889,1.0,1.0,1,71.0,16.0
19,220,p042,0,68.03999999999999,34.019999999999996,16.363636363636363,0.0,0.0,1,49.0,8.0
19,220,p042,1,100.0,53.4,93.6842105263158,1.0,1.0,1,75.0,16.0
19,220,p042,2,100.0,61.87,13.0,0.0,0.0,1,79.0,16.0
19,220,p042,3,100.0,56.029999999999994,13.68421052631579,0.0,0.0,1,76.0,16.0
19,220,p042,4,100.0,53.56,93.6842105263158,1.0,1.0,1,77.0,16.0
19,220,p042,5,100.0,53.48,93.6842105263158,1.0,1.0,1,76.0,16.0
19,220,p042,6,100.0,53.48,93.6842105263158,1.0,1.0,1,76.0,16.0
19,220,p042,7,100.0,51.309999999999995,13.88888888888889,0.0,0.0,1,67.0,16.0
19,220,p042,8,100.0,53.56,93.6842105263158,1.0,1.0,1,77.0,16.0
19,220,p042,9,100.0,51.38999999999999,13.88888888888889,0.0,0.0,1,68.0,16.0
19,220,p042,10,100.0,53.25,93.6842105263158,1.0,1.0,1,75.0,16.0
19,220,p042,11,100.0,53.4,93.6842105263158,1.0,1.0,1,75.0,16.0
19,220,p042,12,100.0,53.4,93.6842105263158,1.0,1.0,1,75.0,16.0
19,220,p042,13,98.16,49.08,93.88888888888889,1.0,1.0,1,71.0,16.0
19,220,p042,14,100.0,53.4,93.6842105263158,1.0,1.0,1,75.0,16.0
19,220,p042,15,100.0,55.87,13.68421052631579,0.0,0.0,1,74.0,16.0
19,220,p043,0,100.0,55.949999999999996,13.68421052631579,0.0,0.0,1,75.0,16.0
19,220,p043,1,98.32,49.16,58.888888888888886,1.0,0.0,1,72.0,16.0
19,220,p043,2,93.97999999999999,46.989999999999995,13.529411764705882,0.0,0.0,1,63.0,16.0
19,220,p043,3,100.0,55.72,13.68421052631579,0.0,0.0,1,74.0,16.0
19,220,p043,4,100.0,55.87,13.68421052631579,0.0,0.0,1,74.0,16.0
19,220,p043,5,100.0,53.48,58.68421052631579,1.0,0.0,1,76.0,16.0
19,220,p043,6,98.0,49.0,58.888888888888886,1.0,0.0,1,70.0,16.0
19,220,p043,7,100.0,56.029999999999994,13.68421052631579,0.0,0.0,1,76.0,16.0
19,220,p043,8,100.0,51.55,13.88888888888889,0.0,0.0,1,70.0,16.0
19,220,p043,9,89.2,44.6,58.529411764705884,1.0,0.0,1,65.0,16.0
19,220,p043,10,98.0,49.0,58.888888888888886,1.0,0.0,1,70.0,16.0
19,220,p043,11,100.0,53.64,58.68421052631579,1.0,0.0,1,78.0,16.0
19,220,p043,12,100.0,53.72,58.68421052631579,1.0,0.0,1,79.0,16.0
19,220,p043,13,100.0,55.72,13.68421052631579,0.0,0.0,1,74.0,16.0
19,220,p043,14,100.0,55.87,13.68421052631579,0.0,0.0,1,74.0,16.0
19,220,p043,15,22.1,11.05,97.5,1.0,1.0,1,40.0,0.0
19,220,p044,0,98.32,49.16,58.888888888888886,1.0,0.0,1,72.0,16.0
19,220,p044,1,100.0,53.48,58.68421052631579,1.0,0.0,1,76.0,16.0
19,220,p044,2,100.0,53.48,58.68421052631579,1.0,0.0,1,76.0,16.0
19,220,p044,3,100.0,55.949999999999996,13.68421052631579,0.0,0.0,1,75.0,16.0
19,220,p044,4,100.0,51.47,13.88888888888889,0.0,0.0,1,69.0,16.0
19,220,p044,5,89.36,44.68,58.529411764705884,1.0,0.0,1,66.0,16.0
19,220,p044,6,100.0,53.56,58.68421052631579,1.0,0.0,1,77.0,16.0
19,220,p044,7,89.2,44.6,58.529411764705884,1.0,0.0,1,65.0,16.0
19,220,p044,8,100.0,51.309999999999995,13.88888888888889,0.0,0.0,1,67.0,16.0
19,220,p044,9,100.0,53.56,58.68421052631579,1.0,0.0,1,77.0,16.0
19,220,p044,10,45.78,22.89,18.57142857142857,0.0,0.0,1,33.0,4.0
19,220,p044,11,100.0,53.48,58.68421052631579,1.0,0.0,1,76.0,16.0
19,220,p044,12,100.0,55.72,13.68421052631579,0.0,0.0,1,74.0,16.0
19,220,p044,13,100.0,55.78999999999999,13.68421052631579,0.0,0.0,1,73.0,16.0
19,220,p044,14,98.0,49.0,58.888888888888886,1.0,0.0,1,70.0,16.0
19,220,p044,15,100.0,53.48,58.68421052631579,1.0,0.0,1,76.0,16.0
19,220,p045,0,100.0,55.72,13.68421052631579,0.0,0.0,1,74.0,16.0
19,220,p045,1,100.0,55.78999999999999,13.68421052631579,0.0,0.0,1,73.0,16.0
19,220,p045,2,100.0,53.48,58.68421052631579,1.0,0.0,1,76.0,16.0
19,220,p045,3,100.0,61.949999999999996,13.0,0.0,0.0,1,80.0,16.0
19,220,p045,4,100.0,53.72,58.68421052631579,1.0,0.0,1,79.0,16.0
19,220,p045,5,100.0,55.87,13.68421052631579,0.0,0.0,1,74.0,16.0
19,220,p045,6,100.0,53.72,58.68421052631579,1.0,0.0,1,79.0,16.0
19,220,p045,7,100.0,53.72,58.68421052631579,1.0,0.0,1,79.0,16.0
19,220,p045,8,100.0,51.47,13.88888888888889,0.0,0.0,1,69.0,16.0
19,220,p045,9,100.0,53.48,58.68421052631579,1.0,0.0,1,76.0,16.0
19,220,p045,10,100.0,53.72,58.68421052631579,1.0,0.0,1,79.0,16.0
19,220,p045,11,100.0,53.48,58.68421052631579,1.0,0.0,1,76.0,16.0
19,220,p045,12,100.0,55.72,13.68421052631579,0.0,0.0,1,74.0,16.0
19,220,p045,13,98.47999999999999,49.239999999999995,58.888888888888886,1.0,0.0,1,73.0,16.0
19,220,p045,14,98.0,49.0,58.888888888888886,1.0,0.0,1,70.0,16.0
19,220,p045,15,100.0,53.56,58.68421052631579,1.0,0.0,1,77.0,16.0
19,220,p046,0,100.0,55.87,13.68421052631579,0.0,0.0,1,74.0,16.0
19,220,p046,1,100.0,53.629999999999995,58.68421052631579,1.0,0.0,1,76.0,16.0
19,220,p046,2,100.0,61.87,13.0,0.0,0.0,1,79.0,16.0
19,220,p046,3,98.3,49.15,58.888888888888886,1.0,0.0,1,70.0,16.0
19,220,p046,4,100.0,53.629999999999995,58.68421052631579,1.0,0.0,1,76.0,16.0
19,220,p046,5,44.96,22.48,98.75,1.0,1.0,1,56.0,4.0
19,220,p046,6,100.0,55.949999999999996,13.68421052631579,0.0,0.0,1,75.0,16.0
19,220,p046,7,100.0,56.029999999999994,13.68421052631579,0.0,0.0,1,76.0,16.0
19,220,p046,8,100.0,53.87,58.68421052631579,1.0,0.0,1,79.0,16.0
19,220,p046,9,100.0,53.79,58.68421052631579,1.0,0.0,1,78.0,16.0
19,220,p046,10,100.0,53.87,58.68421052631579,1.0,0.0,1,79.0,16.0
19,220,p046,11,100.0,51.47,13.88888888888889,0.0,0.0,1,69.0,16.0
19,220,p046,12,100.0,51.309999999999995,13.88888888888889,0.0,0.0,1,67.0,16.0
19,220,p046,13,100.0,53.709999999999994,58.68421052631579,1.0,0.0,1,77.0,16.0
19,220,p046,14,100.0,55.78999999999999,13.68421052631579,0.0,0.0,1,73.0,16.0
19,220,p046,15,100.0,55.87,13.68421052631579,0.0,0.0,1,74.0,16.0
19,220,p047,0,100.0,53.87,58.68421052631579,1.0,0.0,1,79.0,16.0
19,220,p047,1,98.61999999999999,49.309999999999995,58.888888888888886,1.0,0.0,1,72.0,16.0
19,220,p047,2,100.0,53.79,58.68421052631579,1.0,0.0,1,78.0,16.0
19,220,p047,3,100.0,53.79,58.68421052631579,1.0,0.0,1,78.0,16.0
19,220,p047,4,100.0,53.87,58.68421052631579,1.0,0.0,1,79.0,16.0
19,220,p047,5,100.0,53.87,58.68421052631579,1.0,0.0,1,79.0,16.0
19,220,p047,6,100.0,51.55,13.88888888888889,0.0,0.0,1,70.0,16.0
19,220,p047,7,100.0,56.029999999999994,13.68421052631579,0.0,0.0,1,76.0,16.0
19,220,p047,8,89.82,44.91,58.529411764705884,1.0,0.0,1,67.0,16.0
19,220,p047,9,100.0,53.709999999999994,58.68421052631579,1.0,0.0,1,77.0,16.0
19,220,p047,10,89.66,44.83,58.529411764705884,1.0,0.0,1,66.0,16.0
19,220,p047,11,98.78,49.39,58.888888888888886,1.0,0.0,1,73.0,16.0
19,220,p047,12,100.0,55.78999999999999,13.68421052631579,0.0,0.0,1,73.0,16.0
19,220,p047,13,100.0,51.309999999999995,13.88888888888889,0.0,0.0,1,67.0,16.0
19,220,p047,14,89.2,44.6,58.529411764705884,1.0,0.0,1,65.0,16.0
19,220,p047,15,28.52,14.26,98.0,1.0,1.0,1,47.0,1.0
19,220,p048,0,89.2,44.6,58.529411764705884,1.0,0.0,1,65.0,16.0
19,220,p048,1,100.0,53.87,58.68421052631579,1.0,0.0,1,79.0,16.0
19,220,p048,2,100.0,55.949999999999996,13.68421052631579,0.0,0.0,1,75.0,16.0
19,220,p048,3,100.0,53.709999999999994,58.68421052631579,1.0,0.0,1,77.0,16.0
19,220,p048,4,100.0,61.79,13.0,0.0,0.0,1,78.0,16.0
19,220,p048,5,100.0,53.79,58.68421052631579,1.0,0.0,1,78.0,16.0
19,220,p048,6,100.0,53.56,58.68421052631579,1.0,0.0,1,77.0,16.0
19,220,p048,7,100.0,56.029999999999994,13.68421052631579,0.0,0.0,1,76.0,16.0
19,220,p048,8,98.78,49.39,58.888888888888886,1.0,0.0,1,73.0,16.0
19,220,p048,9,100.0,53.79,58.68421052631579,1.0,0.0,1,78.0,16.0
19,220,p048,10,93.52,46.76,13.529411764705882,0.0,0.0,1,62.0,16.0
19,220,p048,11,100.0,61.79,13.0,0.0,0.0,1,78.0,16.0
19,220,p048,12,100.0,56.029999999999994,13.68421052631579,0.0,0.0,1,76.0,16.0
19,220,p048,13,44.660000000000004,22.330000000000002,98.75,1.0,1.0,1,56.0,4.0
19,220,p048,14,100.0,55.72,13.68421052631579,0.0,0.0,1,74.0,16.0
19,220,p048,15,100.0,61.79,13.0,0.0,0.0,1,78.0,16.0
19,240,p037,0,100.0,55.949999999999996,13.68421052631579,0.0,0.0,1,75.0,16.0
19,240,p037,1,97.84,48.92,58.888888888888886,1.0,0.0,1,69.0,16.0
19,240,p037,2,100.0,55.87,13.68421052631579,0.0,0.0,1,74.0,16.0
19,240,p037,3,100.0,53.48,58.68421052631579,1.0,0.0,1,76.0,16.0
19,240,p037,4,100.0,55.949999999999996,13.68421052631579,0.0,0.0,1,75.0,16.0
19,240,p037,5,100.0,55.87,13.68421052631579,0.0,0.0,1,74.0,16.0
19,240,p037,6,100.0,55.949999999999996,13.68421052631579,0.0,0.0,1,75.0,16.0
19,240,p037,7,100.0,53.17,58.68421052631579,1.0,0.0,1,74.0,16.0
19,240,p037,8,100.0,55.949999999999996,13.68421052631579,0.0,0.0,1,75.0,16.0
19,240,p037,9,100.0,53.4,58.68421052631579,1.0,0.0,1,75.0,16.0
19,240,p037,10,100.0,53.4,58.68421052631579,1.0,0.0,1,75.0,16.0
19,240,p037,11,68.03999999999999,34.019999999999996,16.363636363636363,0.0,0.0,1,49.0,8.0
19,240,p037,12,100.0,51.239999999999995,13.88888888888889,0.0,0.0,1,68.0,16.0
19,240,p037,13,100.0,53.239999999999995,58.68421052631579,1.0,0.0,1,73.0,16.0
19,240,p037,14,100.0,51.55,13.88888888888889,0.0,0.0,1,70.0,16.0
19,240,p037,15,100.0,61.79,13.0,0.0,0.0,1,78.0,16.0
19,240,p038,0,100.0,53.239999999999995,58.68421052631579,1.0,0.0,1,73.0,16.0
19,240,p038,1,100.0,53.4,58.68421052631579,1.0,0.0,1,75.0,16.0
19,240,p038,2,97.38,48.69,58.888888888888886,1.0,0.0,1,68.0,16.0
19,240,p038,3,100.0,55.78999999999999,13.68421052631579,0.0,0.0,1,73.0,16.0
19,240,p038,4,100.0,51.309999999999995,13.88888888888889,0.0,0.0,1,67.0,16.0
19,240,p038,5,100.0,53.17,58.68421052631579,1.0,0.0,1,74.0,16.0
19,240,p038,6,100.0,53.4,58.68421052631579,1.0,0.0,1,75.0,16.0
19,240,p038,7,100.0,55.78999999999999,13.68421052631579,0.0,0.0,1,73.0,16.0
19,240,p038,8,100.0,55.949999999999996,13.68421052631579,0.0,0.0,1,75.0,16.0
19,240,p038,9,100.0,53.48,58.68421052631579,1.0,0.0,1,76.0,16.0
19,240,p038,10,100.0,53.48,58.68421052631579,1.0,0.0,1,76.0,16.0
19,240,p038,11,100.0,55.87,13.68421052631579,0.0,0.0,1,74.0,16.0
19,240,p038,12,100.0,55.949999999999996,13.68421052631579,0.0,0.0,1,75.0,16.0
19,240,p038,13,100.0,55.78999999999999,13.68421052631579,0.0,0.0,1,73.0,16.0
19,240,p038,14,100.0,53.4,58.68421052631579,1.0,0.0,1,75.0,16.0
19,240,p038,15,100.0,55.949999999999996,13.68421052631579,0.0,0.0,1,75.0,16.0
19,240,p039,0,97.84,48.92,58.888888888888886,1.0,0.0,1,69.0,16.0
19,240,p039,1,100.0,53.239999999999995,58.68421052631579,1.0,0.0,1,73.0,16.0
19,240,p039,2,100.0,53.48,58.68421052631579,1.0,0.0,1,76.0,16.0
19,240,p039,3,100.0,56.029999999999994,13.68421052631579,0.0,0.0,1,76.0,16.0
19,240,p039,4,100.0,53.239999999999995,58.68421052631579,1.0,0.0,1,73.0,16.0
19,240,p039,5,100.0,53.4,58.68421052631579,1.0,0.0,1,75.0,16.0
19,240,p039,6,97.38,48.69,58.888888888888886,1.0,0.0,1,68.0,16.0
19,240,p039,7,100.0,61.709999999999994,13.0,0.0,0.0,1,77.0,16.0
19,240,p039,8,100.0,61.709999999999994,13.0,0.0,0.0,1,77.0,16.0
19,240,p039,9,100.0,53.32,58.68421052631579,1.0,0.0,1,74.0,16.0
19,240,p039,10,100.0,55.949999999999996,13.68421052631579,0.0,0.0,1,75.0,16.0
19,240,p039,11,100.0,55.949999999999996,13.68421052631579,0.0,0.0,1,75.0,16.0
19,240,p039,12,100.0,55.949999999999996,13.68421052631579,0.0,0.0,1,75.0,16.0
19,240,p039,13,100.0,56.029999999999994,13.68421052631579,0.0,0.0,1,76.0,16.0
19,240,p039,14,100.0,55.72,13.68421052631579,0.0,0.0,1,74.0,16.0
19,240,p039,15,100.0,53.48,58.68421052631579,1.0,0.0,1,76.0,16.0
19,240,p040,0,100.0,53.4,93.6842105263158,1.0,1.0,1,75.0,16.0
19,240,p040,1,100.0,51.38999999999999,13.88888888888889,0.0,0.0,1,68.0,16.0
19,240,p040,2,98.0,49.0,93.88888888888889,1.0,1.0,1,70.0,16.0
19,240,p040,3,100.0,53.48,93.6842105263158,1.0,1.0,1,76.0,16.0
19,240,p040,4,100.0,56.029999999999994,13.68421052631579,0.0,0.0,1,76.0,16.0
19,240,p040,5,100.0,53.4,93.6842105263158,1.0,1.0,1,75.0,16.0
19,240,p040,6,100.0,55.78999999999999,13.68421052631579,0.0,0.0,1,73.0,16.0
19,240,p040,7,100.0,51.47,13.88888888888889,0.0,0.0,1,69.0,16.0
19,240,p040,8,100.0,55.78999999999999,13.68421052631579,0.0,0.0,1,73.0,16.0
19,240,p040,9,100.0,55.78999999999999,13.68421052631579,0.0,0.0,1,73.0,16.0
19,240,p040,10,98.0,49.0,93.88888888888889,1.0,1.0,1,70.0,16.0
19,240,p040,11,100.0,53.48,93.6842105263158,1.0,1.0,1,76.0,16.0
19,240,p040,12,100.0,55.949999999999996,13.68421052631579,0.0,0.0,1,75.0,16.0
19,240,p040,13,100.0,53.56,93.6842105263158,1.0,1.0,1,77.0,16.0
19,240,p040,14,100.0,55.87,13.68421052631579,0.0,0.0,1,74.0,16.0
19,240,p040,15,100.0,51.309999999999995,13.88888888888889,0.0,0.0,1,67.0,16.0
19,240,p041,0,100.0,51.38999999999999,13.88888888888889,0.0,0.0,1,68.0,16.0
19,240,p041,1,100.0,53.32,93.6842105263158,1.0,1.0,1,74.0,16.0
19,240,p041,2,100.0,53.56,93.6842105263158,1.0,1.0,1,77.0,16.0
19,240,p041,3,100.0,61.949999999999996,13.0,0.0,0.0,1,80.0,16.0
19,240,p041,4,100.0,53.25,93.6842105263158,1.0,1.0,1,75.0,16.0
19,240,p041,5,100.0,53.4,93.6842105263158,1.0,1.0,1,75.0,16.0
19,240,p041,6,100.0,53.32,93.6842105263158,1.0,1.0,1,74.0,16.0
19,240,p041,7,45.94,22.97,18.57142857142857,0.0,0.0,0,34.0,4.0
19,240,p041,8,100.0,56.029999999999994,13.68421052631579,0.0,0.0,1,76.0,16.0
19,240,p041,9,100.0,53.56,93.6842105263158,1.0,1.0,1,77.0,16.0
19,240,p041,10,100.0,51.55,13.88888888888889,0.0,0.0,1,70.0,16.0
19,240,p041,11,100.0,61.64,13.0,0.0,0.0,1,78.0,16.0
19,240,p041,12,100.0,55.949999999999996,13.68421052631579,0.0,0.0,1,75.0,16.0
19,240,p041,13,100.0,55.78999999999999,13.68421052631579,0.0,0.0,1,73.0,16.0
19,240,p041,14,100.0,53.4,93.6842105263158,1.0,1.0,1,75.0,16.0
19,240,p041,15,98.16,49.08,93.88888888888889,1.0,1.0,1,71.0,16.0
19,240,p042,0,100.0,55.72,13.68421052631579,0.0,0.0,1,74.0,16.0
19,240,p042,1,100.0,53.4,93.6842105263158,1.0,1.0,1,75.0,16.0
19,240,p042,2,100.0,61.87,13.0,0.0,0.0,1,79.0,16.0
19,240,p042,3,100.0,56.029999999999994,13.68421052631579,0.0,0.0,1,76.0,16.0
19,240,p042,4,100.0,53.56,93.6842105263158,1.0,1.0,1,77.0,16.0
19,240,p042,5,100.0,53.48,93.6842105263158,1.0,1.0,1,76.0,16.0
19,240,p042,6,100.0,55.949999999999996,13.68421052631579,0.0,0.0,1,75.0,16.0
19,240,p042,7,100.0,55.78999999999999,13.68421052631579,0.0,0.0,1,73.0,16.0
19,240,p042,8,100.0,56.029999999999994,13.68421052631579,0.0,0.0,1,76.0,16.0
19,240,p042,9,100.0,51.38999999999999,13.88888888888889,0.0,0.0,1,68.0,16.0
19,240,p042,10,100.0,53.25,93.6842105263158,1.0,1.0,1,75.0,16.0
19,240,p042,11,100.0,53.4,93.6842105263158,1.0,1.0,1,75.0,16.0
19,240,p042,12,100.0,53.4,93.6842105263158,1.0,1.0,1,75.0,16.0
19,240,p042,13,98.16,49.08,93.88888888888889,1.0,1.0,1,71.0,16.0
19,240,p042,14,100.0,53.4,93.6842105263158,1.0,1.0,1,75.0,16.0
19,240,p042,15,100.0,55.87,13.68421052631579,0.0,0.0,1,74.0,16.0
19,240,p043,0,100.0,55.949999999999996,13.68421052631579,0.0,0.0,1,75.0,16.0
19,240,p043,1,98.32,49.16,58.888888888888886,1.0,0.0,1,72.0,16.0
19,240,p043,2,93.97999999999999,46.989999999999995,13.529411764705882,0.0,0.0,1,63.0,16.0
19,240,p043,3,100.0,55.72,13.68421052631579,0.0,0.0,1,74.0,16.0
19,240,p043,4,100.0,55.87,13.68421052631579,0.0,0.0,1,74.0,16.0
19,240,p043,5,100.0,55.78999999999999,13.68421052631579,0.0,0.0,1,73.0,16.0
19,240,p043,6,100.0,53.48,58.68421052631579,1.0,0.0,1,76.0,16.0
19,240,p043,7,100.0,56.029999999999994,13.68421052631579,0.0,0.0,1,76.0,16.0
19,240,p043,8,100.0,51.55,13.88888888888889,0.0,0.0,1,70.0,16.0
19,240,p043,9,89.2,44.6,58.529411764705884,1.0,0.0,1,65.0,16.0
19,240,p043,10,98.0,49.0,58.888888888888886,1.0,0.0,1,70.0,16.0
19,240,p043,11,100.0,53.64,58.68421052631579,1.0,0.0,1,78.0,16.0
19,240,p043,12,100.0,53.72,58.68421052631579,1.0,0.0,1,79.0,16.0
19,240,p043,13,100.0,55.72,13.68421052631579,0.0,0.0,1,74.0,16.0
19,240,p043,14,100.0,55.87,13.68421052631579,0.0,0.0,1,74.0,16.0
19,240,p043,15,22.1,11.05,97.5,1.0,1.0,1,40.0,0.0
19,240,p044,0,98.32,49.16,58.888888888888886,1.0,0.0,1,72.0,16.0
19,240,p044,1,100.0,53.48,58.68421052631579,1.0,0.0,1,76.0,16.0
19,240,p044,2,100.0,53.48,58.68421052631579,1.0,0.0,1,76.0,16.0
19,240,p044,3,100.0,55.949999999999996,13.68421052631579,0.0,0.0,1,75.0,16.0
19,240,p044,4,100.0,51.47,13.88888888888889,0.0,0.0,1,69.0,16.0
19,240,p044,5,89.36,44.68,58.529411764705884,1.0,0.0,1,66.0,16.0
19,240,p044,6,100.0,53.56,58.68421052631579,1.0,0.0,1,77.0,16.0
19,240,p044,7,89.2,44.6,58.529411764705884,1.0,0.0,1,65.0,16.0
19,240,p044,8,100.0,51.309999999999995,13.88888888888889,0.0,0.0,1,67.0,16.0
19,240,p044,9,100.0,55.87,13.68421052631579,0.0,0.0,1,74.0,16.0
19,240,p044,10,68.02,34.01,16.363636363636363,0.0,0.0,1,47.0,8.0
19,240,p044,11,100.0,53.48,58.68421052631579,1.0,0.0,1,76.0,16.0
19,240,p044,12,100.0,55.72,13.68421052631579,0.0,0.0,1,74.0,16.0
19,240,p044,13,100.0,55.78999999999999,13.68421052631579,0.0,0.0,1,73.0,16.0
19,240,p044,14,98.0,49.0,58.888888888888886,1.0,0.0,1,70.0,16.0
19,240,p044,15,100.0,53.48,58.68421052631579,1.0,0.0,1,76.0,16.0
19,240,p045,0,100.0,55.72,13.68421052631579,0.0,0.0,1,74.0,16.0
19,240,p045,1,100.0,55.78999999999999,13.68421052631579,0.0,0.0,1,73.0,16.0
19,240,p045,2,100.0,53.48,58.68421052631579,1.0,0.0,1,76.0,16.0
19,240,p045,3,100.0,61.949999999999996,13.0,0.0,0.0,1,80.0,16.0
19,240,p045,4,100.0,53.72,58.68421052631579,1.0,0.0,1,79.0,16.0
19,240,p045,5,100.0,55.87,13.68421052631579,0.0,0.0,1,74.0,16.0
19,240,p045,6,100.0,53.72,58.68421052631579,1.0,0.0,1,79.0,16.0
19,240,p045,7,100.0,53.72,58.68421052631579,1.0,0.0,1,79.0,16.0
19,240,p045,8,100.0,55.949999999999996,13.68421052631579,0.0,0.0,1,75.0,16.0
19,240,p045,9,100.0,53.48,58.68421052631579,1.0,0.0,1,76.0,16.0
19,240,p045,10,100.0,53.72,58.68421052631579,1.0,0.0,1,79.0,16.0
19,240,p045,11,100.0,53.48,58.68421052631579,1.0,0.0,1,76.0,16.0
19,240,p045,12,100.0,55.72,13.68421052631579,0.0,0.0,1,74.0,16.0
19,240,p045,13,100.0,53.72,58.68421052631579,1.0,0.0,1,79.0,16.0
19,240,p045,14,100.0,53.48,58.68421052631579,1.0,0.0,1,76.0,16.0
19,240,p045,15,100.0,53.56,58.68421052631579,1.0,0.0,1,77.0,16.0
19,240,p046,0,100.0,55.87,13.68421052631579,0.0,0.0,1,74.0,16.0
19,240,p046,1,100.0,53.629999999999995,58.68421052631579,1.0,0.0,1,76.0,16.0
19,240,p046,2,100.0,61.87,13.0,0.0,0.0,1,79.0,16.0
19,240,p046,3,100.0,51.309999999999995,13.88888888888889,0.0,0.0,1,67.0,16.0
19,240,p046,4,100.0,53.629999999999995,58.68421052631579,1.0,0.0,1,76.0,16.0
19,240,p046,5,67.06,33.53,96.66666666666667,1.0,1.0,1,71.0,8.0
19,240,p046,6,100.0,55.949999999999996,13.68421052631579,0.0,0.0,1,75.0,16.0
19,240,p046,7,100.0,56.029999999999994,13.68421052631579,0.0,0.0,1,76.0,16.0
19,240,p046,8,100.0,56.029999999999994,13.68421052631579,0.0,0.0,1,76.0,16.0
19,240,p046,9,100.0,53.79,58.68421052631579,1.0,0.0,1,78.0,16.0
19,240,p046,10,100.0,53.87,58.68421052631579,1.0,0.0,1,79.0,16.0
19,240,p046,11,100.0,55.949999999999996,13.68421052631579,0.0,0.0,1,75.0,16.0
19,240,p046,12,100.0,55.78999999999999,13.68421052631579,0.0,0.0,1,73.0,16.0
19,240,p046,13,100.0,53.709999999999994,58.68421052631579,1.0,0.0,1,77.0,16.0
19,240,p046,14,100.0,55.78999999999999,13.68421052631579,0.0,0.0,1,73.0,16.0
19,240,p046,15,100.0,55.87,13.68421052631579,0.0,0.0,1,74.0,16.0
19,240,p047,0,100.0,53.87,58.68421052631579,1.0,0.0,1,79.0,16.0
19,240,p047,1,98.61999999999999,49.309999999999995,58.888888888888886,1.0,0.0,1,72.0,16.0
19,240,p047,2,100.0,53.79,58.68421052631579,1.0,0.0,1,78.0,16.0
19,240,p047,3,100.0,53.79,58.68421052631579,1.0,0.0,1,78.0,16.0
19,240,p047,4,100.0,53.87,58.68421052631579,1.0,0.0,1,79.0,16.0
19,240,p047,5,100.0,53.87,58.68421052631579,1.0,0.0,1,79.0,16.0
19,240,p047,6,100.0,51.55,13.88888888888889,0.0,0.0,1,70.0,16.0
19,240,p047,7,100.0,56.029999999999994,13.68421052631579,0.0,0.0,1,76.0,16.0
19,240,p047,8,89.82,44.91,58.529411764705884,1.0,0.0,1,67.0,16.0
19,240,p047,9,100.0,53.709999999999994,58.68421052631579,1.0,0.0,1,77.0,16.0
19,240,p047,10,93.97999999999999,46.989999999999995,13.529411764705882,0.0,0.0,1,63.0,16.0
19,240,p047,11,98.78,49.39,58.888888888888886,1.0,0.0,1,73.0,16.0
19,240,p047,12,100.0,55.78999999999999,13.68421052631579,0.0,0.0,1,73.0,16.0
19,240,p047,13,100.0,51.309999999999995,13.88888888888889,0.0,0.0,1,67.0,16.0
19,240,p047,14,89.2,44.6,58.529411764705884,1.0,0.0,1,65.0,16.0
19,240,p047,15,34.0,17.0,98.33333333333333,1.0,1.0,1,50.0,2.0
19,240,p048,0,98.16,49.08,58.888888888888886,1.0,0.0,1,71.0,16.0
19,240,p048,1,100.0,53.87,58.68421052631579,1.0,0.0,1,79.0,16.0
19,240,p048,2,100.0,55.949999999999996,13.68421052631579,0.0,0.0,1,75.0,16.0
19,240,p048,3,100.0,53.709999999999994,58.68421052631579,1.0,0.0,1,77.0,16.0
19,240,p048,4,100.0,61.79,13.0,0.0,0.0,1,78.0,16.0
19,240,p048,5,100.0,55.949999999999996,13.68421052631579,0.0,0.0,1,75.0,16.0
19,240,p048,6,100.0,53.56,58.68421052631579,1.0,0.0,1,77.0,16.0
19,240,p048,7,100.0,56.029999999999994,13.68421052631579,0.0,0.0,1,76.0,16.0
19,240,p048,8,98.78,49.39,58.888888888888886,1.0,0.0,1,73.0,16.0
19,240,p048,9,100.0,53.79,58.68421052631579,1.0,0.0,1,78.0,16.0
19,240,p048,10,93.52,46.76,13.529411764705882,0.0,0.0,1,62.0,16.0
19,240,p048,11,100.0,61.79,13.0,0.0,0.0,1,78.0,16.0
19,240,p048,12,100.0,56.029999999999994,13.68421052631579,0.0,0.0,1,76.0,16.0
19,240,p048,13,44.660000000000004,22.330000000000002,98.75,1.0,1.0,1,56.0,4.0
19,240,p048,14,100.0,55.72,13.68421052631579,0.0,0.0,1,74.0,16.0
19,240,p048,15,100.0,61.79,13.0,0.0,0.0,1,78.0,16.0
19,260,p037,0,100.0,55.949999999999996,13.68421052631579,0.0,0.0,1,75.0,16.0
19,260,p037,1,100.0,53.4,58.68421052631579,1.0,0.0,1,75.0,16.0
19,260,p037,2,100.0,55.87,13.68421052631579,0.0,0.0,1,74.0,16.0
19,260,p037,3,100.0,53.48,58.68421052631579,1.0,0.0,1,76.0,16.0
19,260,p037,4,100.0,55.949999999999996,13.68421052631579,0.0,0.0,1,75.0,16.0
19,260,p037,5,100.0,55.87,13.68421052631579,0.0,0.0,1,74.0,16.0
19,260,p037,6,100.0,55.949999999999996,13.68421052631579,0.0,0.0,1,75.0,16.0
19,260,p037,7,100.0,53.17,58.68421052631579,1.0,0.0,1,74.0,16.0
19,260,p037,8,100.0,55.949999999999996,13.68421052631579,0.0,0.0,1,75.0,16.0
19,260,p037,9,100.0,53.4,58.68421052631579,1.0,0.0,1,75.0,16.0
19,260,p037,10,100.0,53.4,58.68421052631579,1.0,0.0,1,75.0,16.0
19,260,p037,11,68.03999999999999,34.019999999999996,16.363636363636363,0.0,0.0,1,49.0,8.0
19,260,p037,12,100.0,55.72,13.68421052631579,0.0,0.0,1,74.0,16.0
19,260,p037,13,100.0,53.239999999999995,58.68421052631579,1.0,0.0,1,73.0,16.0
19,260,p037,14,100.0,51.55,13.88888888888889,0.0,0.0,1,70.0,16.0
19,260,p037,15,100.0,61.79,13.0,0.0,0.0,1,78.0,16.0
19,260,p038,0,100.0,53.239999999999995,58.68421052631579,1.0,0.0,1,73.0,16.0
19,260,p038,1,100.0,53.4,58.68421052631579,1.0,0.0,1,75.0,16.0
19,260,p038,2,97.38,48.69,58.888888888888886,1.0,0.0,1,68.0,16.0
19,260,p038,3,100.0,55.78999999999999,13.68421052631579,0.0,0.0,1,73.0,16.0
19,260,p038,4,100.0,55.78999999999999,13.68421052631579,0.0,0.0,1,73.0,16.0
19,260,p038,5,100.0,53.17,58.68421052631579,1.0,0.0,1,74.0,16.0
19,260,p038,6,100.0,53.4,58.68421052631579,1.0,0.0,1,75.0,16.0
19,260,p038,7,100.0,55.78999999999999,13.68421052631579,0.0,0.0,1,73.0,16.0
19,260,p038,8,100.0,55.949999999999996,13.68421052631579,0.0,0.0,1,75.0,16.0
19,260,p038,9,100.0,53.48,58.68421052631579,1.0,0.0,1,76.0,16.0
19,260,p038,10,100.0,53.48,58.68421052631579,1.0,0.0,1,76.0,16.0
19,260,p038,11,100.0,55.87,13.68421052631579,0.0,0.0,1,74.0,16.0
19,260,p038,12,100.0,55.949999999999996,13.68421052631579,0.0,0.0,1,75.0,16.0
19,260,p038,13,100.0,55.78999999999999,13.68421052631579,0.0,0.0,1,73.0,16.0
19,260,p038,14,100.0,53.4,58.68421052631579,1.0,0.0,1,75.0,16.0
19,260,p038,15,100.0,55.949999999999996,13.68421052631579,0.0,0.0,1,75.0,16.0
19,260,p039,0,97.84,48.92,58.888888888888886,1.0,0.0,1,69.0,16.0
19,260,p039,1,100.0,53.239999999999995,58.68421052631579,1.0,0.0,1,73.0,16.0
19,260,p039,2,100.0,53.48,58.68421052631579,1.0,0.0,1,76.0,16.0
19,260,p039,3,100.0,56.029999999999994,13.68421052631579,0.0,0.0,1,76.0,16.0
19,260,p039,4,100.0,53.239999999999995,58.68421052631579,1.0,0.0,1,73.0,16.0
19,260,p039,5,100.0,53.4,58.68421052631579,1.0,0.0,1,75.0,16.0
19,260,p039,6,97.38,48.69,58.888888888888886,1.0,0.0,1,68.0,16.0
19,260,p039,7,100.0,61.709999999999994,13.0,0.0,0.0,1,77.0,16.0
19,260,p039,8,100.0,61.709999999999994,13.0,0.0,0.0,1,77.0,16.0
19,260,p039,9,100.0,53.32,58.68421052631579,1.0,0.0,1,74.0,16.0
19,260,p039,10,100.0,55.949999999999996,13.68421052631579,0.0,0.0,1,75.0,16.0
19,260,p039,11,100.0,55.949999999999996,13.68421052631579,0.0,0.0,1,75.0,16.0
19,260,p039,12,100.0,55.949999999999996,13.68421052631579,0.0,0.0,1,75.0,16.0
19,260,p039,13,100.0,56.029999999999994,13.68421052631579,0.0,0.0,1,76.0,16.0
19,260,p039,14,100.0,55.72,13.68421052631579,0.0,0.0,1,74.0,16.0
19,260,p039,15,100.0,53.48,58.68421052631579,1.0,0.0,1,76.0,16.0
19,260,p040,0,100.0,53.4,93.6842105263158,1.0,1.0,1,75.0,16.0
19,260,p040,1,100.0,51.38999999999999,13.88888888888889,0.0,0.0,1,68.0,16.0
19,260,p040,2,100.0,53.48,93.6842105263158,1.0,1.0,1,76.0,16.0
19,260,p040,3,100.0,53.48,93.6842105263158,1.0,1.0,1,76.0,16.0
19,260,p040,4,100.0,56.029999999999994,13.68421052631579,0.0,0.0,1,76.0,16.0
19,260,p040,5,100.0,53.4,93.6842105263158,1.0,1.0,1,75.0,16.0
19,260,p040,6,100.0,55.78999999999999,13.68421052631579,0.0,0.0,1,73.0,16.0
19,260,p040,7,100.0,55.949999999999996,13.68421052631579,0.0,0.0,1,75.0,16.0
19,260,p040,8,100.0,55.78999999999999,13.68421052631579,0.0,0.0,1,73.0,16.0
19,260,p040,9,100.0,55.78999999999999,13.68421052631579,0.0,0.0,1,73.0,16.0
19,260,p040,10,98.0,49.0,93.88888888888889,1.0,1.0,1,70.0,16.0
19,260,p040,11,100.0,53.48,93.6842105263158,1.0,1.0,1,76.0,16.0
19,260,p040,12,100.0,55.949999999999996,13.68421052631579,0.0,0.0,1,75.0,16.0
19,260,p040,13,100.0,53.56,93.6842105263158,1.0,1.0,1,77.0,16.0
19,260,p040,14,100.0,55.87,13.68421052631579,0.0,0.0,1,74.0,16.0
19,260,p040,15,100.0,51.309999999999995,13.88888888888889,0.0,0.0,1,67.0,16.0
19,260,p041,0,100.0,55.87,13.68421052631579,0.0,0.0,1,74.0,16.0
19,260,p041,1,100.0,53.32,93.6842105263158,1.0,1.0,1,74.0,16.0
19,260,p041,2,100.0,53.56,93.6842105263158,1.0,1.0,1,77.0,16.0
19,260,p041,3,100.0,61.949999999999996,13.0,0.0,0.0,1,80.0,16.0
19,260,p041,4,100.0,53.25,93.6842105263158,1.0,1.0,1,75.0,16.0
19,260,p041,5,100.0,53.4,93.6842105263158,1.0,1.0,1,75.0,16.0
19,260,p041,6,100.0,55.78999999999999,13.68421052631579,0.0,0.0,1,73.0,16.0
19,260,p041,7,45.94,22.97,18.57142857142857,0.0,0.0,0,34.0,4.0
19,260,p041,8,100.0,56.029999999999994,13.68421052631579,0.0,0.0,1,76.0,16.0
19,260,p041,9,100.0,53.56,93.6842105263158,1.0,1.0,1,77.0,16.0
19,260,p041,10,100.0,56.029999999999994,13.68421052631579,0.0,0.0,1,76.0,16.0
19,260,p041,11,100.0,61.64,13.0,0.0,0.0,1,78.0,16.0
19,260,p041,12,100.0,55.949999999999996,13.68421052631579,0.0,0.0,1,75.0,16.0
19,260,p041,13,100.0,55.78999999999999,13.68421052631579,0.0,0.0,1,73.0,16.0
19,260,p041,14,100.0,53.4,93.6842105263158,1.0,1.0,1,75.0,16.0
19,260,p041,15,98.16,49.08,93.88888888888889,1.0,1.0,1,71.0,16.0
19,260,p042,0,100.0,55.72,13.68421052631579,0.0,0.0,1,74.0,16.0
19,260,p042,1,100.0,53.4,93.6842105263158,1.0,1.0,1,75.0,16.0
19,260,p042,2,100.0,61.87,13.0,0.0,0.0,1,79.0,16.0
19,260,p042,3,100.0,56.029999999999994,13.68421052631579,0.0,0.0,1,76.0,16.0
19,260,p042,4,100.0,53.56,93.6842105263158,1.0,1.0,1,77.0,16.0
19,260,p042,5,100.0,55.949999999999996,13.68421052631579,0.0,0.0,1,75.0,16.0
19,260,p042,6,100.0,55.949999999999996,13.68421052631579,0.0,0.0,1,75.0,16.0
19,260,p042,7,100.0,55.78999999999999,13.68421052631579,0.0,0.0,1,73.0,16.0
19,260,p042,8,100.0,56.029999999999994,13.68421052631579,0.0,0.0,1,76.0,16.0
19,260,p042,9,100.0,51.38999999999999,13.88888888888889,0.0,0.0,1,68.0,16.0
19,260,p042,10,100.0,53.25,93.6842105263158,1.0,1.0,1,75.0,16.0
19,260,p042,11,100.0,53.4,93.6842105263158,1.0,1.0,1,75.0,16.0
19,260,p042,12,100.0,53.4,93.6842105263158,1.0,1.0,1,75.0,16.0
19,260,p042,13,98.16,49.08,93.88888888888889,1.0,1.0,1,71.0,16.0
19,260,p042,14,100.0,53.4,93.6842105263158,1.0,1.0,1,75.0,16.0
19,260,p042,15,100.0,55.87,13.68421052631579,0.0,0.0,1,74.0,16.0
19,260,p043,0,100.0,55.949999999999996,13.68421052631579,0.0,0.0,1,75.0,16.0
19,260,p043,1,100.0,53.64,58.68421052631579,1.0,0.0,1,78.0,16.0
19,260,p043,2,93.97999999999999,46.989999999999995,13.529411764705882,0.0,0.0,1,63.0,16.0
19,260,p043,3,100.0,55.72,13.68421052631579,0.0,0.0,1,74.0,16.0
19,260,p043,4,100.0,55.87,13.68421052631579,0.0,0.0,1,74.0,16.0
19,260,p043,5,100.0,55.78999999999999,13.68421052631579,0.0,0.0,1,73.0,16.0
19,260,p043,6,100.0,53.48,58.68421052631579,1.0,0.0,1,76.0,16.0
19,260,p043,7,100.0,56.029999999999994,13.68421052631579,0.0,0.0,1,76.0,16.0
19,260,p043,8,100.0,56.029999999999994,13.68421052631579,0.0,0.0,1,76.0,16.0
19,260,p043,9,89.2,44.6,58.529411764705884,1.0,0.0,1,65.0,16.0
19,260,p043,10,98.0,49.0,58.888888888888886,1.0,0.0,1,70.0,16.0
19,260,p043,11,100.0,53.64,58.68421052631579,1.0,0.0,1,78.0,16.0
19,260,p043,12,100.0,53.72,58.68421052631579,1.0,0.0,1,79.0,16.0
19,260,p043,13,100.0,55.72,13.68421052631579,0.0,0.0,1,74.0,16.0
19,260,p043,14,100.0,55.87,13.68421052631579,0.0,0.0,1,74.0,16.0
19,260,p043,15,22.1,11.05,97.5,1.0,1.0,1,40.0,0.0
19,260,p044,0,98.32,49.16,58.888888888888886,1.0,0.0,1,72.0,16.0
19,260,p044,1,100.0,53.48,58.68421052631579,1.0,0.0,1,76.0,16.0
19,260,p044,2,100.0,55.78999999999999,13.68421052631579,0.0,0.0,1,73.0,16.0
19,260,p044,3,100.0,55.949999999999996,13.68421052631579,0.0,0.0,1,75.0,16.0
19,260,p044,4,100.0,55.949999999999996,13.68421052631579,0.0,0.0,1,75.0,16.0
19,260,p044,5,100.0,51.47,13.88888888888889,0.0,0.0,1,69.0,16.0
19,260,p044,6,100.0,53.56,58.68421052631579,1.0,0.0,1,77.0,16.0
19,260,p044,7,89.2,44.6,58.529411764705884,1.0,0.0,1,65.0,16.0
19,260,p044,8,100.0,55.78999999999999,13.68421052631579,0.0,0.0,1,73.0,16.0
19,260,p044,9,100.0,55.87,13.68421052631579,0.0,0.0,1,74.0,16.0
19,260,p044,10,68.02,34.01,16.363636363636363,0.0,0.0,1,47.0,8.0
19,260,p044,11,100.0,53.48,58.68421052631579,1.0,0.0,1,76.0,16.0
19,260,p044,12,100.0,55.72,13.68421052631579,0.0,0.0,1,74.0,16.0
19,260,p044,13,100.0,55.78999999999999,13.68421052631579,0.0,0.0,1,73.0,16.0
19,260,p044,14,100.0,51.309999999999995,13.88888888888889,0.0,0.0,1,67.0,16.0
19,260,p044,15,100.0,53.48,58.68421052631579,1.0,0.0,1,76.0,16.0
19,260,p045,0,100.0,55.72,13.68421052631579,0.0,0.0,1,74.0,16.0
19,260,p045,1,100.0,55.78999999999999,13.68421052631579,0.0,0.0,1,73.0,16.0
19,260,p045,2,100.0,55.78999999999999,13.68421052631579,0.0,0.0,1,73.0,16.0
19,260,p045,3,100.0,61.949999999999996,13.0,0.0,0.0,1,80.0,16.0
19,260,p045,4,100.0,53.72,58.68421052631579,1.0,0.0,1,79.0,16.0
19,260,p045,5,100.0,55.87,13.68421052631579,0.0,0.0,1,74.0,16.0
19,260,p045,6,100.0,53.72,58.68421052631579,1.0,0.0,1,79.0,16.0
19,260,p045,7,100.0,53.72,58.68421052631579,1.0,0.0,1,79.0,16.0
19,260,p045,8,100.0,55.949999999999996,13.68421052631579,0.0,0.0,1,75.0,16.0
19,260,p045,9,100.0,53.48,58.68421052631579,1.0,0.0,1,76.0,16.0
19,260,p045,10,100.0,53.72,58.68421052631579,1.0,0.0,1,79.0,16.0
19,260,p045,11,100.0,53.48,58.68421052631579,1.0,0.0,1,76.0,16.0
19,260,p045,12,100.0,55.72,13.68421052631579,0.0,0.0,1,74.0,16.0
19,260,p045,13,100.0,53.72,58.68421052631579,1.0,0.0,1,79.0,16.0
19,260,p045,14,100.0,53.48,58.68421052631579,1.0,0.0,1,76.0,16.0
19,260,p045,15,100.0,53.56,58.68421052631579,1.0,0.0,1,77.0,16.0
19,260,p046,0,100.0,55.87,13.68421052631579,0.0,0.0,1,74.0,16.0
19,260,p046,1,100.0,53.629999999999995,58.68421052631579,1.0,0.0,1,76.0,16.0
19,260,p046,2,100.0,61.87,13.0,0.0,0.0,1,79.0,16.0
19,260,p046,3,100.0,51.309999999999995,13.88888888888889,0.0,0.0,1,67.0,16.0
19,260,p046,4,100.0,53.629999999999995,58.68421052631579,1.0,0.0,1,76.0,16.0
19,260,p046,5,67.06,33.53,96.66666666666667,1.0,1.0,1,71.0,8.0
19,260,p046,6,100.0,55.949999999999996,13.68421052631579,0.0,0.0,1,75.0,16.0
19,260,p046,7,100.0,56.029999999999994,13.68421052631579,0.0,0.0,1,76.0,16.0
19,260,p046,8,100.0,56.029999999999994,13.68421052631579,0.0,0.0,1,76.0,16.0
19,260,p046,9,100.0,53.79,58.68421052631579,1.0,0.0,1,78.0,16.0
19,260,p046,10,100.0,53.87,58.68421052631579,1.0,0.0,1,79.0,16.0
19,260,p046,11,100.0,55.949999999999996,13.68421052631579,0.0,0.0,1,75.0,16.0
19,260,p046,12,100.0,55.78999999999999,13.68421052631579,0.0,0.0,1,73.0,16.0
19,260,p046,13,100.0,55.87,13.68421052631579,0.0,0.0,1,74.0,16.0
19,260,p046,14,100.0,55.78999999999999,13.68421052631579,0.0,0.0,1,73.0,16.0
19,260,p046,15,100.0,55.87,13.68421052631579,0.0,0.0,1,74.0,16.0
19,260,p047,0,100.0,53.87,58.68421052631579,1.0,0.0,1,79.0,16.0
19,260,p047,1,98.61999999999999,49.309999999999995,58.888888888888886,1.0,0.0,1,72.0,16.0
19,260,p047,2,100.0,53.79,58.68421052631579,1.0,0.0,1,78.0,16.0
19,260,p047,3,100.0,53.79,58.68421052631579,1.0,0.0,1,78.0,16.0
19,260,p047,4,100.0,56.029999999999994,13.68421052631579,0.0,0.0,1,76.0,16.0
19,260,p047,5,100.0,53.87,58.68421052631579,1.0,0.0,1,79.0,16.0
19,260,p047,6,100.0,51.55,13.88888888888889,0.0,0.0,1,70.0,16.0
19,260,p047,7,100.0,56.029999999999994,13.68421052631579,0.0,0.0,1,76.0,16.0
19,260,p047,8,98.78,49.39,58.888888888888886,1.0,0.0,1,73.0,16.0
19,260,p047,9,100.0,53.709999999999994,58.68421052631579,1.0,0.0,1,77.0,16.0
19,260,p047,10,93.97999999999999,46.989999999999995,13.529411764705882,0.0,0.0,1,63.0,16.0
19,260,p047,11,100.0,53.87,58.68421052631579,1.0,0.0,1,79.0,16.0
19,260,p047,12,100.0,55.78999999999999,13.68421052631579,0.0,0.0,1,73.0,16.0
19,260,p047,13,100.0,51.309999999999995,13.88888888888889,0.0,0.0,1,67.0,16.0
19,260,p047,14,89.2,44.6,58.529411764705884,1.0,0.0,1,65.0,16.0
19,260,p047,15,34.0,17.0,98.33333333333333,1.0,1.0,1,50.0,2.0
19,260,p048,0,98.16,49.08,58.888888888888886,1.0,0.0,1,71.0,16.0
19,260,p048,1,100.0,53.87,58.68421052631579,1.0,0.0,1,79.0,16.0
19,260,p048,2,100.0,55.949999999999996,13.68421052631579,0.0,0.0,1,75.0,16.0
19,260,p048,3,100.0,55.87,13.68421052631579,0.0,0.0,1,74.0,16.0
19,260,p048,4,100.0,61.79,13.0,0.0,0.0,1,78.0,16.0
19,260,p048,5,100.0,55.949999999999996,13.68421052631579,0.0,0.0,1,75.0,16.0
19,260,p048,6,100.0,53.56,58.68421052631579,1.0,0.0,1,77.0,16.0
19,260,p048,7,100.0,56.029999999999994,13.68421052631579,0.0,0.0,1,76.0,16.0
19,260,p048,8,100.0,53.87,58.68421052631579,1.0,0.0,1,79.0,16.0
19,260,p048,9,100.0,53.79,58.68421052631579,1.0,0.0,1,78.0,16.0
19,260,p048,10,100.0,51.239999999999995,13.88888888888889,0.0,0.0,1,68.0,16.0
19,260,p048,11,100.0,61.79,13.0,0.0,0.0,1,78.0,16.0
19,260,p048,12,100.0,56.029999999999994,13.68421052631579,0.0,0.0,1,76.0,16.0
19,260,p048,13,66.28,33.14,96.66666666666667,1.0,1.0,1,68.0,8.0
19,260,p048,14,100.0,55.72,13.68421052631579,0.0,0.0,1,74.0,16.0
19,260,p048,15,100.0,61.79,13.0,0.0,0.0,1,78.0,16.0
19,280,p037,0,100.0,55.949999999999996,13.68421052631579,0.0,0.0,1,75.0,16.0
19,280,p037,1,100.0,53.4,58.68421052631579,1.0,0.0,1,75.0,16.0
19,280,p037,2,100.0,55.87,13.68421052631579,0.0,0.0,1,74.0,16.0
19,280,p037,3,100.0,56.029999999999994,13.68421052631579,0.0,0.0,1,76.0,16.0
19,280,p037,4,100.0,55.949999999999996,13.68421052631579,0.0,0.0,1,75.0,16.0
19,280,p037,5,100.0,55.87,13.68421052631579,0.0,0.0,1,74.0,16.0
19,280,p037,6,100.0,55.949999999999996,13.68421052631579,0.0,0.0,1,75.0,16.0
19,280,p037,7,100.0,53.17,58.68421052631579,1.0,0.0,1,74.0,16.0
19,280,p037,8,100.0,55.949999999999996,13.68421052631579,0.0,0.0,1,75.0,16.0
19,280,p037,9,100.0,53.4,58.68421052631579,1.0,0.0,1,75.0,16.0
19,280,p037,10,100.0,53.4,58.68421052631579,1.0,0.0,1,75.0,16.0
19,280,p037,11,100.0,55.72,13.68421052631579,0.0,0.0,1,74.0,16.0
19,280,p037,12,100.0,55.72,13.68421052631579,0.0,0.0,1,74.0,16.0
19,280,p037,13,100.0,55.78999999999999,13.68421052631579,0.0,0.0,1,73.0,16.0
19,280,p037,14,100.0,51.55,13.88888888888889,0.0,0.0,1,70.0,16.0
19,280,p037,15,100.0,61.79,13.0,0.0,0.0,1,78.0,16.0
19,280,p038,0,100.0,53.239999999999995,58.68421052631579,1.0,0.0,1,73.0,16.0
19,280,p038,1,100.0,53.4,58.68421052631579,1.0,0.0,1,75.0,16.0
19,280,p038,2,100.0,53.17,58.68421052631579,1.0,0.0,1,74.0,16.0
19,280,p038,3,100.0,55.78999999999999,13.68421052631579,0.0,0.0,1,73.0,16.0
19,280,p038,4,100.0,55.78999999999999,13.68421052631579,0.0,0.0,1,73.0,16.0
19,280,p038,5,100.0,53.17,58.68421052631579,1.0,0.0,1,74.0,16.0
19,280,p038,6,100.0,53.4,58.68421052631579,1.0,0.0,1,75.0,16.0
19,280,p038,7,100.0,55.78999999999999,13.68421052631579,0.0,0.0,1,73.0,16.0
19,280,p038,8,100.0,55.949999999999996,13.68421052631579,0.0,0.0,1,75.0,16.0
19,280,p038,9,100.0,53.48,58.68421052631579,1.0,0.0,1,76.0,16.0
19,280,p038,10,100.0,53.48,58.68421052631579,1.0,0.0,1,76.0,16.0
19,280,p038,11,100.0,55.87,13.68421052631579,0.0,0.0,1,74.0,16.0
19,280,p038,12,100.0,55.949999999999996,13.68421052631579,0.0,0.0,1,75.0,16.0
19,280,p038,13,100.0,55.78999999999999,13.68421052631579,0.0,0.0,1,73.0,16.0
19,280,p038,14,100.0,53.4,58.68421052631579,1.0,0.0,1,75.0,16.0
19,280,p038,15,100.0,55.949999999999996,13.68421052631579,0.0,0.0,1,75.0,16.0
19,280,p039,0,97.84,48.92,58.888888888888886,1.0,0.0,1,69.0,16.0
19,280,p039,1,100.0,53.239999999999995,58.68421052631579,1.0,0.0,1,73.0,16.0
19,280,p039,2,100.0,53.48,58.68421052631579,1.0,0.0,1,76.0,16.0
19,280,p039,3,100.0,56.029999999999994,13.68421052631579,0.0,0.0,1,76.0,16.0
19,280,p039,4,100.0,53.239999999999995,58.68421052631579,1.0,0.0,1,73.0,16.0
19,280,p039,5,100.0,53.4,58.68421052631579,1.0,0.0,1,75.0,16.0
19,280,p039,6,97.38,48.69,58.888888888888886,1.0,0.0,1,68.0,16.0
19,280,p039,7,100.0,61.709999999999994,13.0,0.0,0.0,1,77.0,16.0
19,280,p039,8,100.0,61.709999999999994,13.0,0.0,0.0,1,77.0,16.0
19,280,p039,9,100.0,53.32,58.68421052631579,1.0,0.0,1,74.0,16.0
19,280,p039,10,100.0,55.949999999999996,13.68421052631579,0.0,0.0,1,75.0,16.0
19,280,p039,11,100.0,55.949999999999996,13.68421052631579,0.0,0.0,1,75.0,16.0
19,280,p039,12,100.0,55.949999999999996,13.68421052631579,0.0,0.0,1,75.0,16.0
19,280,p039,13,100.0,56.029999999999994,13.68421052631579,0.0,0.0,1,76.0,16.0
19,280,p039,14,100.0,55.72,13.68421052631579,0.0,0.0,1,74.0,16.0
19,280,p039,15,100.0,53.48,58.68421052631579,1.0,0.0,1,76.0,16.0
19,280,p040,0,100.0,53.4,93.6842105263158,1.0,1.0,1,75.0,16.0
19,280,p040,1,100.0,51.38999999999999,13.88888888888889,0.0,0.0,1,68.0,16.0
19,280,p040,2,100.0,53.48,93.6842105263158,1.0,1.0,1,76.0,16.0
19,280,p040,3,100.0,53.48,93.6842105263158,1.0,1.0,1,76.0,16.0
19,280,p040,4,100.0,56.029999999999994,13.68421052631579,0.0,0.0,1,76.0,16.0
19,280,p040,5,100.0,53.4,93.6842105263158,1.0,1.0,1,75.0,16.0
19,280,p040,6,100.0,55.78999999999999,13.68421052631579,0.0,0.0,1,73.0,16.0
19,280,p040,7,100.0,55.949999999999996,13.68421052631579,0.0,0.0,1,75.0,16.0
19,280,p040,8,100.0,55.78999999999999,13.68421052631579,0.0,0.0,1,73.0,16.0
19,280,p040,9,100.0,55.78999999999999,13.68421052631579,0.0,0.0,1,73.0,16.0
19,280,p040,10,100.0,53.48,93.6842105263158,1.0,1.0,1,76.0,16.0
19,280,p040,11,100.0,53.48,93.6842105263158,1.0,1.0,1,76.0,16.0
19,280,p040,12,100.0,55.949999999999996,13.68421052631579,0.0,0.0,1,75.0,16.0
19,280,p040,13,100.0,53.56,93.6842105263158,1.0,1.0,1,77.0,16.0
19,280,p040,14,100.0,55.87,13.68421052631579,0.0,0.0,1,74.0,16.0
19,280,p040,15,100.0,55.78999999999999,13.68421052631579,0.0,0.0,1,73.0,16.0
19,280,p041,0,100.0,55.87,13.68421052631579,0.0,0.0,1,74.0,16.0
19,280,p041,1,100.0,53.32,93.6842105263158,1.0,1.0,1,74.0,16.0
19,280,p041,2,100.0,53.56,93.6842105263158,1.0,1.0,1,77.0,16.0
19,280,p041,3,100.0,61.949999999999996,13.0,0.0,0.0,1,80.0,16.0
19,280,p041,4,100.0,53.25,93.6842105263158,1.0,1.0,1,75.0,16.0
19,280,p041,5,100.0,53.4,93.6842105263158,1.0,1.0,1,75.0,16.0
19,280,p041,6,100.0,55.78999999999999,13.68421052631579,0.0,0.0,1,73.0,16.0
19,280,p041,7,67.56,33.78,16.363636363636363,0.0,0.0,1,46.0,8.0
19,280,p041,8,100.0,56.029999999999994,13.68421052631579,0.0,0.0,1,76.0,16.0
19,280,p041,9,100.0,53.56,93.6842105263158,1.0,1.0,1,77.0,16.0
19,280,p041,10,100.0,56.029999999999994,13.68421052631579,0.0,0.0,1,76.0,16.0
19,280,p041,11,100.0,61.64,13.0,0.0,0.0,1,78.0,16.0
19,280,p041,12,100.0,55.949999999999996,13.68421052631579,0.0,0.0,1,75.0,16.0
19,280,p041,13,100.0,55.78999999999999,13.68421052631579,0.0,0.0,1,73.0,16.0
19,280,p041,14,100.0,55.87,13.68421052631579,0.0,0.0,1,74.0,16.0
19,280,p041,15,100.0,51.55,13.88888888888889,0.0,0.0,1,70.0,16.0
19,280,p042,0,100.0,55.72,13.68421052631579,0.0,0.0,1,74.0,16.0
19,280,p042,1,100.0,53.4,93.6842105263158,1.0,1.0,1,75.0,16.0
19,280,p042,2,100.0,61.87,13.0,0.0,0.0,1,79.0,16.0
19,280,p042,3,100.0,56.029999999999994,13.68421052631579,0.0,0.0,1,76.0,16.0
19,280,p042,4,100.0,53.56,93.6842105263158,1.0,1.0,1,77.0,16.0
19,280,p042,5,100.0,55.949999999999996,13.68421052631579,0.0,0.0,1,75.0,16.0
19,280,p042,6,100.0,55.949999999999996,13.68421052631579,0.0,0.0,1,75.0,16.0
19,280,p042,7,100.0,55.78999999999999,13.68421052631579,0.0,0.0,1,73.0,16.0
19,280,p042,8,100.0,56.029999999999994,13.68421052631579,0.0,0.0,1,76.0,16.0
19,280,p042,9,100.0,55.87,13.68421052631579,0.0,0.0,1,74.0,16.0
19,280,p042,10,100.0,53.25,93.6842105263158,1.0,1.0,1,75.0,16.0
19,280,p042,11,100.0,53.4,93.6842105263158,1.0,1.0,1,75.0,16.0
19,280,p042,12,100.0,55.87,13.68421052631579,0.0,0.0,1,74.0,16.0
19,280,p042,13,98.16,49.08,93.88888888888889,1.0,1.0,1,71.0,16.0
19,280,p042,14,100.0,53.4,93.6842105263158,1.0,1.0,1,75.0,16.0
19,280,p042,15,100.0,55.87,13.68421052631579,0.0,0.0,1,74.0,16.0
19,280,p043,0,100.0,55.949999999999996,13.68421052631579,0.0,0.0,1,75.0,16.0
19,280,p043,1,100.0,53.64,58.68421052631579,1.0,0.0,1,78.0,16.0
19,280,p043,2,93.97999999999999,46.989999999999995,13.529411764705882,0.0,0.0,1,63.0,16.0
19,280,p043,3,100.0,55.72,13.68421052631579,0.0,0.0,1,74.0,16.0
19,280,p043,4,100.0,55.87,13.68421052631579,0.0,0.0,1,74.0,16.0
19,280,p043,5,100.0,55.78999999999999,13.68421052631579,0.0,0.0,1,73.0,16.0
19,280,p043,6,100.0,53.48,58.68421052631579,1.0,0.0,1,76.0,16.0
19,280,p043,7,100.0,56.029999999999994,13.68421052631579,0.0,0.0,1,76.0,16.0
19,280,p043,8,100.0,56.029999999999994,13.68421052631579,0.0,0.0,1,76.0,16.0
19,280,p043,9,89.2,44.6,58.529411764705884,1.0,0.0,1,65.0,16.0
19,280,p043,10,98.0,49.0,58.888888888888886,1.0,0.0,1,70.0,16.0
19,280,p043,11,100.0,53.64,58.68421052631579,1.0,0.0,1,78.0,16.0
19,280,p043,12,100.0,53.72,58.68421052631579,1.0,0.0,1,79.0,16.0
19,280,p043,13,100.0,55.72,13.68421052631579,0.0,0.0,1,74.0,16.0
19,280,p043,14,100.0,55.87,13.68421052631579,0.0,0.0,1,74.0,16.0
19,280,p043,15,22.1,11.05,97.5,1.0,1.0,1,40.0,0.0
19,280,p044,0,100.0,53.64,58.68421052631579,1.0,0.0,1,78.0,16.0
19,280,p044,1,100.0,53.48,58.68421052631579,1.0,0.0,1,76.0,16.0
19,280,p044,2,100.0,55.78999999999999,13.68421052631579,0.0,0.0,1,73.0,16.0
19,280,p044,3,100.0,55.949999999999996,13.68421052631579,0.0,0.0,1,75.0,16.0
19,280,p044,4,100.0,55.949999999999996,13.68421052631579,0.0,0.0,1,75.0,16.0
19,280,p044,5,100.0,51.47,13.88888888888889,0.0,0.0,1,69.0,16.0
19,280,p044,6,100.0,53.56,58.68421052631579,1.0,0.0,1,77.0,16.0
19,280,p044,7,89.2,44.6,58.529411764705884,1.0,0.0,1,65.0,16.0
19,280,p044,8,100.0,55.78999999999999,13.68421052631579,0.0,0.0,1,73.0,16.0
19,280,p044,9,100.0,55.87,13.68421052631579,0.0,0.0,1,74.0,16.0
19,280,p044,10,100.0,56.029999999999994,13.68421052631579,0.0,0.0,1,76.0,16.0
19,280,p044,11,100.0,53.48,58.68421052631579,1.0,0.0,1,76.0,16.0
19,280,p044,12,100.0,55.72,13.68421052631579,0.0,0.0,1,74.0,16.0
19,280,p044,13,100.0,55.78999999999999,13.68421052631579,0.0,0.0,1,73.0,16.0
19,280,p044,14,100.0,55.78999999999999,13.68421052631579,0.0,0.0,1,73.0,16.0
19,280,p044,15,100.0,53.48,58.68421052631579,1.0,0.0,1,76.0,16.0
19,280,p045,0,100.0,55.72,13.68421052631579,0.0,0.0,1,74.0,16.0
19,280,p045,1,100.0,55.78999999999999,13.68421052631579,0.0,0.0,1,73.0,16.0
19,280,p045,2,100.0,55.78999999999999,13.68421052631579,0.0,0.0,1,73.0,16.0
19,280,p045,3,100.0,61.949999999999996,13.0,0.0,0.0,1,80.0,16.0
19,280,p045,4,100.0,53.72,58.68421052631579,1.0,0.0,1,79.0,16.0
19,280,p045,5,100.0,55.87,13.68421052631579,0.0,0.0,1,74.0,16.0
19,280,p045,6,100.0,53.72,58.68421052631579,1.0,0.0,1,79.0,16.0
19,280,p045,7,100.0,53.72,58.68421052631579,1.0,0.0,1,79.0,16.0
19,280,p045,8,100.0,55.949999999999996,13.68421052631579,0.0,0.0,1,75.0,16.0
19,280,p045,9,100.0,53.48,58.68421052631579,1.0,0.0,1,76.0,16.0
19,280,p045,10,100.0,53.72,58.68421052631579,1.0,0.0,1,79.0,16.0
19,280,p045,11,100.0,53.48,58.68421052631579,1.0,0.0,1,76.0,16.0
19,280,p045,12,100.0,55.72,13.68421052631579,0.0,0.0,1,74.0,16.0
19,280,p045,13,100.0,53.72,58.68421052631579,1.0,0.0,1,79.0,16.0
19,280,p045,14,100.0,53.48,58.68421052631579,1.0,0.0,1,76.0,16.0
19,280,p045,15,100.0,53.56,58.68421052631579,1.0,0.0,1,77.0,16.0
19,280,p046,0,100.0,55.87,13.68421052631579,0.0,0.0,1,74.0,16.0
19,280,p046,1,100.0,53.629999999999995,58.68421052631579,1.0,0.0,1,76.0,16.0
19,280,p046,2,100.0,61.87,13.0,0.0,0.0,1,79.0,16.0
19,280,p046,3,100.0,51.309999999999995,13.88888888888889,0.0,0.0,1,67.0,16.0
19,280,p046,4,100.0,53.629999999999995,58.68421052631579,1.0,0.0,1,76.0,16.0
19,280,p046,5,100.0,53.79,58.68421052631579,1.0,0.0,1,78.0,16.0
19,280,p046,6,100.0,55.949999999999996,13.68421052631579,0.0,0.0,1,75.0,16.0
19,280,p046,7,100.0,56.029999999999994,13.68421052631579,0.0,0.0,1,76.0,16.0
19,280,p046,8,100.0,61.949999999999996,13.0,0.0,0.0,1,80.0,16.0
19,280,p046,9,100.0,55.949999999999996,13.68421052631579,0.0,0.0,1,75.0,16.0
19,280,p046,10,100.0,53.87,58.68421052631579,1.0,0.0,1,79.0,16.0
19,280,p046,11,100.0,55.949999999999996,13.68421052631579,0.0,0.0,1,75.0,16.0
19,280,p046,12,100.0,55.78999999999999,13.68421052631579,0.0,0.0,1,73.0,16.0
19,280,p046,13,100.0,55.87,13.68421052631579,0.0,0.0,1,74.0,16.0
19,280,p046,14,100.0,55.78999999999999,13.68421052631579,0.0,0.0,1,73.0,16.0
19,280,p046,15,100.0,55.87,13.68421052631579,0.0,0.0,1,74.0,16.0
19,280,p047,0,100.0,53.87,58.68421052631579,1.0,0.0,1,79.0,16.0
19,280,p047,1,98.61999999999999,49.309999999999995,58.888888888888886,1.0,0.0,1,72.0,16.0
19,280,p047,2,100.0,53.79,58.68421052631579,1.0,0.0,1,78.0,16.0
19,280,p047,3,100.0,61.87,13.0,0.0,0.0,1,79.0,16.0
19,280,p047,4,100.0,56.029999999999994,13.68421052631579,0.0,0.0,1,76.0,16.0
19,280,p047,5,100.0,53.87,58.68421052631579,1.0,0.0,1,79.0,16.0
19,280,p047,6,100.0,51.55,13.88888888888889,0.0,0.0,1,70.0,16.0
19,280,p047,7,100.0,56.029999999999994,13.68421052631579,0.0,0.0,1,76.0,16.0
19,280,p047,8,98.78,49.39,58.888888888888886,1.0,0.0,1,73.0,16.0
19,280,p047,9,100.0,53.709999999999994,58.68421052631579,1.0,0.0,1,77.0,16.0
19,280,p047,10,93.97999999999999,46.989999999999995,13.529411764705882,0.0,0.0,1,63.0,16.0
19,280,p047,11,100.0,53.87,58.68421052631579,1.0,0.0,1,79.0,16.0
19,280,p047,12,100.0,55.78999999999999,13.68421052631579,0.0,0.0,1,73.0,16.0
19,280,p047,13,100.0,51.309999999999995,13.88888888888889,0.0,0.0,1,67.0,16.0
19,280,p047,14,89.2,44.6,58.529411764705884,1.0,0.0,1,65.0,16.0
19,280,p047,15,34.0,17.0,98.33333333333333,1.0,1.0,1,50.0,2.0
19,280,p048,0,98.16,49.08,58.888888888888886,1.0,0.0,1,71.0,16.0
19,280,p048,1,100.0,53.87,58.68421052631579,1.0,0.0,1,79.0,16.0
19,280,p048,2,100.0,55.949999999999996,13.68421052631579,0.0,0.0,1,75.0,16.0
19,280,p048,3,100.0,55.87,13.68421052631579,0.0,0.0,1,74.0,16.0
19,280,p048,4,100.0,61.79,13.0,0.0,0.0,1,78.0,16.0
19,280,p048,5,100.0,55.949999999999996,13.68421052631579,0.0,0.0,1,75.0,16.0
19,280,p048,6,100.0,53.56,58.68421052631579,1.0,0.0,1,77.0,16.0
19,280,p048,7,100.0,56.029999999999994,13.68421052631579,0.0,0.0,1,76.0,16.0
19,280,p048,8,100.0,53.87,58.68421052631579,1.0,0.0,1,79.0,16.0
19,280,p048,9,100.0,53.79,58.68421052631579,1.0,0.0,1,78.0,16.0
19,280,p048,10,100.0,51.239999999999995,13.88888888888889,0.0,0.0,1,68.0,16.0
19,280,p048,11,100.0,61.79,13.0,0.0,0.0,1,78.0,16.0
19,280,p048,12,100.0,56.029999999999994,13.68421052631579,0.0,0.0,1,76.0,16.0
19,280,p048,13,66.28,33.14,96.66666666666667,1.0,1.0,1,68.0,8.0
19,280,p048,14,100.0,55.72,13.68421052631579,0.0,0.0,1,74.0,16.0
19,280,p048,15,100.0,61.79,13.0,0.0,0.0,1,78.0,16.0
19,300,p037,0,100.0,55.949999999999996,13.68421052631579,0.0,0.0,1,75.0,16.0
19,300,p037,1,100.0,55.949999999999996,13.68421052631579,0.0,0.0,1,75.0,16.0
19,300,p037,2,100.0,55.87,13.68421052631579,0.0,0.0,1,74.0,16.0
19,300,p037,3,100.0,56.029999999999994,13.68421052631579,0.0,0.0,1,76.0,16.0
19,300,p037,4,100.0,55.949999999999996,13.68421052631579,0.0,0.0,1,75.0,16.0
19,300,p037,5,100.0,55.87,13.68421052631579,0.0,0.0,1,74.0,16.0
19,300,p037,6,100.0,55.949999999999996,13.68421052631579,0.0,0.0,1,75.0,16.0
19,300,p037,7,100.0,53.17,58.68421052631579,1.0,0.0,1,74.0,16.0
19,300,p037,8,100.0,55.949999999999996,13.68421052631579,0.0,0.0,1,75.0,16.0
19,300,p037,9,100.0,53.4,58.68421052631579,1.0,0.0,1,75.0,16.0
19,300,p037,10,100.0,53.4,58.68421052631579,1.0,0.0,1,75.0,16.0
19,300,p037,11,100.0,55.72,13.68421052631579,0.0,0.0,1,74.0,16.0
19,300,p037,12,100.0,55.72,13.68421052631579,0.0,0.0,1,74.0,16.0
19,300,p037,13,100.0,55.78999999999999,13.68421052631579,0.0,0.0,1,73.0,16.0
19,300,p037,14,100.0,51.55,13.88888888888889,0.0,0.0,1,70.0,16.0
19,300,p037,15,100.0,61.79,13.0,0.0,0.0,1,78.0,16.0
19,300,p038,0,100.0,55.78999999999999,13.68421052631579,0.0,0.0,1,73.0,16.0
19,300,p038,1,100.0,53.4,58.68421052631579,1.0,0.0,1,75.0,16.0
19,300,p038,2,100.0,53.17,58.68421052631579,1.0,0.0,1,74.0,16.0
19,300,p038,3,100.0,55.78999999999999,13.68421052631579,0.0,0.0,1,73.0,16.0
19,300,p038,4,100.0,55.78999999999999,13.68421052631579,0.0,0.0,1,73.0,16.0
19,300,p038,5,100.0,53.17,58.68421052631579,1.0,0.0,1,74.0,16.0
19,300,p038,6,100.0,53.4,58.68421052631579,1.0,0.0,1,75.0,16.0
19,300,p038,7,100.0,55.78999999999999,13.68421052631579,0.0,0.0,1,73.0,16.0
19,300,p038,8,100.0,55.949999999999996,13.68421052631579,0.0,0.0,1,75.0,16.0
19,300,p038,9,100.0,53.48,58.68421052631579,1.0,0.0,1,76.0,16.0
19,300,p038,10,100.0,53.48,58.68421052631579,1.0,0.0,1,76.0,16.0
19,300,p038,11,100.0,55.87,13.68421052631579,0.0,0.0,1,74.0,16.0
19,300,p038,12,100.0,55.949999999999996,13.68421052631579,0.0,0.0,1,75.0,16.0
19,300,p038,13,100.0,55.78999999999999,13.68421052631579,0.0,0.0,1,73.0,16.0
19,300,p038,14,100.0,53.4,58.68421052631579,1.0,0.0,1,75.0,16.0
19,300,p038,15,100.0,55.949999999999996,13.68421052631579,0.0,0.0,1,75.0,16.0
19,300,p039,0,97.84,48.92,58.888888888888886,1.0,0.0,1,69.0,16.0
19,300,p039,1,100.0,53.239999999999995,58.68421052631579,1.0,0.0,1,73.0,16.0
19,300,p039,2,100.0,53.48,58.68421052631579,1.0,0.0,1,76.0,16.0
19,300,p039,3,100.0,56.029999999999994,13.68421052631579,0.0,0.0,1,76.0,16.0
19,300,p039,4,100.0,61.709999999999994,13.0,0.0,0.0,1,77.0,16.0
19,300,p039,5,100.0,53.4,58.68421052631579,1.0,0.0,1,75.0,16.0
19,300,p039,6,97.38,48.69,58.888888888888886,1.0,0.0,1,68.0,16.0
19,300,p039,7,100.0,61.709999999999994,13.0,0.0,0.0,1,77.0,16.0
19,300,p039,8,100.0,61.709999999999994,13.0,0.0,0.0,1,77.0,16.0
19,300,p039,9,100.0,53.32,58.68421052631579,1.0,0.0,1,74.0,16.0
19,300,p039,10,100.0,55.949999999999996,13.68421052631579,0.0,0.0,1,75.0,16.0
19,300,p039,11,100.0,55.949999999999996,13.68421052631579,0.0,0.0,1,75.0,16.0
19,300,p039,12,100.0,55.949999999999996,13.68421052631579,0.0,0.0,1,75.0,16.0
19,300,p039,13,100.0,56.029999999999994,13.68421052631579,0.0,0.0,1,76.0,16.0
19,300,p039,14,100.0,55.72,13.68421052631579,0.0,0.0,1,74.0,16.0
19,300,p039,15,100.0,53.48,58.68421052631579,1.0,0.0,1,76.0,16.0
19,300,p040,0,100.0,55.87,13.68421052631579,0.0,0.0,1,74.0,16.0
19,300,p040,1,100.0,51.38999999999999,13.88888888888889,0.0,0.0,1,68.0,16.0
19,300,p040,2,100.0,53.48,93.6842105263158,1.0,1.0,1,76.0,16.0
19,300,p040,3,100.0,53.48,93.6842105263158,1.0,1.0,1,76.0,16.0
19,300,p040,4,100.0,56.029999999999994,13.68421052631579,0.0,0.0,1,76.0,16.0
19,300,p040,5,100.0,53.4,93.6842105263158,1.0,1.0,1,75.0,16.0
19,300,p040,6,100.0,55.78999999999999,13.68421052631579,0.0,0.0,1,73.0,16.0
19,300,p040,7,100.0,55.949999999999996,13.68421052631579,0.0,0.0,1,75.0,16.0
19,300,p040,8,100.0,55.78999999999999,13.68421052631579,0.0,0.0,1,73.0,16.0
19,300,p040,9,100.0,55.78999999999999,13.68421052631579,0.0,0.0,1,73.0,16.0
19,300,p040,10,100.0,53.48,93.6842105263158,1.0,1.0,1,76.0,16.0
19,300,p040,11,100.0,53.48,93.6842105263158,1.0,1.0,1,76.0,16.0
19,300,p040,12,100.0,55.949999999999996,13.68421052631579,0.0,0.0,1,75.0,16.0
19,300,p040,13,100.0,56.029999999999994,13.68421052631579,0.0,0.0,1,76.0,16.0
19,300,p040,14,100.0,55.87,13.68421052631579,0.0,0.0,1,74.0,16.0
19,300,p040,15,100.0,55.78999999999999,13.68421052631579,0.0,0.0,1,73.0,16.0
19,300,p041,0,100.0,55.87,13.68421052631579,0.0,0.0,1,74.0,16.0
19,300,p041,1,100.0,53.32,93.6842105263158,1.0,1.0,1,74.0,16.0
19,300,p041,2,100.0,53.56,93.6842105263158,1.0,1.0,1,77.0,16.0
19,300,p041,3,100.0,61.949999999999996,13.0,0.0,0.0,1,80.0,16.0
19,300,p041,4,100.0,53.25,93.6842105263158,1.0,1.0,1,75.0,16.0
19,300,p041,5,100.0,53.4,93.6842105263158,1.0,1.0,1,75.0,16.0
19,300,p041,6,100.0,55.78999999999999,13.68421052631579,0.0,0.0,1,73.0,16.0
19,300,p041,7,67.56,33.78,16.363636363636363,0.0,0.0,1,46.0,8.0
19,300,p041,8,100.0,56.029999999999994,13.68421052631579,0.0,0.0,1,76.0,16.0
19,300,p041,9,100.0,53.56,93.6842105263158,1.0,1.0,1,77.0,16.0
19,300,p041,10,100.0,56.029999999999994,13.68421052631579,0.0,0.0,1,76.0,16.0
19,300,p041,11,100.0,61.64,13.0,0.0,0.0,1,78.0,16.0
19,300,p041,12,100.0,55.949999999999996,13.68421052631579,0.0,0.0,1,75.0,16.0
19,300,p041,13,100.0,55.78999999999999,13.68421052631579,0.0,0.0,1,73.0,16.0
19,300,p041,14,100.0,55.87,13.68421052631579,0.0,0.0,1,74.0,16.0
19,300,p041,15,100.0,51.55,13.88888888888889,0.0,0.0,1,70.0,16.0
19,300,p042,0,100.0,55.72,13.68421052631579,0.0,0.0,1,74.0,16.0
19,300,p042,1,100.0,55.87,13.68421052631579,0.0,0.0,1,74.0,16.0
19,300,p042,2,100.0,61.87,13.0,0.0,0.0,1,79.0,16.0
19,300,p042,3,100.0,56.029999999999994,13.68421052631579,0.0,0.0,1,76.0,16.0
19,300,p042,4,100.0,53.56,93.6842105263158,1.0,1.0,1,77.0,16.0
19,300,p042,5,100.0,55.949999999999996,13.68421052631579,0.0,0.0,1,75.0,16.0
19,300,p042,6,100.0,55.949999999999996,13.68421052631579,0.0,0.0,1,75.0,16.0
19,300,p042,7,100.0,55.78999999999999,13.68421052631579,0.0,0.0,1,73.0,16.0
19,300,p042,8,100.0,56.029999999999994,13.68421052631579,0.0,0.0,1,76.0,16.0
19,300,p042,9,100.0,55.87,13.68421052631579,0.0,0.0,1,74.0,16.0
19,300,p042,10,100.0,53.25,93.6842105263158,1.0,1.0,1,75.0,16.0
19,300,p042,11,100.0,53.4,93.6842105263158,1.0,1.0,1,75.0,16.0
19,300,p042,12,100.0,55.87,13.68421052631579,0.0,0.0,1,74.0,16.0
19,300,p042,13,98.16,49.08,93.88888888888889,1.0,1.0,1,71.0,16.0
19,300,p042,14,100.0,61.79,13.0,0.0,0.0,1,78.0,16.0
19,300,p042,15,100.0,55.87,13.68421052631579,0.0,0.0,1,74.0,16.0
19,300,p043,0,100.0,55.949999999999996,13.68421052631579,0.0,0.0,1,75.0,16.0
19,300,p043,1,100.0,53.64,58.68421052631579,1.0,0.0,1,78.0,16.0
19,300,p043,2,93.97999999999999,46.989999999999995,13.529411764705882,0.0,0.0,1,63.0,16.0
19,300,p043,3,100.0,55.72,13.68421052631579,0.0,0.0,1,74.0,16.0
19,300,p043,4,100.0,55.87,13.68421052631579,0.0,0.0,1,74.0,16.0
19,300,p043,5,100.0,55.78999999999999,13.68421052631579,0.0,0.0,1,73.0,16.0
19,300,p043,6,100.0,53.48,58.68421052631579,1.0,0.0,1,76.0,16.0
19,300,p043,7,100.0,56.029999999999994,13.68421052631579,0.0,0.0,1,76.0,16.0
19,300,p043,8,100.0,56.029999999999994,13.68421052631579,0.0,0.0,1,76.0,16.0
19,300,p043,9,89.2,44.6,58.529411764705884,1.0,0.0,1,65.0,16.0
19,300,p043,10,98.0,49.0,58.888888888888886,1.0,0.0,1,70.0,16.0
19,300,p043,11,100.0,53.64,58.68421052631579,1.0,0.0,1,78.0,16.0
19,300,p043,12,100.0,53.72,58.68421052631579,1.0,0.0,1,79.0,16.0
19,300,p043,13,100.0,55.72,13.68421052631579,0.0,0.0,1,74.0,16.0
19,300,p043,14,100.0,55.87,13.68421052631579,0.0,0.0,1,74.0,16.0
19,300,p043,15,22.1,11.05,97.5,1.0,1.0,1,40.0,0.0
19,300,p044,0,100.0,53.64,58.68421052631579,1.0,0.0,1,78.0,16.0
19,300,p044,1,100.0,53.48,58.68421052631579,1.0,0.0,1,76.0,16.0
19,300,p044,2,100.0,55.78999999999999,13.68421052631579,0.0,0.0,1,73.0,16.0
19,300,p044,3,100.0,55.949999999999996,13.68421052631579,0.0,0.0,1,75.0,16.0
19,300,p044,4,100.0,55.949999999999996,13.68421052631579,0.0,0.0,1,75.0,16.0
19,300,p044,5,100.0,51.47,13.88888888888889,0.0,0.0,1,69.0,16.0
19,300,p044,6,100.0,53.56,58.68421052631579,1.0,0.0,1,77.0,16.0
19,300,p044,7,100.0,51.38999999999999,13.88888888888889,0.0,0.0,1,68.0,16.0
19,300,p044,8,100.0,55.78999999999999,13.68421052631579,0.0,0.0,1,73.0,16.0
19,300,p044,9,100.0,55.87,13.68421052631579,0.0,0.0,1,74.0,16.0
19,300,p044,10,100.0,56.029999999999994,13.68421052631579,0.0,0.0,1,76.0,16.0
19,300,p044,11,100.0,53.48,58.68421052631579,1.0,0.0,1,76.0,16.0
19,300,p044,12,100.0,55.72,13.68421052631579,0.0,0.0,1,74.0,16.0
19,300,p044,13,100.0,55.78999999999999,13.68421052631579,0.0,0.0,1,73.0,16.0
19,300,p044,14,100.0,55.78999999999999,13.68421052631579,0.0,0.0,1,73.0,16.0
19,300,p044,15,100.0,53.48,58.68421052631579,1.0,0.0,1,76.0,16.0
19,300,p045,0,100.0,55.72,13.68421052631579,0.0,0.0,1,74.0,16.0
19,300,p045,1,100.0,55.78999999999999,13.68421052631579,0.0,0.0,1,73.0,16.0
19,300,p045,2,100.0,55.78999999999999,13.68421052631579,0.0,0.0,1,73.0,16.0
19,300,p045,3,100.0,61.949999999999996,13.0,0.0,0.0,1,80.0,16.0
19,300,p045,4,100.0,53.72,58.68421052631579,1.0,0.0,1,79.0,16.0
19,300,p045,5,100.0,55.87,13.68421052631579,0.0,0.0,1,74.0,16.0
19,300,p045,6,100.0,53.72,58.68421052631579,1.0,0.0,1,79.0,16.0
19,300,p045,7,100.0,53.72,58.68421052631579,1.0,0.0,1,79.0,16.0
19,300,p045,8,100.0,55.949999999999996,13.68421052631579,0.0,0.0,1,75.0,16.0
19,300,p045,9,100.0,53.48,58.68421052631579,1.0,0.0,1,76.0,16.0
19,300,p045,10,100.0,53.72,58.68421052631579,1.0,0.0,1,79.0,16.0
19,300,p045,11,100.0,53.48,58.68421052631579,1.0,0.0,1,76.0,16.0
19,300,p045,12,100.0,55.72,13.68421052631579,0.0,0.0,1,74.0,16.0
19,300,p045,13,100.0,53.72,58.68421052631579,1.0,0.0,1,79.0,16.0
19,300,p045,14,100.0,53.48,58.68421052631579,1.0,0.0,1,76.0,16.0
19,300,p045,15,100.0,55.87,13.68421052631579,0.0,0.0,1,74.0,16.0
19,300,p046,0,100.0,55.87,13.68421052631579,0.0,0.0,1,74.0,16.0
19,300,p046,1,100.0,53.629999999999995,58.68421052631579,1.0,0.0,1,76.0,16.0
19,300,p046,2,100.0,61.87,13.0,0.0,0.0,1,79.0,16.0
19,300,p046,3,100.0,51.309999999999995,13.88888888888889,0.0,0.0,1,67.0,16.0
19,300,p046,4,100.0,53.629999999999995,58.68421052631579,1.0,0.0,1,76.0,16.0
19,300,p046,5,100.0,53.79,58.68421052631579,1.0,0.0,1,78.0,16.0
19,300,p046,6,100.0,55.949999999999996,13.68421052631579,0.0,0.0,1,75.0,16.0
19,300,p046,7,100.0,56.029999999999994,13.68421052631579,0.0,0.0,1,76.0,16.0
19,300,p046,8,100.0,61.949999999999996,13.0,0.0,0.0,1,80.0,16.0
19,300,p046,9,100.0,55.949999999999996,13.68421052631579,0.0,0.0,1,75.0,16.0
19,300,p046,10,100.0,53.87,58.68421052631579,1.0,0.0,1,79.0,16.0
19,300,p046,11,100.0,55.949999999999996,13.68421052631579,0.0,0.0,1,75.0,16.0
19,300,p046,12,100.0,55.78999999999999,13.68421052631579,0.0,0.0,1,73.0,16.0
19,300,p046,13,100.0,55.87,13.68421052631579,0.0,0.0,1,74.0,16.0
19,300,p046,14,100.0,55.78999999999999,13.68421052631579,0.0,0.0,1,73.0,16.0
19,300,p046,15,100.0,55.87,13.68421052631579,0.0,0.0,1,74.0,16.0
19,300,p047,0,100.0,53.87,58.68421052631579,1.0,0.0,1,79.0,16.0
19,300,p047,1,100.0,53.79,58.68421052631579,1.0,0.0,1,78.0,16.0
19,300,p047,2,100.0,53.79,58.68421052631579,1.0,0.0,1,78.0,16.0
19,300,p047,3,100.0,61.87,13.0,0.0,0.0,1,79.0,16.0
19,300,p047,4,100.0,56.029999999999994,13.68421052631579,0.0,0.0,1,76.0,16.0
19,300,p047,5,100.0,53.87,58.68421052631579,1.0,0.0,1,79.0,16.0
19,300,p047,6,100.0,56.029999999999994,13.68421052631579,0.0,0.0,1,76.0,16.0
19,300,p047,7,100.0,56.029999999999994,13.68421052631579,0.0,0.0,1,76.0,16.0
19,300,p047,8,98.78,49.39,58.888888888888886,1.0,0.0,1,73.0,16.0
19,300,p047,9,100.0,53.709999999999994,58.68421052631579,1.0,0.0,1,77.0,16.0
19,300,p047,10,93.97999999999999,46.989999999999995,13.529411764705882,0.0,0.0,1,63.0,16.0
19,300,p047,11,100.0,53.87,58.68421052631579,1.0,0.0,1,79.0,16.0
19,300,p047,12,100.0,55.78999999999999,13.68421052631579,0.0,0.0,1,73.0,16.0
19,300,p047,13,100.0,51.309999999999995,13.88888888888889,0.0,0.0,1,67.0,16.0
19,300,p047,14,89.2,44.6,58.529411764705884,1.0,0.0,1,65.0,16.0
19,300,p047,15,44.5,22.25,98.75,1.0,1.0,1,55.0,4.0
19,300,p048,0,100.0,51.239999999999995,13.88888888888889,0.0,0.0,1,68.0,16.0
19,300,p048,1,100.0,53.87,58.68421052631579,1.0,0.0,1,79.0,16.0
19,300,p048,2,100.0,55.949999999999996,13.68421052631579,0.0,0.0,1,75.0,16.0
19,300,p048,3,100.0,55.87,13.68421052631579,0.0,0.0,1,74.0,16.0
19,300,p048,4,100.0,61.79,13.0,0.0,0.0,1,78.0,16.0
19,300,p048,5,100.0,55.949999999999996,13.68421052631579,0.0,0.0,1,75.0,16.0
19,300,p048,6,100.0,53.56,58.68421052631579,1.0,0.0,1,77.0,16.0
19,300,p048,7,100.0,61.949999999999996,13.0,0.0,0.0,1,80.0,16.0
19,300,p048,8,100.0,53.87,58.68421052631579,1.0,0.0,1,79.0,16.0
19,300,p048,9,100.0,53.79,58.68421052631579,1.0,0.0,1,78.0,16.0
19,300,p048,10,100.0,51.239999999999995,13.88888888888889,0.0,0.0,1,68.0,16.0
19,300,p048,11,100.0,61.79,13.0,0.0,0.0,1,78.0,16.0
19,300,p048,12,100.0,56.029999999999994,13.68421052631579,0.0,0.0,1,76.0,16.0
19,300,p048,13,100.0,53.629999999999995,58.68421052631579,1.0,0.0,1,76.0,16.0
19,300,p048,14,100.0,55.72,13.68421052631579,0.0,0.0,1,74.0,16.0
19,300,p048,15,100.0,61.79,13.0,0.0,0.0,1,78.0,16.0
42,0,p037,0,9.34,4.67,100.0,1.0,1.0,0,29.0,1.0
42,0,p037,1,25.479999999999997,12.739999999999998,100.0,1.0,1.0,0,38.0,4.0
42,0,p037,2,27.58,13.79,98.0,1.0,1.0,0,43.0,1.0
42,0,p037,3,14.68,7.34,100.0,1.0,1.0,0,33.0,2.0
42,0,p037,4,9.18,4.59,100.0,1.0,1.0,0,28.0,1.0
42,0,p037,5,9.04,4.52,100.0,1.0,1.0,0,29.0,1.0
42,0,p037,6,11.88,5.94,20.0,0.0,0.0,0,13.0,1.0
42,0,p037,7,14.66,7.33,100.0,1.0,1.0,0,31.0,2.0
42,0,p037,8,18.0,9.0,100.0,1.0,1.0,0,35.0,1.0
42,0,p037,9,33.06,16.53,98.33333333333333,1.0,1.0,0,46.0,2.0
42,0,p037,10,11.26,5.63,20.0,0.0,0.0,0,11.0,1.0
42,0,p037,11,9.66,4.83,100.0,1.0,1.0,0,31.0,1.0
42,0,p037,12,18.14,9.07,100.0,1.0,1.0,0,34.0,1.0
42,0,p037,13,9.34,4.67,100.0,1.0,1.0,0,29.0,1.0
42,0,p037,14,25.96,12.98,100.0,1.0,1.0,0,41.0,4.0
42,0,p037,15,9.5,4.75,100.0,1.0,1.0,0,30.0,1.0
42,0,p038,0,18.0,9.0,100.0,1.0,1.0,0,35.0,1.0
42,0,p038,1,9.66,4.83,100.0,1.0,1.0,0,31.0,1.0
42,0,p038,2,6.080000000000001,3.0400000000000005,20.0,0.0,0.0,0,8.0,0.0
42,0,p038,3,9.18,4.59,100.0,1.0,1.0,0,28.0,1.0
42,0,p038,4,9.66,4.83,100.0,1.0,1.0,0,31.0,1.0
42,0,p038,5,9.66,4.83,100.0,1.0,1.0,0,31.0,1.0
42,0,p038,6,3.8600000000000003,1.9300000000000002,100.0,1.0,1.0,0,26.0,0.0
42,0,p038,7,9.5,4.75,100.0,1.0,1.0,0,30.0,1.0
42,0,p038,8,9.18,4.59,100.0,1.0,1.0,0,28.0,1.0
42,0,p038,9,9.66,4.83,100.0,1.0,1.0,0,31.0,1.0
42,0,p038,10,9.04,4.52,100.0,1.0,1.0,0,29.0,1.0
42,0,p038,11,25.799999999999997,12.899999999999999,100.0,1.0,1.0,0,40.0,4.0
42,0,p038,12,47.900000000000006,23.950000000000003,97.0,1.0,1.0,1,55.0,8.0
42,0,p038,13,9.04,4.52,100.0,1.0,1.0,0,29.0,1.0
42,0,p038,14,9.5,4.75,100.0,1.0,1.0,0,30.0,1.0
42,0,p038,15,9.04,4.52,100.0,1.0,1.0,0,29.0,1.0
42,0,p039,0,9.34,4.67,100.0,1.0,1.0,0,29.0,1.0
42,0,p039,1,9.66,4.83,100.0,1.0,1.0,0,31.0,1.0
42,0,p039,2,9.34,4.67,100.0,1.0,1.0,0,29.0,1.0
42,0,p039,3,17.36,8.68,20.0,0.0,0.0,1,16.0,2.0
42,0,p039,4,9.5,4.75,100.0,1.0,1.0,0,30.0,1.0
42,0,p039,5,45.34,22.67,95.71428571428571,1.0,1.0,1,54.0,1.0
42,0,p039,6,16.880000000000003,8.440000000000001,20.0,0.0,0.0,1,13.0,2.0
42,0,p039,7,14.68,7.34,100.0,1.0,1.0,0,33.0,2.0
42,0,p039,8,18.0,9.0,100.0,1.0,1.0,0,35.0,1.0
42,0,p039,9,3.8600000000000003,1.9300000000000002,100.0,1.0,1.0,0,26.0,0.0
42,0,p039,10,9.66,4.83,100.0,1.0,1.0,0,31.0,1.0
42,0,p039,11,9.04,4.52,100.0,1.0,1.0,0,29.0,1.0
42,0,p039,12,11.4,5.7,20.0,0.0,0.0,0,10.0,1.0
42,0,p039,13,25.799999999999997,12.899999999999999,100.0,1.0,1.0,0,40.0,4.0
42,0,p039,14,11.56,5.78,20.0,0.0,0.0,0,11.0,1.0
42,0,p039,15,11.4,5.7,20.0,0.0,0.0,0,10.0,1.0
42,0,p040,0,27.58,13.79,98.0,1.0,1.0,0,43.0,1.0
42,0,p040,1,18.3,9.15,100.0,1.0,1.0,0,35.0,1.0
42,0,p040,2,24.1,12.05,100.0,1.0,1.0,0,40.0,2.0
42,0,p040,3,9.34,4.67,100.0,1.0,1.0,0,29.0,1.0
42,0,p040,4,14.68,7.34,100.0,1.0,1.0,0,33.0,2.0
42,0,p040,5,9.04,4.52,100.0,1.0,1.0,0,29.0,1.0
42,0,p040,6,9.34,4.67,100.0,1.0,1.0,0,29.0,1.0
42,0,p040,7,9.18,4.59,100.0,1.0,1.0,0,28.0,1.0
42,0,p040,8,9.18,4.59,100.0,1.0,1.0,0,28.0,1.0
42,0,p040,9,14.66,7.33,100.0,1.0,1.0,0,31.0,2.0
42,0,p040,10,27.259999999999998,13.629999999999999,98.0,1.0,1.0,0,41.0,1.0
42,0,p040,11,9.5,4.75,100.0,1.0,1.0,0,30.0,1.0
42,0,p040,12,9.66,4.83,100.0,1.0,1.0,0,31.0,1.0
42,0,p040,13,9.5,4.75,100.0,1.0,1.0,0,30.0,1.0
42,0,p040,14,11.88,5.94,20.0,0.0,0.0,0,13.0,1.0
42,0,p040,15,20.36,10.18,20.0,0.0,0.0,0,16.0,1.0
42,0,p041,0,9.5,4.75,100.0,1.0,1.0,0,30.0,1.0
42,0,p041,1,9.66,4.83,100.0,1.0,1.0,0,31.0,1.0
42,0,p041,2,9.5,4.75,100.0,1.0,1.0,0,30.0,1.0
42,0,p041,3,12.82,6.41,100.0,1.0,1.0,0,32.0,0.0
42,0,p041,4,9.34,4.67,100.0,1.0,1.0,0,29.0,1.0
42,0,p041,5,9.66,4.83,100.0,1.0,1.0,0,31.0,1.0
42,0,p041,6,9.66,4.83,100.0,1.0,1.0,0,31.0,1.0
42,0,p041,7,9.66,4.83,100.0,1.0,1.0,0,31.0,1.0
42,0,p041,8,9.66,4.83,100.0,1.0,1.0,0,31.0,1.0
42,0,p041,9,16.9,8.45,20.0,0.0,0.0,1,15.0,2.0
42,0,p041,10,9.04,4.52,100.0,1.0,1.0,0,29.0,1.0
42,0,p041,11,18.14,9.07,100.0,1.0,1.0,0,34.0,1.0
42,0,p041,12,25.64,12.82,100.0,1.0,1.0,0,39.0,4.0
42,0,p041,13,14.66,7.33,100.0,1.0,1.0,0,31.0,2.0
42,0,p041,14,9.18,4.59,100.0,1.0,1.0,0,28.0,1.0
42,0,p041,15,25.799999999999997,12.899999999999999,100.0,1.0,1.0,0,40.0,4.0
42,0,p042,0,18.619999999999997,9.309999999999999,100.0,1.0,1.0,0,37.0,1.0
42,0,p042,1,9.34,4.67,100.0,1.0,1.0,0,29.0,1.0
42,0,p042,2,15.14,7.57,100.0,1.0,1.0,0,34.0,2.0
42,0,p042,3,25.96,12.98,100.0,1.0,1.0,0,41.0,4.0
42,0,p042,4,25.799999999999997,12.899999999999999,100.0,1.0,1.0,0,40.0,4.0
42,0,p042,5,9.18,4.59,100.0,1.0,1.0,0,28.0,1.0
42,0,p042,6,9.66,4.83,100.0,1.0,1.0,0,31.0,1.0
42,0,p042,7,9.04,4.52,100.0,1.0,1.0,0,29.0,1.0
42,0,p042,8,20.22,10.11,20.0,0.0,0.0,0,17.0,1.0
42,0,p042,9,9.5,4.75,100.0,1.0,1.0,0,30.0,1.0
42,0,p042,10,11.88,5.94,20.0,0.0,0.0,0,13.0,1.0
42,0,p042,11,9.18,4.59,100.0,1.0,1.0,0,28.0,1.0
42,0,p042,12,47.879999999999995,23.939999999999998,97.0,1.0,1.0,1,53.0,8.0
42,0,p042,13,25.64,12.82,100.0,1.0,1.0,0,39.0,4.0
42,0,p042,14,18.3,9.15,100.0,1.0,1.0,0,35.0,1.0
42,0,p042,15,14.66,7.33,100.0,1.0,1.0,0,31.0,2.0
42,0,p043,0,9.82,4.91,100.0,1.0,1.0,0,32.0,1.0
42,0,p043,1,14.68,7.34,100.0,1.0,1.0,0,33.0,2.0
42,0,p043,2,9.5,4.75,100.0,1.0,1.0,0,30.0,1.0
42,0,p043,3,11.56,5.78,20.0,0.0,0.0,0,11.0,1.0
42,0,p043,4,18.619999999999997,9.309999999999999,100.0,1.0,1.0,0,37.0,1.0
42,0,p043,5,17.36,8.68,20.0,0.0,0.0,1,16.0,2.0
42,0,p043,6,9.98,4.99,100.0,1.0,1.0,0,33.0,1.0
42,0,p043,7,9.98,4.99,100.0,1.0,1.0,0,33.0,1.0
42,0,p043,8,9.82,4.91,100.0,1.0,1.0,0,32.0,1.0
42,0,p043,9,9.82,4.91,100.0,1.0,1.0,0,32.0,1.0
42,0,p043,10,9.36,4.68,100.0,1.0,1.0,0,31.0,1.0
42,0,p043,11,9.66,4.83,100.0,1.0,1.0,0,31.0,1.0
42,0,p043,12,9.5,4.75,100.0,1.0,1.0,0,30.0,1.0
42,0,p043,13,47.58,23.79,97.0,1.0,1.0,1,53.0,8.0
42,0,p043,14,25.96,12.98,100.0,1.0,1.0,0,41.0,4.0
42,0,p043,15,11.88,5.94,20.0,0.0,0.0,0,13.0,1.0
42,0,p044,0,9.98,4.99,100.0,1.0,1.0,0,33.0,1.0
42,0,p044,1,4.180000000000001,2.0900000000000003,100.0,1.0,1.0,0,28.0,0.0
42,0,p044,2,9.5,4.75,100.0,1.0,1.0,0,30.0,1.0
42,0,p044,3,9.66,4.83,100.0,1.0,1.0,0,31.0,1.0
42,0,p044,4,23.64,11.82,100.0,1.0,1.0,0,39.0,2.0
42,0,p044,5,27.58,13.79,98.0,1.0,1.0,0,43.0,1.0
42,0,p044,6,9.82,4.91,100.0,1.0,1.0,0,32.0,1.0
42,0,p044,7,9.66,4.83,100.0,1.0,1.0,0,31.0,1.0
42,0,p044,8,9.66,4.83,100.0,1.0,1.0,0,31.0,1.0
42,0,p044,9,14.68,7.34,100.0,1.0,1.0,0,33.0,2.0
42,0,p044,10,9.82,4.91,100.0,1.0,1.0,0,32.0,1.0
42,0,p044,11,15.459999999999999,7.7299999999999995,100.0,1.0,1.0,0,36.0,2.0
42,0,p044,12,25.799999999999997,12.899999999999999,100.0,1.0,1.0,0,40.0,4.0
42,0,p044,13,11.88,5.94,20.0,0.0,0.0,0,13.0,1.0
42,0,p044,14,9.36,4.68,100.0,1.0,1.0,0,31.0,1.0
42,0,p044,15,9.36,4.68,100.0,1.0,1.0,0,31.0,1.0
42,0,p045,0,9.98,4.99,100.0,1.0,1.0,0,33.0,1.0
42,0,p045,1,9.36,4.68,100.0,1.0,1.0,0,31.0,1.0
42,0,p045,2,11.26,5.63,20.0,0.0,0.0,0,11.0,1.0
42,0,p045,3,9.5,4.75,100.0,1.0,1.0,0,30.0,1.0
42,0,p045,4,14.98,7.49,100.0,1.0,1.0,0,33.0,2.0
42,0,p045,5,9.66,4.83,100.0,1.0,1.0,0,31.0,1.0
42,0,p045,6,9.36,4.68,100.0,1.0,1.0,0,31.0,1.0
42,0,p045,7,9.5,4.75,100.0,1.0,1.0,0,30.0,1.0
42,0,p045,8,11.26,5.63,20.0,0.0,0.0,0,11.0,1.0
42,0,p045,9,11.56,5.78,20.0,0.0,0.0,0,11.0,1.0
42,0,p045,10,16.58,8.29,20.0,0.0,0.0,1,13.0,2.0
42,0,p045,11,9.98,4.99,100.0,1.0,1.0,0,33.0,1.0
42,0,p045,12,18.939999999999998,9.469999999999999,100.0,1.0,1.0,0,39.0,1.0
42,0,p045,13,11.26,5.63,20.0,0.0,0.0,0,11.0,1.0
42,0,p045,14,9.82,4.91,100.0,1.0,1.0,0,32.0,1.0
42,0,p045,15,98.16,49.08,58.888888888888886,1.0,0.0,1,71.0,16.0
42,0,p046,0,19.08,9.54,100.0,1.0,1.0,0,38.0,1.0
42,0,p046,1,33.52,16.76,98.33333333333333,1.0,1.0,1,47.0,2.0
42,0,p046,2,19.240000000000002,9.620000000000001,100.0,1.0,1.0,0,39.0,1.0
42,0,p046,3,10.120000000000001,5.0600000000000005,100.0,1.0,1.0,0,32.0,1.0
42,0,p046,4,10.120000000000001,5.0600000000000005,100.0,1.0,1.0,0,32.0,1.0
42,0,p046,5,10.600000000000001,5.300000000000001,100.0,1.0,1.0,0,35.0,1.0
42,0,p046,6,26.32,13.16,20.0,0.0,0.0,0,22.0,2.0
42,0,p046,7,18.939999999999998,9.469999999999999,100.0,1.0,1.0,0,39.0,1.0
42,0,p046,8,16.240000000000002,8.120000000000001,100.0,1.0,1.0,0,39.0,2.0
42,0,p046,9,10.120000000000001,5.0600000000000005,100.0,1.0,1.0,0,32.0,1.0
42,0,p046,10,10.440000000000001,5.220000000000001,100.0,1.0,1.0,0,34.0,1.0
42,0,p046,11,19.08,9.54,100.0,1.0,1.0,0,38.0,1.0
42,0,p046,12,4.8,2.4,100.0,1.0,1.0,0,30.0,0.0
42,0,p046,13,19.08,9.54,100.0,1.0,1.0,0,38.0,1.0
42,0,p046,14,10.120000000000001,5.0600000000000005,100.0,1.0,1.0,0,32.0,1.0
42,0,p046,15,19.560000000000002,9.780000000000001,100.0,1.0,1.0,0,41.0,1.0
42,0,p047,0,4.8,2.4,100.0,1.0,1.0,0,30.0,0.0
42,0,p047,1,10.280000000000001,5.140000000000001,100.0,1.0,1.0,0,33.0,1.0
42,0,p047,2,10.280000000000001,5.140000000000001,100.0,1.0,1.0,0,33.0,1.0
42,0,p047,3,19.08,9.54,100.0,1.0,1.0,0,38.0,1.0
42,0,p047,4,10.440000000000001,5.220000000000001,100.0,1.0,1.0,0,34.0,1.0
42,0,p047,5,10.280000000000001,5.140000000000001,100.0,1.0,1.0,0,33.0,1.0
42,0,p047,6,9.98,4.99,100.0,1.0,1.0,0,33.0,1.0
42,0,p047,7,98.78,49.39,58.888888888888886,1.0,0.0,1,73.0,16.0
42,0,p047,8,10.600000000000001,5.300000000000001,100.0,1.0,1.0,0,35.0,1.0
42,0,p047,9,9.98,4.99,100.0,1.0,1.0,0,33.0,1.0
42,0,p047,10,19.08,9.54,100.0,1.0,1.0,0,38.0,1.0
42,0,p047,11,4.8,2.4,100.0,1.0,1.0,0,30.0,0.0
42,0,p047,12,9.98,4.99,100.0,1.0,1.0,0,33.0,1.0
42,0,p047,13,16.08,8.04,100.0,1.0,1.0,0,38.0,2.0
42,0,p047,14,10.120000000000001,5.0600000000000005,100.0,1.0,1.0,0,32.0,1.0
42,0,p047,15,9.98,4.99,100.0,1.0,1.0,0,33.0,1.0
42,0,p048,0,10.440000000000001,5.220000000000001,100.0,1.0,1.0,0,34.0,1.0
42,0,p048,1,27.04,13.52,100.0,1.0,1.0,0,44.0,4.0
42,0,p048,2,10.440000000000001,5.220000000000001,100.0,1.0,1.0,0,34.0,1.0
42,0,p048,3,15.3,7.65,100.0,1.0,1.0,0,35.0,2.0
42,0,p048,4,4.8,2.4,100.0,1.0,1.0,0,30.0,0.0
42,0,p048,5,15.62,7.81,100.0,1.0,1.0,0,37.0,2.0
42,0,p048,6,9.98,4.99,100.0,1.0,1.0,0,33.0,1.0
42,0,p048,7,10.440000000000001,5.220000000000001,100.0,1.0,1.0,0,34.0,1.0
42,0,p048,8,10.440000000000001,5.220000000000001,100.0,1.0,1.0,0,34.0,1.0
42,0,p048,9,10.440000000000001,5.220000000000001,100.0,1.0,1.0,0,34.0,1.0
42,0,p048,10,10.280000000000001,5.140000000000001,100.0,1.0,1.0,0,33.0,1.0
42,0,p048,11,10.120000000000001,5.0600000000000005,100.0,1.0,1.0,0,32.0,1.0
42,0,p048,12,10.440000000000001,5.220000000000001,100.0,1.0,1.0,0,34.0,1.0
42,0,p048,13,19.08,9.54,100.0,1.0,1.0,0,38.0,1.0
42,0,p048,14,4.8,2.4,100.0,1.0,1.0,0,30.0,0.0
42,0,p048,15,10.440000000000001,5.220000000000001,100.0,1.0,1.0,0,34.0,1.0
42,20,p037,0,14.66,7.33,100.0,1.0,1.0,0,31.0,2.0
42,20,p037,1,47.260000000000005,23.630000000000003,97.0,1.0,1.0,1,51.0,8.0
42,20,p037,2,33.06,16.53,98.33333333333333,1.0,1.0,0,46.0,2.0
42,20,p037,3,14.68,7.34,100.0,1.0,1.0,0,33.0,2.0
42,20,p037,4,9.18,4.59,100.0,1.0,1.0,0,28.0,1.0
42,20,p037,5,9.04,4.52,100.0,1.0,1.0,0,29.0,1.0
42,20,p037,6,17.36,8.68,20.0,0.0,0.0,1,16.0,2.0
42,20,p037,7,14.66,7.33,100.0,1.0,1.0,0,31.0,2.0
42,20,p037,8,18.0,9.0,100.0,1.0,1.0,0,35.0,1.0
42,20,p037,9,33.06,16.53,98.33333333333333,1.0,1.0,0,46.0,2.0
42,20,p037,10,11.26,5.63,20.0,0.0,0.0,0,11.0,1.0
42,20,p037,11,9.66,4.83,100.0,1.0,1.0,0,31.0,1.0
42,20,p037,12,18.14,9.07,100.0,1.0,1.0,0,34.0,1.0
42,20,p037,13,9.34,4.67,100.0,1.0,1.0,0,29.0,1.0
42,20,p037,14,25.96,12.98,100.0,1.0,1.0,0,41.0,4.0
42,20,p037,15,9.5,4.75,100.0,1.0,1.0,0,30.0,1.0
42,20,p038,0,18.0,9.0,100.0,1.0,1.0,0,35.0,1.0
42,20,p038,1,9.66,4.83,100.0,1.0,1.0,0,31.0,1.0
42,20,p038,2,6.080000000000001,3.0400000000000005,20.0,0.0,0.0,0,8.0,0.0
42,20,p038,3,14.36,7.18,100.0,1.0,1.0,0,31.0,2.0
42,20,p038,4,9.66,4.83,100.0,1.0,1.0,0,31.0,1.0
42,20,p038,5,9.66,4.83,100.0,1.0,1.0,0,31.0,1.0
42,20,p038,6,3.8600000000000003,1.9300000000000002,100.0,1.0,1.0,0,26.0,0.0
42,20,p038,7,9.5,4.75,100.0,1.0,1.0,0,30.0,1.0
42,20,p038,8,18.14,9.07,100.0,1.0,1.0,0,34.0,1.0
42,20,p038,9,9.66,4.83,100.0,1.0,1.0,0,31.0,1.0
42,20,p038,10,18.0,9.0,100.0,1.0,1.0,0,35.0,1.0
42,20,p038,11,25.799999999999997,12.899999999999999,100.0,1.0,1.0,0,40.0,4.0
42,20,p038,12,91.3,45.65,93.88888888888889,1.0,1.0,1,80.0,16.0
42,20,p038,13,9.04,4.52,100.0,1.0,1.0,0,29.0,1.0
42,20,p038,14,9.5,4.75,100.0,1.0,1.0,0,30.0,1.0
42,20,p038,15,9.04,4.52,100.0,1.0,1.0,0,29.0,1.0
42,20,p039,0,9.34,4.67,100.0,1.0,1.0,0,29.0,1.0
42,20,p039,1,9.66,4.83,100.0,1.0,1.0,0,31.0,1.0
42,20,p039,2,9.34,4.67,100.0,1.0,1.0,0,29.0,1.0
42,20,p039,3,17.36,8.68,20.0,0.0,0.0,1,16.0,2.0
42,20,p039,4,9.5,4.75,100.0,1.0,1.0,0,30.0,1.0
42,20,p039,5,45.34,22.67,95.71428571428571,1.0,1.0,1,54.0,1.0
42,20,p039,6,16.880000000000003,8.440000000000001,20.0,0.0,0.0,1,13.0,2.0
42,20,p039,7,14.68,7.34,100.0,1.0,1.0,0,33.0,2.0
42,20,p039,8,26.96,13.48,98.0,1.0,1.0,0,41.0,1.0
42,20,p039,9,3.8600000000000003,1.9300000000000002,100.0,1.0,1.0,0,26.0,0.0
42,20,p039,10,9.66,4.83,100.0,1.0,1.0,0,31.0,1.0
42,20,p039,11,9.04,4.52,100.0,1.0,1.0,0,29.0,1.0
42,20,p039,12,11.4,5.7,20.0,0.0,0.0,0,10.0,1.0
42,20,p039,13,56.38,28.19,97.27272727272728,1.0,1.0,1,58.0,8.0
42,20,p039,14,11.56,5.78,20.0,0.0,0.0,0,11.0,1.0
42,20,p039,15,11.4,5.7,20.0,0.0,0.0,0,10.0,1.0
42,20,p040,0,27.58,13.79,98.0,1.0,1.0,0,43.0,1.0
42,20,p040,1,18.3,9.15,100.0,1.0,1.0,0,35.0,1.0
42,20,p040,2,34.6,17.3,100.0,1.0,1.0,0,45.0,4.0
42,20,p040,3,9.34,4.67,100.0,1.0,1.0,0,29.0,1.0
42,20,p040,4,25.96,12.98,100.0,1.0,1.0,0,41.0,4.0
42,20,p040,5,9.04,4.52,100.0,1.0,1.0,0,29.0,1.0
42,20,p040,6,9.34,4.67,100.0,1.0,1.0,0,29.0,1.0
42,20,p040,7,9.18,4.59,100.0,1.0,1.0,0,28.0,1.0
42,20,p040,8,18.14,9.07,100.0,1.0,1.0,0,34.0,1.0
42,20,p040,9,14.66,7.33,100.0,1.0,1.0,0,31.0,2.0
42,20,p040,10,45.18000000000001,22.590000000000003,95.71428571428571,1.0,1.0,1,53.0,1.0
42,20,p040,11,9.5,4.75,100.0,1.0,1.0,0,30.0,1.0
42,20,p040,12,18.619999999999997,9.309999999999999,100.0,1.0,1.0,0,37.0,1.0
42,20,p040,13,9.5,4.75,100.0,1.0,1.0,0,30.0,1.0
42,20,p040,14,11.88,5.94,20.0,0.0,0.0,0,13.0,1.0
42,20,p040,15,34.5,17.25,18.0,0.0,0.0,0,25.0,2.0
42,20,p041,0,15.3,7.65,100.0,1.0,1.0,0,35.0,2.0
42,20,p041,1,9.66,4.83,100.0,1.0,1.0,0,31.0,1.0
42,20,p041,2,9.5,4.75,100.0,1.0,1.0,0,30.0,1.0
42,20,p041,3,12.82,6.41,100.0,1.0,1.0,0,32.0,0.0
42,20,p041,4,9.34,4.67,100.0,1.0,1.0,0,29.0,1.0
42,20,p041,5,9.66,4.83,100.0,1.0,1.0,0,31.0,1.0
42,20,p041,6,9.66,4.83,100.0,1.0,1.0,0,31.0,1.0
42,20,p041,7,9.66,4.83,100.0,1.0,1.0,0,31.0,1.0
42,20,p041,8,9.66,4.83,100.0,1.0,1.0,0,31.0,1.0
42,20,p041,9,16.9,8.45,20.0,0.0,0.0,1,15.0,2.0
42,20,p041,10,9.04,4.52,100.0,1.0,1.0,0,29.0,1.0
42,20,p041,11,18.14,9.07,100.0,1.0,1.0,0,34.0,1.0
42,20,p041,12,25.64,12.82,100.0,1.0,1.0,0,39.0,4.0
42,20,p041,13,14.66,7.33,100.0,1.0,1.0,0,31.0,2.0
42,20,p041,14,14.36,7.18,100.0,1.0,1.0,0,31.0,2.0
42,20,p041,15,25.799999999999997,12.899999999999999,100.0,1.0,1.0,0,40.0,4.0
42,20,p042,0,18.619999999999997,9.309999999999999,100.0,1.0,1.0,0,37.0,1.0
42,20,p042,1,14.66,7.33,100.0,1.0,1.0,0,31.0,2.0
42,20,p042,2,15.14,7.57,100.0,1.0,1.0,0,34.0,2.0
42,20,p042,3,25.96,12.98,100.0,1.0,1.0,0,41.0,4.0
42,20,p042,4,47.42,23.71,97.0,1.0,1.0,1,52.0,8.0
42,20,p042,5,9.18,4.59,100.0,1.0,1.0,0,28.0,1.0
42,20,p042,6,15.14,7.57,100.0,1.0,1.0,0,34.0,2.0
42,20,p042,7,9.04,4.52,100.0,1.0,1.0,0,29.0,1.0
42,20,p042,8,20.22,10.11,20.0,0.0,0.0,0,17.0,1.0
42,20,p042,9,9.5,4.75,100.0,1.0,1.0,0,30.0,1.0
42,20,p042,10,11.88,5.94,20.0,0.0,0.0,0,13.0,1.0
42,20,p042,11,9.18,4.59,100.0,1.0,1.0,0,28.0,1.0
42,20,p042,12,47.879999999999995,23.939999999999998,97.0,1.0,1.0,1,53.0,8.0
42,20,p042,13,25.64,12.82,100.0,1.0,1.0,0,39.0,4.0
42,20,p042,14,23.619999999999997,11.809999999999999,100.0,1.0,1.0,0,37.0,2.0
42,20,p042,15,23.619999999999997,11.809999999999999,100.0,1.0,1.0,0,37.0,2.0
42,20,p043,0,9.82,4.91,100.0,1.0,1.0,0,32.0,1.0
42,20,p043,1,14.68,7.34,100.0,1.0,1.0,0,33.0,2.0
42,20,p043,2,9.5,4.75,100.0,1.0,1.0,0,30.0,1.0
42,20,p043,3,11.56,5.78,20.0,0.0,0.0,0,11.0,1.0
42,20,p043,4,18.619999999999997,9.309999999999999,100.0,1.0,1.0,0,37.0,1.0
42,20,p043,5,17.36,8.68,20.0,0.0,0.0,1,16.0,2.0
42,20,p043,6,9.98,4.99,100.0,1.0,1.0,0,33.0,1.0
42,20,p043,7,9.98,4.99,100.0,1.0,1.0,0,33.0,1.0
42,20,p043,8,15.62,7.81,100.0,1.0,1.0,0,37.0,2.0
42,20,p043,9,15.62,7.81,100.0,1.0,1.0,0,37.0,2.0
42,20,p043,10,18.32,9.16,100.0,1.0,1.0,0,37.0,1.0
42,20,p043,11,9.66,4.83,100.0,1.0,1.0,0,31.0,1.0
42,20,p043,12,9.5,4.75,100.0,1.0,1.0,0,30.0,1.0
42,20,p043,13,47.58,23.79,97.0,1.0,1.0,1,53.0,8.0
42,20,p043,14,25.96,12.98,100.0,1.0,1.0,0,41.0,4.0
42,20,p043,15,11.88,5.94,20.0,0.0,0.0,0,13.0,1.0
42,20,p044,0,9.98,4.99,100.0,1.0,1.0,0,33.0,1.0
42,20,p044,1,4.180000000000001,2.0900000000000003,100.0,1.0,1.0,0,28.0,0.0
42,20,p044,2,9.5,4.75,100.0,1.0,1.0,0,30.0,1.0
42,20,p044,3,18.619999999999997,9.309999999999999,100.0,1.0,1.0,0,37.0,1.0
42,20,p044,4,23.64,11.82,100.0,1.0,1.0,0,39.0,2.0
42,20,p044,5,27.58,13.79,98.0,1.0,1.0,0,43.0,1.0
42,20,p044,6,9.82,4.91,100.0,1.0,1.0,0,32.0,1.0
42,20,p044,7,9.66,4.83,100.0,1.0,1.0,0,31.0,1.0
42,20,p044,8,18.619999999999997,9.309999999999999,100.0,1.0,1.0,0,37.0,1.0
42,20,p044,9,14.68,7.34,100.0,1.0,1.0,0,33.0,2.0
42,20,p044,10,9.82,4.91,100.0,1.0,1.0,0,32.0,1.0
42,20,p044,11,15.459999999999999,7.7299999999999995,100.0,1.0,1.0,0,36.0,2.0
42,20,p044,12,25.799999999999997,12.899999999999999,100.0,1.0,1.0,0,40.0,4.0
42,20,p044,13,11.88,5.94,20.0,0.0,0.0,0,13.0,1.0
42,20,p044,14,9.36,4.68,100.0,1.0,1.0,0,31.0,1.0
42,20,p044,15,15.0,7.5,100.0,1.0,1.0,0,35.0,2.0
42,20,p045,0,9.98,4.99,100.0,1.0,1.0,0,33.0,1.0
42,20,p045,1,15.0,7.5,100.0,1.0,1.0,0,35.0,2.0
42,20,p045,2,11.26,5.63,20.0,0.0,0.0,0,11.0,1.0
42,20,p045,3,9.5,4.75,100.0,1.0,1.0,0,30.0,1.0
42,20,p045,4,14.98,7.49,100.0,1.0,1.0,0,33.0,2.0
42,20,p045,5,9.66,4.83,100.0,1.0,1.0,0,31.0,1.0
42,20,p045,6,9.36,4.68,100.0,1.0,1.0,0,31.0,1.0
42,20,p045,7,9.5,4.75,100.0,1.0,1.0,0,30.0,1.0
42,20,p045,8,20.22,10.11,20.0,0.0,0.0,0,17.0,1.0
42,20,p045,9,11.56,5.78,20.0,0.0,0.0,0,11.0,1.0
42,20,p045,10,16.58,8.29,20.0,0.0,0.0,1,13.0,2.0
42,20,p045,11,9.98,4.99,100.0,1.0,1.0,0,33.0,1.0
42,20,p045,12,18.939999999999998,9.469999999999999,100.0,1.0,1.0,0,39.0,1.0
42,20,p045,13,11.26,5.63,20.0,0.0,0.0,0,11.0,1.0
42,20,p045,14,15.62,7.81,100.0,1.0,1.0,0,37.0,2.0
42,20,p045,15,98.16,49.08,58.888888888888886,1.0,0.0,1,71.0,16.0
42,20,p046,0,19.08,9.54,100.0,1.0,1.0,0,38.0,1.0
42,20,p046,1,44.34,22.17,98.75,1.0,1.0,1,54.0,4.0
42,20,p046,2,19.240000000000002,9.620000000000001,100.0,1.0,1.0,0,39.0,1.0
42,20,p046,3,24.259999999999998,12.129999999999999,100.0,1.0,1.0,0,41.0,2.0
42,20,p046,4,10.120000000000001,5.0600000000000005,100.0,1.0,1.0,0,32.0,1.0
42,20,p046,5,10.600000000000001,5.300000000000001,100.0,1.0,1.0,0,35.0,1.0
42,20,p046,6,26.32,13.16,20.0,0.0,0.0,0,22.0,2.0
42,20,p046,7,18.939999999999998,9.469999999999999,100.0,1.0,1.0,0,39.0,1.0
42,20,p046,8,16.240000000000002,8.120000000000001,100.0,1.0,1.0,0,39.0,2.0
42,20,p046,9,10.120000000000001,5.0600000000000005,100.0,1.0,1.0,0,32.0,1.0
42,20,p046,10,10.440000000000001,5.220000000000001,100.0,1.0,1.0,0,34.0,1.0
42,20,p046,11,19.08,9.54,100.0,1.0,1.0,0,38.0,1.0
42,20,p046,12,4.8,2.4,100.0,1.0,1.0,0,30.0,0.0
42,20,p046,13,19.08,9.54,100.0,1.0,1.0,0,38.0,1.0
42,20,p046,14,10.120000000000001,5.0600000000000005,100.0,1.0,1.0,0,32.0,1.0
42,20,p046,15,19.560000000000002,9.780000000000001,100.0,1.0,1.0,0,41.0,1.0
42,20,p047,0,4.8,2.4,100.0,1.0,1.0,0,30.0,0.0
42,20,p047,1,10.280000000000001,5.140000000000001,100.0,1.0,1.0,0,33.0,1.0
42,20,p047,2,10.280000000000001,5.140000000000001,100.0,1.0,1.0,0,33.0,1.0
42,20,p047,3,19.08,9.54,100.0,1.0,1.0,0,38.0,1.0
42,20,p047,4,10.440000000000001,5.220000000000001,100.0,1.0,1.0,0,34.0,1.0
42,20,p047,5,10.280000000000001,5.140000000000001,100.0,1.0,1.0,0,33.0,1.0
42,20,p047,6,9.98,4.99,100.0,1.0,1.0,0,33.0,1.0
42,20,p047,7,98.78,49.39,58.888888888888886,1.0,0.0,1,73.0,16.0
42,20,p047,8,19.560000000000002,9.780000000000001,100.0,1.0,1.0,0,41.0,1.0
42,20,p047,9,9.98,4.99,100.0,1.0,1.0,0,33.0,1.0
42,20,p047,10,24.259999999999998,12.129999999999999,100.0,1.0,1.0,0,41.0,2.0
42,20,p047,11,4.8,2.4,100.0,1.0,1.0,0,30.0,0.0
42,20,p047,12,18.939999999999998,9.469999999999999,100.0,1.0,1.0,0,39.0,1.0
42,20,p047,13,16.08,8.04,100.0,1.0,1.0,0,38.0,2.0
42,20,p047,14,10.120000000000001,5.0600000000000005,100.0,1.0,1.0,0,32.0,1.0
42,20,p047,15,9.98,4.99,100.0,1.0,1.0,0,33.0,1.0
42,20,p048,0,10.440000000000001,5.220000000000001,100.0,1.0,1.0,0,34.0,1.0
42,20,p048,1,58.1,29.05,97.27272727272728,1.0,1.0,1,65.0,8.0
42,20,p048,2,10.440000000000001,5.220000000000001,100.0,1.0,1.0,0,34.0,1.0
42,20,p048,3,15.3,7.65,100.0,1.0,1.0,0,35.0,2.0
42,20,p048,4,4.8,2.4,100.0,1.0,1.0,0,30.0,0.0
42,20,p048,5,15.62,7.81,100.0,1.0,1.0,0,37.0,2.0
42,20,p048,6,9.98,4.99,100.0,1.0,1.0,0,33.0,1.0
42,20,p048,7,10.440000000000001,5.220000000000001,100.0,1.0,1.0,0,34.0,1.0
42,20,p048,8,10.440000000000001,5.220000000000001,100.0,1.0,1.0,0,34.0,1.0
42,20,p048,9,10.440000000000001,5.220000000000001,100.0,1.0,1.0,0,34.0,1.0
42,20,p048,10,10.280000000000001,5.140000000000001,100.0,1.0,1.0,0,33.0,1.0
42,20,p048,11,10.120000000000001,5.0600000000000005,100.0,1.0,1.0,0,32.0,1.0
42,20,p048,12,10.440000000000001,5.220000000000001,100.0,1.0,1.0,0,34.0,1.0
42,20,p048,13,19.08,9.54,100.0,1.0,1.0,0,38.0,1.0
42,20,p048,14,4.8,2.4,100.0,1.0,1.0,0,30.0,0.0
42,20,p048,15,10.440000000000001,5.220000000000001,100.0,1.0,1.0,0,34.0,1.0
42,40,p037,0,14.66,7.33,100.0,1.0,1.0,0,31.0,2.0
42,40,p037,1,47.260000000000005,23.630000000000003,97.0,1.0,1.0,1,51.0,8.0
42,40,p037,2,33.06,16.53,98.33333333333333,1.0,1.0,0,46.0,2.0
42,40,p037,3,14.68,7.34,100.0,1.0,1.0,0,33.0,2.0
42,40,p037,4,18.14,9.07,100.0,1.0,1.0,0,34.0,1.0
42,40,p037,5,9.04,4.52,100.0,1.0,1.0,0,29.0,1.0
42,40,p037,6,17.36,8.68,20.0,0.0,0.0,1,16.0,2.0
42,40,p037,7,14.66,7.33,100.0,1.0,1.0,0,31.0,2.0
42,40,p037,8,18.0,9.0,100.0,1.0,1.0,0,35.0,1.0
42,40,p037,9,43.56,21.78,98.75,1.0,1.0,1,51.0,4.0
42,40,p037,10,11.26,5.63,20.0,0.0,0.0,0,11.0,1.0
42,40,p037,11,9.66,4.83,100.0,1.0,1.0,0,31.0,1.0
42,40,p037,12,32.28,16.14,98.33333333333333,1.0,1.0,0,43.0,2.0
42,40,p037,13,23.619999999999997,11.809999999999999,100.0,1.0,1.0,0,37.0,2.0
42,40,p037,14,34.92,17.46,100.0,1.0,1.0,1,47.0,4.0
42,40,p037,15,9.5,4.75,100.0,1.0,1.0,0,30.0,1.0
42,40,p038,0,23.64,11.82,100.0,1.0,1.0,0,39.0,2.0
42,40,p038,1,9.66,4.83,100.0,1.0,1.0,0,31.0,1.0
42,40,p038,2,6.080000000000001,3.0400000000000005,20.0,0.0,0.0,0,8.0,0.0
42,40,p038,3,14.36,7.18,100.0,1.0,1.0,0,31.0,2.0
42,40,p038,4,18.619999999999997,9.309999999999999,100.0,1.0,1.0,0,37.0,1.0
42,40,p038,5,9.66,4.83,100.0,1.0,1.0,0,31.0,1.0
42,40,p038,6,3.8600000000000003,1.9300000000000002,100.0,1.0,1.0,0,26.0,0.0
42,40,p038,7,15.3,7.65,100.0,1.0,1.0,0,35.0,2.0
42,40,p038,8,18.14,9.07,100.0,1.0,1.0,0,34.0,1.0
42,40,p038,9,9.66,4.83,100.0,1.0,1.0,0,31.0,1.0
42,40,p038,10,18.0,9.0,100.0,1.0,1.0,0,35.0,1.0
42,40,p038,11,47.42,23.71,97.0,1.0,1.0,1,52.0,8.0
42,40,p038,12,91.3,45.65,93.88888888888889,1.0,1.0,1,80.0,16.0
42,40,p038,13,9.04,4.52,100.0,1.0,1.0,0,29.0,1.0
42,40,p038,14,9.5,4.75,100.0,1.0,1.0,0,30.0,1.0
42,40,p038,15,18.0,9.0,100.0,1.0,1.0,0,35.0,1.0
42,40,p039,0,9.34,4.67,100.0,1.0,1.0,0,29.0,1.0
42,40,p039,1,9.66,4.83,100.0,1.0,1.0,0,31.0,1.0
42,40,p039,2,16.880000000000003,8.440000000000001,20.0,0.0,0.0,1,13.0,2.0
42,40,p039,3,17.36,8.68,20.0,0.0,0.0,1,16.0,2.0
42,40,p039,4,18.46,9.23,100.0,1.0,1.0,0,36.0,1.0
42,40,p039,5,45.34,22.67,95.71428571428571,1.0,1.0,1,54.0,1.0
42,40,p039,6,16.880000000000003,8.440000000000001,20.0,0.0,0.0,1,13.0,2.0
42,40,p039,7,14.68,7.34,100.0,1.0,1.0,0,33.0,2.0
42,40,p039,8,32.6,16.3,98.33333333333333,1.0,1.0,0,45.0,2.0
42,40,p039,9,3.8600000000000003,1.9300000000000002,100.0,1.0,1.0,0,26.0,0.0
42,40,p039,10,15.14,7.57,100.0,1.0,1.0,0,34.0,2.0
42,40,p039,11,18.0,9.0,100.0,1.0,1.0,0,35.0,1.0
42,40,p039,12,11.4,5.7,20.0,0.0,0.0,0,10.0,1.0
42,40,p039,13,56.38,28.19,97.27272727272728,1.0,1.0,1,58.0,8.0
42,40,p039,14,11.56,5.78,20.0,0.0,0.0,0,11.0,1.0
42,40,p039,15,11.4,5.7,20.0,0.0,0.0,0,10.0,1.0
42,40,p040,0,27.58,13.79,98.0,1.0,1.0,0,43.0,1.0
42,40,p040,1,18.3,9.15,100.0,1.0,1.0,0,35.0,1.0
42,40,p040,2,34.6,17.3,100.0,1.0,1.0,0,45.0,4.0
42,40,p040,3,9.34,4.67,100.0,1.0,1.0,0,29.0,1.0
42,40,p040,4,25.96,12.98,100.0,1.0,1.0,0,41.0,4.0
42,40,p040,5,3.8600000000000003,1.9300000000000002,100.0,1.0,1.0,0,26.0,0.0
42,40,p040,6,9.34,4.67,100.0,1.0,1.0,0,29.0,1.0
42,40,p040,7,18.14,9.07,100.0,1.0,1.0,0,34.0,1.0
42,40,p040,8,23.32,11.66,100.0,1.0,1.0,0,37.0,2.0
42,40,p040,9,14.66,7.33,100.0,1.0,1.0,0,31.0,2.0
42,40,p040,10,45.18000000000001,22.590000000000003,95.71428571428571,1.0,1.0,1,53.0,1.0
42,40,p040,11,9.5,4.75,100.0,1.0,1.0,0,30.0,1.0
42,40,p040,12,18.619999999999997,9.309999999999999,100.0,1.0,1.0,0,37.0,1.0
42,40,p040,13,9.5,4.75,100.0,1.0,1.0,0,30.0,1.0
42,40,p040,14,11.88,5.94,20.0,0.0,0.0,0,13.0,1.0
42,40,p040,15,34.5,17.25,18.0,0.0,0.0,0,25.0,2.0
42,40,p041,0,15.3,7.65,100.0,1.0,1.0,0,35.0,2.0
42,40,p041,1,9.66,4.83,100.0,1.0,1.0,0,31.0,1.0
42,40,p041,2,15.3,7.65,100.0,1.0,1.0,0,35.0,2.0
42,40,p041,3,12.82,6.41,100.0,1.0,1.0,0,32.0,0.0
42,40,p041,4,14.66,7.33,100.0,1.0,1.0,0,31.0,2.0
42,40,p041,5,15.14,7.57,100.0,1.0,1.0,0,34.0,2.0
42,40,p041,6,9.66,4.83,100.0,1.0,1.0,0,31.0,1.0
42,40,p041,7,9.66,4.83,100.0,1.0,1.0,0,31.0,1.0
42,40,p041,8,18.619999999999997,9.309999999999999,100.0,1.0,1.0,0,37.0,1.0
42,40,p041,9,16.9,8.45,20.0,0.0,0.0,1,15.0,2.0
42,40,p041,10,14.68,7.34,100.0,1.0,1.0,0,33.0,2.0
42,40,p041,11,18.14,9.07,100.0,1.0,1.0,0,34.0,1.0
42,40,p041,12,25.64,12.82,100.0,1.0,1.0,0,39.0,4.0
42,40,p041,13,25.479999999999997,12.739999999999998,100.0,1.0,1.0,0,38.0,4.0
42,40,p041,14,14.36,7.18,100.0,1.0,1.0,0,31.0,2.0
42,40,p041,15,56.38,28.19,97.27272727272728,1.0,1.0,1,58.0,8.0
42,40,p042,0,18.619999999999997,9.309999999999999,100.0,1.0,1.0,0,37.0,1.0
42,40,p042,1,14.66,7.33,100.0,1.0,1.0,0,31.0,2.0
42,40,p042,2,25.64,12.82,100.0,1.0,1.0,0,39.0,4.0
42,40,p042,3,47.900000000000006,23.950000000000003,97.0,1.0,1.0,1,55.0,8.0
42,40,p042,4,47.42,23.71,97.0,1.0,1.0,1,52.0,8.0
42,40,p042,5,9.18,4.59,100.0,1.0,1.0,0,28.0,1.0
42,40,p042,6,15.14,7.57,100.0,1.0,1.0,0,34.0,2.0
42,40,p042,7,14.68,7.34,100.0,1.0,1.0,0,33.0,2.0
42,40,p042,8,20.22,10.11,20.0,0.0,0.0,0,17.0,1.0
42,40,p042,9,9.5,4.75,100.0,1.0,1.0,0,30.0,1.0
42,40,p042,10,11.88,5.94,20.0,0.0,0.0,0,13.0,1.0
42,40,p042,11,9.18,4.59,100.0,1.0,1.0,0,28.0,1.0
42,40,p042,12,47.879999999999995,23.939999999999998,97.0,1.0,1.0,1,53.0,8.0
42,40,p042,13,25.64,12.82,100.0,1.0,1.0,0,39.0,4.0
42,40,p042,14,32.58,16.29,98.33333333333333,1.0,1.0,0,43.0,2.0
42,40,p042,15,23.619999999999997,11.809999999999999,100.0,1.0,1.0,0,37.0,2.0
42,40,p043,0,9.82,4.91,100.0,1.0,1.0,0,32.0,1.0
42,40,p043,1,14.68,7.34,100.0,1.0,1.0,0,33.0,2.0
42,40,p043,2,9.5,4.75,100.0,1.0,1.0,0,30.0,1.0
42,40,p043,3,11.56,5.78,20.0,0.0,0.0,0,11.0,1.0
42,40,p043,4,18.619999999999997,9.309999999999999,100.0,1.0,1.0,0,37.0,1.0
42,40,p043,5,17.36,8.68,20.0,0.0,0.0,1,16.0,2.0
42,40,p043,6,9.98,4.99,100.0,1.0,1.0,0,33.0,1.0
42,40,p043,7,9.98,4.99,100.0,1.0,1.0,0,33.0,1.0
42,40,p043,8,24.58,12.29,100.0,1.0,1.0,0,43.0,2.0
42,40,p043,9,15.62,7.81,100.0,1.0,1.0,0,37.0,2.0
42,40,p043,10,18.32,9.16,100.0,1.0,1.0,0,37.0,1.0
42,40,p043,11,9.66,4.83,100.0,1.0,1.0,0,31.0,1.0
42,40,p043,12,9.5,4.75,100.0,1.0,1.0,0,30.0,1.0
42,40,p043,13,89.2,44.6,58.529411764705884,1.0,0.0,1,65.0,16.0
42,40,p043,14,48.2,24.1,97.0,1.0,1.0,1,55.0,8.0
42,40,p043,15,11.88,5.94,20.0,0.0,0.0,0,13.0,1.0
42,40,p044,0,9.98,4.99,100.0,1.0,1.0,0,33.0,1.0
42,40,p044,1,4.180000000000001,2.0900000000000003,100.0,1.0,1.0,0,28.0,0.0
42,40,p044,2,9.5,4.75,100.0,1.0,1.0,0,30.0,1.0
42,40,p044,3,18.619999999999997,9.309999999999999,100.0,1.0,1.0,0,37.0,1.0
42,40,p044,4,35.08,17.54,100.0,1.0,1.0,1,48.0,4.0
42,40,p044,5,27.58,13.79,98.0,1.0,1.0,0,43.0,1.0
42,40,p044,6,9.82,4.91,100.0,1.0,1.0,0,32.0,1.0
42,40,p044,7,18.619999999999997,9.309999999999999,100.0,1.0,1.0,0,37.0,1.0
42,40,p044,8,18.619999999999997,9.309999999999999,100.0,1.0,1.0,0,37.0,1.0
42,40,p044,9,26.119999999999997,13.059999999999999,100.0,1.0,1.0,0,42.0,4.0
42,40,p044,10,18.78,9.39,100.0,1.0,1.0,0,38.0,1.0
42,40,p044,11,15.459999999999999,7.7299999999999995,100.0,1.0,1.0,0,36.0,2.0
42,40,p044,12,47.58,23.79,97.0,1.0,1.0,1,53.0,8.0
42,40,p044,13,11.88,5.94,20.0,0.0,0.0,0,13.0,1.0
42,40,p044,14,9.36,4.68,100.0,1.0,1.0,0,31.0,1.0
42,40,p044,15,15.0,7.5,100.0,1.0,1.0,0,35.0,2.0
42,40,p045,0,9.98,4.99,100.0,1.0,1.0,0,33.0,1.0
42,40,p045,1,23.96,11.98,100.0,1.0,1.0,0,41.0,2.0
42,40,p045,2,16.9,8.45,20.0,0.0,0.0,1,15.0,2.0
42,40,p045,3,14.68,7.34,100.0,1.0,1.0,0,33.0,2.0
42,40,p045,4,25.799999999999997,12.899999999999999,100.0,1.0,1.0,0,40.0,4.0
42,40,p045,5,14.98,7.49,100.0,1.0,1.0,0,33.0,2.0
42,40,p045,6,9.36,4.68,100.0,1.0,1.0,0,31.0,1.0
42,40,p045,7,9.5,4.75,100.0,1.0,1.0,0,30.0,1.0
42,40,p045,8,20.22,10.11,20.0,0.0,0.0,0,17.0,1.0
42,40,p045,9,11.56,5.78,20.0,0.0,0.0,0,11.0,1.0
42,40,p045,10,28.02,14.01,20.0,0.0,0.0,1,22.0,4.0
42,40,p045,11,9.98,4.99,100.0,1.0,1.0,0,33.0,1.0
42,40,p045,12,18.939999999999998,9.469999999999999,100.0,1.0,1.0,0,39.0,1.0
42,40,p045,13,11.26,5.63,20.0,0.0,0.0,0,11.0,1.0
42,40,p045,14,15.62,7.81,100.0,1.0,1.0,0,37.0,2.0
42,40,p045,15,98.16,49.08,58.888888888888886,1.0,0.0,1,71.0,16.0
42,40,p046,0,33.22,16.61,98.33333333333333,1.0,1.0,1,47.0,2.0
42,40,p046,1,44.34,22.17,98.75,1.0,1.0,1,54.0,4.0
42,40,p046,2,19.240000000000002,9.620000000000001,100.0,1.0,1.0,0,39.0,1.0
42,40,p046,3,24.259999999999998,12.129999999999999,100.0,1.0,1.0,0,41.0,2.0
42,40,p046,4,10.120000000000001,5.0600000000000005,100.0,1.0,1.0,0,32.0,1.0
42,40,p046,5,10.600000000000001,5.300000000000001,100.0,1.0,1.0,0,35.0,1.0
42,40,p046,6,26.32,13.16,20.0,0.0,0.0,0,22.0,2.0
42,40,p046,7,18.939999999999998,9.469999999999999,100.0,1.0,1.0,0,39.0,1.0
42,40,p046,8,27.04,13.52,100.0,1.0,1.0,0,44.0,4.0
42,40,p046,9,10.120000000000001,5.0600000000000005,100.0,1.0,1.0,0,32.0,1.0
42,40,p046,10,10.440000000000001,5.220000000000001,100.0,1.0,1.0,0,34.0,1.0
42,40,p046,11,19.08,9.54,100.0,1.0,1.0,0,38.0,1.0
42,40,p046,12,4.8,2.4,100.0,1.0,1.0,0,30.0,0.0
42,40,p046,13,19.08,9.54,100.0,1.0,1.0,0,38.0,1.0
42,40,p046,14,15.3,7.65,100.0,1.0,1.0,0,35.0,2.0
42,40,p046,15,22.72,11.36,97.5,1.0,1.0,1,42.0,0.0
42,40,p047,0,4.8,2.4,100.0,1.0,1.0,0,30.0,0.0
42,40,p047,1,10.280000000000001,5.140000000000001,100.0,1.0,1.0,0,33.0,1.0
42,40,p047,2,10.280000000000001,5.140000000000001,100.0,1.0,1.0,0,33.0,1.0
42,40,p047,3,19.08,9.54,100.0,1.0,1.0,0,38.0,1.0
42,40,p047,4,10.440000000000001,5.220000000000001,100.0,1.0,1.0,0,34.0,1.0
42,40,p047,5,10.280000000000001,5.140000000000001,100.0,1.0,1.0,0,33.0,1.0
42,40,p047,6,9.98,4.99,100.0,1.0,1.0,0,33.0,1.0
42,40,p047,7,98.78,49.39,58.888888888888886,1.0,0.0,1,73.0,16.0
42,40,p047,8,19.560000000000002,9.780000000000001,100.0,1.0,1.0,0,41.0,1.0
42,40,p047,9,9.98,4.99,100.0,1.0,1.0,0,33.0,1.0
42,40,p047,10,24.259999999999998,12.129999999999999,100.0,1.0,1.0,0,41.0,2.0
42,40,p047,11,4.8,2.4,100.0,1.0,1.0,0,30.0,0.0
42,40,p047,12,18.939999999999998,9.469999999999999,100.0,1.0,1.0,0,39.0,1.0
42,40,p047,13,16.08,8.04,100.0,1.0,1.0,0,38.0,2.0
42,40,p047,14,19.08,9.54,100.0,1.0,1.0,0,38.0,1.0
42,40,p047,15,18.939999999999998,9.469999999999999,100.0,1.0,1.0,0,39.0,1.0
42,40,p048,0,10.440000000000001,5.220000000000001,100.0,1.0,1.0,0,34.0,1.0
42,40,p048,1,58.1,29.05,97.27272727272728,1.0,1.0,1,65.0,8.0
42,40,p048,2,10.440000000000001,5.220000000000001,100.0,1.0,1.0,0,34.0,1.0
42,40,p048,3,26.74,13.37,100.0,1.0,1.0,0,44.0,4.0
42,40,p048,4,4.8,2.4,100.0,1.0,1.0,0,30.0,0.0
42,40,p048,5,15.62,7.81,100.0,1.0,1.0,0,37.0,2.0
42,40,p048,6,9.98,4.99,100.0,1.0,1.0,0,33.0,1.0
42,40,p048,7,10.440000000000001,5.220000000000001,100.0,1.0,1.0,0,34.0,1.0
42,40,p048,8,10.440000000000001,5.220000000000001,100.0,1.0,1.0,0,34.0,1.0
42,40,p048,9,10.440000000000001,5.220000000000001,100.0,1.0,1.0,0,34.0,1.0
42,40,p048,10,19.240000000000002,9.620000000000001,100.0,1.0,1.0,0,39.0,1.0
42,40,p048,11,10.120000000000001,5.0600000000000005,100.0,1.0,1.0,0,32.0,1.0
42,40,p048,12,10.440000000000001,5.220000000000001,100.0,1.0,1.0,0,34.0,1.0
42,40,p048,13,28.04,14.02,98.0,1.0,1.0,0,44.0,1.0
42,40,p048,14,4.8,2.4,100.0,1.0,1.0,0,30.0,0.0
42,40,p048,15,16.240000000000002,8.120000000000001,100.0,1.0,1.0,0,39.0,2.0
42,60,p037,0,14.66,7.33,100.0,1.0,1.0,0,31.0,2.0
42,60,p037,1,47.260000000000005,23.630000000000003,97.0,1.0,1.0,1,51.0,8.0
42,60,p037,2,33.06,16.53,98.33333333333333,1.0,1.0,0,46.0,2.0
42,60,p037,3,14.68,7.34,100.0,1.0,1.0,0,33.0,2.0
42,60,p037,4,23.32,11.66,100.0,1.0,1.0,0,37.0,2.0
42,60,p037,5,9.04,4.52,100.0,1.0,1.0,0,29.0,1.0
42,60,p037,6,17.36,8.68,20.0,0.0,0.0,1,16.0,2.0
42,60,p037,7,25.479999999999997,12.739999999999998,100.0,1.0,1.0,0,38.0,4.0
42,60,p037,8,26.96,13.48,98.0,1.0,1.0,0,41.0,1.0
42,60,p037,9,43.56,21.78,98.75,1.0,1.0,1,51.0,4.0
42,60,p037,10,20.22,10.11,20.0,0.0,0.0,0,17.0,1.0
42,60,p037,11,18.619999999999997,9.309999999999999,100.0,1.0,1.0,0,37.0,1.0
42,60,p037,12,32.28,16.14,98.33333333333333,1.0,1.0,0,43.0,2.0
42,60,p037,13,23.619999999999997,11.809999999999999,100.0,1.0,1.0,0,37.0,2.0
42,60,p037,14,56.86,28.43,97.27272727272728,1.0,1.0,1,61.0,8.0
42,60,p037,15,9.5,4.75,100.0,1.0,1.0,0,30.0,1.0
42,60,p038,0,23.64,11.82,100.0,1.0,1.0,0,39.0,2.0
42,60,p038,1,18.619999999999997,9.309999999999999,100.0,1.0,1.0,0,37.0,1.0
42,60,p038,2,15.040000000000001,7.5200000000000005,20.0,0.0,0.0,0,14.0,0.0
42,60,p038,3,14.36,7.18,100.0,1.0,1.0,0,31.0,2.0
42,60,p038,4,18.619999999999997,9.309999999999999,100.0,1.0,1.0,0,37.0,1.0
42,60,p038,5,9.66,4.83,100.0,1.0,1.0,0,31.0,1.0
42,60,p038,6,3.8600000000000003,1.9300000000000002,100.0,1.0,1.0,0,26.0,0.0
42,60,p038,7,15.3,7.65,100.0,1.0,1.0,0,35.0,2.0
42,60,p038,8,18.14,9.07,100.0,1.0,1.0,0,34.0,1.0
42,60,p038,9,9.66,4.83,100.0,1.0,1.0,0,31.0,1.0
42,60,p038,10,18.0,9.0,100.0,1.0,1.0,0,35.0,1.0
42,60,p038,11,47.42,23.71,97.0,1.0,1.0,1,52.0,8.0
42,60,p038,12,91.3,45.65,93.88888888888889,1.0,1.0,1,80.0,16.0
42,60,p038,13,9.04,4.52,100.0,1.0,1.0,0,29.0,1.0
42,60,p038,14,9.5,4.75,100.0,1.0,1.0,0,30.0,1.0
42,60,p038,15,18.0,9.0,100.0,1.0,1.0,0,35.0,1.0
42,60,p039,0,9.34,4.67,100.0,1.0,1.0,0,29.0,1.0
42,60,p039,1,18.619999999999997,9.309999999999999,100.0,1.0,1.0,0,37.0,1.0
42,60,p039,2,14.66,7.33,100.0,1.0,1.0,0,31.0,2.0
42,60,p039,3,26.32,13.16,20.0,0.0,0.0,0,22.0,2.0
42,60,p039,4,18.46,9.23,100.0,1.0,1.0,0,36.0,1.0
42,60,p039,5,45.34,22.67,95.71428571428571,1.0,1.0,1,54.0,1.0
42,60,p039,6,27.7,13.85,20.0,0.0,0.0,1,20.0,4.0
42,60,p039,7,25.96,12.98,100.0,1.0,1.0,0,41.0,4.0
42,60,p039,8,32.6,16.3,98.33333333333333,1.0,1.0,0,45.0,2.0
42,60,p039,9,3.8600000000000003,1.9300000000000002,100.0,1.0,1.0,0,26.0,0.0
42,60,p039,10,15.14,7.57,100.0,1.0,1.0,0,34.0,2.0
42,60,p039,11,18.0,9.0,100.0,1.0,1.0,0,35.0,1.0
42,60,p039,12,11.4,5.7,20.0,0.0,0.0,0,10.0,1.0
42,60,p039,13,56.38,28.19,97.27272727272728,1.0,1.0,1,58.0,8.0
42,60,p039,14,11.56,5.78,20.0,0.0,0.0,0,11.0,1.0
42,60,p039,15,11.4,5.7,20.0,0.0,0.0,0,10.0,1.0
42,60,p040,0,27.58,13.79,98.0,1.0,1.0,0,43.0,1.0
42,60,p040,1,27.259999999999998,13.629999999999999,98.0,1.0,1.0,0,41.0,1.0
42,60,p040,2,34.6,17.3,100.0,1.0,1.0,0,45.0,4.0
42,60,p040,3,14.66,7.33,100.0,1.0,1.0,0,31.0,2.0
42,60,p040,4,25.96,12.98,100.0,1.0,1.0,0,41.0,4.0
42,60,p040,5,3.8600000000000003,1.9300000000000002,100.0,1.0,1.0,0,26.0,0.0
42,60,p040,6,9.34,4.67,100.0,1.0,1.0,0,29.0,1.0
42,60,p040,7,18.14,9.07,100.0,1.0,1.0,0,34.0,1.0
42,60,p040,8,23.32,11.66,100.0,1.0,1.0,0,37.0,2.0
42,60,p040,9,25.479999999999997,12.739999999999998,100.0,1.0,1.0,0,38.0,4.0
42,60,p040,10,45.18000000000001,22.590000000000003,95.71428571428571,1.0,1.0,1,53.0,1.0
42,60,p040,11,9.5,4.75,100.0,1.0,1.0,0,30.0,1.0
42,60,p040,12,18.619999999999997,9.309999999999999,100.0,1.0,1.0,0,37.0,1.0
42,60,p040,13,18.46,9.23,100.0,1.0,1.0,0,36.0,1.0
42,60,p040,14,11.88,5.94,20.0,0.0,0.0,0,13.0,1.0
42,60,p040,15,34.5,17.25,18.0,0.0,0.0,0,25.0,2.0
42,60,p041,0,24.259999999999998,12.129999999999999,100.0,1.0,1.0,0,41.0,2.0
42,60,p041,1,18.619999999999997,9.309999999999999,100.0,1.0,1.0,0,37.0,1.0
42,60,p041,2,15.3,7.65,100.0,1.0,1.0,0,35.0,2.0
42,60,p041,3,21.78,10.89,97.5,1.0,1.0,1,38.0,0.0
42,60,p041,4,14.66,7.33,100.0,1.0,1.0,0,31.0,2.0
42,60,p041,5,24.1,12.05,100.0,1.0,1.0,0,40.0,2.0
42,60,p041,6,9.66,4.83,100.0,1.0,1.0,0,31.0,1.0
42,60,p041,7,15.14,7.57,100.0,1.0,1.0,0,34.0,2.0
42,60,p041,8,18.619999999999997,9.309999999999999,100.0,1.0,1.0,0,37.0,1.0
42,60,p041,9,28.18,14.09,20.0,0.0,0.0,1,23.0,4.0
42,60,p041,10,14.68,7.34,100.0,1.0,1.0,0,33.0,2.0
42,60,p041,11,18.14,9.07,100.0,1.0,1.0,0,34.0,1.0
42,60,p041,12,25.64,12.82,100.0,1.0,1.0,0,39.0,4.0
42,60,p041,13,34.44,17.22,100.0,1.0,1.0,0,44.0,4.0
42,60,p041,14,14.36,7.18,100.0,1.0,1.0,0,31.0,2.0
42,60,p041,15,56.38,28.19,97.27272727272728,1.0,1.0,1,58.0,8.0
42,60,p042,0,27.58,13.79,98.0,1.0,1.0,0,43.0,1.0
42,60,p042,1,23.619999999999997,11.809999999999999,100.0,1.0,1.0,0,37.0,2.0
42,60,p042,2,25.64,12.82,100.0,1.0,1.0,0,39.0,4.0
42,60,p042,3,47.900000000000006,23.950000000000003,97.0,1.0,1.0,1,55.0,8.0
42,60,p042,4,47.42,23.71,97.0,1.0,1.0,1,52.0,8.0
42,60,p042,5,9.18,4.59,100.0,1.0,1.0,0,28.0,1.0
42,60,p042,6,15.14,7.57,100.0,1.0,1.0,0,34.0,2.0
42,60,p042,7,14.68,7.34,100.0,1.0,1.0,0,33.0,2.0
42,60,p042,8,29.18,14.59,17.5,0.0,0.0,1,23.0,1.0
42,60,p042,9,18.46,9.23,100.0,1.0,1.0,0,36.0,1.0
42,60,p042,10,11.88,5.94,20.0,0.0,0.0,0,13.0,1.0
42,60,p042,11,9.18,4.59,100.0,1.0,1.0,0,28.0,1.0
42,60,p042,12,47.879999999999995,23.939999999999998,97.0,1.0,1.0,1,53.0,8.0
42,60,p042,13,25.64,12.82,100.0,1.0,1.0,0,39.0,4.0
42,60,p042,14,32.58,16.29,98.33333333333333,1.0,1.0,0,43.0,2.0
42,60,p042,15,34.44,17.22,100.0,1.0,1.0,0,44.0,4.0
42,60,p043,0,18.78,9.39,100.0,1.0,1.0,0,38.0,1.0
42,60,p043,1,26.119999999999997,13.059999999999999,100.0,1.0,1.0,0,42.0,4.0
42,60,p043,2,9.5,4.75,100.0,1.0,1.0,0,30.0,1.0
42,60,p043,3,11.56,5.78,20.0,0.0,0.0,0,11.0,1.0
42,60,p043,4,18.619999999999997,9.309999999999999,100.0,1.0,1.0,0,37.0,1.0
42,60,p043,5,36.82,18.41,20.0,0.0,0.0,1,27.0,4.0
42,60,p043,6,9.98,4.99,100.0,1.0,1.0,0,33.0,1.0
42,60,p043,7,15.459999999999999,7.7299999999999995,100.0,1.0,1.0,0,36.0,2.0
42,60,p043,8,24.58,12.29,100.0,1.0,1.0,0,43.0,2.0
42,60,p043,9,15.62,7.81,100.0,1.0,1.0,0,37.0,2.0
42,60,p043,10,18.32,9.16,100.0,1.0,1.0,0,37.0,1.0
42,60,p043,11,14.98,7.49,100.0,1.0,1.0,0,33.0,2.0
42,60,p043,12,18.46,9.23,100.0,1.0,1.0,0,36.0,1.0
42,60,p043,13,89.2,44.6,58.529411764705884,1.0,0.0,1,65.0,16.0
42,60,p043,14,48.2,24.1,97.0,1.0,1.0,1,55.0,8.0
42,60,p043,15,11.88,5.94,20.0,0.0,0.0,0,13.0,1.0
42,60,p044,0,9.98,4.99,100.0,1.0,1.0,0,33.0,1.0
42,60,p044,1,4.180000000000001,2.0900000000000003,100.0,1.0,1.0,0,28.0,0.0
42,60,p044,2,9.5,4.75,100.0,1.0,1.0,0,30.0,1.0
42,60,p044,3,18.619999999999997,9.309999999999999,100.0,1.0,1.0,0,37.0,1.0
42,60,p044,4,44.04,22.02,98.75,1.0,1.0,1,54.0,4.0
42,60,p044,5,45.5,22.75,95.71428571428571,1.0,1.0,1,55.0,1.0
42,60,p044,6,9.82,4.91,100.0,1.0,1.0,0,32.0,1.0
42,60,p044,7,18.619999999999997,9.309999999999999,100.0,1.0,1.0,0,37.0,1.0
42,60,p044,8,18.619999999999997,9.309999999999999,100.0,1.0,1.0,0,37.0,1.0
42,60,p044,9,26.119999999999997,13.059999999999999,100.0,1.0,1.0,0,42.0,4.0
42,60,p044,10,18.78,9.39,100.0,1.0,1.0,0,38.0,1.0
42,60,p044,11,34.92,17.46,100.0,1.0,1.0,1,47.0,4.0
42,60,p044,12,47.58,23.79,97.0,1.0,1.0,1,53.0,8.0
42,60,p044,13,11.88,5.94,20.0,0.0,0.0,0,13.0,1.0
42,60,p044,14,9.36,4.68,100.0,1.0,1.0,0,31.0,1.0
42,60,p044,15,15.0,7.5,100.0,1.0,1.0,0,35.0,2.0
42,60,p045,0,15.459999999999999,7.7299999999999995,100.0,1.0,1.0,0,36.0,2.0
42,60,p045,1,23.96,11.98,100.0,1.0,1.0,0,41.0,2.0
42,60,p045,2,16.9,8.45,20.0,0.0,0.0,1,15.0,2.0
42,60,p045,3,14.68,7.34,100.0,1.0,1.0,0,33.0,2.0
42,60,p045,4,25.799999999999997,12.899999999999999,100.0,1.0,1.0,0,40.0,4.0
42,60,p045,5,14.98,7.49,100.0,1.0,1.0,0,33.0,2.0
42,60,p045,6,23.96,11.98,100.0,1.0,1.0,0,41.0,2.0
42,60,p045,7,9.5,4.75,100.0,1.0,1.0,0,30.0,1.0
42,60,p045,8,20.22,10.11,20.0,0.0,0.0,0,17.0,1.0
42,60,p045,9,20.52,10.26,20.0,0.0,0.0,0,17.0,1.0
42,60,p045,10,28.02,14.01,20.0,0.0,0.0,1,22.0,4.0
42,60,p045,11,9.98,4.99,100.0,1.0,1.0,0,33.0,1.0
42,60,p045,12,18.939999999999998,9.469999999999999,100.0,1.0,1.0,0,39.0,1.0
42,60,p045,13,11.26,5.63,20.0,0.0,0.0,0,11.0,1.0
42,60,p045,14,24.58,12.29,100.0,1.0,1.0,0,43.0,2.0
42,60,p045,15,98.16,49.08,58.888888888888886,1.0,0.0,1,71.0,16.0
42,60,p046,0,33.22,16.61,98.33333333333333,1.0,1.0,1,47.0,2.0
42,60,p046,1,44.34,22.17,98.75,1.0,1.0,1,54.0,4.0
42,60,p046,2,19.240000000000002,9.620000000000001,100.0,1.0,1.0,0,39.0,1.0
42,60,p046,3,24.259999999999998,12.129999999999999,100.0,1.0,1.0,0,41.0,2.0
42,60,p046,4,19.08,9.54,100.0,1.0,1.0,0,38.0,1.0
42,60,p046,5,19.560000000000002,9.780000000000001,100.0,1.0,1.0,0,41.0,1.0
42,60,p046,6,45.78,22.89,18.57142857142857,0.0,0.0,1,33.0,4.0
42,60,p046,7,18.939999999999998,9.469999999999999,100.0,1.0,1.0,0,39.0,1.0
42,60,p046,8,36.0,18.0,100.0,1.0,1.0,1,50.0,4.0
42,60,p046,9,19.08,9.54,100.0,1.0,1.0,0,38.0,1.0
42,60,p046,10,10.440000000000001,5.220000000000001,100.0,1.0,1.0,0,34.0,1.0
42,60,p046,11,24.259999999999998,12.129999999999999,100.0,1.0,1.0,0,41.0,2.0
42,60,p046,12,13.76,6.88,100.0,1.0,1.0,0,36.0,0.0
42,60,p046,13,19.08,9.54,100.0,1.0,1.0,0,38.0,1.0
42,60,p046,14,15.3,7.65,100.0,1.0,1.0,0,35.0,2.0
42,60,p046,15,22.72,11.36,97.5,1.0,1.0,1,42.0,0.0
42,60,p047,0,4.8,2.4,100.0,1.0,1.0,0,30.0,0.0
42,60,p047,1,19.240000000000002,9.620000000000001,100.0,1.0,1.0,0,39.0,1.0
42,60,p047,2,10.280000000000001,5.140000000000001,100.0,1.0,1.0,0,33.0,1.0
42,60,p047,3,33.22,16.61,98.33333333333333,1.0,1.0,1,47.0,2.0
42,60,p047,4,16.240000000000002,8.120000000000001,100.0,1.0,1.0,0,39.0,2.0
42,60,p047,5,10.280000000000001,5.140000000000001,100.0,1.0,1.0,0,33.0,1.0
42,60,p047,6,18.939999999999998,9.469999999999999,100.0,1.0,1.0,0,39.0,1.0
42,60,p047,7,98.78,49.39,58.888888888888886,1.0,0.0,1,73.0,16.0
42,60,p047,8,19.560000000000002,9.780000000000001,100.0,1.0,1.0,0,41.0,1.0
42,60,p047,9,9.98,4.99,100.0,1.0,1.0,0,33.0,1.0
42,60,p047,10,24.259999999999998,12.129999999999999,100.0,1.0,1.0,0,41.0,2.0
42,60,p047,11,4.8,2.4,100.0,1.0,1.0,0,30.0,0.0
42,60,p047,12,18.939999999999998,9.469999999999999,100.0,1.0,1.0,0,39.0,1.0
42,60,p047,13,16.08,8.04,100.0,1.0,1.0,0,38.0,2.0
42,60,p047,14,19.08,9.54,100.0,1.0,1.0,0,38.0,1.0
42,60,p047,15,24.58,12.29,100.0,1.0,1.0,0,43.0,2.0
42,60,p048,0,10.440000000000001,5.220000000000001,100.0,1.0,1.0,0,34.0,1.0
42,60,p048,1,58.1,29.05,97.27272727272728,1.0,1.0,1,65.0,8.0
42,60,p048,2,19.4,9.7,100.0,1.0,1.0,0,40.0,1.0
42,60,p048,3,26.74,13.37,100.0,1.0,1.0,0,44.0,4.0
42,60,p048,4,4.8,2.4,100.0,1.0,1.0,0,30.0,0.0
42,60,p048,5,26.9,13.45,100.0,1.0,1.0,0,45.0,4.0
42,60,p048,6,9.98,4.99,100.0,1.0,1.0,0,33.0,1.0
42,60,p048,7,10.440000000000001,5.220000000000001,100.0,1.0,1.0,0,34.0,1.0
42,60,p048,8,10.440000000000001,5.220000000000001,100.0,1.0,1.0,0,34.0,1.0
42,60,p048,9,10.440000000000001,5.220000000000001,100.0,1.0,1.0,0,34.0,1.0
42,60,p048,10,19.240000000000002,9.620000000000001,100.0,1.0,1.0,0,39.0,1.0
42,60,p048,11,10.120000000000001,5.0600000000000005,100.0,1.0,1.0,0,32.0,1.0
42,60,p048,12,10.440000000000001,5.220000000000001,100.0,1.0,1.0,0,34.0,1.0
42,60,p048,13,28.04,14.02,98.0,1.0,1.0,0,44.0,1.0
42,60,p048,14,13.76,6.88,100.0,1.0,1.0,0,36.0,0.0
42,60,p048,15,16.240000000000002,8.120000000000001,100.0,1.0,1.0,0,39.0,2.0
42,80,p037,0,25.479999999999997,12.739999999999998,100.0,1.0,1.0,0,38.0,4.0
42,80,p037,1,97.67999999999999,48.839999999999996,58.888888888888886,1.0,0.0,1,68.0,16.0
42,80,p037,2,43.56,21.78,98.75,1.0,1.0,1,51.0,4.0
42,80,p037,3,25.96,12.98,100.0,1.0,1.0,0,41.0,4.0
42,80,p037,4,23.32,11.66,100.0,1.0,1.0,0,37.0,2.0
42,80,p037,5,3.8600000000000003,1.9300000000000002,100.0,1.0,1.0,0,26.0,0.0
42,80,p037,6,36.82,18.41,20.0,0.0,0.0,1,27.0,4.0
42,80,p037,7,25.479999999999997,12.739999999999998,100.0,1.0,1.0,0,38.0,4.0
42,80,p037,8,32.6,16.3,98.33333333333333,1.0,1.0,0,45.0,2.0
42,80,p037,9,43.56,21.78,98.75,1.0,1.0,1,51.0,4.0
42,80,p037,10,20.22,10.11,20.0,0.0,0.0,0,17.0,1.0
42,80,p037,11,18.619999999999997,9.309999999999999,100.0,1.0,1.0,0,37.0,1.0
42,80,p037,12,32.28,16.14,98.33333333333333,1.0,1.0,0,43.0,2.0
42,80,p037,13,23.619999999999997,11.809999999999999,100.0,1.0,1.0,0,37.0,2.0
42,80,p037,14,56.86,28.43,97.27272727272728,1.0,1.0,1,61.0,8.0
42,80,p037,15,15.3,7.65,100.0,1.0,1.0,0,35.0,2.0
42,80,p038,0,32.6,16.3,98.33333333333333,1.0,1.0,0,45.0,2.0
42,80,p038,1,24.1,12.05,100.0,1.0,1.0,0,40.0,2.0
42,80,p038,2,15.040000000000001,7.5200000000000005,20.0,0.0,0.0,0,14.0,0.0
42,80,p038,3,25.799999999999997,12.899999999999999,100.0,1.0,1.0,0,40.0,4.0
42,80,p038,4,18.619999999999997,9.309999999999999,100.0,1.0,1.0,0,37.0,1.0
42,80,p038,5,9.66,4.83,100.0,1.0,1.0,0,31.0,1.0
42,80,p038,6,3.8600000000000003,1.9300000000000002,100.0,1.0,1.0,0,26.0,0.0
42,80,p038,7,15.3,7.65,100.0,1.0,1.0,0,35.0,2.0
42,80,p038,8,18.14,9.07,100.0,1.0,1.0,0,34.0,1.0
42,80,p038,9,9.66,4.83,100.0,1.0,1.0,0,31.0,1.0
42,80,p038,10,18.0,9.0,100.0,1.0,1.0,0,35.0,1.0
42,80,p038,11,47.42,23.71,97.0,1.0,1.0,1,52.0,8.0
42,80,p038,12,91.3,45.65,93.88888888888889,1.0,1.0,1,80.0,16.0
42,80,p038,13,9.04,4.52,100.0,1.0,1.0,0,29.0,1.0
42,80,p038,14,18.46,9.23,100.0,1.0,1.0,0,36.0,1.0
42,80,p038,15,23.64,11.82,100.0,1.0,1.0,0,39.0,2.0
42,80,p039,0,9.34,4.67,100.0,1.0,1.0,0,29.0,1.0
42,80,p039,1,18.619999999999997,9.309999999999999,100.0,1.0,1.0,0,37.0,1.0
42,80,p039,2,16.880000000000003,8.440000000000001,20.0,0.0,0.0,1,13.0,2.0
42,80,p039,3,36.82,18.41,20.0,0.0,0.0,1,27.0,4.0
42,80,p039,4,12.82,6.41,100.0,1.0,1.0,0,32.0,0.0
42,80,p039,5,45.34,22.67,95.71428571428571,1.0,1.0,1,54.0,1.0
42,80,p039,6,27.7,13.85,20.0,0.0,0.0,1,20.0,4.0
42,80,p039,7,25.96,12.98,100.0,1.0,1.0,0,41.0,4.0
42,80,p039,8,32.6,16.3,98.33333333333333,1.0,1.0,0,45.0,2.0
42,80,p039,9,3.8600000000000003,1.9300000000000002,100.0,1.0,1.0,0,26.0,0.0
42,80,p039,10,15.14,7.57,100.0,1.0,1.0,0,34.0,2.0
42,80,p039,11,23.64,11.82,100.0,1.0,1.0,0,39.0,2.0
42,80,p039,12,11.4,5.7,20.0,0.0,0.0,0,10.0,1.0
42,80,p039,13,56.38,28.19,97.27272727272728,1.0,1.0,1,58.0,8.0
42,80,p039,14,11.56,5.78,20.0,0.0,0.0,0,11.0,1.0
42,80,p039,15,11.4,5.7,20.0,0.0,0.0,0,10.0,1.0
42,80,p040,0,27.58,13.79,98.0,1.0,1.0,0,43.0,1.0
42,80,p040,1,27.259999999999998,13.629999999999999,98.0,1.0,1.0,0,41.0,1.0
42,80,p040,2,34.6,17.3,100.0,1.0,1.0,0,45.0,4.0
42,80,p040,3,14.66,7.33,100.0,1.0,1.0,0,31.0,2.0
42,80,p040,4,25.96,12.98,100.0,1.0,1.0,0,41.0,4.0
42,80,p040,5,12.82,6.41,100.0,1.0,1.0,0,32.0,0.0
42,80,p040,6,9.34,4.67,100.0,1.0,1.0,0,29.0,1.0
42,80,p040,7,23.32,11.66,100.0,1.0,1.0,0,37.0,2.0
42,80,p040,8,23.32,11.66,100.0,1.0,1.0,0,37.0,2.0
42,80,p040,9,25.479999999999997,12.739999999999998,100.0,1.0,1.0,0,38.0,4.0
42,80,p040,10,45.18000000000001,22.590000000000003,95.71428571428571,1.0,1.0,1,53.0,1.0
42,80,p040,11,18.46,9.23,100.0,1.0,1.0,0,36.0,1.0
42,80,p040,12,18.619999999999997,9.309999999999999,100.0,1.0,1.0,0,37.0,1.0
42,80,p040,13,18.46,9.23,100.0,1.0,1.0,0,36.0,1.0
42,80,p040,14,26.32,13.16,20.0,0.0,0.0,0,22.0,2.0
42,80,p040,15,45.94,22.97,18.57142857142857,0.0,0.0,0,34.0,4.0
42,80,p041,0,35.06,17.53,100.0,1.0,1.0,0,46.0,4.0
42,80,p041,1,18.619999999999997,9.309999999999999,100.0,1.0,1.0,0,37.0,1.0
42,80,p041,2,15.3,7.65,100.0,1.0,1.0,0,35.0,2.0
42,80,p041,3,21.78,10.89,97.5,1.0,1.0,1,38.0,0.0
42,80,p041,4,14.66,7.33,100.0,1.0,1.0,0,31.0,2.0
42,80,p041,5,24.1,12.05,100.0,1.0,1.0,0,40.0,2.0
42,80,p041,6,9.66,4.83,100.0,1.0,1.0,0,31.0,1.0
42,80,p041,7,15.14,7.57,100.0,1.0,1.0,0,34.0,2.0
42,80,p041,8,18.619999999999997,9.309999999999999,100.0,1.0,1.0,0,37.0,1.0
42,80,p041,9,28.18,14.09,20.0,0.0,0.0,1,23.0,4.0
42,80,p041,10,14.68,7.34,100.0,1.0,1.0,0,33.0,2.0
42,80,p041,11,27.1,13.55,98.0,1.0,1.0,0,40.0,1.0
42,80,p041,12,47.879999999999995,23.939999999999998,97.0,1.0,1.0,1,53.0,8.0
42,80,p041,13,34.44,17.22,100.0,1.0,1.0,0,44.0,4.0
42,80,p041,14,25.799999999999997,12.899999999999999,100.0,1.0,1.0,0,40.0,4.0
42,80,p041,15,56.38,28.19,97.27272727272728,1.0,1.0,1,58.0,8.0
42,80,p042,0,27.58,13.79,98.0,1.0,1.0,0,43.0,1.0
42,80,p042,1,23.619999999999997,11.809999999999999,100.0,1.0,1.0,0,37.0,2.0
42,80,p042,2,25.64,12.82,100.0,1.0,1.0,0,39.0,4.0
42,80,p042,3,47.900000000000006,23.950000000000003,97.0,1.0,1.0,1,55.0,8.0
42,80,p042,4,91.44,45.72,93.88888888888889,1.0,1.0,1,79.0,16.0
42,80,p042,5,9.18,4.59,100.0,1.0,1.0,0,28.0,1.0
42,80,p042,6,15.14,7.57,100.0,1.0,1.0,0,34.0,2.0
42,80,p042,7,14.68,7.34,100.0,1.0,1.0,0,33.0,2.0
42,80,p042,8,34.82,17.41,18.0,0.0,0.0,0,27.0,2.0
42,80,p042,9,18.46,9.23,100.0,1.0,1.0,0,36.0,1.0
42,80,p042,10,11.88,5.94,20.0,0.0,0.0,0,13.0,1.0
42,80,p042,11,14.36,7.18,100.0,1.0,1.0,0,31.0,2.0
42,80,p042,12,89.2,44.6,93.52941176470588,1.0,1.0,1,65.0,16.0
42,80,p042,13,47.879999999999995,23.939999999999998,97.0,1.0,1.0,1,53.0,8.0
42,80,p042,14,43.4,21.7,98.75,1.0,1.0,1,50.0,4.0
42,80,p042,15,34.44,17.22,100.0,1.0,1.0,0,44.0,4.0
42,80,p043,0,18.78,9.39,100.0,1.0,1.0,0,38.0,1.0
42,80,p043,1,26.119999999999997,13.059999999999999,100.0,1.0,1.0,0,42.0,4.0
42,80,p043,2,9.5,4.75,100.0,1.0,1.0,0,30.0,1.0
42,80,p043,3,11.56,5.78,20.0,0.0,0.0,0,11.0,1.0
42,80,p043,4,32.9,16.45,98.33333333333333,1.0,1.0,0,45.0,2.0
42,80,p043,5,36.82,18.41,20.0,0.0,0.0,1,27.0,4.0
42,80,p043,6,15.459999999999999,7.7299999999999995,100.0,1.0,1.0,0,36.0,2.0
42,80,p043,7,15.459999999999999,7.7299999999999995,100.0,1.0,1.0,0,36.0,2.0
42,80,p043,8,35.379999999999995,17.689999999999998,100.0,1.0,1.0,1,48.0,4.0
42,80,p043,9,26.419999999999998,13.209999999999999,100.0,1.0,1.0,0,42.0,4.0
42,80,p043,10,23.96,11.98,100.0,1.0,1.0,0,41.0,2.0
42,80,p043,11,14.98,7.49,100.0,1.0,1.0,0,33.0,2.0
42,80,p043,12,18.46,9.23,100.0,1.0,1.0,0,36.0,1.0
42,80,p043,13,89.2,44.6,58.529411764705884,1.0,0.0,1,65.0,16.0
42,80,p043,14,57.16,28.58,97.27272727272728,1.0,1.0,1,61.0,8.0
42,80,p043,15,11.88,5.94,20.0,0.0,0.0,0,13.0,1.0
42,80,p044,0,15.459999999999999,7.7299999999999995,100.0,1.0,1.0,0,36.0,2.0
42,80,p044,1,4.180000000000001,2.0900000000000003,100.0,1.0,1.0,0,28.0,0.0
42,80,p044,2,14.68,7.34,100.0,1.0,1.0,0,33.0,2.0
42,80,p044,3,18.619999999999997,9.309999999999999,100.0,1.0,1.0,0,37.0,1.0
42,80,p044,4,44.04,22.02,98.75,1.0,1.0,1,54.0,4.0
42,80,p044,5,45.5,22.75,95.71428571428571,1.0,1.0,1,55.0,1.0
42,80,p044,6,4.180000000000001,2.0900000000000003,100.0,1.0,1.0,0,28.0,0.0
42,80,p044,7,18.619999999999997,9.309999999999999,100.0,1.0,1.0,0,37.0,1.0
42,80,p044,8,23.939999999999998,11.969999999999999,100.0,1.0,1.0,0,39.0,2.0
42,80,p044,9,26.119999999999997,13.059999999999999,100.0,1.0,1.0,0,42.0,4.0
42,80,p044,10,18.78,9.39,100.0,1.0,1.0,0,38.0,1.0
42,80,p044,11,34.92,17.46,100.0,1.0,1.0,1,47.0,4.0
42,80,p044,12,47.58,23.79,97.0,1.0,1.0,1,53.0,8.0
42,80,p044,13,11.88,5.94,20.0,0.0,0.0,0,13.0,1.0
42,80,p044,14,9.36,4.68,100.0,1.0,1.0,0,31.0,1.0
42,80,p044,15,15.0,7.5,100.0,1.0,1.0,0,35.0,2.0
42,80,p045,0,15.459999999999999,7.7299999999999995,100.0,1.0,1.0,0,36.0,2.0
42,80,p045,1,35.239999999999995,17.619999999999997,100.0,1.0,1.0,1,49.0,4.0
42,80,p045,2,25.86,12.93,20.0,0.0,0.0,0,21.0,2.0
42,80,p045,3,14.68,7.34,100.0,1.0,1.0,0,33.0,2.0
42,80,p045,4,25.799999999999997,12.899999999999999,100.0,1.0,1.0,0,40.0,4.0
42,80,p045,5,14.98,7.49,100.0,1.0,1.0,0,33.0,2.0
42,80,p045,6,23.96,11.98,100.0,1.0,1.0,0,41.0,2.0
42,80,p045,7,9.5,4.75,100.0,1.0,1.0,0,30.0,1.0
42,80,p045,8,25.86,12.93,20.0,0.0,0.0,0,21.0,2.0
42,80,p045,9,20.52,10.26,20.0,0.0,0.0,0,17.0,1.0
42,80,p045,10,28.02,14.01,20.0,0.0,0.0,1,22.0,4.0
42,80,p045,11,24.419999999999998,12.209999999999999,100.0,1.0,1.0,0,42.0,2.0
42,80,p045,12,27.9,13.95,98.0,1.0,1.0,0,45.0,1.0
42,80,p045,13,11.26,5.63,20.0,0.0,0.0,0,11.0,1.0
42,80,p045,14,35.379999999999995,17.689999999999998,100.0,1.0,1.0,1,48.0,4.0
42,80,p045,15,98.16,49.08,58.888888888888886,1.0,0.0,1,71.0,16.0
42,80,p046,0,33.22,16.61,98.33333333333333,1.0,1.0,1,47.0,2.0
42,80,p046,1,44.34,22.17,98.75,1.0,1.0,1,54.0,4.0
42,80,p046,2,33.52,16.76,98.33333333333333,1.0,1.0,1,47.0,2.0
42,80,p046,3,35.7,17.85,100.0,1.0,1.0,1,50.0,4.0
42,80,p046,4,19.08,9.54,100.0,1.0,1.0,0,38.0,1.0
42,80,p046,5,19.560000000000002,9.780000000000001,100.0,1.0,1.0,0,41.0,1.0
42,80,p046,6,45.78,22.89,18.57142857142857,0.0,0.0,1,33.0,4.0
42,80,p046,7,27.9,13.95,98.0,1.0,1.0,0,45.0,1.0
42,80,p046,8,36.0,18.0,100.0,1.0,1.0,1,50.0,4.0
42,80,p046,9,19.08,9.54,100.0,1.0,1.0,0,38.0,1.0
42,80,p046,10,19.4,9.7,100.0,1.0,1.0,0,40.0,1.0
42,80,p046,11,24.259999999999998,12.129999999999999,100.0,1.0,1.0,0,41.0,2.0
42,80,p046,12,13.76,6.88,100.0,1.0,1.0,0,36.0,0.0
42,80,p046,13,28.04,14.02,98.0,1.0,1.0,0,44.0,1.0
42,80,p046,14,15.3,7.65,100.0,1.0,1.0,0,35.0,2.0
42,80,p046,15,24.0,12.0,16.666666666666664,0.0,0.0,1,20.0,0.0
42,80,p047,0,4.8,2.4,100.0,1.0,1.0,0,30.0,0.0
42,80,p047,1,24.560000000000002,12.280000000000001,100.0,1.0,1.0,0,41.0,2.0
42,80,p047,2,10.280000000000001,5.140000000000001,100.0,1.0,1.0,0,33.0,1.0
42,80,p047,3,33.22,16.61,98.33333333333333,1.0,1.0,1,47.0,2.0
42,80,p047,4,16.240000000000002,8.120000000000001,100.0,1.0,1.0,0,39.0,2.0
42,80,p047,5,10.280000000000001,5.140000000000001,100.0,1.0,1.0,0,33.0,1.0
42,80,p047,6,18.939999999999998,9.469999999999999,100.0,1.0,1.0,0,39.0,1.0
42,80,p047,7,100.0,53.87,58.68421052631579,1.0,0.0,1,79.0,16.0
42,80,p047,8,19.560000000000002,9.780000000000001,100.0,1.0,1.0,0,41.0,1.0
42,80,p047,9,9.98,4.99,100.0,1.0,1.0,0,33.0,1.0
42,80,p047,10,35.7,17.85,100.0,1.0,1.0,1,50.0,4.0
42,80,p047,11,4.8,2.4,100.0,1.0,1.0,0,30.0,0.0
42,80,p047,12,18.939999999999998,9.469999999999999,100.0,1.0,1.0,0,39.0,1.0
42,80,p047,13,26.58,13.29,100.0,1.0,1.0,0,43.0,4.0
42,80,p047,14,19.08,9.54,100.0,1.0,1.0,0,38.0,1.0
42,80,p047,15,24.58,12.29,100.0,1.0,1.0,0,43.0,2.0
42,80,p048,0,10.440000000000001,5.220000000000001,100.0,1.0,1.0,0,34.0,1.0
42,80,p048,1,98.61999999999999,49.309999999999995,58.888888888888886,1.0,0.0,1,72.0,16.0
42,80,p048,2,19.4,9.7,100.0,1.0,1.0,0,40.0,1.0
42,80,p048,3,26.74,13.37,100.0,1.0,1.0,0,44.0,4.0
42,80,p048,4,4.8,2.4,100.0,1.0,1.0,0,30.0,0.0
42,80,p048,5,26.9,13.45,100.0,1.0,1.0,0,45.0,4.0
42,80,p048,6,15.62,7.81,100.0,1.0,1.0,0,37.0,2.0
42,80,p048,7,10.440000000000001,5.220000000000001,100.0,1.0,1.0,0,34.0,1.0
42,80,p048,8,10.440000000000001,5.220000000000001,100.0,1.0,1.0,0,34.0,1.0
42,80,p048,9,16.240000000000002,8.120000000000001,100.0,1.0,1.0,0,39.0,2.0
42,80,p048,10,24.560000000000002,12.280000000000001,100.0,1.0,1.0,0,41.0,2.0
42,80,p048,11,10.120000000000001,5.0600000000000005,100.0,1.0,1.0,0,32.0,1.0
42,80,p048,12,11.72,5.86,20.0,0.0,0.0,0,12.0,1.0
42,80,p048,13,33.22,16.61,98.33333333333333,1.0,1.0,1,47.0,2.0
42,80,p048,14,13.76,6.88,100.0,1.0,1.0,0,36.0,0.0
42,80,p048,15,16.240000000000002,8.120000000000001,100.0,1.0,1.0,0,39.0,2.0
42,100,p037,0,25.479999999999997,12.739999999999998,100.0,1.0,1.0,0,38.0,4.0
42,100,p037,1,97.67999999999999,48.839999999999996,58.888888888888886,1.0,0.0,1,68.0,16.0
42,100,p037,2,43.56,21.78,98.75,1.0,1.0,1,51.0,4.0
42,100,p037,3,25.96,12.98,100.0,1.0,1.0,0,41.0,4.0
42,100,p037,4,23.32,11.66,100.0,1.0,1.0,0,37.0,2.0
42,100,p037,5,18.0,9.0,100.0,1.0,1.0,0,35.0,1.0
42,100,p037,6,36.82,18.41,20.0,0.0,0.0,1,27.0,4.0
42,100,p037,7,25.479999999999997,12.739999999999998,100.0,1.0,1.0,0,38.0,4.0
42,100,p037,8,32.6,16.3,98.33333333333333,1.0,1.0,0,45.0,2.0
42,100,p037,9,65.8,32.9,96.66666666666667,1.0,1.0,1,65.0,8.0
42,100,p037,10,20.22,10.11,20.0,0.0,0.0,0,17.0,1.0
42,100,p037,11,18.619999999999997,9.309999999999999,100.0,1.0,1.0,0,37.0,1.0
42,100,p037,12,43.72,21.86,98.75,1.0,1.0,1,52.0,4.0
42,100,p037,13,34.44,17.22,100.0,1.0,1.0,0,44.0,4.0
42,100,p037,14,56.86,28.43,97.27272727272728,1.0,1.0,1,61.0,8.0
42,100,p037,15,15.3,7.65,100.0,1.0,1.0,0,35.0,2.0
42,100,p038,0,43.879999999999995,21.939999999999998,98.75,1.0,1.0,1,53.0,4.0
42,100,p038,1,24.1,12.05,100.0,1.0,1.0,0,40.0,2.0
42,100,p038,2,15.040000000000001,7.5200000000000005,20.0,0.0,0.0,0,14.0,0.0
42,100,p038,3,34.76,17.38,100.0,1.0,1.0,0,46.0,4.0
42,100,p038,4,20.84,10.42,20.0,0.0,0.0,0,19.0,1.0
42,100,p038,5,18.619999999999997,9.309999999999999,100.0,1.0,1.0,0,37.0,1.0
42,100,p038,6,3.8600000000000003,1.9300000000000002,100.0,1.0,1.0,0,26.0,0.0
42,100,p038,7,26.1,13.05,100.0,1.0,1.0,0,40.0,4.0
42,100,p038,8,18.14,9.07,100.0,1.0,1.0,0,34.0,1.0
42,100,p038,9,9.66,4.83,100.0,1.0,1.0,0,31.0,1.0
42,100,p038,10,18.0,9.0,100.0,1.0,1.0,0,35.0,1.0
42,100,p038,11,97.52,48.76,58.888888888888886,1.0,0.0,1,67.0,16.0
42,100,p038,12,91.3,45.65,93.88888888888889,1.0,1.0,1,80.0,16.0
42,100,p038,13,9.04,4.52,100.0,1.0,1.0,0,29.0,1.0
42,100,p038,14,18.46,9.23,100.0,1.0,1.0,0,36.0,1.0
42,100,p038,15,23.64,11.82,100.0,1.0,1.0,0,39.0,2.0
42,100,p039,0,14.66,7.33,100.0,1.0,1.0,0,31.0,2.0
42,100,p039,1,18.619999999999997,9.309999999999999,100.0,1.0,1.0,0,37.0,1.0
42,100,p039,2,27.7,13.85,20.0,0.0,0.0,1,20.0,4.0
42,100,p039,3,36.82,18.41,20.0,0.0,0.0,1,27.0,4.0
42,100,p039,4,18.46,9.23,100.0,1.0,1.0,0,36.0,1.0
42,100,p039,5,45.34,22.67,95.71428571428571,1.0,1.0,1,54.0,1.0
42,100,p039,6,27.7,13.85,20.0,0.0,0.0,1,20.0,4.0
42,100,p039,7,25.96,12.98,100.0,1.0,1.0,0,41.0,4.0
42,100,p039,8,43.879999999999995,21.939999999999998,98.75,1.0,1.0,1,53.0,4.0
42,100,p039,9,3.8600000000000003,1.9300000000000002,100.0,1.0,1.0,0,26.0,0.0
42,100,p039,10,25.64,12.82,100.0,1.0,1.0,0,39.0,4.0
42,100,p039,11,23.64,11.82,100.0,1.0,1.0,0,39.0,2.0
42,100,p039,12,11.4,5.7,20.0,0.0,0.0,0,10.0,1.0
42,100,p039,13,97.52,48.76,58.888888888888886,1.0,0.0,1,67.0,16.0
42,100,p039,14,11.56,5.78,20.0,0.0,0.0,0,11.0,1.0
42,100,p039,15,20.36,10.18,20.0,0.0,0.0,0,16.0,1.0
42,100,p040,0,50.980000000000004,25.490000000000002,96.25,1.0,1.0,1,58.0,2.0
42,100,p040,1,27.259999999999998,13.629999999999999,98.0,1.0,1.0,0,41.0,1.0
42,100,p040,2,65.8,32.9,96.66666666666667,1.0,1.0,1,65.0,8.0
42,100,p040,3,23.619999999999997,11.809999999999999,100.0,1.0,1.0,0,37.0,2.0
42,100,p040,4,47.900000000000006,23.950000000000003,97.0,1.0,1.0,1,55.0,8.0
42,100,p040,5,12.82,6.41,100.0,1.0,1.0,0,32.0,0.0
42,100,p040,6,9.34,4.67,100.0,1.0,1.0,0,29.0,1.0
42,100,p040,7,23.32,11.66,100.0,1.0,1.0,0,37.0,2.0
42,100,p040,8,34.76,17.38,100.0,1.0,1.0,0,46.0,4.0
42,100,p040,9,25.479999999999997,12.739999999999998,100.0,1.0,1.0,0,38.0,4.0
42,100,p040,10,47.400000000000006,23.700000000000003,15.0,0.0,0.0,1,35.0,1.0
42,100,p040,11,24.259999999999998,12.129999999999999,100.0,1.0,1.0,0,41.0,2.0
42,100,p040,12,18.619999999999997,9.309999999999999,100.0,1.0,1.0,0,37.0,1.0
42,100,p040,13,18.46,9.23,100.0,1.0,1.0,0,36.0,1.0
42,100,p040,14,26.32,13.16,20.0,0.0,0.0,0,22.0,2.0
42,100,p040,15,45.94,22.97,18.57142857142857,0.0,0.0,0,34.0,4.0
42,100,p041,0,35.06,17.53,100.0,1.0,1.0,0,46.0,4.0
42,100,p041,1,24.1,12.05,100.0,1.0,1.0,0,40.0,2.0
42,100,p041,2,26.1,13.05,100.0,1.0,1.0,0,40.0,4.0
42,100,p041,3,21.78,10.89,97.5,1.0,1.0,1,38.0,0.0
42,100,p041,4,25.479999999999997,12.739999999999998,100.0,1.0,1.0,0,38.0,4.0
42,100,p041,5,34.6,17.3,100.0,1.0,1.0,0,45.0,4.0
42,100,p041,6,9.66,4.83,100.0,1.0,1.0,0,31.0,1.0
42,100,p041,7,24.1,12.05,100.0,1.0,1.0,0,40.0,2.0
42,100,p041,8,18.619999999999997,9.309999999999999,100.0,1.0,1.0,0,37.0,1.0
42,100,p041,9,28.18,14.09,20.0,0.0,0.0,1,23.0,4.0
42,100,p041,10,25.96,12.98,100.0,1.0,1.0,0,41.0,4.0
42,100,p041,11,27.1,13.55,98.0,1.0,1.0,0,40.0,1.0
42,100,p041,12,56.839999999999996,28.419999999999998,97.27272727272728,1.0,1.0,1,59.0,8.0
42,100,p041,13,56.22,28.11,97.27272727272728,1.0,1.0,1,57.0,8.0
42,100,p041,14,25.799999999999997,12.899999999999999,100.0,1.0,1.0,0,40.0,4.0
42,100,p041,15,97.67999999999999,48.839999999999996,93.88888888888889,1.0,1.0,1,68.0,16.0
42,100,p042,0,27.58,13.79,98.0,1.0,1.0,0,43.0,1.0
42,100,p042,1,34.44,17.22,100.0,1.0,1.0,0,44.0,4.0
42,100,p042,2,56.839999999999996,28.419999999999998,97.27272727272728,1.0,1.0,1,59.0,8.0
42,100,p042,3,97.54,48.77,93.88888888888889,1.0,1.0,1,69.0,16.0
42,100,p042,4,97.67999999999999,48.839999999999996,93.88888888888889,1.0,1.0,1,68.0,16.0
42,100,p042,5,9.18,4.59,100.0,1.0,1.0,0,28.0,1.0
42,100,p042,6,25.64,12.82,100.0,1.0,1.0,0,39.0,4.0
42,100,p042,7,25.96,12.98,100.0,1.0,1.0,0,41.0,4.0
42,100,p042,8,34.82,17.41,18.0,0.0,0.0,0,27.0,2.0
42,100,p042,9,18.46,9.23,100.0,1.0,1.0,0,36.0,1.0
42,100,p042,10,11.88,5.94,20.0,0.0,0.0,0,13.0,1.0
42,100,p042,11,14.36,7.18,100.0,1.0,1.0,0,31.0,2.0
42,100,p042,12,89.2,44.6,93.52941176470588,1.0,1.0,1,65.0,16.0
42,100,p042,13,47.879999999999995,23.939999999999998,97.0,1.0,1.0,1,53.0,8.0
42,100,p042,14,43.4,21.7,98.75,1.0,1.0,1,50.0,4.0
42,100,p042,15,34.44,17.22,100.0,1.0,1.0,0,44.0,4.0
42,100,p043,0,18.78,9.39,100.0,1.0,1.0,0,38.0,1.0
42,100,p043,1,35.08,17.54,100.0,1.0,1.0,1,48.0,4.0
42,100,p043,2,14.68,7.34,100.0,1.0,1.0,0,33.0,2.0
42,100,p043,3,11.56,5.78,20.0,0.0,0.0,0,11.0,1.0
42,100,p043,4,32.9,16.45,98.33333333333333,1.0,1.0,0,45.0,2.0
42,100,p043,5,36.82,18.41,20.0,0.0,0.0,1,27.0,4.0
42,100,p043,6,15.459999999999999,7.7299999999999995,100.0,1.0,1.0,0,36.0,2.0
42,100,p043,7,15.459999999999999,7.7299999999999995,100.0,1.0,1.0,0,36.0,2.0
42,100,p043,8,35.379999999999995,17.689999999999998,100.0,1.0,1.0,1,48.0,4.0
42,100,p043,9,26.419999999999998,13.209999999999999,100.0,1.0,1.0,0,42.0,4.0
42,100,p043,10,23.96,11.98,100.0,1.0,1.0,0,41.0,2.0
42,100,p043,11,23.939999999999998,11.969999999999999,100.0,1.0,1.0,0,39.0,2.0
42,100,p043,12,18.46,9.23,100.0,1.0,1.0,0,36.0,1.0
42,100,p043,13,89.2,44.6,58.529411764705884,1.0,0.0,1,65.0,16.0
42,100,p043,14,98.47999999999999,49.239999999999995,58.888888888888886,1.0,0.0,1,73.0,16.0
42,100,p043,15,17.36,8.68,20.0,0.0,0.0,1,16.0,2.0
42,100,p044,0,15.459999999999999,7.7299999999999995,100.0,1.0,1.0,0,36.0,2.0
42,100,p044,1,4.180000000000001,2.0900000000000003,100.0,1.0,1.0,0,28.0,0.0
42,100,p044,2,14.68,7.34,100.0,1.0,1.0,0,33.0,2.0
42,100,p044,3,23.939999999999998,11.969999999999999,100.0,1.0,1.0,0,39.0,2.0
42,100,p044,4,65.66,32.83,96.66666666666667,1.0,1.0,1,66.0,8.0
42,100,p044,5,45.5,22.75,95.71428571428571,1.0,1.0,1,55.0,1.0
42,100,p044,6,9.82,4.91,100.0,1.0,1.0,0,32.0,1.0
42,100,p044,7,18.619999999999997,9.309999999999999,100.0,1.0,1.0,0,37.0,1.0
42,100,p044,8,23.939999999999998,11.969999999999999,100.0,1.0,1.0,0,39.0,2.0
42,100,p044,9,47.74,23.87,97.0,1.0,1.0,1,54.0,8.0
42,100,p044,10,18.78,9.39,100.0,1.0,1.0,0,38.0,1.0
42,100,p044,11,34.92,17.46,100.0,1.0,1.0,1,47.0,4.0
42,100,p044,12,89.2,44.6,58.529411764705884,1.0,0.0,1,65.0,16.0
42,100,p044,13,20.84,10.42,20.0,0.0,0.0,0,19.0,1.0
42,100,p044,14,9.36,4.68,100.0,1.0,1.0,0,31.0,1.0
42,100,p044,15,35.239999999999995,17.619999999999997,100.0,1.0,1.0,1,49.0,4.0
42,100,p045,0,15.459999999999999,7.7299999999999995,100.0,1.0,1.0,0,36.0,2.0
42,100,p045,1,35.239999999999995,17.619999999999997,100.0,1.0,1.0,1,49.0,4.0
42,100,p045,2,37.14,18.57,20.0,0.0,0.0,1,29.0,4.0
42,100,p045,3,26.119999999999997,13.059999999999999,100.0,1.0,1.0,0,42.0,4.0
42,100,p045,4,47.58,23.79,97.0,1.0,1.0,1,53.0,8.0
42,100,p045,5,34.76,17.38,100.0,1.0,1.0,0,46.0,4.0
42,100,p045,6,23.96,11.98,100.0,1.0,1.0,0,41.0,2.0
42,100,p045,7,14.68,7.34,100.0,1.0,1.0,0,33.0,2.0
42,100,p045,8,34.82,17.41,18.0,0.0,0.0,0,27.0,2.0
42,100,p045,9,20.52,10.26,20.0,0.0,0.0,0,17.0,1.0
42,100,p045,10,49.63999999999999,24.819999999999997,16.666666666666664,0.0,0.0,1,34.0,8.0
42,100,p045,11,24.419999999999998,12.209999999999999,100.0,1.0,1.0,0,42.0,2.0
42,100,p045,12,29.8,14.9,17.5,0.0,0.0,1,25.0,1.0
42,100,p045,13,20.22,10.11,20.0,0.0,0.0,0,17.0,1.0
42,100,p045,14,35.379999999999995,17.689999999999998,100.0,1.0,1.0,1,48.0,4.0
42,100,p045,15,100.0,53.56,58.68421052631579,1.0,0.0,1,77.0,16.0
42,100,p046,0,44.660000000000004,22.330000000000002,98.75,1.0,1.0,1,56.0,4.0
42,100,p046,1,66.12,33.06,96.66666666666667,1.0,1.0,1,67.0,8.0
42,100,p046,2,33.52,16.76,98.33333333333333,1.0,1.0,1,47.0,2.0
42,100,p046,3,35.7,17.85,100.0,1.0,1.0,1,50.0,4.0
42,100,p046,4,19.08,9.54,100.0,1.0,1.0,0,38.0,1.0
42,100,p046,5,19.560000000000002,9.780000000000001,100.0,1.0,1.0,0,41.0,1.0
42,100,p046,6,45.78,22.89,18.57142857142857,0.0,0.0,1,33.0,4.0
42,100,p046,7,27.9,13.95,98.0,1.0,1.0,0,45.0,1.0
42,100,p046,8,58.1,29.05,97.27272727272728,1.0,1.0,1,65.0,8.0
42,100,p046,9,19.08,9.54,100.0,1.0,1.0,0,38.0,1.0
42,100,p046,10,19.4,9.7,100.0,1.0,1.0,0,40.0,1.0
42,100,p046,11,33.22,16.61,98.33333333333333,1.0,1.0,1,47.0,2.0
42,100,p046,12,13.76,6.88,100.0,1.0,1.0,0,36.0,0.0
42,100,p046,13,28.04,14.02,98.0,1.0,1.0,0,44.0,1.0
42,100,p046,14,26.74,13.37,100.0,1.0,1.0,0,44.0,4.0
42,100,p046,15,24.0,12.0,16.666666666666664,0.0,0.0,1,20.0,0.0
42,100,p047,0,4.8,2.4,100.0,1.0,1.0,0,30.0,0.0
42,100,p047,1,24.560000000000002,12.280000000000001,100.0,1.0,1.0,0,41.0,2.0
42,100,p047,2,19.240000000000002,9.620000000000001,100.0,1.0,1.0,0,39.0,1.0
42,100,p047,3,33.22,16.61,98.33333333333333,1.0,1.0,1,47.0,2.0
42,100,p047,4,27.04,13.52,100.0,1.0,1.0,0,44.0,4.0
42,100,p047,5,15.600000000000001,7.800000000000001,100.0,1.0,1.0,0,35.0,2.0
42,100,p047,6,18.939999999999998,9.469999999999999,100.0,1.0,1.0,0,39.0,1.0
42,100,p047,7,100.0,53.87,58.68421052631579,1.0,0.0,1,79.0,16.0
42,100,p047,8,19.560000000000002,9.780000000000001,100.0,1.0,1.0,0,41.0,1.0
42,100,p047,9,9.98,4.99,100.0,1.0,1.0,0,33.0,1.0
42,100,p047,10,44.660000000000004,22.330000000000002,98.75,1.0,1.0,1,56.0,4.0
42,100,p047,11,4.8,2.4,100.0,1.0,1.0,0,30.0,0.0
42,100,p047,12,18.939999999999998,9.469999999999999,100.0,1.0,1.0,0,39.0,1.0
42,100,p047,13,26.58,13.29,100.0,1.0,1.0,0,43.0,4.0
42,100,p047,14,19.08,9.54,100.0,1.0,1.0,0,38.0,1.0
42,100,p047,15,24.58,12.29,100.0,1.0,1.0,0,43.0,2.0
42,100,p048,0,16.240000000000002,8.120000000000001,100.0,1.0,1.0,0,39.0,2.0
42,100,p048,1,98.61999999999999,49.309999999999995,58.888888888888886,1.0,0.0,1,72.0,16.0
42,100,p048,2,25.2,12.6,100.0,1.0,1.0,0,45.0,2.0
42,100,p048,3,48.36,24.18,97.0,1.0,1.0,1,56.0,8.0
42,100,p048,4,4.8,2.4,100.0,1.0,1.0,0,30.0,0.0
42,100,p048,5,35.86,17.93,100.0,1.0,1.0,1,51.0,4.0
42,100,p048,6,15.62,7.81,100.0,1.0,1.0,0,37.0,2.0
42,100,p048,7,19.4,9.7,100.0,1.0,1.0,0,40.0,1.0
42,100,p048,8,10.440000000000001,5.220000000000001,100.0,1.0,1.0,0,34.0,1.0
42,100,p048,9,16.240000000000002,8.120000000000001,100.0,1.0,1.0,0,39.0,2.0
42,100,p048,10,24.560000000000002,12.280000000000001,100.0,1.0,1.0,0,41.0,2.0
42,100,p048,11,10.120000000000001,5.0600000000000005,100.0,1.0,1.0,0,32.0,1.0
42,100,p048,12,11.72,5.86,20.0,0.0,0.0,0,12.0,1.0
42,100,p048,13,33.22,16.61,98.33333333333333,1.0,1.0,1,47.0,2.0
42,100,p048,14,13.76,6.88,100.0,1.0,1.0,0,36.0,0.0
42,100,p048,15,27.04,13.52,100.0,1.0,1.0,0,44.0,4.0
42,120,p037,0,25.479999999999997,12.739999999999998,100.0,1.0,1.0,0,38.0,4.0
42,120,p037,1,97.67999999999999,48.839999999999996,58.888888888888886,1.0,0.0,1,68.0,16.0
42,120,p037,2,83.72,41.86,95.71428571428571,1.0,1.0,1,77.0,8.0
42,120,p037,3,47.900000000000006,23.950000000000003,97.0,1.0,1.0,1,55.0,8.0
42,120,p037,4,34.76,17.38,100.0,1.0,1.0,0,46.0,4.0
42,120,p037,5,18.0,9.0,100.0,1.0,1.0,0,35.0,1.0
42,120,p037,6,36.82,18.41,20.0,0.0,0.0,1,27.0,4.0
42,120,p037,7,47.260000000000005,23.630000000000003,97.0,1.0,1.0,1,51.0,8.0
42,120,p037,8,43.879999999999995,21.939999999999998,98.75,1.0,1.0,1,53.0,4.0
42,120,p037,9,100.0,53.48,58.68421052631579,1.0,0.0,1,76.0,16.0
42,120,p037,10,20.22,10.11,20.0,0.0,0.0,0,17.0,1.0
42,120,p037,11,18.619999999999997,9.309999999999999,100.0,1.0,1.0,0,37.0,1.0
42,120,p037,12,43.72,21.86,98.75,1.0,1.0,1,52.0,4.0
42,120,p037,13,34.44,17.22,100.0,1.0,1.0,0,44.0,4.0
42,120,p037,14,97.38,48.69,58.888888888888886,1.0,0.0,1,68.0,16.0
42,120,p037,15,26.1,13.05,100.0,1.0,1.0,0,40.0,4.0
42,120,p038,0,43.879999999999995,21.939999999999998,98.75,1.0,1.0,1,53.0,4.0
42,120,p038,1,34.6,17.3,100.0,1.0,1.0,0,45.0,4.0
42,120,p038,2,15.040000000000001,7.5200000000000005,20.0,0.0,0.0,0,14.0,0.0
42,120,p038,3,34.76,17.38,100.0,1.0,1.0,0,46.0,4.0
42,120,p038,4,20.84,10.42,20.0,0.0,0.0,0,19.0,1.0
42,120,p038,5,18.619999999999997,9.309999999999999,100.0,1.0,1.0,0,37.0,1.0
42,120,p038,6,3.8600000000000003,1.9300000000000002,100.0,1.0,1.0,0,26.0,0.0
42,120,p038,7,26.1,13.05,100.0,1.0,1.0,0,40.0,4.0
42,120,p038,8,32.28,16.14,98.33333333333333,1.0,1.0,0,43.0,2.0
42,120,p038,9,9.66,4.83,100.0,1.0,1.0,0,31.0,1.0
42,120,p038,10,32.6,16.3,98.33333333333333,1.0,1.0,0,45.0,2.0
42,120,p038,11,97.52,48.76,58.888888888888886,1.0,0.0,1,67.0,16.0
42,120,p038,12,97.38,48.69,58.888888888888886,1.0,0.0,1,68.0,16.0
42,120,p038,13,9.04,4.52,100.0,1.0,1.0,0,29.0,1.0
42,120,p038,14,18.46,9.23,100.0,1.0,1.0,0,36.0,1.0
42,120,p038,15,34.92,17.46,100.0,1.0,1.0,1,47.0,4.0
42,120,p039,0,23.619999999999997,11.809999999999999,100.0,1.0,1.0,0,37.0,2.0
42,120,p039,1,18.619999999999997,9.309999999999999,100.0,1.0,1.0,0,37.0,1.0
42,120,p039,2,27.7,13.85,20.0,0.0,0.0,1,20.0,4.0
42,120,p039,3,59.06,29.53,17.0,0.0,0.0,1,41.0,8.0
42,120,p039,4,18.46,9.23,100.0,1.0,1.0,0,36.0,1.0
42,120,p039,5,45.34,22.67,95.71428571428571,1.0,1.0,1,54.0,1.0
42,120,p039,6,58.44,29.22,17.0,0.0,0.0,1,39.0,8.0
42,120,p039,7,56.86,28.43,97.27272727272728,1.0,1.0,1,61.0,8.0
42,120,p039,8,43.879999999999995,21.939999999999998,98.75,1.0,1.0,1,53.0,4.0
42,120,p039,9,3.8600000000000003,1.9300000000000002,100.0,1.0,1.0,0,26.0,0.0
42,120,p039,10,25.64,12.82,100.0,1.0,1.0,0,39.0,4.0
42,120,p039,11,34.92,17.46,100.0,1.0,1.0,1,47.0,4.0
42,120,p039,12,11.4,5.7,20.0,0.0,0.0,0,10.0,1.0
42,120,p039,13,100.0,53.239999999999995,58.68421052631579,1.0,0.0,1,73.0,16.0
42,120,p039,14,11.56,5.78,20.0,0.0,0.0,0,11.0,1.0
42,120,p039,15,20.36,10.18,20.0,0.0,0.0,0,16.0,1.0
42,120,p040,0,50.980000000000004,25.490000000000002,96.25,1.0,1.0,1,58.0,2.0
42,120,p040,1,32.58,16.29,98.33333333333333,1.0,1.0,0,43.0,2.0
42,120,p040,2,100.0,53.56,93.6842105263158,1.0,1.0,1,77.0,16.0
42,120,p040,3,34.44,17.22,100.0,1.0,1.0,0,44.0,4.0
42,120,p040,4,91.3,45.65,93.88888888888889,1.0,1.0,1,80.0,16.0
42,120,p040,5,18.0,9.0,100.0,1.0,1.0,0,35.0,1.0
42,120,p040,6,9.34,4.67,100.0,1.0,1.0,0,29.0,1.0
42,120,p040,7,34.76,17.38,100.0,1.0,1.0,0,46.0,4.0
42,120,p040,8,43.72,21.86,98.75,1.0,1.0,1,52.0,4.0
42,120,p040,9,47.260000000000005,23.630000000000003,97.0,1.0,1.0,1,51.0,8.0
42,120,p040,10,47.400000000000006,23.700000000000003,15.0,0.0,0.0,1,35.0,1.0
42,120,p040,11,24.259999999999998,12.129999999999999,100.0,1.0,1.0,0,41.0,2.0
42,120,p040,12,24.1,12.05,100.0,1.0,1.0,0,40.0,2.0
42,120,p040,13,18.46,9.23,100.0,1.0,1.0,0,36.0,1.0
42,120,p040,14,36.82,18.41,20.0,0.0,0.0,1,27.0,4.0
42,120,p040,15,45.94,22.97,18.57142857142857,0.0,0.0,0,34.0,4.0
42,120,p041,0,35.06,17.53,100.0,1.0,1.0,0,46.0,4.0
42,120,p041,1,24.1,12.05,100.0,1.0,1.0,0,40.0,2.0
42,120,p041,2,26.1,13.05,100.0,1.0,1.0,0,40.0,4.0
42,120,p041,3,21.78,10.89,97.5,1.0,1.0,1,38.0,0.0
42,120,p041,4,34.44,17.22,100.0,1.0,1.0,0,44.0,4.0
42,120,p041,5,34.6,17.3,100.0,1.0,1.0,0,45.0,4.0
42,120,p041,6,18.619999999999997,9.309999999999999,100.0,1.0,1.0,0,37.0,1.0
42,120,p041,7,34.6,17.3,100.0,1.0,1.0,0,45.0,4.0
42,120,p041,8,18.619999999999997,9.309999999999999,100.0,1.0,1.0,0,37.0,1.0
42,120,p041,9,50.12,25.06,16.666666666666664,0.0,0.0,1,37.0,8.0
42,120,p041,10,34.92,17.46,100.0,1.0,1.0,1,47.0,4.0
42,120,p041,11,27.1,13.55,98.0,1.0,1.0,0,40.0,1.0
42,120,p041,12,98.16,49.08,93.88888888888889,1.0,1.0,1,71.0,16.0
42,120,p041,13,56.22,28.11,97.27272727272728,1.0,1.0,1,57.0,8.0
42,120,p041,14,34.76,17.38,100.0,1.0,1.0,0,46.0,4.0
42,120,p041,15,97.67999999999999,48.839999999999996,93.88888888888889,1.0,1.0,1,68.0,16.0
42,120,p042,0,33.06,16.53,98.33333333333333,1.0,1.0,0,46.0,2.0
42,120,p042,1,34.44,17.22,100.0,1.0,1.0,0,44.0,4.0
42,120,p042,2,56.839999999999996,28.419999999999998,97.27272727272728,1.0,1.0,1,59.0,8.0
42,120,p042,3,97.54,48.77,93.88888888888889,1.0,1.0,1,69.0,16.0
42,120,p042,4,97.67999999999999,48.839999999999996,93.88888888888889,1.0,1.0,1,68.0,16.0
42,120,p042,5,9.18,4.59,100.0,1.0,1.0,0,28.0,1.0
42,120,p042,6,25.64,12.82,100.0,1.0,1.0,0,39.0,4.0
42,120,p042,7,25.96,12.98,100.0,1.0,1.0,0,41.0,4.0
42,120,p042,8,34.82,17.41,18.0,0.0,0.0,0,27.0,2.0
42,120,p042,9,18.46,9.23,100.0,1.0,1.0,0,36.0,1.0
42,120,p042,10,11.88,5.94,20.0,0.0,0.0,0,13.0,1.0
42,120,p042,11,34.76,17.38,100.0,1.0,1.0,0,46.0,4.0
42,120,p042,12,89.2,44.6,93.52941176470588,1.0,1.0,1,65.0,16.0
42,120,p042,13,89.2,44.6,93.52941176470588,1.0,1.0,1,65.0,16.0
42,120,p042,14,43.4,21.7,98.75,1.0,1.0,1,50.0,4.0
42,120,p042,15,65.18,32.59,96.66666666666667,1.0,1.0,1,63.0,8.0
42,120,p043,0,18.78,9.39,100.0,1.0,1.0,0,38.0,1.0
42,120,p043,1,56.7,28.35,97.27272727272728,1.0,1.0,1,60.0,8.0
42,120,p043,2,23.64,11.82,100.0,1.0,1.0,0,39.0,2.0
42,120,p043,3,16.880000000000003,8.440000000000001,20.0,0.0,0.0,1,13.0,2.0
42,120,p043,4,43.72,21.86,98.75,1.0,1.0,1,52.0,4.0
42,120,p043,5,59.06,29.53,17.0,0.0,0.0,1,41.0,8.0
42,120,p043,6,25.96,12.98,100.0,1.0,1.0,0,41.0,4.0
42,120,p043,7,25.96,12.98,100.0,1.0,1.0,0,41.0,4.0
42,120,p043,8,35.379999999999995,17.689999999999998,100.0,1.0,1.0,1,48.0,4.0
42,120,p043,9,26.419999999999998,13.209999999999999,100.0,1.0,1.0,0,42.0,4.0
42,120,p043,10,35.239999999999995,17.619999999999997,100.0,1.0,1.0,1,49.0,4.0
42,120,p043,11,34.76,17.38,100.0,1.0,1.0,0,46.0,4.0
42,120,p043,12,23.64,11.82,100.0,1.0,1.0,0,39.0,2.0
42,120,p043,13,89.2,44.6,58.529411764705884,1.0,0.0,1,65.0,16.0
42,120,p043,14,98.47999999999999,49.239999999999995,58.888888888888886,1.0,0.0,1,73.0,16.0
42,120,p043,15,17.36,8.68,20.0,0.0,0.0,1,16.0,2.0
42,120,p044,0,34.92,17.46,100.0,1.0,1.0,1,47.0,4.0
42,120,p044,1,4.180000000000001,2.0900000000000003,100.0,1.0,1.0,0,28.0,0.0
42,120,p044,2,23.64,11.82,100.0,1.0,1.0,0,39.0,2.0
42,120,p044,3,23.939999999999998,11.969999999999999,100.0,1.0,1.0,0,39.0,2.0
42,120,p044,4,65.66,32.83,96.66666666666667,1.0,1.0,1,66.0,8.0
42,120,p044,5,45.5,22.75,95.71428571428571,1.0,1.0,1,55.0,1.0
42,120,p044,6,9.82,4.91,100.0,1.0,1.0,0,32.0,1.0
42,120,p044,7,18.619999999999997,9.309999999999999,100.0,1.0,1.0,0,37.0,1.0
42,120,p044,8,32.9,16.45,98.33333333333333,1.0,1.0,0,45.0,2.0
42,120,p044,9,56.7,28.35,97.27272727272728,1.0,1.0,1,60.0,8.0
42,120,p044,10,18.78,9.39,100.0,1.0,1.0,0,38.0,1.0
42,120,p044,11,57.16,28.58,97.27272727272728,1.0,1.0,1,61.0,8.0
42,120,p044,12,89.2,44.6,58.529411764705884,1.0,0.0,1,65.0,16.0
42,120,p044,13,20.84,10.42,20.0,0.0,0.0,0,19.0,1.0
42,120,p044,14,18.32,9.16,100.0,1.0,1.0,0,37.0,1.0
42,120,p044,15,35.239999999999995,17.619999999999997,100.0,1.0,1.0,1,49.0,4.0
42,120,p045,0,25.96,12.98,100.0,1.0,1.0,0,41.0,4.0
42,120,p045,1,57.18,28.59,97.27272727272728,1.0,1.0,1,63.0,8.0
42,120,p045,2,37.14,18.57,20.0,0.0,0.0,1,29.0,4.0
42,120,p045,3,35.08,17.54,100.0,1.0,1.0,1,48.0,4.0
42,120,p045,4,47.58,23.79,97.0,1.0,1.0,1,53.0,8.0
42,120,p045,5,34.76,17.38,100.0,1.0,1.0,0,46.0,4.0
42,120,p045,6,35.239999999999995,17.619999999999997,100.0,1.0,1.0,1,49.0,4.0
42,120,p045,7,14.68,7.34,100.0,1.0,1.0,0,33.0,2.0
42,120,p045,8,34.82,17.41,18.0,0.0,0.0,0,27.0,2.0
42,120,p045,9,20.52,10.26,20.0,0.0,0.0,0,17.0,1.0
42,120,p045,10,49.63999999999999,24.819999999999997,16.666666666666664,0.0,0.0,1,34.0,8.0
42,120,p045,11,24.419999999999998,12.209999999999999,100.0,1.0,1.0,0,42.0,2.0
42,120,p045,12,35.28,17.64,18.0,0.0,0.0,0,28.0,2.0
42,120,p045,13,20.22,10.11,20.0,0.0,0.0,0,17.0,1.0
42,120,p045,14,57.48,28.74,97.27272727272728,1.0,1.0,1,63.0,8.0
42,120,p045,15,100.0,55.87,13.68421052631579,0.0,0.0,1,74.0,16.0
42,120,p046,0,44.660000000000004,22.330000000000002,98.75,1.0,1.0,1,56.0,4.0
42,120,p046,1,100.0,53.709999999999994,58.68421052631579,1.0,0.0,1,77.0,16.0
42,120,p046,2,33.52,16.76,98.33333333333333,1.0,1.0,1,47.0,2.0
42,120,p046,3,57.32,28.66,97.27272727272728,1.0,1.0,1,62.0,8.0
42,120,p046,4,19.08,9.54,100.0,1.0,1.0,0,38.0,1.0
42,120,p046,5,19.560000000000002,9.780000000000001,100.0,1.0,1.0,0,41.0,1.0
42,120,p046,6,68.02,34.01,16.363636363636363,0.0,0.0,1,47.0,8.0
42,120,p046,7,27.9,13.95,98.0,1.0,1.0,0,45.0,1.0
42,120,p046,8,58.1,29.05,97.27272727272728,1.0,1.0,1,65.0,8.0
42,120,p046,9,19.08,9.54,100.0,1.0,1.0,0,38.0,1.0
42,120,p046,10,19.4,9.7,100.0,1.0,1.0,0,40.0,1.0
42,120,p046,11,44.660000000000004,22.330000000000002,98.75,1.0,1.0,1,56.0,4.0
42,120,p046,12,13.76,6.88,100.0,1.0,1.0,0,36.0,0.0
42,120,p046,13,33.22,16.61,98.33333333333333,1.0,1.0,1,47.0,2.0
42,120,p046,14,26.74,13.37,100.0,1.0,1.0,0,44.0,4.0
42,120,p046,15,29.8,14.9,17.5,0.0,0.0,1,25.0,1.0
42,120,p047,0,4.8,2.4,100.0,1.0,1.0,0,30.0,0.0
42,120,p047,1,24.560000000000002,12.280000000000001,100.0,1.0,1.0,0,41.0,2.0
42,120,p047,2,24.560000000000002,12.280000000000001,100.0,1.0,1.0,0,41.0,2.0
42,120,p047,3,44.660000000000004,22.330000000000002,98.75,1.0,1.0,1,56.0,4.0
42,120,p047,4,27.04,13.52,100.0,1.0,1.0,0,44.0,4.0
42,120,p047,5,24.560000000000002,12.280000000000001,100.0,1.0,1.0,0,41.0,2.0
42,120,p047,6,18.939999999999998,9.469999999999999,100.0,1.0,1.0,0,39.0,1.0
42,120,p047,7,100.0,53.87,58.68421052631579,1.0,0.0,1,79.0,16.0
42,120,p047,8,28.52,14.26,98.0,1.0,1.0,1,47.0,1.0
42,120,p047,9,18.939999999999998,9.469999999999999,100.0,1.0,1.0,0,39.0,1.0
42,120,p047,10,66.28,33.14,96.66666666666667,1.0,1.0,1,68.0,8.0
42,120,p047,11,13.76,6.88,100.0,1.0,1.0,0,36.0,0.0
42,120,p047,12,33.54,16.77,98.33333333333333,1.0,1.0,1,49.0,2.0
42,120,p047,13,48.82000000000001,24.410000000000004,97.0,1.0,1.0,1,57.0,8.0
42,120,p047,14,19.08,9.54,100.0,1.0,1.0,0,38.0,1.0
42,120,p047,15,35.86,17.93,100.0,1.0,1.0,1,51.0,4.0
42,120,p048,0,16.240000000000002,8.120000000000001,100.0,1.0,1.0,0,39.0,2.0
42,120,p048,1,98.61999999999999,49.309999999999995,58.888888888888886,1.0,0.0,1,72.0,16.0
42,120,p048,2,26.48,13.24,20.0,0.0,0.0,0,23.0,2.0
42,120,p048,3,57.32,28.66,97.27272727272728,1.0,1.0,1,62.0,8.0
42,120,p048,4,13.76,6.88,100.0,1.0,1.0,0,36.0,0.0
42,120,p048,5,57.8,28.9,97.27272727272728,1.0,1.0,1,65.0,8.0
42,120,p048,6,26.9,13.45,100.0,1.0,1.0,0,45.0,4.0
42,120,p048,7,19.4,9.7,100.0,1.0,1.0,0,40.0,1.0
42,120,p048,8,16.240000000000002,8.120000000000001,100.0,1.0,1.0,0,39.0,2.0
42,120,p048,9,16.240000000000002,8.120000000000001,100.0,1.0,1.0,0,39.0,2.0
42,120,p048,10,24.560000000000002,12.280000000000001,100.0,1.0,1.0,0,41.0,2.0
42,120,p048,11,10.120000000000001,5.0600000000000005,100.0,1.0,1.0,0,32.0,1.0
42,120,p048,12,11.72,5.86,20.0,0.0,0.0,0,12.0,1.0
42,120,p048,13,33.22,16.61,98.33333333333333,1.0,1.0,1,47.0,2.0
42,120,p048,14,13.76,6.88,100.0,1.0,1.0,0,36.0,0.0
42,120,p048,15,27.04,13.52,100.0,1.0,1.0,0,44.0,4.0
42,140,p037,0,91.6,45.8,93.88888888888889,1.0,1.0,1,80.0,16.0
42,140,p037,1,97.67999999999999,48.839999999999996,58.888888888888886,1.0,0.0,1,68.0,16.0
42,140,p037,2,100.0,61.949999999999996,13.0,0.0,0.0,1,80.0,16.0
42,140,p037,3,91.3,45.65,93.88888888888889,1.0,1.0,1,80.0,16.0
42,140,p037,4,56.38,28.19,97.27272727272728,1.0,1.0,1,58.0,8.0
42,140,p037,5,18.0,9.0,100.0,1.0,1.0,0,35.0,1.0
42,140,p037,6,100.0,51.55,13.88888888888889,0.0,0.0,1,70.0,16.0
42,140,p037,7,91.6,45.8,93.88888888888889,1.0,1.0,1,80.0,16.0
42,140,p037,8,65.82000000000001,32.910000000000004,96.66666666666667,1.0,1.0,1,67.0,8.0
42,140,p037,9,100.0,61.949999999999996,13.0,0.0,0.0,1,80.0,16.0
42,140,p037,10,25.86,12.93,20.0,0.0,0.0,0,21.0,2.0
42,140,p037,11,24.1,12.05,100.0,1.0,1.0,0,40.0,2.0
42,140,p037,12,100.0,53.239999999999995,58.68421052631579,1.0,0.0,1,73.0,16.0
42,140,p037,13,100.0,53.32,58.68421052631579,1.0,0.0,1,74.0,16.0
42,140,p037,14,100.0,53.17,58.68421052631579,1.0,0.0,1,74.0,16.0
42,140,p037,15,48.2,24.1,97.0,1.0,1.0,1,55.0,8.0
42,140,p038,0,100.0,55.72,13.68421052631579,0.0,0.0,1,74.0,16.0
42,140,p038,1,56.839999999999996,28.419999999999998,97.27272727272728,1.0,1.0,1,59.0,8.0
42,140,p038,2,20.84,10.42,20.0,0.0,0.0,0,19.0,1.0
42,140,p038,3,97.52,48.76,58.888888888888886,1.0,0.0,1,67.0,16.0
42,140,p038,4,29.8,14.9,17.5,0.0,0.0,1,25.0,1.0
42,140,p038,5,24.1,12.05,100.0,1.0,1.0,0,40.0,2.0
42,140,p038,6,3.8600000000000003,1.9300000000000002,100.0,1.0,1.0,0,26.0,0.0
42,140,p038,7,88.88,44.44,58.529411764705884,1.0,0.0,1,63.0,16.0
42,140,p038,8,43.72,21.86,98.75,1.0,1.0,1,52.0,4.0
42,140,p038,9,9.66,4.83,100.0,1.0,1.0,0,31.0,1.0
42,140,p038,10,43.879999999999995,21.939999999999998,98.75,1.0,1.0,1,53.0,4.0
42,140,p038,11,97.52,48.76,58.888888888888886,1.0,0.0,1,67.0,16.0
42,140,p038,12,97.38,48.69,58.888888888888886,1.0,0.0,1,68.0,16.0
42,140,p038,13,14.68,7.34,100.0,1.0,1.0,0,33.0,2.0
42,140,p038,14,24.259999999999998,12.129999999999999,100.0,1.0,1.0,0,41.0,2.0
42,140,p038,15,59.08,29.54,17.0,0.0,0.0,1,43.0,8.0
42,140,p039,0,34.44,17.22,100.0,1.0,1.0,0,44.0,4.0
42,140,p039,1,18.619999999999997,9.309999999999999,100.0,1.0,1.0,0,37.0,1.0
42,140,p039,2,93.82,46.91,13.529411764705882,0.0,0.0,1,62.0,16.0
42,140,p039,3,100.0,51.55,13.88888888888889,0.0,0.0,1,70.0,16.0
42,140,p039,4,27.419999999999998,13.709999999999999,98.0,1.0,1.0,0,42.0,1.0
42,140,p039,5,51.14,25.57,96.25,1.0,1.0,1,59.0,2.0
42,140,p039,6,100.0,51.38999999999999,13.88888888888889,0.0,0.0,1,68.0,16.0
42,140,p039,7,97.38,48.69,58.888888888888886,1.0,0.0,1,68.0,16.0
42,140,p039,8,100.0,53.17,58.68421052631579,1.0,0.0,1,74.0,16.0
42,140,p039,9,12.82,6.41,100.0,1.0,1.0,0,32.0,0.0
42,140,p039,10,89.03999999999999,44.519999999999996,58.529411764705884,1.0,0.0,1,64.0,16.0
42,140,p039,11,56.86,28.43,97.27272727272728,1.0,1.0,1,61.0,8.0
42,140,p039,12,11.4,5.7,20.0,0.0,0.0,0,10.0,1.0
42,140,p039,13,100.0,53.239999999999995,58.68421052631579,1.0,0.0,1,73.0,16.0
42,140,p039,14,16.880000000000003,8.440000000000001,20.0,0.0,0.0,1,13.0,2.0
42,140,p039,15,20.36,10.18,20.0,0.0,0.0,0,16.0,1.0
42,140,p040,0,61.48,30.74,97.0,1.0,1.0,1,63.0,4.0
42,140,p040,1,43.4,21.7,98.75,1.0,1.0,1,50.0,4.0
42,140,p040,2,100.0,53.56,93.6842105263158,1.0,1.0,1,77.0,16.0
42,140,p040,3,56.22,28.11,97.27272727272728,1.0,1.0,1,57.0,8.0
42,140,p040,4,91.3,45.65,93.88888888888889,1.0,1.0,1,80.0,16.0
42,140,p040,5,18.0,9.0,100.0,1.0,1.0,0,35.0,1.0
42,140,p040,6,14.66,7.33,100.0,1.0,1.0,0,31.0,2.0
42,140,p040,7,56.38,28.19,97.27272727272728,1.0,1.0,1,58.0,8.0
42,140,p040,8,100.0,53.32,93.6842105263158,1.0,1.0,1,74.0,16.0
42,140,p040,9,93.82,46.91,13.529411764705882,0.0,0.0,1,62.0,16.0
42,140,p040,10,47.400000000000006,23.700000000000003,15.0,0.0,0.0,1,35.0,1.0
42,140,p040,11,35.06,17.53,100.0,1.0,1.0,0,46.0,4.0
42,140,p040,12,43.56,21.78,98.75,1.0,1.0,1,51.0,4.0
42,140,p040,13,24.259999999999998,12.129999999999999,100.0,1.0,1.0,0,41.0,2.0
42,140,p040,14,59.06,29.53,17.0,0.0,0.0,1,41.0,8.0
42,140,p040,15,100.0,55.78999999999999,13.68421052631579,0.0,0.0,1,73.0,16.0
42,140,p041,0,98.0,49.0,93.88888888888889,1.0,1.0,1,70.0,16.0
42,140,p041,1,36.82,18.41,20.0,0.0,0.0,1,27.0,4.0
42,140,p041,2,89.03999999999999,44.519999999999996,93.52941176470588,1.0,1.0,1,64.0,16.0
42,140,p041,3,27.1,13.55,98.0,1.0,1.0,0,40.0,1.0
42,140,p041,4,97.84,48.92,93.88888888888889,1.0,1.0,1,69.0,16.0
42,140,p041,5,98.16,49.08,93.88888888888889,1.0,1.0,1,71.0,16.0
42,140,p041,6,24.1,12.05,100.0,1.0,1.0,0,40.0,2.0
42,140,p041,7,56.839999999999996,28.419999999999998,97.27272727272728,1.0,1.0,1,59.0,8.0
42,140,p041,8,33.06,16.53,98.33333333333333,1.0,1.0,0,46.0,2.0
42,140,p041,9,93.52,46.76,13.529411764705882,0.0,0.0,1,62.0,16.0
42,140,p041,10,97.54,48.77,93.88888888888889,1.0,1.0,1,69.0,16.0
42,140,p041,11,32.28,16.14,98.33333333333333,1.0,1.0,0,43.0,2.0
42,140,p041,12,98.16,49.08,93.88888888888889,1.0,1.0,1,71.0,16.0
42,140,p041,13,97.84,48.92,93.88888888888889,1.0,1.0,1,69.0,16.0
42,140,p041,14,97.67999999999999,48.839999999999996,93.88888888888889,1.0,1.0,1,68.0,16.0
42,140,p041,15,97.67999999999999,48.839999999999996,93.88888888888889,1.0,1.0,1,68.0,16.0
42,140,p042,0,43.56,21.78,98.75,1.0,1.0,1,51.0,4.0
42,140,p042,1,97.84,48.92,93.88888888888889,1.0,1.0,1,69.0,16.0
42,140,p042,2,98.16,49.08,93.88888888888889,1.0,1.0,1,71.0,16.0
42,140,p042,3,97.54,48.77,93.88888888888889,1.0,1.0,1,69.0,16.0
42,140,p042,4,97.67999999999999,48.839999999999996,93.88888888888889,1.0,1.0,1,68.0,16.0
42,140,p042,5,9.18,4.59,100.0,1.0,1.0,0,28.0,1.0
42,140,p042,6,89.2,44.6,93.52941176470588,1.0,1.0,1,65.0,16.0
42,140,p042,7,91.3,45.65,93.88888888888889,1.0,1.0,1,80.0,16.0
42,140,p042,8,68.03999999999999,34.019999999999996,16.363636363636363,0.0,0.0,1,49.0,8.0
42,140,p042,9,24.259999999999998,12.129999999999999,100.0,1.0,1.0,0,41.0,2.0
42,140,p042,10,11.88,5.94,20.0,0.0,0.0,0,13.0,1.0
42,140,p042,11,56.38,28.19,97.27272727272728,1.0,1.0,1,58.0,8.0
42,140,p042,12,89.2,44.6,93.52941176470588,1.0,1.0,1,65.0,16.0
42,140,p042,13,89.2,44.6,93.52941176470588,1.0,1.0,1,65.0,16.0
42,140,p042,14,100.0,53.4,93.6842105263158,1.0,1.0,1,75.0,16.0
42,140,p042,15,100.0,53.4,93.6842105263158,1.0,1.0,1,75.0,16.0
42,140,p043,0,24.58,12.29,100.0,1.0,1.0,0,43.0,2.0
42,140,p043,1,98.0,49.0,58.888888888888886,1.0,0.0,1,70.0,16.0
42,140,p043,2,35.08,17.54,100.0,1.0,1.0,1,48.0,4.0
42,140,p043,3,27.7,13.85,20.0,0.0,0.0,1,20.0,4.0
42,140,p043,4,65.5,32.75,96.66666666666667,1.0,1.0,1,65.0,8.0
42,140,p043,5,100.0,51.55,13.88888888888889,0.0,0.0,1,70.0,16.0
42,140,p043,6,57.16,28.58,97.27272727272728,1.0,1.0,1,61.0,8.0
42,140,p043,7,48.2,24.1,97.0,1.0,1.0,1,55.0,8.0
42,140,p043,8,98.32,49.16,58.888888888888886,1.0,0.0,1,72.0,16.0
42,140,p043,9,98.32,49.16,58.888888888888886,1.0,0.0,1,72.0,16.0
42,140,p043,10,66.14,33.07,96.66666666666667,1.0,1.0,1,69.0,8.0
42,140,p043,11,98.16,49.08,58.888888888888886,1.0,0.0,1,71.0,16.0
42,140,p043,12,35.08,17.54,100.0,1.0,1.0,1,48.0,4.0
42,140,p043,13,100.0,51.38999999999999,13.88888888888889,0.0,0.0,1,68.0,16.0
42,140,p043,14,100.0,51.55,13.88888888888889,0.0,0.0,1,70.0,16.0
42,140,p043,15,36.82,18.41,20.0,0.0,0.0,1,27.0,4.0
42,140,p044,0,57.16,28.58,97.27272727272728,1.0,1.0,1,61.0,8.0
42,140,p044,1,13.14,6.57,100.0,1.0,1.0,0,34.0,0.0
42,140,p044,2,56.7,28.35,97.27272727272728,1.0,1.0,1,60.0,8.0
42,140,p044,3,43.72,21.86,98.75,1.0,1.0,1,52.0,4.0
42,140,p044,4,100.0,53.48,58.68421052631579,1.0,0.0,1,76.0,16.0
42,140,p044,5,50.82000000000001,25.410000000000004,96.25,1.0,1.0,1,57.0,2.0
42,140,p044,6,11.72,5.86,20.0,0.0,0.0,0,12.0,1.0
42,140,p044,7,32.9,16.45,98.33333333333333,1.0,1.0,0,45.0,2.0
42,140,p044,8,65.5,32.75,96.66666666666667,1.0,1.0,1,65.0,8.0
42,140,p044,9,98.0,49.0,58.888888888888886,1.0,0.0,1,70.0,16.0
42,140,p044,10,24.58,12.29,100.0,1.0,1.0,0,43.0,2.0
42,140,p044,11,98.47999999999999,49.239999999999995,58.888888888888886,1.0,0.0,1,73.0,16.0
42,140,p044,12,98.16,49.08,58.888888888888886,1.0,0.0,1,71.0,16.0
42,140,p044,13,26.32,13.16,20.0,0.0,0.0,0,22.0,2.0
42,140,p044,14,18.32,9.16,100.0,1.0,1.0,0,37.0,1.0
42,140,p044,15,97.86,48.93,58.888888888888886,1.0,0.0,1,71.0,16.0
42,140,p045,0,48.2,24.1,97.0,1.0,1.0,1,55.0,8.0
42,140,p045,1,97.86,48.93,58.888888888888886,1.0,0.0,1,71.0,16.0
42,140,p045,2,100.0,51.239999999999995,13.88888888888889,0.0,0.0,1,68.0,16.0
42,140,p045,3,98.0,49.0,58.888888888888886,1.0,0.0,1,70.0,16.0
42,140,p045,4,89.2,44.6,58.529411764705884,1.0,0.0,1,65.0,16.0
42,140,p045,5,98.16,49.08,58.888888888888886,1.0,0.0,1,71.0,16.0
42,140,p045,6,97.86,48.93,58.888888888888886,1.0,0.0,1,71.0,16.0
42,140,p045,7,35.08,17.54,100.0,1.0,1.0,1,48.0,4.0
42,140,p045,8,68.03999999999999,34.019999999999996,16.363636363636363,0.0,0.0,1,49.0,8.0
42,140,p045,9,20.52,10.26,20.0,0.0,0.0,0,17.0,1.0
42,140,p045,10,100.0,51.309999999999995,13.88888888888889,0.0,0.0,1,67.0,16.0
42,140,p045,11,57.16,28.58,97.27272727272728,1.0,1.0,1,61.0,8.0
42,140,p045,12,45.78,22.89,18.57142857142857,0.0,0.0,1,33.0,4.0
42,140,p045,13,25.86,12.93,20.0,0.0,0.0,0,21.0,2.0
42,140,p045,14,98.32,49.16,58.888888888888886,1.0,0.0,1,72.0,16.0
42,140,p045,15,100.0,55.87,13.68421052631579,0.0,0.0,1,74.0,16.0
42,140,p046,0,100.0,53.629999999999995,58.68421052631579,1.0,0.0,1,76.0,16.0
42,140,p046,1,100.0,53.709999999999994,58.68421052631579,1.0,0.0,1,77.0,16.0
42,140,p046,2,66.12,33.06,96.66666666666667,1.0,1.0,1,67.0,8.0
42,140,p046,3,100.0,53.629999999999995,58.68421052631579,1.0,0.0,1,76.0,16.0
42,140,p046,4,24.259999999999998,12.129999999999999,100.0,1.0,1.0,0,41.0,2.0
42,140,p046,5,19.560000000000002,9.780000000000001,100.0,1.0,1.0,0,41.0,1.0
42,140,p046,6,100.0,56.029999999999994,13.68421052631579,0.0,0.0,1,76.0,16.0
42,140,p046,7,33.54,16.77,98.33333333333333,1.0,1.0,1,49.0,2.0
42,140,p046,8,98.61999999999999,49.309999999999995,58.888888888888886,1.0,0.0,1,72.0,16.0
42,140,p046,9,24.259999999999998,12.129999999999999,100.0,1.0,1.0,0,41.0,2.0
42,140,p046,10,19.4,9.7,100.0,1.0,1.0,0,40.0,1.0
42,140,p046,11,66.28,33.14,96.66666666666667,1.0,1.0,1,68.0,8.0
42,140,p046,12,19.240000000000002,9.620000000000001,100.0,1.0,1.0,0,39.0,1.0
42,140,p046,13,44.660000000000004,22.330000000000002,98.75,1.0,1.0,1,56.0,4.0
42,140,p046,14,98.3,49.15,58.888888888888886,1.0,0.0,1,70.0,16.0
42,140,p046,15,29.8,14.9,17.5,0.0,0.0,1,25.0,1.0
42,140,p047,0,9.98,4.99,100.0,1.0,1.0,0,33.0,1.0
42,140,p047,1,57.16,28.58,97.27272727272728,1.0,1.0,1,61.0,8.0
42,140,p047,2,35.379999999999995,17.689999999999998,100.0,1.0,1.0,1,48.0,4.0
42,140,p047,3,100.0,53.629999999999995,58.68421052631579,1.0,0.0,1,76.0,16.0
42,140,p047,4,98.61999999999999,49.309999999999995,58.888888888888886,1.0,0.0,1,72.0,16.0
42,140,p047,5,35.379999999999995,17.689999999999998,100.0,1.0,1.0,1,48.0,4.0
42,140,p047,6,18.939999999999998,9.469999999999999,100.0,1.0,1.0,0,39.0,1.0
42,140,p047,7,100.0,53.87,58.68421052631579,1.0,0.0,1,79.0,16.0
42,140,p047,8,34.0,17.0,98.33333333333333,1.0,1.0,1,50.0,2.0
42,140,p047,9,18.939999999999998,9.469999999999999,100.0,1.0,1.0,0,39.0,1.0
42,140,p047,10,100.0,53.629999999999995,58.68421052631579,1.0,0.0,1,76.0,16.0
42,140,p047,11,19.08,9.54,100.0,1.0,1.0,0,38.0,1.0
42,140,p047,12,44.82000000000001,22.410000000000004,98.75,1.0,1.0,1,57.0,4.0
42,140,p047,13,98.78,49.39,58.888888888888886,1.0,0.0,1,73.0,16.0
42,140,p047,14,19.08,9.54,100.0,1.0,1.0,0,38.0,1.0
42,140,p047,15,57.8,28.9,97.27272727272728,1.0,1.0,1,65.0,8.0
42,140,p048,0,27.04,13.52,100.0,1.0,1.0,0,44.0,4.0
42,140,p048,1,100.0,53.79,58.68421052631579,1.0,0.0,1,78.0,16.0
42,140,p048,2,37.28,18.64,20.0,0.0,0.0,1,28.0,4.0
42,140,p048,3,98.3,49.15,58.888888888888886,1.0,0.0,1,70.0,16.0
42,140,p048,4,13.76,6.88,100.0,1.0,1.0,0,36.0,0.0
42,140,p048,5,100.0,51.239999999999995,13.88888888888889,0.0,0.0,1,68.0,16.0
42,140,p048,6,48.839999999999996,24.419999999999998,97.0,1.0,1.0,1,59.0,8.0
42,140,p048,7,19.4,9.7,100.0,1.0,1.0,0,40.0,1.0
42,140,p048,8,36.0,18.0,100.0,1.0,1.0,1,50.0,4.0
42,140,p048,9,49.14,24.57,97.0,1.0,1.0,1,59.0,8.0
42,140,p048,10,66.12,33.06,96.66666666666667,1.0,1.0,1,67.0,8.0
42,140,p048,11,24.259999999999998,12.129999999999999,100.0,1.0,1.0,0,41.0,2.0
42,140,p048,12,17.52,8.76,20.0,0.0,0.0,0,17.0,2.0
42,140,p048,13,66.28,33.14,96.66666666666667,1.0,1.0,1,68.0,8.0
42,140,p048,14,13.76,6.88,100.0,1.0,1.0,0,36.0,0.0
42,140,p048,15,89.66,44.83,58.529411764705884,1.0,0.0,1,66.0,16.0
42,160,p037,0,91.6,45.8,93.88888888888889,1.0,1.0,1,80.0,16.0
42,160,p037,1,97.67999999999999,48.839999999999996,58.888888888888886,1.0,0.0,1,68.0,16.0
42,160,p037,2,100.0,61.949999999999996,13.0,0.0,0.0,1,80.0,16.0
42,160,p037,3,91.3,45.65,93.88888888888889,1.0,1.0,1,80.0,16.0
42,160,p037,4,97.52,48.76,58.888888888888886,1.0,0.0,1,67.0,16.0
42,160,p037,5,34.92,17.46,100.0,1.0,1.0,1,47.0,4.0
42,160,p037,6,100.0,51.55,13.88888888888889,0.0,0.0,1,70.0,16.0
42,160,p037,7,91.6,45.8,93.88888888888889,1.0,1.0,1,80.0,16.0
42,160,p037,8,100.0,53.17,58.68421052631579,1.0,0.0,1,74.0,16.0
42,160,p037,9,100.0,61.949999999999996,13.0,0.0,0.0,1,80.0,16.0
42,160,p037,10,100.0,51.239999999999995,13.88888888888889,0.0,0.0,1,68.0,16.0
42,160,p037,11,98.0,49.0,58.888888888888886,1.0,0.0,1,70.0,16.0
42,160,p037,12,100.0,53.239999999999995,58.68421052631579,1.0,0.0,1,73.0,16.0
42,160,p037,13,100.0,53.32,58.68421052631579,1.0,0.0,1,74.0,16.0
42,160,p037,14,100.0,53.17,58.68421052631579,1.0,0.0,1,74.0,16.0
42,160,p037,15,88.88,44.44,58.529411764705884,1.0,0.0,1,63.0,16.0
42,160,p038,0,100.0,55.72,13.68421052631579,0.0,0.0,1,74.0,16.0
42,160,p038,1,98.0,49.0,58.888888888888886,1.0,0.0,1,70.0,16.0
42,160,p038,2,26.32,13.16,20.0,0.0,0.0,0,22.0,2.0
42,160,p038,3,100.0,51.309999999999995,13.88888888888889,0.0,0.0,1,67.0,16.0
42,160,p038,4,68.02,34.01,16.363636363636363,0.0,0.0,1,47.0,8.0
42,160,p038,5,98.0,49.0,58.888888888888886,1.0,0.0,1,70.0,16.0
42,160,p038,6,18.619999999999997,9.309999999999999,100.0,1.0,1.0,0,37.0,1.0
42,160,p038,7,97.84,48.92,58.888888888888886,1.0,0.0,1,69.0,16.0
42,160,p038,8,100.0,53.239999999999995,58.68421052631579,1.0,0.0,1,73.0,16.0
42,160,p038,9,34.6,17.3,100.0,1.0,1.0,0,45.0,4.0
42,160,p038,10,100.0,53.17,58.68421052631579,1.0,0.0,1,74.0,16.0
42,160,p038,11,97.52,48.76,58.888888888888886,1.0,0.0,1,67.0,16.0
42,160,p038,12,97.38,48.69,58.888888888888886,1.0,0.0,1,68.0,16.0
42,160,p038,13,91.3,45.65,93.88888888888889,1.0,1.0,1,80.0,16.0
42,160,p038,14,97.84,48.92,58.888888888888886,1.0,0.0,1,69.0,16.0
42,160,p038,15,100.0,51.239999999999995,13.88888888888889,0.0,0.0,1,68.0,16.0
42,160,p039,0,97.67999999999999,48.839999999999996,58.888888888888886,1.0,0.0,1,68.0,16.0
42,160,p039,1,34.6,17.3,100.0,1.0,1.0,0,45.0,4.0
42,160,p039,2,100.0,51.38999999999999,13.88888888888889,0.0,0.0,1,68.0,16.0
42,160,p039,3,100.0,51.55,13.88888888888889,0.0,0.0,1,70.0,16.0
42,160,p039,4,44.02,22.01,98.75,1.0,1.0,1,52.0,4.0
42,160,p039,5,100.0,61.87,13.0,0.0,0.0,1,79.0,16.0
42,160,p039,6,100.0,51.38999999999999,13.88888888888889,0.0,0.0,1,68.0,16.0
42,160,p039,7,97.38,48.69,58.888888888888886,1.0,0.0,1,68.0,16.0
42,160,p039,8,100.0,53.17,58.68421052631579,1.0,0.0,1,74.0,16.0
42,160,p039,9,12.82,6.41,100.0,1.0,1.0,0,32.0,0.0
42,160,p039,10,89.03999999999999,44.519999999999996,58.529411764705884,1.0,0.0,1,64.0,16.0
42,160,p039,11,100.0,51.239999999999995,13.88888888888889,0.0,0.0,1,68.0,16.0
42,160,p039,12,49.63999999999999,24.819999999999997,16.666666666666664,0.0,0.0,1,34.0,8.0
42,160,p039,13,100.0,53.239999999999995,58.68421052631579,1.0,0.0,1,73.0,16.0
42,160,p039,14,100.0,51.38999999999999,13.88888888888889,0.0,0.0,1,68.0,16.0
42,160,p039,15,58.599999999999994,29.299999999999997,17.0,0.0,0.0,1,40.0,8.0
42,160,p040,0,100.0,61.949999999999996,13.0,0.0,0.0,1,80.0,16.0
42,160,p040,1,100.0,53.4,93.6842105263158,1.0,1.0,1,75.0,16.0
42,160,p040,2,100.0,53.56,93.6842105263158,1.0,1.0,1,77.0,16.0
42,160,p040,3,97.84,48.92,93.88888888888889,1.0,1.0,1,69.0,16.0
42,160,p040,4,97.54,48.77,93.88888888888889,1.0,1.0,1,69.0,16.0
42,160,p040,5,23.64,11.82,100.0,1.0,1.0,0,39.0,2.0
42,160,p040,6,97.84,48.92,93.88888888888889,1.0,1.0,1,69.0,16.0
42,160,p040,7,100.0,53.32,93.6842105263158,1.0,1.0,1,74.0,16.0
42,160,p040,8,100.0,53.32,93.6842105263158,1.0,1.0,1,74.0,16.0
42,160,p040,9,93.82,46.91,13.529411764705882,0.0,0.0,1,62.0,16.0
42,160,p040,10,63.540000000000006,31.770000000000003,16.666666666666664,0.0,0.0,1,44.0,4.0
42,160,p040,11,98.0,49.0,93.88888888888889,1.0,1.0,1,70.0,16.0
42,160,p040,12,100.0,53.56,93.6842105263158,1.0,1.0,1,77.0,16.0
42,160,p040,13,98.0,49.0,93.88888888888889,1.0,1.0,1,70.0,16.0
42,160,p040,14,100.0,51.55,13.88888888888889,0.0,0.0,1,70.0,16.0
42,160,p040,15,100.0,55.78999999999999,13.68421052631579,0.0,0.0,1,73.0,16.0
42,160,p041,0,98.0,49.0,93.88888888888889,1.0,1.0,1,70.0,16.0
42,160,p041,1,100.0,51.55,13.88888888888889,0.0,0.0,1,70.0,16.0
42,160,p041,2,89.03999999999999,44.519999999999996,93.52941176470588,1.0,1.0,1,64.0,16.0
42,160,p041,3,32.28,16.14,98.33333333333333,1.0,1.0,0,43.0,2.0
42,160,p041,4,97.84,48.92,93.88888888888889,1.0,1.0,1,69.0,16.0
42,160,p041,5,98.16,49.08,93.88888888888889,1.0,1.0,1,71.0,16.0
42,160,p041,6,98.16,49.08,93.88888888888889,1.0,1.0,1,71.0,16.0
42,160,p041,7,98.16,49.08,93.88888888888889,1.0,1.0,1,71.0,16.0
42,160,p041,8,100.0,53.56,93.6842105263158,1.0,1.0,1,77.0,16.0
42,160,p041,9,93.52,46.76,13.529411764705882,0.0,0.0,1,62.0,16.0
42,160,p041,10,97.54,48.77,93.88888888888889,1.0,1.0,1,69.0,16.0
42,160,p041,11,100.0,53.32,93.6842105263158,1.0,1.0,1,74.0,16.0
42,160,p041,12,98.16,49.08,93.88888888888889,1.0,1.0,1,71.0,16.0
42,160,p041,13,100.0,51.38999999999999,13.88888888888889,0.0,0.0,1,68.0,16.0
42,160,p041,14,97.67999999999999,48.839999999999996,93.88888888888889,1.0,1.0,1,68.0,16.0
42,160,p041,15,100.0,53.32,93.6842105263158,1.0,1.0,1,74.0,16.0
42,160,p042,0,100.0,53.56,93.6842105263158,1.0,1.0,1,77.0,16.0
42,160,p042,1,97.84,48.92,93.88888888888889,1.0,1.0,1,69.0,16.0
42,160,p042,2,98.16,49.08,93.88888888888889,1.0,1.0,1,71.0,16.0
42,160,p042,3,97.54,48.77,93.88888888888889,1.0,1.0,1,69.0,16.0
42,160,p042,4,97.67999999999999,48.839999999999996,93.88888888888889,1.0,1.0,1,68.0,16.0
42,160,p042,5,34.76,17.38,100.0,1.0,1.0,0,46.0,4.0
42,160,p042,6,89.2,44.6,93.52941176470588,1.0,1.0,1,65.0,16.0
42,160,p042,7,91.3,45.65,93.88888888888889,1.0,1.0,1,80.0,16.0
42,160,p042,8,100.0,55.72,13.68421052631579,0.0,0.0,1,74.0,16.0
42,160,p042,9,59.38,29.69,17.0,0.0,0.0,1,43.0,8.0
42,160,p042,10,27.86,13.93,20.0,0.0,0.0,1,21.0,4.0
42,160,p042,11,97.67999999999999,48.839999999999996,93.88888888888889,1.0,1.0,1,68.0,16.0
42,160,p042,12,89.2,44.6,93.52941176470588,1.0,1.0,1,65.0,16.0
42,160,p042,13,89.2,44.6,93.52941176470588,1.0,1.0,1,65.0,16.0
42,160,p042,14,100.0,53.4,93.6842105263158,1.0,1.0,1,75.0,16.0
42,160,p042,15,100.0,53.4,93.6842105263158,1.0,1.0,1,75.0,16.0
42,160,p043,0,98.32,49.16,58.888888888888886,1.0,0.0,1,72.0,16.0
42,160,p043,1,98.0,49.0,58.888888888888886,1.0,0.0,1,70.0,16.0
42,160,p043,2,98.0,49.0,58.888888888888886,1.0,0.0,1,70.0,16.0
42,160,p043,3,93.82,46.91,13.529411764705882,0.0,0.0,1,62.0,16.0
42,160,p043,4,100.0,53.56,58.68421052631579,1.0,0.0,1,77.0,16.0
42,160,p043,5,100.0,51.55,13.88888888888889,0.0,0.0,1,70.0,16.0
42,160,p043,6,98.47999999999999,49.239999999999995,58.888888888888886,1.0,0.0,1,73.0,16.0
42,160,p043,7,100.0,51.55,13.88888888888889,0.0,0.0,1,70.0,16.0
42,160,p043,8,100.0,53.64,58.68421052631579,1.0,0.0,1,78.0,16.0
42,160,p043,9,98.32,49.16,58.888888888888886,1.0,0.0,1,72.0,16.0
42,160,p043,10,100.0,53.41,58.68421052631579,1.0,0.0,1,77.0,16.0
42,160,p043,11,98.16,49.08,58.888888888888886,1.0,0.0,1,71.0,16.0
42,160,p043,12,98.0,49.0,58.888888888888886,1.0,0.0,1,70.0,16.0
42,160,p043,13,100.0,51.38999999999999,13.88888888888889,0.0,0.0,1,68.0,16.0
42,160,p043,14,100.0,51.55,13.88888888888889,0.0,0.0,1,70.0,16.0
42,160,p043,15,100.0,51.55,13.88888888888889,0.0,0.0,1,70.0,16.0
42,160,p044,0,98.47999999999999,49.239999999999995,58.888888888888886,1.0,0.0,1,73.0,16.0
42,160,p044,1,13.14,6.57,100.0,1.0,1.0,0,34.0,0.0
42,160,p044,2,98.0,49.0,58.888888888888886,1.0,0.0,1,70.0,16.0
42,160,p044,3,100.0,53.56,58.68421052631579,1.0,0.0,1,77.0,16.0
42,160,p044,4,100.0,53.48,58.68421052631579,1.0,0.0,1,76.0,16.0
42,160,p044,5,100.0,61.79,13.0,0.0,0.0,1,78.0,16.0
42,160,p044,6,28.32,14.16,20.0,0.0,0.0,1,22.0,4.0
42,160,p044,7,100.0,53.56,58.68421052631579,1.0,0.0,1,77.0,16.0
42,160,p044,8,100.0,53.56,58.68421052631579,1.0,0.0,1,77.0,16.0
42,160,p044,9,98.0,49.0,58.888888888888886,1.0,0.0,1,70.0,16.0
42,160,p044,10,98.32,49.16,58.888888888888886,1.0,0.0,1,72.0,16.0
42,160,p044,11,98.47999999999999,49.239999999999995,58.888888888888886,1.0,0.0,1,73.0,16.0
42,160,p044,12,98.16,49.08,58.888888888888886,1.0,0.0,1,71.0,16.0
42,160,p044,13,100.0,51.55,13.88888888888889,0.0,0.0,1,70.0,16.0
42,160,p044,14,35.239999999999995,17.619999999999997,100.0,1.0,1.0,1,49.0,4.0
42,160,p044,15,97.86,48.93,58.888888888888886,1.0,0.0,1,71.0,16.0
42,160,p045,0,89.52,44.76,58.529411764705884,1.0,0.0,1,67.0,16.0
42,160,p045,1,100.0,53.41,58.68421052631579,1.0,0.0,1,77.0,16.0
42,160,p045,2,100.0,51.239999999999995,13.88888888888889,0.0,0.0,1,68.0,16.0
42,160,p045,3,98.0,49.0,58.888888888888886,1.0,0.0,1,70.0,16.0
42,160,p045,4,98.16,49.08,58.888888888888886,1.0,0.0,1,71.0,16.0
42,160,p045,5,98.16,49.08,58.888888888888886,1.0,0.0,1,71.0,16.0
42,160,p045,6,97.86,48.93,58.888888888888886,1.0,0.0,1,71.0,16.0
42,160,p045,7,98.0,49.0,58.888888888888886,1.0,0.0,1,70.0,16.0
42,160,p045,8,100.0,55.72,13.68421052631579,0.0,0.0,1,74.0,16.0
42,160,p045,9,58.44,29.22,17.0,0.0,0.0,1,39.0,8.0
42,160,p045,10,100.0,51.309999999999995,13.88888888888889,0.0,0.0,1,67.0,16.0
42,160,p045,11,98.47999999999999,49.239999999999995,58.888888888888886,1.0,0.0,1,73.0,16.0
42,160,p045,12,100.0,56.029999999999994,13.68421052631579,0.0,0.0,1,76.0,16.0
42,160,p045,13,100.0,51.239999999999995,13.88888888888889,0.0,0.0,1,68.0,16.0
42,160,p045,14,98.32,49.16,58.888888888888886,1.0,0.0,1,72.0,16.0
42,160,p045,15,100.0,55.87,13.68421052631579,0.0,0.0,1,74.0,16.0
42,160,p046,0,100.0,53.629999999999995,58.68421052631579,1.0,0.0,1,76.0,16.0
42,160,p046,1,100.0,53.709999999999994,58.68421052631579,1.0,0.0,1,77.0,16.0
42,160,p046,2,100.0,53.709999999999994,58.68421052631579,1.0,0.0,1,77.0,16.0
42,160,p046,3,100.0,53.629999999999995,58.68421052631579,1.0,0.0,1,76.0,16.0
42,160,p046,4,98.3,49.15,58.888888888888886,1.0,0.0,1,70.0,16.0
42,160,p046,5,35.54,17.77,100.0,1.0,1.0,1,49.0,4.0
42,160,p046,6,100.0,56.029999999999994,13.68421052631579,0.0,0.0,1,76.0,16.0
42,160,p046,7,100.0,53.56,58.68421052631579,1.0,0.0,1,77.0,16.0
42,160,p046,8,98.61999999999999,49.309999999999995,58.888888888888886,1.0,0.0,1,72.0,16.0
42,160,p046,9,98.3,49.15,58.888888888888886,1.0,0.0,1,70.0,16.0
42,160,p046,10,58.1,29.05,97.27272727272728,1.0,1.0,1,65.0,8.0
42,160,p046,11,100.0,53.629999999999995,58.68421052631579,1.0,0.0,1,76.0,16.0
42,160,p046,12,24.560000000000002,12.280000000000001,100.0,1.0,1.0,0,41.0,2.0
42,160,p046,13,100.0,53.629999999999995,58.68421052631579,1.0,0.0,1,76.0,16.0
42,160,p046,14,98.3,49.15,58.888888888888886,1.0,0.0,1,70.0,16.0
42,160,p046,15,35.28,17.64,18.0,0.0,0.0,0,28.0,2.0
42,160,p047,0,15.62,7.81,100.0,1.0,1.0,0,37.0,2.0
42,160,p047,1,98.46,49.23,58.888888888888886,1.0,0.0,1,71.0,16.0
42,160,p047,2,98.46,49.23,58.888888888888886,1.0,0.0,1,71.0,16.0
42,160,p047,3,100.0,53.629999999999995,58.68421052631579,1.0,0.0,1,76.0,16.0
42,160,p047,4,98.61999999999999,49.309999999999995,58.888888888888886,1.0,0.0,1,72.0,16.0
42,160,p047,5,98.46,49.23,58.888888888888886,1.0,0.0,1,71.0,16.0
42,160,p047,6,35.86,17.93,100.0,1.0,1.0,1,51.0,4.0
42,160,p047,7,100.0,53.87,58.68421052631579,1.0,0.0,1,79.0,16.0
42,160,p047,8,100.0,53.87,58.68421052631579,1.0,0.0,1,79.0,16.0
42,160,p047,9,35.86,17.93,100.0,1.0,1.0,1,51.0,4.0
42,160,p047,10,100.0,53.629999999999995,58.68421052631579,1.0,0.0,1,76.0,16.0
42,160,p047,11,24.259999999999998,12.129999999999999,100.0,1.0,1.0,0,41.0,2.0
42,160,p047,12,100.0,53.56,58.68421052631579,1.0,0.0,1,77.0,16.0
42,160,p047,13,98.78,49.39,58.888888888888886,1.0,0.0,1,73.0,16.0
42,160,p047,14,57.32,28.66,97.27272727272728,1.0,1.0,1,62.0,8.0
42,160,p047,15,100.0,53.56,58.68421052631579,1.0,0.0,1,77.0,16.0
42,160,p048,0,89.66,44.83,58.529411764705884,1.0,0.0,1,66.0,16.0
42,160,p048,1,100.0,53.79,58.68421052631579,1.0,0.0,1,78.0,16.0
42,160,p048,2,100.0,51.47,13.88888888888889,0.0,0.0,1,69.0,16.0
42,160,p048,3,98.3,49.15,58.888888888888886,1.0,0.0,1,70.0,16.0
42,160,p048,4,19.4,9.7,100.0,1.0,1.0,0,40.0,1.0
42,160,p048,5,100.0,51.239999999999995,13.88888888888889,0.0,0.0,1,68.0,16.0
42,160,p048,6,89.2,44.6,58.529411764705884,1.0,0.0,1,65.0,16.0
42,160,p048,7,36.0,18.0,100.0,1.0,1.0,1,50.0,4.0
42,160,p048,8,98.61999999999999,49.309999999999995,58.888888888888886,1.0,0.0,1,72.0,16.0
42,160,p048,9,89.66,44.83,58.529411764705884,1.0,0.0,1,66.0,16.0
42,160,p048,10,100.0,53.709999999999994,58.68421052631579,1.0,0.0,1,77.0,16.0
42,160,p048,11,98.3,49.15,58.888888888888886,1.0,0.0,1,70.0,16.0
42,160,p048,12,93.97999999999999,46.989999999999995,13.529411764705882,0.0,0.0,1,63.0,16.0
42,160,p048,13,100.0,53.629999999999995,58.68421052631579,1.0,0.0,1,76.0,16.0
42,160,p048,14,18.939999999999998,9.469999999999999,100.0,1.0,1.0,0,39.0,1.0
42,160,p048,15,98.61999999999999,49.309999999999995,58.888888888888886,1.0,0.0,1,72.0,16.0
42,180,p037,0,91.6,45.8,93.88888888888889,1.0,1.0,1,80.0,16.0
42,180,p037,1,97.67999999999999,48.839999999999996,58.888888888888886,1.0,0.0,1,68.0,16.0
42,180,p037,2,100.0,61.949999999999996,13.0,0.0,0.0,1,80.0,16.0
42,180,p037,3,91.3,45.65,93.88888888888889,1.0,1.0,1,80.0,16.0
42,180,p037,4,100.0,53.239999999999995,58.68421052631579,1.0,0.0,1,73.0,16.0
42,180,p037,5,97.38,48.69,58.888888888888886,1.0,0.0,1,68.0,16.0
42,180,p037,6,100.0,51.55,13.88888888888889,0.0,0.0,1,70.0,16.0
42,180,p037,7,93.82,46.91,13.529411764705882,0.0,0.0,1,62.0,16.0
42,180,p037,8,100.0,53.17,58.68421052631579,1.0,0.0,1,74.0,16.0
42,180,p037,9,100.0,61.949999999999996,13.0,0.0,0.0,1,80.0,16.0
42,180,p037,10,100.0,55.72,13.68421052631579,0.0,0.0,1,74.0,16.0
42,180,p037,11,100.0,53.48,58.68421052631579,1.0,0.0,1,76.0,16.0
42,180,p037,12,100.0,53.239999999999995,58.68421052631579,1.0,0.0,1,73.0,16.0
42,180,p037,13,100.0,53.32,58.68421052631579,1.0,0.0,1,74.0,16.0
42,180,p037,14,100.0,53.17,58.68421052631579,1.0,0.0,1,74.0,16.0
42,180,p037,15,88.88,44.44,58.529411764705884,1.0,0.0,1,63.0,16.0
42,180,p038,0,100.0,55.72,13.68421052631579,0.0,0.0,1,74.0,16.0
42,180,p038,1,98.0,49.0,58.888888888888886,1.0,0.0,1,70.0,16.0
42,180,p038,2,68.02,34.01,16.363636363636363,0.0,0.0,1,47.0,8.0
42,180,p038,3,100.0,51.309999999999995,13.88888888888889,0.0,0.0,1,67.0,16.0
42,180,p038,4,100.0,56.029999999999994,13.68421052631579,0.0,0.0,1,76.0,16.0
42,180,p038,5,98.0,49.0,58.888888888888886,1.0,0.0,1,70.0,16.0
42,180,p038,6,24.1,12.05,100.0,1.0,1.0,0,40.0,2.0
42,180,p038,7,97.84,48.92,58.888888888888886,1.0,0.0,1,69.0,16.0
42,180,p038,8,100.0,53.239999999999995,58.68421052631579,1.0,0.0,1,73.0,16.0
42,180,p038,9,98.0,49.0,58.888888888888886,1.0,0.0,1,70.0,16.0
42,180,p038,10,100.0,53.17,58.68421052631579,1.0,0.0,1,74.0,16.0
42,180,p038,11,97.52,48.76,58.888888888888886,1.0,0.0,1,67.0,16.0
42,180,p038,12,97.38,48.69,58.888888888888886,1.0,0.0,1,68.0,16.0
42,180,p038,13,91.3,45.65,93.88888888888889,1.0,1.0,1,80.0,16.0
42,180,p038,14,97.84,48.92,58.888888888888886,1.0,0.0,1,69.0,16.0
42,180,p038,15,100.0,55.72,13.68421052631579,0.0,0.0,1,74.0,16.0
42,180,p039,0,97.67999999999999,48.839999999999996,58.888888888888886,1.0,0.0,1,68.0,16.0
42,180,p039,1,100.0,53.48,58.68421052631579,1.0,0.0,1,76.0,16.0
42,180,p039,2,100.0,51.38999999999999,13.88888888888889,0.0,0.0,1,68.0,16.0
42,180,p039,3,100.0,51.55,13.88888888888889,0.0,0.0,1,70.0,16.0
42,180,p039,4,100.0,53.4,58.68421052631579,1.0,0.0,1,75.0,16.0
42,180,p039,5,100.0,61.87,13.0,0.0,0.0,1,79.0,16.0
42,180,p039,6,100.0,51.38999999999999,13.88888888888889,0.0,0.0,1,68.0,16.0
42,180,p039,7,97.38,48.69,58.888888888888886,1.0,0.0,1,68.0,16.0
42,180,p039,8,100.0,53.17,58.68421052631579,1.0,0.0,1,74.0,16.0
42,180,p039,9,18.619999999999997,9.309999999999999,100.0,1.0,1.0,0,37.0,1.0
42,180,p039,10,89.03999999999999,44.519999999999996,58.529411764705884,1.0,0.0,1,64.0,16.0
42,180,p039,11,100.0,55.72,13.68421052631579,0.0,0.0,1,74.0,16.0
42,180,p039,12,93.66,46.83,13.529411764705882,0.0,0.0,1,61.0,16.0
42,180,p039,13,100.0,53.239999999999995,58.68421052631579,1.0,0.0,1,73.0,16.0
42,180,p039,14,100.0,51.38999999999999,13.88888888888889,0.0,0.0,1,68.0,16.0
42,180,p039,15,100.0,51.309999999999995,13.88888888888889,0.0,0.0,1,67.0,16.0
42,180,p040,0,100.0,61.949999999999996,13.0,0.0,0.0,1,80.0,16.0
42,180,p040,1,100.0,53.4,93.6842105263158,1.0,1.0,1,75.0,16.0
42,180,p040,2,100.0,53.56,93.6842105263158,1.0,1.0,1,77.0,16.0
42,180,p040,3,97.84,48.92,93.88888888888889,1.0,1.0,1,69.0,16.0
42,180,p040,4,97.54,48.77,93.88888888888889,1.0,1.0,1,69.0,16.0
42,180,p040,5,56.86,28.43,97.27272727272728,1.0,1.0,1,61.0,8.0
42,180,p040,6,97.84,48.92,93.88888888888889,1.0,1.0,1,69.0,16.0
42,180,p040,7,100.0,53.32,93.6842105263158,1.0,1.0,1,74.0,16.0
42,180,p040,8,100.0,53.32,93.6842105263158,1.0,1.0,1,74.0,16.0
42,180,p040,9,93.82,46.91,13.529411764705882,0.0,0.0,1,62.0,16.0
42,180,p040,10,100.0,61.79,13.0,0.0,0.0,1,78.0,16.0
42,180,p040,11,98.0,49.0,93.88888888888889,1.0,1.0,1,70.0,16.0
42,180,p040,12,100.0,53.56,93.6842105263158,1.0,1.0,1,77.0,16.0
42,180,p040,13,100.0,53.48,93.6842105263158,1.0,1.0,1,76.0,16.0
42,180,p040,14,100.0,51.55,13.88888888888889,0.0,0.0,1,70.0,16.0
42,180,p040,15,100.0,55.78999999999999,13.68421052631579,0.0,0.0,1,73.0,16.0
42,180,p041,0,98.0,49.0,93.88888888888889,1.0,1.0,1,70.0,16.0
42,180,p041,1,100.0,56.029999999999994,13.68421052631579,0.0,0.0,1,76.0,16.0
42,180,p041,2,89.03999999999999,44.519999999999996,93.52941176470588,1.0,1.0,1,64.0,16.0
42,180,p041,3,65.34,32.67,96.66666666666667,1.0,1.0,1,64.0,8.0
42,180,p041,4,97.84,48.92,93.88888888888889,1.0,1.0,1,69.0,16.0
42,180,p041,5,100.0,53.56,93.6842105263158,1.0,1.0,1,77.0,16.0
42,180,p041,6,98.16,49.08,93.88888888888889,1.0,1.0,1,71.0,16.0
42,180,p041,7,98.16,49.08,93.88888888888889,1.0,1.0,1,71.0,16.0
42,180,p041,8,100.0,56.029999999999994,13.68421052631579,0.0,0.0,1,76.0,16.0
42,180,p041,9,93.52,46.76,13.529411764705882,0.0,0.0,1,62.0,16.0
42,180,p041,10,100.0,51.239999999999995,13.88888888888889,0.0,0.0,1,68.0,16.0
42,180,p041,11,100.0,53.32,93.6842105263158,1.0,1.0,1,74.0,16.0
42,180,p041,12,100.0,51.55,13.88888888888889,0.0,0.0,1,70.0,16.0
42,180,p041,13,100.0,55.87,13.68421052631579,0.0,0.0,1,74.0,16.0
42,180,p041,14,100.0,51.309999999999995,13.88888888888889,0.0,0.0,1,67.0,16.0
42,180,p041,15,100.0,53.32,93.6842105263158,1.0,1.0,1,74.0,16.0
42,180,p042,0,100.0,53.56,93.6842105263158,1.0,1.0,1,77.0,16.0
42,180,p042,1,100.0,53.4,93.6842105263158,1.0,1.0,1,75.0,16.0
42,180,p042,2,98.16,49.08,93.88888888888889,1.0,1.0,1,71.0,16.0
42,180,p042,3,100.0,51.239999999999995,13.88888888888889,0.0,0.0,1,68.0,16.0
42,180,p042,4,97.67999999999999,48.839999999999996,93.88888888888889,1.0,1.0,1,68.0,16.0
42,180,p042,5,100.0,51.309999999999995,13.88888888888889,0.0,0.0,1,67.0,16.0
42,180,p042,6,89.2,44.6,93.52941176470588,1.0,1.0,1,65.0,16.0
42,180,p042,7,91.3,45.65,93.88888888888889,1.0,1.0,1,80.0,16.0
42,180,p042,8,100.0,55.72,13.68421052631579,0.0,0.0,1,74.0,16.0
42,180,p042,9,100.0,51.47,13.88888888888889,0.0,0.0,1,69.0,16.0
42,180,p042,10,94.13999999999999,47.06999999999999,13.529411764705882,0.0,0.0,1,64.0,16.0
42,180,p042,11,97.67999999999999,48.839999999999996,93.88888888888889,1.0,1.0,1,68.0,16.0
42,180,p042,12,94.13999999999999,47.06999999999999,13.529411764705882,0.0,0.0,1,64.0,16.0
42,180,p042,13,94.13999999999999,47.06999999999999,13.529411764705882,0.0,0.0,1,64.0,16.0
42,180,p042,14,100.0,53.4,93.6842105263158,1.0,1.0,1,75.0,16.0
42,180,p042,15,100.0,53.4,93.6842105263158,1.0,1.0,1,75.0,16.0
42,180,p043,0,100.0,53.64,58.68421052631579,1.0,0.0,1,78.0,16.0
42,180,p043,1,98.0,49.0,58.888888888888886,1.0,0.0,1,70.0,16.0
42,180,p043,2,98.0,49.0,58.888888888888886,1.0,0.0,1,70.0,16.0
42,180,p043,3,93.82,46.91,13.529411764705882,0.0,0.0,1,62.0,16.0
42,180,p043,4,100.0,53.56,58.68421052631579,1.0,0.0,1,77.0,16.0
42,180,p043,5,100.0,56.029999999999994,13.68421052631579,0.0,0.0,1,76.0,16.0
42,180,p043,6,98.47999999999999,49.239999999999995,58.888888888888886,1.0,0.0,1,73.0,16.0
42,180,p043,7,100.0,51.55,13.88888888888889,0.0,0.0,1,70.0,16.0
42,180,p043,8,100.0,53.64,58.68421052631579,1.0,0.0,1,78.0,16.0
42,180,p043,9,98.32,49.16,58.888888888888886,1.0,0.0,1,72.0,16.0
42,180,p043,10,100.0,53.41,58.68421052631579,1.0,0.0,1,77.0,16.0
42,180,p043,11,98.16,49.08,58.888888888888886,1.0,0.0,1,71.0,16.0
42,180,p043,12,100.0,53.48,58.68421052631579,1.0,0.0,1,76.0,16.0
42,180,p043,13,100.0,51.38999999999999,13.88888888888889,0.0,0.0,1,68.0,16.0
42,180,p043,14,100.0,51.55,13.88888888888889,0.0,0.0,1,70.0,16.0
42,180,p043,15,100.0,51.55,13.88888888888889,0.0,0.0,1,70.0,16.0
42,180,p044,0,98.47999999999999,49.239999999999995,58.888888888888886,1.0,0.0,1,73.0,16.0
42,180,p044,1,13.14,6.57,100.0,1.0,1.0,0,34.0,0.0
42,180,p044,2,98.0,49.0,58.888888888888886,1.0,0.0,1,70.0,16.0
42,180,p044,3,100.0,53.56,58.68421052631579,1.0,0.0,1,77.0,16.0
42,180,p044,4,100.0,55.78999999999999,13.68421052631579,0.0,0.0,1,73.0,16.0
42,180,p044,5,100.0,61.79,13.0,0.0,0.0,1,78.0,16.0
42,180,p044,6,93.97999999999999,46.989999999999995,13.529411764705882,0.0,0.0,1,63.0,16.0
42,180,p044,7,100.0,53.56,58.68421052631579,1.0,0.0,1,77.0,16.0
42,180,p044,8,100.0,53.56,58.68421052631579,1.0,0.0,1,77.0,16.0
42,180,p044,9,98.0,49.0,58.888888888888886,1.0,0.0,1,70.0,16.0
42,180,p044,10,100.0,53.64,58.68421052631579,1.0,0.0,1,78.0,16.0
42,180,p044,11,98.47999999999999,49.239999999999995,58.888888888888886,1.0,0.0,1,73.0,16.0
42,180,p044,12,98.16,49.08,58.888888888888886,1.0,0.0,1,71.0,16.0
42,180,p044,13,100.0,51.55,13.88888888888889,0.0,0.0,1,70.0,16.0
42,180,p044,14,97.86,48.93,58.888888888888886,1.0,0.0,1,71.0,16.0
42,180,p044,15,97.86,48.93,58.888888888888886,1.0,0.0,1,71.0,16.0
42,180,p045,0,98.47999999999999,49.239999999999995,58.888888888888886,1.0,0.0,1,73.0,16.0
42,180,p045,1,100.0,53.41,58.68421052631579,1.0,0.0,1,77.0,16.0
42,180,p045,2,100.0,51.239999999999995,13.88888888888889,0.0,0.0,1,68.0,16.0
42,180,p045,3,100.0,51.309999999999995,13.88888888888889,0.0,0.0,1,67.0,16.0
42,180,p045,4,98.16,49.08,58.888888888888886,1.0,0.0,1,71.0,16.0
42,180,p045,5,98.16,49.08,58.888888888888886,1.0,0.0,1,71.0,16.0
42,180,p045,6,97.86,48.93,58.888888888888886,1.0,0.0,1,71.0,16.0
42,180,p045,7,98.0,49.0,58.888888888888886,1.0,0.0,1,70.0,16.0
42,180,p045,8,100.0,55.72,13.68421052631579,0.0,0.0,1,74.0,16.0
42,180,p045,9,100.0,51.38999999999999,13.88888888888889,0.0,0.0,1,68.0,16.0
42,180,p045,10,100.0,51.309999999999995,13.88888888888889,0.0,0.0,1,67.0,16.0
42,180,p045,11,100.0,51.55,13.88888888888889,0.0,0.0,1,70.0,16.0
42,180,p045,12,100.0,56.029999999999994,13.68421052631579,0.0,0.0,1,76.0,16.0
42,180,p045,13,100.0,51.239999999999995,13.88888888888889,0.0,0.0,1,68.0,16.0
42,180,p045,14,100.0,53.64,58.68421052631579,1.0,0.0,1,78.0,16.0
42,180,p045,15,100.0,55.87,13.68421052631579,0.0,0.0,1,74.0,16.0
42,180,p046,0,100.0,53.629999999999995,58.68421052631579,1.0,0.0,1,76.0,16.0
42,180,p046,1,100.0,61.79,13.0,0.0,0.0,1,78.0,16.0
42,180,p046,2,100.0,53.709999999999994,58.68421052631579,1.0,0.0,1,77.0,16.0
42,180,p046,3,100.0,53.629999999999995,58.68421052631579,1.0,0.0,1,76.0,16.0
42,180,p046,4,100.0,51.309999999999995,13.88888888888889,0.0,0.0,1,67.0,16.0
42,180,p046,5,100.0,53.87,58.68421052631579,1.0,0.0,1,79.0,16.0
42,180,p046,6,100.0,56.029999999999994,13.68421052631579,0.0,0.0,1,76.0,16.0
42,180,p046,7,100.0,53.56,58.68421052631579,1.0,0.0,1,77.0,16.0
42,180,p046,8,100.0,51.47,13.88888888888889,0.0,0.0,1,69.0,16.0
42,180,p046,9,100.0,51.309999999999995,13.88888888888889,0.0,0.0,1,67.0,16.0
42,180,p046,10,98.61999999999999,49.309999999999995,58.888888888888886,1.0,0.0,1,72.0,16.0
42,180,p046,11,100.0,53.629999999999995,58.68421052631579,1.0,0.0,1,76.0,16.0
42,180,p046,12,66.12,33.06,96.66666666666667,1.0,1.0,1,67.0,8.0
42,180,p046,13,100.0,53.629999999999995,58.68421052631579,1.0,0.0,1,76.0,16.0
42,180,p046,14,98.3,49.15,58.888888888888886,1.0,0.0,1,70.0,16.0
42,180,p046,15,68.02,34.01,16.363636363636363,0.0,0.0,1,47.0,8.0
42,180,p047,0,35.86,17.93,100.0,1.0,1.0,1,51.0,4.0
42,180,p047,1,100.0,53.709999999999994,58.68421052631579,1.0,0.0,1,77.0,16.0
42,180,p047,2,98.46,49.23,58.888888888888886,1.0,0.0,1,71.0,16.0
42,180,p047,3,100.0,55.78999999999999,13.68421052631579,0.0,0.0,1,73.0,16.0
42,180,p047,4,98.61999999999999,49.309999999999995,58.888888888888886,1.0,0.0,1,72.0,16.0
42,180,p047,5,98.46,49.23,58.888888888888886,1.0,0.0,1,71.0,16.0
42,180,p047,6,100.0,51.239999999999995,13.88888888888889,0.0,0.0,1,68.0,16.0
42,180,p047,7,100.0,53.87,58.68421052631579,1.0,0.0,1,79.0,16.0
42,180,p047,8,100.0,53.87,58.68421052631579,1.0,0.0,1,79.0,16.0
42,180,p047,9,98.16,49.08,58.888888888888886,1.0,0.0,1,71.0,16.0
42,180,p047,10,100.0,53.629999999999995,58.68421052631579,1.0,0.0,1,76.0,16.0
42,180,p047,11,57.32,28.66,97.27272727272728,1.0,1.0,1,62.0,8.0
42,180,p047,12,100.0,53.56,58.68421052631579,1.0,0.0,1,77.0,16.0
42,180,p047,13,100.0,51.55,13.88888888888889,0.0,0.0,1,70.0,16.0
42,180,p047,14,100.0,53.629999999999995,58.68421052631579,1.0,0.0,1,76.0,16.0
42,180,p047,15,100.0,55.72,13.68421052631579,0.0,0.0,1,74.0,16.0
42,180,p048,0,89.66,44.83,58.529411764705884,1.0,0.0,1,66.0,16.0
42,180,p048,1,100.0,53.79,58.68421052631579,1.0,0.0,1,78.0,16.0
42,180,p048,2,100.0,51.47,13.88888888888889,0.0,0.0,1,69.0,16.0
42,180,p048,3,98.3,49.15,58.888888888888886,1.0,0.0,1,70.0,16.0
42,180,p048,4,25.2,12.6,100.0,1.0,1.0,0,45.0,2.0
42,180,p048,5,100.0,51.239999999999995,13.88888888888889,0.0,0.0,1,68.0,16.0
42,180,p048,6,93.52,46.76,13.529411764705882,0.0,0.0,1,62.0,16.0
42,180,p048,7,98.61999999999999,49.309999999999995,58.888888888888886,1.0,0.0,1,72.0,16.0
42,180,p048,8,98.61999999999999,49.309999999999995,58.888888888888886,1.0,0.0,1,72.0,16.0
42,180,p048,9,89.66,44.83,58.529411764705884,1.0,0.0,1,66.0,16.0
42,180,p048,10,100.0,53.709999999999994,58.68421052631579,1.0,0.0,1,77.0,16.0
42,180,p048,11,100.0,51.309999999999995,13.88888888888889,0.0,0.0,1,67.0,16.0
42,180,p048,12,93.97999999999999,46.989999999999995,13.529411764705882,0.0,0.0,1,63.0,16.0
42,180,p048,13,100.0,55.78999999999999,13.68421052631579,0.0,0.0,1,73.0,16.0
42,180,p048,14,18.939999999999998,9.469999999999999,100.0,1.0,1.0,0,39.0,1.0
42,180,p048,15,98.61999999999999,49.309999999999995,58.888888888888886,1.0,0.0,1,72.0,16.0
42,200,p037,0,91.6,45.8,93.88888888888889,1.0,1.0,1,80.0,16.0
42,200,p037,1,97.67999999999999,48.839999999999996,58.888888888888886,1.0,0.0,1,68.0,16.0
42,200,p037,2,100.0,61.949999999999996,13.0,0.0,0.0,1,80.0,16.0
42,200,p037,3,91.3,45.65,93.88888888888889,1.0,1.0,1,80.0,16.0
42,200,p037,4,100.0,53.239999999999995,58.68421052631579,1.0,0.0,1,73.0,16.0
42,200,p037,5,97.38,48.69,58.888888888888886,1.0,0.0,1,68.0,16.0
42,200,p037,6,100.0,56.029999999999994,13.68421052631579,0.0,0.0,1,76.0,16.0
42,200,p037,7,93.82,46.91,13.529411764705882,0.0,0.0,1,62.0,16.0
42,200,p037,8,100.0,53.17,58.68421052631579,1.0,0.0,1,74.0,16.0
42,200,p037,9,100.0,61.949999999999996,13.0,0.0,0.0,1,80.0,16.0
42,200,p037,10,100.0,55.72,13.68421052631579,0.0,0.0,1,74.0,16.0
42,200,p037,11,100.0,53.48,58.68421052631579,1.0,0.0,1,76.0,16.0
42,200,p037,12,100.0,53.239999999999995,58.68421052631579,1.0,0.0,1,73.0,16.0
42,200,p037,13,100.0,53.32,58.68421052631579,1.0,0.0,1,74.0,16.0
42,200,p037,14,100.0,53.17,58.68421052631579,1.0,0.0,1,74.0,16.0
42,200,p037,15,97.84,48.92,58.888888888888886,1.0,0.0,1,69.0,16.0
42,200,p038,0,100.0,55.72,13.68421052631579,0.0,0.0,1,74.0,16.0
42,200,p038,1,100.0,53.48,58.68421052631579,1.0,0.0,1,76.0,16.0
42,200,p038,2,100.0,56.029999999999994,13.68421052631579,0.0,0.0,1,76.0,16.0
42,200,p038,3,100.0,51.309999999999995,13.88888888888889,0.0,0.0,1,67.0,16.0
42,200,p038,4,100.0,56.029999999999994,13.68421052631579,0.0,0.0,1,76.0,16.0
42,200,p038,5,98.0,49.0,58.888888888888886,1.0,0.0,1,70.0,16.0
42,200,p038,6,24.1,12.05,100.0,1.0,1.0,0,40.0,2.0
42,200,p038,7,97.84,48.92,58.888888888888886,1.0,0.0,1,69.0,16.0
42,200,p038,8,100.0,53.239999999999995,58.68421052631579,1.0,0.0,1,73.0,16.0
42,200,p038,9,98.0,49.0,58.888888888888886,1.0,0.0,1,70.0,16.0
42,200,p038,10,100.0,53.17,58.68421052631579,1.0,0.0,1,74.0,16.0
42,200,p038,11,97.52,48.76,58.888888888888886,1.0,0.0,1,67.0,16.0
42,200,p038,12,97.38,48.69,58.888888888888886,1.0,0.0,1,68.0,16.0
42,200,p038,13,91.3,45.65,93.88888888888889,1.0,1.0,1,80.0,16.0
42,200,p038,14,100.0,53.4,58.68421052631579,1.0,0.0,1,75.0,16.0
42,200,p038,15,100.0,55.72,13.68421052631579,0.0,0.0,1,74.0,16.0
42,200,p039,0,97.67999999999999,48.839999999999996,58.888888888888886,1.0,0.0,1,68.0,16.0
42,200,p039,1,100.0,53.48,58.68421052631579,1.0,0.0,1,76.0,16.0
42,200,p039,2,100.0,51.38999999999999,13.88888888888889,0.0,0.0,1,68.0,16.0
42,200,p039,3,100.0,56.029999999999994,13.68421052631579,0.0,0.0,1,76.0,16.0
42,200,p039,4,100.0,53.4,58.68421052631579,1.0,0.0,1,75.0,16.0
42,200,p039,5,100.0,61.87,13.0,0.0,0.0,1,79.0,16.0
42,200,p039,6,100.0,51.38999999999999,13.88888888888889,0.0,0.0,1,68.0,16.0
42,200,p039,7,97.38,48.69,58.888888888888886,1.0,0.0,1,68.0,16.0
42,200,p039,8,100.0,53.17,58.68421052631579,1.0,0.0,1,74.0,16.0
42,200,p039,9,18.619999999999997,9.309999999999999,100.0,1.0,1.0,0,37.0,1.0
42,200,p039,10,94.13999999999999,47.06999999999999,13.529411764705882,0.0,0.0,1,64.0,16.0
42,200,p039,11,100.0,55.72,13.68421052631579,0.0,0.0,1,74.0,16.0
42,200,p039,12,93.66,46.83,13.529411764705882,0.0,0.0,1,61.0,16.0
42,200,p039,13,100.0,53.239999999999995,58.68421052631579,1.0,0.0,1,73.0,16.0
42,200,p039,14,100.0,51.38999999999999,13.88888888888889,0.0,0.0,1,68.0,16.0
42,200,p039,15,100.0,51.309999999999995,13.88888888888889,0.0,0.0,1,67.0,16.0
42,200,p040,0,100.0,61.949999999999996,13.0,0.0,0.0,1,80.0,16.0
42,200,p040,1,100.0,53.4,93.6842105263158,1.0,1.0,1,75.0,16.0
42,200,p040,2,100.0,53.56,93.6842105263158,1.0,1.0,1,77.0,16.0
42,200,p040,3,97.84,48.92,93.88888888888889,1.0,1.0,1,69.0,16.0
42,200,p040,4,97.54,48.77,93.88888888888889,1.0,1.0,1,69.0,16.0
42,200,p040,5,100.0,53.25,93.6842105263158,1.0,1.0,1,75.0,16.0
42,200,p040,6,97.84,48.92,93.88888888888889,1.0,1.0,1,69.0,16.0
42,200,p040,7,100.0,53.32,93.6842105263158,1.0,1.0,1,74.0,16.0
42,200,p040,8,100.0,53.32,93.6842105263158,1.0,1.0,1,74.0,16.0
42,200,p040,9,100.0,51.38999999999999,13.88888888888889,0.0,0.0,1,68.0,16.0
42,200,p040,10,100.0,61.79,13.0,0.0,0.0,1,78.0,16.0
42,200,p040,11,98.0,49.0,93.88888888888889,1.0,1.0,1,70.0,16.0
42,200,p040,12,100.0,53.56,93.6842105263158,1.0,1.0,1,77.0,16.0
42,200,p040,13,100.0,53.48,93.6842105263158,1.0,1.0,1,76.0,16.0
42,200,p040,14,100.0,56.029999999999994,13.68421052631579,0.0,0.0,1,76.0,16.0
42,200,p040,15,100.0,55.78999999999999,13.68421052631579,0.0,0.0,1,73.0,16.0
42,200,p041,0,100.0,53.48,93.6842105263158,1.0,1.0,1,76.0,16.0
42,200,p041,1,100.0,56.029999999999994,13.68421052631579,0.0,0.0,1,76.0,16.0
42,200,p041,2,89.03999999999999,44.519999999999996,93.52941176470588,1.0,1.0,1,64.0,16.0
42,200,p041,3,100.0,53.32,93.6842105263158,1.0,1.0,1,74.0,16.0
42,200,p041,4,97.84,48.92,93.88888888888889,1.0,1.0,1,69.0,16.0
42,200,p041,5,100.0,53.56,93.6842105263158,1.0,1.0,1,77.0,16.0
42,200,p041,6,98.16,49.08,93.88888888888889,1.0,1.0,1,71.0,16.0
42,200,p041,7,100.0,51.55,13.88888888888889,0.0,0.0,1,70.0,16.0
42,200,p041,8,100.0,56.029999999999994,13.68421052631579,0.0,0.0,1,76.0,16.0
42,200,p041,9,93.52,46.76,13.529411764705882,0.0,0.0,1,62.0,16.0
42,200,p041,10,100.0,51.239999999999995,13.88888888888889,0.0,0.0,1,68.0,16.0
42,200,p041,11,100.0,53.32,93.6842105263158,1.0,1.0,1,74.0,16.0
42,200,p041,12,100.0,51.55,13.88888888888889,0.0,0.0,1,70.0,16.0
42,200,p041,13,100.0,55.87,13.68421052631579,0.0,0.0,1,74.0,16.0
42,200,p041,14,100.0,51.309999999999995,13.88888888888889,0.0,0.0,1,67.0,16.0
42,200,p041,15,100.0,55.78999999999999,13.68421052631579,0.0,0.0,1,73.0,16.0
42,200,p042,0,100.0,53.56,93.6842105263158,1.0,1.0,1,77.0,16.0
42,200,p042,1,100.0,53.4,93.6842105263158,1.0,1.0,1,75.0,16.0
42,200,p042,2,98.16,49.08,93.88888888888889,1.0,1.0,1,71.0,16.0
42,200,p042,3,100.0,51.239999999999995,13.88888888888889,0.0,0.0,1,68.0,16.0
42,200,p042,4,97.67999999999999,48.839999999999996,93.88888888888889,1.0,1.0,1,68.0,16.0
42,200,p042,5,100.0,51.309999999999995,13.88888888888889,0.0,0.0,1,67.0,16.0
42,200,p042,6,98.16,49.08,93.88888888888889,1.0,1.0,1,71.0,16.0
42,200,p042,7,91.3,45.65,93.88888888888889,1.0,1.0,1,80.0,16.0
42,200,p042,8,100.0,55.72,13.68421052631579,0.0,0.0,1,74.0,16.0
42,200,p042,9,100.0,55.949999999999996,13.68421052631579,0.0,0.0,1,75.0,16.0
42,200,p042,10,94.13999999999999,47.06999999999999,13.529411764705882,0.0,0.0,1,64.0,16.0
42,200,p042,11,97.67999999999999,48.839999999999996,93.88888888888889,1.0,1.0,1,68.0,16.0
42,200,p042,12,94.13999999999999,47.06999999999999,13.529411764705882,0.0,0.0,1,64.0,16.0
42,200,p042,13,94.13999999999999,47.06999999999999,13.529411764705882,0.0,0.0,1,64.0,16.0
42,200,p042,14,100.0,53.4,93.6842105263158,1.0,1.0,1,75.0,16.0
42,200,p042,15,100.0,53.4,93.6842105263158,1.0,1.0,1,75.0,16.0
42,200,p043,0,100.0,53.64,58.68421052631579,1.0,0.0,1,78.0,16.0
42,200,p043,1,98.0,49.0,58.888888888888886,1.0,0.0,1,70.0,16.0
42,200,p043,2,98.0,49.0,58.888888888888886,1.0,0.0,1,70.0,16.0
42,200,p043,3,93.82,46.91,13.529411764705882,0.0,0.0,1,62.0,16.0
42,200,p043,4,100.0,53.56,58.68421052631579,1.0,0.0,1,77.0,16.0
42,200,p043,5,100.0,56.029999999999994,13.68421052631579,0.0,0.0,1,76.0,16.0
42,200,p043,6,98.47999999999999,49.239999999999995,58.888888888888886,1.0,0.0,1,73.0,16.0
42,200,p043,7,100.0,51.55,13.88888888888889,0.0,0.0,1,70.0,16.0
42,200,p043,8,100.0,53.64,58.68421052631579,1.0,0.0,1,78.0,16.0
42,200,p043,9,98.32,49.16,58.888888888888886,1.0,0.0,1,72.0,16.0
42,200,p043,10,100.0,53.41,58.68421052631579,1.0,0.0,1,77.0,16.0
42,200,p043,11,98.16,49.08,58.888888888888886,1.0,0.0,1,71.0,16.0
42,200,p043,12,100.0,53.48,58.68421052631579,1.0,0.0,1,76.0,16.0
42,200,p043,13,100.0,51.38999999999999,13.88888888888889,0.0,0.0,1,68.0,16.0
42,200,p043,14,100.0,51.55,13.88888888888889,0.0,0.0,1,70.0,16.0
42,200,p043,15,100.0,51.55,13.88888888888889,0.0,0.0,1,70.0,16.0
42,200,p044,0,98.47999999999999,49.239999999999995,58.888888888888886,1.0,0.0,1,73.0,16.0
42,200,p044,1,13.14,6.57,100.0,1.0,1.0,0,34.0,0.0
42,200,p044,2,98.0,49.0,58.888888888888886,1.0,0.0,1,70.0,16.0
42,200,p044,3,100.0,53.56,58.68421052631579,1.0,0.0,1,77.0,16.0
42,200,p044,4,100.0,55.78999999999999,13.68421052631579,0.0,0.0,1,73.0,16.0
42,200,p044,5,100.0,61.79,13.0,0.0,0.0,1,78.0,16.0
42,200,p044,6,93.97999999999999,46.989999999999995,13.529411764705882,0.0,0.0,1,63.0,16.0
42,200,p044,7,100.0,53.56,58.68421052631579,1.0,0.0,1,77.0,16.0
42,200,p044,8,100.0,53.56,58.68421052631579,1.0,0.0,1,77.0,16.0
42,200,p044,9,98.0,49.0,58.888888888888886,1.0,0.0,1,70.0,16.0
42,200,p044,10,100.0,53.64,58.68421052631579,1.0,0.0,1,78.0,16.0
42,200,p044,11,100.0,53.72,58.68421052631579,1.0,0.0,1,79.0,16.0
42,200,p044,12,98.16,49.08,58.888888888888886,1.0,0.0,1,71.0,16.0
42,200,p044,13,100.0,51.55,13.88888888888889,0.0,0.0,1,70.0,16.0
42,200,p044,14,97.86,48.93,58.888888888888886,1.0,0.0,1,71.0,16.0
42,200,p044,15,97.86,48.93,58.888888888888886,1.0,0.0,1,71.0,16.0
42,200,p045,0,98.47999999999999,49.239999999999995,58.888888888888886,1.0,0.0,1,73.0,16.0
42,200,p045,1,100.0,53.41,58.68421052631579,1.0,0.0,1,77.0,16.0
42,200,p045,2,100.0,55.72,13.68421052631579,0.0,0.0,1,74.0,16.0
42,200,p045,3,100.0,51.309999999999995,13.88888888888889,0.0,0.0,1,67.0,16.0
42,200,p045,4,98.16,49.08,58.888888888888886,1.0,0.0,1,71.0,16.0
42,200,p045,5,98.16,49.08,58.888888888888886,1.0,0.0,1,71.0,16.0
42,200,p045,6,100.0,53.41,58.68421052631579,1.0,0.0,1,77.0,16.0
42,200,p045,7,98.0,49.0,58.888888888888886,1.0,0.0,1,70.0,16.0
42,200,p045,8,100.0,55.72,13.68421052631579,0.0,0.0,1,74.0,16.0
42,200,p045,9,100.0,55.87,13.68421052631579,0.0,0.0,1,74.0,16.0
42,200,p045,10,100.0,51.309999999999995,13.88888888888889,0.0,0.0,1,67.0,16.0
42,200,p045,11,100.0,56.029999999999994,13.68421052631579,0.0,0.0,1,76.0,16.0
42,200,p045,12,100.0,56.029999999999994,13.68421052631579,0.0,0.0,1,76.0,16.0
42,200,p045,13,100.0,51.239999999999995,13.88888888888889,0.0,0.0,1,68.0,16.0
42,200,p045,14,100.0,53.64,58.68421052631579,1.0,0.0,1,78.0,16.0
42,200,p045,15,100.0,55.87,13.68421052631579,0.0,0.0,1,74.0,16.0
42,200,p046,0,100.0,53.629999999999995,58.68421052631579,1.0,0.0,1,76.0,16.0
42,200,p046,1,100.0,61.79,13.0,0.0,0.0,1,78.0,16.0
42,200,p046,2,100.0,53.709999999999994,58.68421052631579,1.0,0.0,1,77.0,16.0
42,200,p046,3,100.0,53.629999999999995,58.68421052631579,1.0,0.0,1,76.0,16.0
42,200,p046,4,100.0,55.78999999999999,13.68421052631579,0.0,0.0,1,73.0,16.0
42,200,p046,5,100.0,53.87,58.68421052631579,1.0,0.0,1,79.0,16.0
42,200,p046,6,100.0,56.029999999999994,13.68421052631579,0.0,0.0,1,76.0,16.0
42,200,p046,7,100.0,53.56,58.68421052631579,1.0,0.0,1,77.0,16.0
42,200,p046,8,100.0,55.949999999999996,13.68421052631579,0.0,0.0,1,75.0,16.0
42,200,p046,9,100.0,55.78999999999999,13.68421052631579,0.0,0.0,1,73.0,16.0
42,200,p046,10,100.0,53.79,58.68421052631579,1.0,0.0,1,78.0,16.0
42,200,p046,11,100.0,53.629999999999995,58.68421052631579,1.0,0.0,1,76.0,16.0
42,200,p046,12,100.0,53.709999999999994,58.68421052631579,1.0,0.0,1,77.0,16.0
42,200,p046,13,100.0,53.629999999999995,58.68421052631579,1.0,0.0,1,76.0,16.0
42,200,p046,14,98.3,49.15,58.888888888888886,1.0,0.0,1,70.0,16.0
42,200,p046,15,100.0,56.029999999999994,13.68421052631579,0.0,0.0,1,76.0,16.0
42,200,p047,0,57.8,28.9,97.27272727272728,1.0,1.0,1,65.0,8.0
42,200,p047,1,100.0,53.709999999999994,58.68421052631579,1.0,0.0,1,77.0,16.0
42,200,p047,2,98.46,49.23,58.888888888888886,1.0,0.0,1,71.0,16.0
42,200,p047,3,100.0,55.78999999999999,13.68421052631579,0.0,0.0,1,73.0,16.0
42,200,p047,4,100.0,51.47,13.88888888888889,0.0,0.0,1,69.0,16.0
42,200,p047,5,98.46,49.23,58.888888888888886,1.0,0.0,1,71.0,16.0
42,200,p047,6,100.0,55.72,13.68421052631579,0.0,0.0,1,74.0,16.0
42,200,p047,7,100.0,53.87,58.68421052631579,1.0,0.0,1,79.0,16.0
42,200,p047,8,100.0,53.87,58.68421052631579,1.0,0.0,1,79.0,16.0
42,200,p047,9,100.0,51.239999999999995,13.88888888888889,0.0,0.0,1,68.0,16.0
42,200,p047,10,100.0,53.629999999999995,58.68421052631579,1.0,0.0,1,76.0,16.0
42,200,p047,11,98.3,49.15,58.888888888888886,1.0,0.0,1,70.0,16.0
42,200,p047,12,100.0,53.56,58.68421052631579,1.0,0.0,1,77.0,16.0
42,200,p047,13,100.0,51.55,13.88888888888889,0.0,0.0,1,70.0,16.0
42,200,p047,14,100.0,53.629999999999995,58.68421052631579,1.0,0.0,1,76.0,16.0
42,200,p047,15,100.0,55.72,13.68421052631579,0.0,0.0,1,74.0,16.0
42,200,p048,0,89.66,44.83,58.529411764705884,1.0,0.0,1,66.0,16.0
42,200,p048,1,100.0,53.79,58.68421052631579,1.0,0.0,1,78.0,16.0
42,200,p048,2,100.0,55.949999999999996,13.68421052631579,0.0,0.0,1,75.0,16.0
42,200,p048,3,98.3,49.15,58.888888888888886,1.0,0.0,1,70.0,16.0
42,200,p048,4,36.0,18.0,100.0,1.0,1.0,1,50.0,4.0
42,200,p048,5,100.0,51.239999999999995,13.88888888888889,0.0,0.0,1,68.0,16.0
42,200,p048,6,93.52,46.76,13.529411764705882,0.0,0.0,1,62.0,16.0
42,200,p048,7,98.61999999999999,49.309999999999995,58.888888888888886,1.0,0.0,1,72.0,16.0
42,200,p048,8,98.61999999999999,49.309999999999995,58.888888888888886,1.0,0.0,1,72.0,16.0
42,200,p048,9,89.66,44.83,58.529411764705884,1.0,0.0,1,66.0,16.0
42,200,p048,10,100.0,53.709999999999994,58.68421052631579,1.0,0.0,1,77.0,16.0
42,200,p048,11,100.0,51.309999999999995,13.88888888888889,0.0,0.0,1,67.0,16.0
42,200,p048,12,93.97999999999999,46.989999999999995,13.529411764705882,0.0,0.0,1,63.0,16.0
42,200,p048,13,100.0,55.78999999999999,13.68421052631579,0.0,0.0,1,73.0,16.0
42,200,p048,14,33.54,16.77,98.33333333333333,1.0,1.0,1,49.0,2.0
42,200,p048,15,98.61999999999999,49.309999999999995,58.888888888888886,1.0,0.0,1,72.0,16.0
42,220,p037,0,91.6,45.8,93.88888888888889,1.0,1.0,1,80.0,16.0
42,220,p037,1,100.0,53.32,58.68421052631579,1.0,0.0,1,74.0,16.0
42,220,p037,2,100.0,61.949999999999996,13.0,0.0,0.0,1,80.0,16.0
42,220,p037,3,93.52,46.76,13.529411764705882,0.0,0.0,1,62.0,16.0
42,220,p037,4,100.0,53.239999999999995,58.68421052631579,1.0,0.0,1,73.0,16.0
42,220,p037,5,97.38,48.69,58.888888888888886,1.0,0.0,1,68.0,16.0
42,220,p037,6,100.0,56.029999999999994,13.68421052631579,0.0,0.0,1,76.0,16.0
42,220,p037,7,93.82,46.91,13.529411764705882,0.0,0.0,1,62.0,16.0
42,220,p037,8,100.0,53.17,58.68421052631579,1.0,0.0,1,74.0,16.0
42,220,p037,9,100.0,61.949999999999996,13.0,0.0,0.0,1,80.0,16.0
42,220,p037,10,100.0,55.72,13.68421052631579,0.0,0.0,1,74.0,16.0
42,220,p037,11,100.0,53.48,58.68421052631579,1.0,0.0,1,76.0,16.0
42,220,p037,12,100.0,53.239999999999995,58.68421052631579,1.0,0.0,1,73.0,16.0
42,220,p037,13,100.0,55.87,13.68421052631579,0.0,0.0,1,74.0,16.0
42,220,p037,14,100.0,53.17,58.68421052631579,1.0,0.0,1,74.0,16.0
42,220,p037,15,97.84,48.92,58.888888888888886,1.0,0.0,1,69.0,16.0
42,220,p038,0,100.0,55.72,13.68421052631579,0.0,0.0,1,74.0,16.0
42,220,p038,1,100.0,53.48,58.68421052631579,1.0,0.0,1,76.0,16.0
42,220,p038,2,100.0,56.029999999999994,13.68421052631579,0.0,0.0,1,76.0,16.0
42,220,p038,3,100.0,51.309999999999995,13.88888888888889,0.0,0.0,1,67.0,16.0
42,220,p038,4,100.0,56.029999999999994,13.68421052631579,0.0,0.0,1,76.0,16.0
42,220,p038,5,100.0,53.48,58.68421052631579,1.0,0.0,1,76.0,16.0
42,220,p038,6,34.6,17.3,100.0,1.0,1.0,0,45.0,4.0
42,220,p038,7,97.84,48.92,58.888888888888886,1.0,0.0,1,69.0,16.0
42,220,p038,8,100.0,53.239999999999995,58.68421052631579,1.0,0.0,1,73.0,16.0
42,220,p038,9,98.0,49.0,58.888888888888886,1.0,0.0,1,70.0,16.0
42,220,p038,10,100.0,53.17,58.68421052631579,1.0,0.0,1,74.0,16.0
42,220,p038,11,100.0,53.239999999999995,58.68421052631579,1.0,0.0,1,73.0,16.0
42,220,p038,12,97.38,48.69,58.888888888888886,1.0,0.0,1,68.0,16.0
42,220,p038,13,97.38,48.69,58.888888888888886,1.0,0.0,1,68.0,16.0
42,220,p038,14,100.0,53.4,58.68421052631579,1.0,0.0,1,75.0,16.0
42,220,p038,15,100.0,55.72,13.68421052631579,0.0,0.0,1,74.0,16.0
42,220,p039,0,97.67999999999999,48.839999999999996,58.888888888888886,1.0,0.0,1,68.0,16.0
42,220,p039,1,100.0,53.48,58.68421052631579,1.0,0.0,1,76.0,16.0
42,220,p039,2,100.0,51.38999999999999,13.88888888888889,0.0,0.0,1,68.0,16.0
42,220,p039,3,100.0,56.029999999999994,13.68421052631579,0.0,0.0,1,76.0,16.0
42,220,p039,4,100.0,53.4,58.68421052631579,1.0,0.0,1,75.0,16.0
42,220,p039,5,100.0,61.87,13.0,0.0,0.0,1,79.0,16.0
42,220,p039,6,100.0,51.38999999999999,13.88888888888889,0.0,0.0,1,68.0,16.0
42,220,p039,7,97.38,48.69,58.888888888888886,1.0,0.0,1,68.0,16.0
42,220,p039,8,100.0,61.64,13.0,0.0,0.0,1,78.0,16.0
42,220,p039,9,24.1,12.05,100.0,1.0,1.0,0,40.0,2.0
42,220,p039,10,94.13999999999999,47.06999999999999,13.529411764705882,0.0,0.0,1,64.0,16.0
42,220,p039,11,100.0,55.72,13.68421052631579,0.0,0.0,1,74.0,16.0
42,220,p039,12,93.66,46.83,13.529411764705882,0.0,0.0,1,61.0,16.0
42,220,p039,13,100.0,53.239999999999995,58.68421052631579,1.0,0.0,1,73.0,16.0
42,220,p039,14,100.0,51.38999999999999,13.88888888888889,0.0,0.0,1,68.0,16.0
42,220,p039,15,100.0,51.309999999999995,13.88888888888889,0.0,0.0,1,67.0,16.0
42,220,p040,0,100.0,61.949999999999996,13.0,0.0,0.0,1,80.0,16.0
42,220,p040,1,100.0,53.4,93.6842105263158,1.0,1.0,1,75.0,16.0
42,220,p040,2,100.0,56.029999999999994,13.68421052631579,0.0,0.0,1,76.0,16.0
42,220,p040,3,100.0,53.4,93.6842105263158,1.0,1.0,1,75.0,16.0
42,220,p040,4,97.54,48.77,93.88888888888889,1.0,1.0,1,69.0,16.0
42,220,p040,5,100.0,53.25,93.6842105263158,1.0,1.0,1,75.0,16.0
42,220,p040,6,97.84,48.92,93.88888888888889,1.0,1.0,1,69.0,16.0
42,220,p040,7,100.0,53.32,93.6842105263158,1.0,1.0,1,74.0,16.0
42,220,p040,8,100.0,53.32,93.6842105263158,1.0,1.0,1,74.0,16.0
42,220,p040,9,100.0,51.38999999999999,13.88888888888889,0.0,0.0,1,68.0,16.0
42,220,p040,10,100.0,61.79,13.0,0.0,0.0,1,78.0,16.0
42,220,p040,11,100.0,53.48,93.6842105263158,1.0,1.0,1,76.0,16.0
42,220,p040,12,100.0,53.56,93.6842105263158,1.0,1.0,1,77.0,16.0
42,220,p040,13,100.0,53.48,93.6842105263158,1.0,1.0,1,76.0,16.0
42,220,p040,14,100.0,56.029999999999994,13.68421052631579,0.0,0.0,1,76.0,16.0
42,220,p040,15,100.0,61.709999999999994,13.0,0.0,0.0,1,77.0,16.0
42,220,p041,0,100.0,53.48,93.6842105263158,1.0,1.0,1,76.0,16.0
42,220,p041,1,100.0,56.029999999999994,13.68421052631579,0.0,0.0,1,76.0,16.0
42,220,p041,2,89.03999999999999,44.519999999999996,93.52941176470588,1.0,1.0,1,64.0,16.0
42,220,p041,3,100.0,53.32,93.6842105263158,1.0,1.0,1,74.0,16.0
42,220,p041,4,100.0,51.38999999999999,13.88888888888889,0.0,0.0,1,68.0,16.0
42,220,p041,5,100.0,53.56,93.6842105263158,1.0,1.0,1,77.0,16.0
42,220,p041,6,98.16,49.08,93.88888888888889,1.0,1.0,1,71.0,16.0
42,220,p041,7,100.0,56.029999999999994,13.68421052631579,0.0,0.0,1,76.0,16.0
42,220,p041,8,100.0,56.029999999999994,13.68421052631579,0.0,0.0,1,76.0,16.0
42,220,p041,9,93.52,46.76,13.529411764705882,0.0,0.0,1,62.0,16.0
42,220,p041,10,100.0,51.239999999999995,13.88888888888889,0.0,0.0,1,68.0,16.0
42,220,p041,11,100.0,53.32,93.6842105263158,1.0,1.0,1,74.0,16.0
42,220,p041,12,100.0,56.029999999999994,13.68421052631579,0.0,0.0,1,76.0,16.0
42,220,p041,13,100.0,55.87,13.68421052631579,0.0,0.0,1,74.0,16.0
42,220,p041,14,100.0,51.309999999999995,13.88888888888889,0.0,0.0,1,67.0,16.0
42,220,p041,15,100.0,55.78999999999999,13.68421052631579,0.0,0.0,1,73.0,16.0
42,220,p042,0,100.0,53.56,93.6842105263158,1.0,1.0,1,77.0,16.0
42,220,p042,1,100.0,55.87,13.68421052631579,0.0,0.0,1,74.0,16.0
42,220,p042,2,98.16,49.08,93.88888888888889,1.0,1.0,1,71.0,16.0
42,220,p042,3,100.0,51.239999999999995,13.88888888888889,0.0,0.0,1,68.0,16.0
42,220,p042,4,97.67999999999999,48.839999999999996,93.88888888888889,1.0,1.0,1,68.0,16.0
42,220,p042,5,100.0,51.309999999999995,13.88888888888889,0.0,0.0,1,67.0,16.0
42,220,p042,6,98.16,49.08,93.88888888888889,1.0,1.0,1,71.0,16.0
42,220,p042,7,91.3,45.65,93.88888888888889,1.0,1.0,1,80.0,16.0
42,220,p042,8,100.0,55.72,13.68421052631579,0.0,0.0,1,74.0,16.0
42,220,p042,9,100.0,55.949999999999996,13.68421052631579,0.0,0.0,1,75.0,16.0
42,220,p042,10,94.13999999999999,47.06999999999999,13.529411764705882,0.0,0.0,1,64.0,16.0
42,220,p042,11,97.67999999999999,48.839999999999996,93.88888888888889,1.0,1.0,1,68.0,16.0
42,220,p042,12,100.0,51.55,13.88888888888889,0.0,0.0,1,70.0,16.0
42,220,p042,13,100.0,51.55,13.88888888888889,0.0,0.0,1,70.0,16.0
42,220,p042,14,100.0,53.4,93.6842105263158,1.0,1.0,1,75.0,16.0
42,220,p042,15,100.0,53.4,93.6842105263158,1.0,1.0,1,75.0,16.0
42,220,p043,0,100.0,53.64,58.68421052631579,1.0,0.0,1,78.0,16.0
42,220,p043,1,98.0,49.0,58.888888888888886,1.0,0.0,1,70.0,16.0
42,220,p043,2,98.0,49.0,58.888888888888886,1.0,0.0,1,70.0,16.0
42,220,p043,3,93.82,46.91,13.529411764705882,0.0,0.0,1,62.0,16.0
42,220,p043,4,100.0,55.87,13.68421052631579,0.0,0.0,1,74.0,16.0
42,220,p043,5,100.0,56.029999999999994,13.68421052631579,0.0,0.0,1,76.0,16.0
42,220,p043,6,98.47999999999999,49.239999999999995,58.888888888888886,1.0,0.0,1,73.0,16.0
42,220,p043,7,100.0,51.55,13.88888888888889,0.0,0.0,1,70.0,16.0
42,220,p043,8,100.0,53.64,58.68421052631579,1.0,0.0,1,78.0,16.0
42,220,p043,9,98.32,49.16,58.888888888888886,1.0,0.0,1,72.0,16.0
42,220,p043,10,100.0,53.41,58.68421052631579,1.0,0.0,1,77.0,16.0
42,220,p043,11,98.16,49.08,58.888888888888886,1.0,0.0,1,71.0,16.0
42,220,p043,12,100.0,53.48,58.68421052631579,1.0,0.0,1,76.0,16.0
42,220,p043,13,100.0,51.38999999999999,13.88888888888889,0.0,0.0,1,68.0,16.0
42,220,p043,14,100.0,56.029999999999994,13.68421052631579,0.0,0.0,1,76.0,16.0
42,220,p043,15,100.0,51.55,13.88888888888889,0.0,0.0,1,70.0,16.0
42,220,p044,0,100.0,51.55,13.88888888888889,0.0,0.0,1,70.0,16.0
42,220,p044,1,13.14,6.57,100.0,1.0,1.0,0,34.0,0.0
42,220,p044,2,98.0,49.0,58.888888888888886,1.0,0.0,1,70.0,16.0
42,220,p044,3,100.0,53.56,58.68421052631579,1.0,0.0,1,77.0,16.0
42,220,p044,4,100.0,55.78999999999999,13.68421052631579,0.0,0.0,1,73.0,16.0
42,220,p044,5,100.0,61.79,13.0,0.0,0.0,1,78.0,16.0
42,220,p044,6,93.97999999999999,46.989999999999995,13.529411764705882,0.0,0.0,1,63.0,16.0
42,220,p044,7,100.0,53.56,58.68421052631579,1.0,0.0,1,77.0,16.0
42,220,p044,8,100.0,53.56,58.68421052631579,1.0,0.0,1,77.0,16.0
42,220,p044,9,98.0,49.0,58.888888888888886,1.0,0.0,1,70.0,16.0
42,220,p044,10,100.0,53.64,58.68421052631579,1.0,0.0,1,78.0,16.0
42,220,p044,11,100.0,53.72,58.68421052631579,1.0,0.0,1,79.0,16.0
42,220,p044,12,98.16,49.08,58.888888888888886,1.0,0.0,1,71.0,16.0
42,220,p044,13,100.0,56.029999999999994,13.68421052631579,0.0,0.0,1,76.0,16.0
42,220,p044,14,97.86,48.93,58.888888888888886,1.0,0.0,1,71.0,16.0
42,220,p044,15,100.0,53.41,58.68421052631579,1.0,0.0,1,77.0,16.0
42,220,p045,0,98.47999999999999,49.239999999999995,58.888888888888886,1.0,0.0,1,73.0,16.0
42,220,p045,1,100.0,53.41,58.68421052631579,1.0,0.0,1,77.0,16.0
42,220,p045,2,100.0,55.72,13.68421052631579,0.0,0.0,1,74.0,16.0
42,220,p045,3,100.0,51.309999999999995,13.88888888888889,0.0,0.0,1,67.0,16.0
42,220,p045,4,98.16,49.08,58.888888888888886,1.0,0.0,1,71.0,16.0
42,220,p045,5,100.0,53.56,58.68421052631579,1.0,0.0,1,77.0,16.0
42,220,p045,6,100.0,53.41,58.68421052631579,1.0,0.0,1,77.0,16.0
42,220,p045,7,98.0,49.0,58.888888888888886,1.0,0.0,1,70.0,16.0
42,220,p045,8,100.0,55.72,13.68421052631579,0.0,0.0,1,74.0,16.0
42,220,p045,9,100.0,55.87,13.68421052631579,0.0,0.0,1,74.0,16.0
42,220,p045,10,100.0,51.309999999999995,13.88888888888889,0.0,0.0,1,67.0,16.0
42,220,p045,11,100.0,56.029999999999994,13.68421052631579,0.0,0.0,1,76.0,16.0
42,220,p045,12,100.0,56.029999999999994,13.68421052631579,0.0,0.0,1,76.0,16.0
42,220,p045,13,100.0,51.239999999999995,13.88888888888889,0.0,0.0,1,68.0,16.0
42,220,p045,14,100.0,53.64,58.68421052631579,1.0,0.0,1,78.0,16.0
42,220,p045,15,100.0,55.87,13.68421052631579,0.0,0.0,1,74.0,16.0
42,220,p046,0,100.0,53.629999999999995,58.68421052631579,1.0,0.0,1,76.0,16.0
42,220,p046,1,100.0,61.79,13.0,0.0,0.0,1,78.0,16.0
42,220,p046,2,100.0,53.709999999999994,58.68421052631579,1.0,0.0,1,77.0,16.0
42,220,p046,3,100.0,53.629999999999995,58.68421052631579,1.0,0.0,1,76.0,16.0
42,220,p046,4,100.0,55.78999999999999,13.68421052631579,0.0,0.0,1,73.0,16.0
42,220,p046,5,100.0,53.87,58.68421052631579,1.0,0.0,1,79.0,16.0
42,220,p046,6,100.0,56.029999999999994,13.68421052631579,0.0,0.0,1,76.0,16.0
42,220,p046,7,100.0,53.56,58.68421052631579,1.0,0.0,1,77.0,16.0
42,220,p046,8,100.0,55.949999999999996,13.68421052631579,0.0,0.0,1,75.0,16.0
42,220,p046,9,100.0,55.78999999999999,13.68421052631579,0.0,0.0,1,73.0,16.0
42,220,p046,10,100.0,53.79,58.68421052631579,1.0,0.0,1,78.0,16.0
42,220,p046,11,100.0,53.629999999999995,58.68421052631579,1.0,0.0,1,76.0,16.0
42,220,p046,12,100.0,53.709999999999994,58.68421052631579,1.0,0.0,1,77.0,16.0
42,220,p046,13,100.0,55.78999999999999,13.68421052631579,0.0,0.0,1,73.0,16.0
42,220,p046,14,98.3,49.15,58.888888888888886,1.0,0.0,1,70.0,16.0
42,220,p046,15,100.0,56.029999999999994,13.68421052631579,0.0,0.0,1,76.0,16.0
42,220,p047,0,98.16,49.08,58.888888888888886,1.0,0.0,1,71.0,16.0
42,220,p047,1,100.0,55.87,13.68421052631579,0.0,0.0,1,74.0,16.0
42,220,p047,2,100.0,53.709999999999994,58.68421052631579,1.0,0.0,1,77.0,16.0
42,220,p047,3,100.0,55.78999999999999,13.68421052631579,0.0,0.0,1,73.0,16.0
42,220,p047,4,100.0,51.47,13.88888888888889,0.0,0.0,1,69.0,16.0
42,220,p047,5,98.46,49.23,58.888888888888886,1.0,0.0,1,71.0,16.0
42,220,p047,6,100.0,55.72,13.68421052631579,0.0,0.0,1,74.0,16.0
42,220,p047,7,100.0,53.87,58.68421052631579,1.0,0.0,1,79.0,16.0
42,220,p047,8,100.0,53.87,58.68421052631579,1.0,0.0,1,79.0,16.0
42,220,p047,9,100.0,51.239999999999995,13.88888888888889,0.0,0.0,1,68.0,16.0
42,220,p047,10,100.0,53.629999999999995,58.68421052631579,1.0,0.0,1,76.0,16.0
42,220,p047,11,98.3,49.15,58.888888888888886,1.0,0.0,1,70.0,16.0
42,220,p047,12,100.0,53.56,58.68421052631579,1.0,0.0,1,77.0,16.0
42,220,p047,13,100.0,51.55,13.88888888888889,0.0,0.0,1,70.0,16.0
42,220,p047,14,100.0,53.629999999999995,58.68421052631579,1.0,0.0,1,76.0,16.0
42,220,p047,15,100.0,55.72,13.68421052631579,0.0,0.0,1,74.0,16.0
42,220,p048,0,89.66,44.83,58.529411764705884,1.0,0.0,1,66.0,16.0
42,220,p048,1,100.0,53.79,58.68421052631579,1.0,0.0,1,78.0,16.0
42,220,p048,2,100.0,55.949999999999996,13.68421052631579,0.0,0.0,1,75.0,16.0
42,220,p048,3,100.0,51.309999999999995,13.88888888888889,0.0,0.0,1,67.0,16.0
42,220,p048,4,58.1,29.05,97.27272727272728,1.0,1.0,1,65.0,8.0
42,220,p048,5,100.0,55.72,13.68421052631579,0.0,0.0,1,74.0,16.0
42,220,p048,6,93.52,46.76,13.529411764705882,0.0,0.0,1,62.0,16.0
42,220,p048,7,98.61999999999999,49.309999999999995,58.888888888888886,1.0,0.0,1,72.0,16.0
42,220,p048,8,100.0,51.47,13.88888888888889,0.0,0.0,1,69.0,16.0
42,220,p048,9,98.61999999999999,49.309999999999995,58.888888888888886,1.0,0.0,1,72.0,16.0
42,220,p048,10,100.0,53.709999999999994,58.68421052631579,1.0,0.0,1,77.0,16.0
42,220,p048,11,100.0,51.309999999999995,13.88888888888889,0.0,0.0,1,67.0,16.0
42,220,p048,12,93.97999999999999,46.989999999999995,13.529411764705882,0.0,0.0,1,63.0,16.0
42,220,p048,13,100.0,55.78999999999999,13.68421052631579,0.0,0.0,1,73.0,16.0
42,220,p048,14,44.82000000000001,22.410000000000004,98.75,1.0,1.0,1,57.0,4.0
42,220,p048,15,98.61999999999999,49.309999999999995,58.888888888888886,1.0,0.0,1,72.0,16.0
42,240,p037,0,93.82,46.91,13.529411764705882,0.0,0.0,1,62.0,16.0
42,240,p037,1,100.0,53.32,58.68421052631579,1.0,0.0,1,74.0,16.0
42,240,p037,2,100.0,61.949999999999996,13.0,0.0,0.0,1,80.0,16.0
42,240,p037,3,100.0,51.239999999999995,13.88888888888889,0.0,0.0,1,68.0,16.0
42,240,p037,4,100.0,53.239999999999995,58.68421052631579,1.0,0.0,1,73.0,16.0
42,240,p037,5,100.0,53.17,58.68421052631579,1.0,0.0,1,74.0,16.0
42,240,p037,6,100.0,56.029999999999994,13.68421052631579,0.0,0.0,1,76.0,16.0
42,240,p037,7,93.82,46.91,13.529411764705882,0.0,0.0,1,62.0,16.0
42,240,p037,8,100.0,55.72,13.68421052631579,0.0,0.0,1,74.0,16.0
42,240,p037,9,100.0,61.949999999999996,13.0,0.0,0.0,1,80.0,16.0
42,240,p037,10,100.0,55.72,13.68421052631579,0.0,0.0,1,74.0,16.0
42,240,p037,11,100.0,53.48,58.68421052631579,1.0,0.0,1,76.0,16.0
42,240,p037,12,100.0,53.239999999999995,58.68421052631579,1.0,0.0,1,73.0,16.0
42,240,p037,13,100.0,55.87,13.68421052631579,0.0,0.0,1,74.0,16.0
42,240,p037,14,100.0,53.17,58.68421052631579,1.0,0.0,1,74.0,16.0
42,240,p037,15,97.84,48.92,58.888888888888886,1.0,0.0,1,69.0,16.0
42,240,p038,0,100.0,55.72,13.68421052631579,0.0,0.0,1,74.0,16.0
42,240,p038,1,100.0,53.48,58.68421052631579,1.0,0.0,1,76.0,16.0
42,240,p038,2,100.0,56.029999999999994,13.68421052631579,0.0,0.0,1,76.0,16.0
42,240,p038,3,100.0,55.78999999999999,13.68421052631579,0.0,0.0,1,73.0,16.0
42,240,p038,4,100.0,56.029999999999994,13.68421052631579,0.0,0.0,1,76.0,16.0
42,240,p038,5,100.0,53.48,58.68421052631579,1.0,0.0,1,76.0,16.0
42,240,p038,6,56.839999999999996,28.419999999999998,97.27272727272728,1.0,1.0,1,59.0,8.0
42,240,p038,7,97.84,48.92,58.888888888888886,1.0,0.0,1,69.0,16.0
42,240,p038,8,100.0,53.239999999999995,58.68421052631579,1.0,0.0,1,73.0,16.0
42,240,p038,9,98.0,49.0,58.888888888888886,1.0,0.0,1,70.0,16.0
42,240,p038,10,100.0,53.17,58.68421052631579,1.0,0.0,1,74.0,16.0
42,240,p038,11,100.0,53.239999999999995,58.68421052631579,1.0,0.0,1,73.0,16.0
42,240,p038,12,97.38,48.69,58.888888888888886,1.0,0.0,1,68.0,16.0
42,240,p038,13,100.0,51.239999999999995,13.88888888888889,0.0,0.0,1,68.0,16.0
42,240,p038,14,100.0,53.4,58.68421052631579,1.0,0.0,1,75.0,16.0
42,240,p038,15,100.0,55.72,13.68421052631579,0.0,0.0,1,74.0,16.0
42,240,p039,0,100.0,55.87,13.68421052631579,0.0,0.0,1,74.0,16.0
42,240,p039,1,100.0,53.48,58.68421052631579,1.0,0.0,1,76.0,16.0
42,240,p039,2,100.0,51.38999999999999,13.88888888888889,0.0,0.0,1,68.0,16.0
42,240,p039,3,100.0,56.029999999999994,13.68421052631579,0.0,0.0,1,76.0,16.0
42,240,p039,4,100.0,55.949999999999996,13.68421052631579,0.0,0.0,1,75.0,16.0
42,240,p039,5,100.0,61.87,13.0,0.0,0.0,1,79.0,16.0
42,240,p039,6,100.0,55.87,13.68421052631579,0.0,0.0,1,74.0,16.0
42,240,p039,7,100.0,53.17,58.68421052631579,1.0,0.0,1,74.0,16.0
42,240,p039,8,100.0,61.64,13.0,0.0,0.0,1,78.0,16.0
42,240,p039,9,34.6,17.3,100.0,1.0,1.0,0,45.0,4.0
42,240,p039,10,94.13999999999999,47.06999999999999,13.529411764705882,0.0,0.0,1,64.0,16.0
42,240,p039,11,100.0,55.72,13.68421052631579,0.0,0.0,1,74.0,16.0
42,240,p039,12,100.0,51.309999999999995,13.88888888888889,0.0,0.0,1,67.0,16.0
42,240,p039,13,100.0,53.239999999999995,58.68421052631579,1.0,0.0,1,73.0,16.0
42,240,p039,14,100.0,51.38999999999999,13.88888888888889,0.0,0.0,1,68.0,16.0
42,240,p039,15,100.0,55.78999999999999,13.68421052631579,0.0,0.0,1,73.0,16.0
42,240,p040,0,100.0,61.949999999999996,13.0,0.0,0.0,1,80.0,16.0
42,240,p040,1,100.0,53.4,93.6842105263158,1.0,1.0,1,75.0,16.0
42,240,p040,2,100.0,56.029999999999994,13.68421052631579,0.0,0.0,1,76.0,16.0
42,240,p040,3,100.0,53.4,93.6842105263158,1.0,1.0,1,75.0,16.0
42,240,p040,4,97.54,48.77,93.88888888888889,1.0,1.0,1,69.0,16.0
42,240,p040,5,100.0,53.25,93.6842105263158,1.0,1.0,1,75.0,16.0
42,240,p040,6,97.84,48.92,93.88888888888889,1.0,1.0,1,69.0,16.0
42,240,p040,7,100.0,53.32,93.6842105263158,1.0,1.0,1,74.0,16.0
42,240,p040,8,100.0,55.78999999999999,13.68421052631579,0.0,0.0,1,73.0,16.0
42,240,p040,9,100.0,51.38999999999999,13.88888888888889,0.0,0.0,1,68.0,16.0
42,240,p040,10,100.0,61.79,13.0,0.0,0.0,1,78.0,16.0
42,240,p040,11,100.0,53.48,93.6842105263158,1.0,1.0,1,76.0,16.0
42,240,p040,12,100.0,53.56,93.6842105263158,1.0,1.0,1,77.0,16.0
42,240,p040,13,100.0,55.949999999999996,13.68421052631579,0.0,0.0,1,75.0,16.0
42,240,p040,14,100.0,56.029999999999994,13.68421052631579,0.0,0.0,1,76.0,16.0
42,240,p040,15,100.0,61.709999999999994,13.0,0.0,0.0,1,77.0,16.0
42,240,p041,0,100.0,53.48,93.6842105263158,1.0,1.0,1,76.0,16.0
42,240,p041,1,100.0,56.029999999999994,13.68421052631579,0.0,0.0,1,76.0,16.0
42,240,p041,2,89.03999999999999,44.519999999999996,93.52941176470588,1.0,1.0,1,64.0,16.0
42,240,p041,3,100.0,53.32,93.6842105263158,1.0,1.0,1,74.0,16.0
42,240,p041,4,100.0,51.38999999999999,13.88888888888889,0.0,0.0,1,68.0,16.0
42,240,p041,5,100.0,53.56,93.6842105263158,1.0,1.0,1,77.0,16.0
42,240,p041,6,98.16,49.08,93.88888888888889,1.0,1.0,1,71.0,16.0
42,240,p041,7,100.0,56.029999999999994,13.68421052631579,0.0,0.0,1,76.0,16.0
42,240,p041,8,100.0,56.029999999999994,13.68421052631579,0.0,0.0,1,76.0,16.0
42,240,p041,9,93.52,46.76,13.529411764705882,0.0,0.0,1,62.0,16.0
42,240,p041,10,100.0,55.72,13.68421052631579,0.0,0.0,1,74.0,16.0
42,240,p041,11,100.0,53.32,93.6842105263158,1.0,1.0,1,74.0,16.0
42,240,p041,12,100.0,56.029999999999994,13.68421052631579,0.0,0.0,1,76.0,16.0
42,240,p041,13,100.0,55.87,13.68421052631579,0.0,0.0,1,74.0,16.0
42,240,p041,14,100.0,55.78999999999999,13.68421052631579,0.0,0.0,1,73.0,16.0
42,240,p041,15,100.0,55.78999999999999,13.68421052631579,0.0,0.0,1,73.0,16.0
42,240,p042,0,100.0,53.56,93.6842105263158,1.0,1.0,1,77.0,16.0
42,240,p042,1,100.0,55.87,13.68421052631579,0.0,0.0,1,74.0,16.0
42,240,p042,2,100.0,53.56,93.6842105263158,1.0,1.0,1,77.0,16.0
42,240,p042,3,100.0,55.72,13.68421052631579,0.0,0.0,1,74.0,16.0
42,240,p042,4,100.0,53.32,93.6842105263158,1.0,1.0,1,74.0,16.0
42,240,p042,5,100.0,51.309999999999995,13.88888888888889,0.0,0.0,1,67.0,16.0
42,240,p042,6,98.16,49.08,93.88888888888889,1.0,1.0,1,71.0,16.0
42,240,p042,7,100.0,51.239999999999995,13.88888888888889,0.0,0.0,1,68.0,16.0
42,240,p042,8,100.0,55.72,13.68421052631579,0.0,0.0,1,74.0,16.0
42,240,p042,9,100.0,55.949999999999996,13.68421052631579,0.0,0.0,1,75.0,16.0
42,240,p042,10,94.13999999999999,47.06999999999999,13.529411764705882,0.0,0.0,1,64.0,16.0
42,240,p042,11,97.67999999999999,48.839999999999996,93.88888888888889,1.0,1.0,1,68.0,16.0
42,240,p042,12,100.0,51.55,13.88888888888889,0.0,0.0,1,70.0,16.0
42,240,p042,13,100.0,51.55,13.88888888888889,0.0,0.0,1,70.0,16.0
42,240,p042,14,100.0,53.4,93.6842105263158,1.0,1.0,1,75.0,16.0
42,240,p042,15,100.0,53.4,93.6842105263158,1.0,1.0,1,75.0,16.0
42,240,p043,0,100.0,55.949999999999996,13.68421052631579,0.0,0.0,1,75.0,16.0
42,240,p043,1,100.0,55.78999999999999,13.68421052631579,0.0,0.0,1,73.0,16.0
42,240,p043,2,100.0,53.48,58.68421052631579,1.0,0.0,1,76.0,16.0
42,240,p043,3,93.82,46.91,13.529411764705882,0.0,0.0,1,62.0,16.0
42,240,p043,4,100.0,55.87,13.68421052631579,0.0,0.0,1,74.0,16.0
42,240,p043,5,100.0,56.029999999999994,13.68421052631579,0.0,0.0,1,76.0,16.0
42,240,p043,6,98.47999999999999,49.239999999999995,58.888888888888886,1.0,0.0,1,73.0,16.0
42,240,p043,7,100.0,51.55,13.88888888888889,0.0,0.0,1,70.0,16.0
42,240,p043,8,100.0,55.949999999999996,13.68421052631579,0.0,0.0,1,75.0,16.0
42,240,p043,9,98.32,49.16,58.888888888888886,1.0,0.0,1,72.0,16.0
42,240,p043,10,100.0,55.72,13.68421052631579,0.0,0.0,1,74.0,16.0
42,240,p043,11,100.0,53.56,58.68421052631579,1.0,0.0,1,77.0,16.0
42,240,p043,12,100.0,53.48,58.68421052631579,1.0,0.0,1,76.0,16.0
42,240,p043,13,100.0,51.38999999999999,13.88888888888889,0.0,0.0,1,68.0,16.0
42,240,p043,14,100.0,56.029999999999994,13.68421052631579,0.0,0.0,1,76.0,16.0
42,240,p043,15,100.0,51.55,13.88888888888889,0.0,0.0,1,70.0,16.0
42,240,p044,0,100.0,56.029999999999994,13.68421052631579,0.0,0.0,1,76.0,16.0
42,240,p044,1,13.14,6.57,100.0,1.0,1.0,0,34.0,0.0
42,240,p044,2,100.0,53.48,58.68421052631579,1.0,0.0,1,76.0,16.0
42,240,p044,3,100.0,53.56,58.68421052631579,1.0,0.0,1,77.0,16.0
42,240,p044,4,100.0,55.78999999999999,13.68421052631579,0.0,0.0,1,73.0,16.0
42,240,p044,5,100.0,61.79,13.0,0.0,0.0,1,78.0,16.0
42,240,p044,6,93.97999999999999,46.989999999999995,13.529411764705882,0.0,0.0,1,63.0,16.0
42,240,p044,7,100.0,53.56,58.68421052631579,1.0,0.0,1,77.0,16.0
42,240,p044,8,100.0,53.56,58.68421052631579,1.0,0.0,1,77.0,16.0
42,240,p044,9,100.0,53.48,58.68421052631579,1.0,0.0,1,76.0,16.0
42,240,p044,10,100.0,53.64,58.68421052631579,1.0,0.0,1,78.0,16.0
42,240,p044,11,100.0,53.72,58.68421052631579,1.0,0.0,1,79.0,16.0
42,240,p044,12,98.16,49.08,58.888888888888886,1.0,0.0,1,71.0,16.0
42,240,p044,13,100.0,56.029999999999994,13.68421052631579,0.0,0.0,1,76.0,16.0
42,240,p044,14,97.86,48.93,58.888888888888886,1.0,0.0,1,71.0,16.0
42,240,p044,15,100.0,53.41,58.68421052631579,1.0,0.0,1,77.0,16.0
42,240,p045,0,98.47999999999999,49.239999999999995,58.888888888888886,1.0,0.0,1,73.0,16.0
42,240,p045,1,100.0,53.41,58.68421052631579,1.0,0.0,1,77.0,16.0
42,240,p045,2,100.0,55.72,13.68421052631579,0.0,0.0,1,74.0,16.0
42,240,p045,3,100.0,55.78999999999999,13.68421052631579,0.0,0.0,1,73.0,16.0
42,240,p045,4,98.16,49.08,58.888888888888886,1.0,0.0,1,71.0,16.0
42,240,p045,5,100.0,55.87,13.68421052631579,0.0,0.0,1,74.0,16.0
42,240,p045,6,100.0,53.41,58.68421052631579,1.0,0.0,1,77.0,16.0
42,240,p045,7,98.0,49.0,58.888888888888886,1.0,0.0,1,70.0,16.0
42,240,p045,8,100.0,55.72,13.68421052631579,0.0,0.0,1,74.0,16.0
42,240,p045,9,100.0,55.87,13.68421052631579,0.0,0.0,1,74.0,16.0
42,240,p045,10,100.0,51.309999999999995,13.88888888888889,0.0,0.0,1,67.0,16.0
42,240,p045,11,100.0,56.029999999999994,13.68421052631579,0.0,0.0,1,76.0,16.0
42,240,p045,12,100.0,56.029999999999994,13.68421052631579,0.0,0.0,1,76.0,16.0
42,240,p045,13,100.0,55.72,13.68421052631579,0.0,0.0,1,74.0,16.0
42,240,p045,14,100.0,53.64,58.68421052631579,1.0,0.0,1,78.0,16.0
42,240,p045,15,100.0,55.87,13.68421052631579,0.0,0.0,1,74.0,16.0
42,240,p046,0,100.0,61.709999999999994,13.0,0.0,0.0,1,77.0,16.0
42,240,p046,1,100.0,61.79,13.0,0.0,0.0,1,78.0,16.0
42,240,p046,2,100.0,53.709999999999994,58.68421052631579,1.0,0.0,1,77.0,16.0
42,240,p046,3,100.0,55.78999999999999,13.68421052631579,0.0,0.0,1,73.0,16.0
42,240,p046,4,100.0,55.78999999999999,13.68421052631579,0.0,0.0,1,73.0,16.0
42,240,p046,5,100.0,53.87,58.68421052631579,1.0,0.0,1,79.0,16.0
42,240,p046,6,100.0,56.029999999999994,13.68421052631579,0.0,0.0,1,76.0,16.0
42,240,p046,7,100.0,53.56,58.68421052631579,1.0,0.0,1,77.0,16.0
42,240,p046,8,100.0,55.949999999999996,13.68421052631579,0.0,0.0,1,75.0,16.0
42,240,p046,9,100.0,55.78999999999999,13.68421052631579,0.0,0.0,1,73.0,16.0
42,240,p046,10,100.0,53.79,58.68421052631579,1.0,0.0,1,78.0,16.0
42,240,p046,11,100.0,53.629999999999995,58.68421052631579,1.0,0.0,1,76.0,16.0
42,240,p046,12,100.0,53.709999999999994,58.68421052631579,1.0,0.0,1,77.0,16.0
42,240,p046,13,100.0,55.78999999999999,13.68421052631579,0.0,0.0,1,73.0,16.0
42,240,p046,14,98.3,49.15,58.888888888888886,1.0,0.0,1,70.0,16.0
42,240,p046,15,100.0,56.029999999999994,13.68421052631579,0.0,0.0,1,76.0,16.0
42,240,p047,0,100.0,51.239999999999995,13.88888888888889,0.0,0.0,1,68.0,16.0
42,240,p047,1,100.0,55.87,13.68421052631579,0.0,0.0,1,74.0,16.0
42,240,p047,2,100.0,53.709999999999994,58.68421052631579,1.0,0.0,1,77.0,16.0
42,240,p047,3,100.0,55.78999999999999,13.68421052631579,0.0,0.0,1,73.0,16.0
42,240,p047,4,100.0,51.47,13.88888888888889,0.0,0.0,1,69.0,16.0
42,240,p047,5,100.0,53.709999999999994,58.68421052631579,1.0,0.0,1,77.0,16.0
42,240,p047,6,100.0,55.72,13.68421052631579,0.0,0.0,1,74.0,16.0
42,240,p047,7,100.0,53.87,58.68421052631579,1.0,0.0,1,79.0,16.0
42,240,p047,8,100.0,53.87,58.68421052631579,1.0,0.0,1,79.0,16.0
42,240,p047,9,100.0,55.72,13.68421052631579,0.0,0.0,1,74.0,16.0
42,240,p047,10,100.0,53.629999999999995,58.68421052631579,1.0,0.0,1,76.0,16.0
42,240,p047,11,100.0,53.629999999999995,58.68421052631579,1.0,0.0,1,76.0,16.0
42,240,p047,12,100.0,55.72,13.68421052631579,0.0,0.0,1,74.0,16.0
42,240,p047,13,100.0,51.55,13.88888888888889,0.0,0.0,1,70.0,16.0
42,240,p047,14,100.0,53.629999999999995,58.68421052631579,1.0,0.0,1,76.0,16.0
42,240,p047,15,100.0,55.72,13.68421052631579,0.0,0.0,1,74.0,16.0
42,240,p048,0,89.66,44.83,58.529411764705884,1.0,0.0,1,66.0,16.0
42,240,p048,1,100.0,53.79,58.68421052631579,1.0,0.0,1,78.0,16.0
42,240,p048,2,100.0,55.949999999999996,13.68421052631579,0.0,0.0,1,75.0,16.0
42,240,p048,3,100.0,55.78999999999999,13.68421052631579,0.0,0.0,1,73.0,16.0
42,240,p048,4,100.0,53.79,58.68421052631579,1.0,0.0,1,78.0,16.0
42,240,p048,5,100.0,55.72,13.68421052631579,0.0,0.0,1,74.0,16.0
42,240,p048,6,93.52,46.76,13.529411764705882,0.0,0.0,1,62.0,16.0
42,240,p048,7,100.0,53.79,58.68421052631579,1.0,0.0,1,78.0,16.0
42,240,p048,8,100.0,51.47,13.88888888888889,0.0,0.0,1,69.0,16.0
42,240,p048,9,98.61999999999999,49.309999999999995,58.888888888888886,1.0,0.0,1,72.0,16.0
42,240,p048,10,100.0,53.709999999999994,58.68421052631579,1.0,0.0,1,77.0,16.0
42,240,p048,11,100.0,51.309999999999995,13.88888888888889,0.0,0.0,1,67.0,16.0
42,240,p048,12,93.97999999999999,46.989999999999995,13.529411764705882,0.0,0.0,1,63.0,16.0
42,240,p048,13,100.0,61.709999999999994,13.0,0.0,0.0,1,77.0,16.0
42,240,p048,14,66.75999999999999,33.379999999999995,96.66666666666667,1.0,1.0,1,71.0,8.0
42,240,p048,15,100.0,51.47,13.88888888888889,0.0,0.0,1,69.0,16.0
42,260,p037,0,93.82,46.91,13.529411764705882,0.0,0.0,1,62.0,16.0
42,260,p037,1,100.0,53.32,58.68421052631579,1.0,0.0,1,74.0,16.0
42,260,p037,2,100.0,61.949999999999996,13.0,0.0,0.0,1,80.0,16.0
42,260,p037,3,100.0,51.239999999999995,13.88888888888889,0.0,0.0,1,68.0,16.0
42,260,p037,4,100.0,53.239999999999995,58.68421052631579,1.0,0.0,1,73.0,16.0
42,260,p037,5,100.0,53.17,58.68421052631579,1.0,0.0,1,74.0,16.0
42,260,p037,6,100.0,56.029999999999994,13.68421052631579,0.0,0.0,1,76.0,16.0
42,260,p037,7,93.82,46.91,13.529411764705882,0.0,0.0,1,62.0,16.0
42,260,p037,8,100.0,55.72,13.68421052631579,0.0,0.0,1,74.0,16.0
42,260,p037,9,100.0,61.949999999999996,13.0,0.0,0.0,1,80.0,16.0
42,260,p037,10,100.0,55.72,13.68421052631579,0.0,0.0,1,74.0,16.0
42,260,p037,11,100.0,53.48,58.68421052631579,1.0,0.0,1,76.0,16.0
42,260,p037,12,100.0,61.709999999999994,13.0,0.0,0.0,1,77.0,16.0
42,260,p037,13,100.0,55.87,13.68421052631579,0.0,0.0,1,74.0,16.0
42,260,p037,14,100.0,53.17,58.68421052631579,1.0,0.0,1,74.0,16.0
42,260,p037,15,97.84,48.92,58.888888888888886,1.0,0.0,1,69.0,16.0
42,260,p038,0,100.0,55.72,13.68421052631579,0.0,0.0,1,74.0,16.0
42,260,p038,1,100.0,53.48,58.68421052631579,1.0,0.0,1,76.0,16.0
42,260,p038,2,100.0,56.029999999999994,13.68421052631579,0.0,0.0,1,76.0,16.0
42,260,p038,3,100.0,55.78999999999999,13.68421052631579,0.0,0.0,1,73.0,16.0
42,260,p038,4,100.0,56.029999999999994,13.68421052631579,0.0,0.0,1,76.0,16.0
42,260,p038,5,100.0,53.48,58.68421052631579,1.0,0.0,1,76.0,16.0
42,260,p038,6,98.0,49.0,58.888888888888886,1.0,0.0,1,70.0,16.0
42,260,p038,7,97.84,48.92,58.888888888888886,1.0,0.0,1,69.0,16.0
42,260,p038,8,100.0,53.239999999999995,58.68421052631579,1.0,0.0,1,73.0,16.0
42,260,p038,9,98.0,49.0,58.888888888888886,1.0,0.0,1,70.0,16.0
42,260,p038,10,100.0,53.17,58.68421052631579,1.0,0.0,1,74.0,16.0
42,260,p038,11,100.0,53.239999999999995,58.68421052631579,1.0,0.0,1,73.0,16.0
42,260,p038,12,100.0,55.72,13.68421052631579,0.0,0.0,1,74.0,16.0
42,260,p038,13,100.0,51.239999999999995,13.88888888888889,0.0,0.0,1,68.0,16.0
42,260,p038,14,100.0,53.4,58.68421052631579,1.0,0.0,1,75.0,16.0
42,260,p038,15,100.0,55.72,13.68421052631579,0.0,0.0,1,74.0,16.0
42,260,p039,0,100.0,55.87,13.68421052631579,0.0,0.0,1,74.0,16.0
42,260,p039,1,100.0,53.48,58.68421052631579,1.0,0.0,1,76.0,16.0
42,260,p039,2,100.0,51.38999999999999,13.88888888888889,0.0,0.0,1,68.0,16.0
42,260,p039,3,100.0,56.029999999999994,13.68421052631579,0.0,0.0,1,76.0,16.0
42,260,p039,4,100.0,55.949999999999996,13.68421052631579,0.0,0.0,1,75.0,16.0
42,260,p039,5,100.0,61.87,13.0,0.0,0.0,1,79.0,16.0
42,260,p039,6,100.0,55.87,13.68421052631579,0.0,0.0,1,74.0,16.0
42,260,p039,7,100.0,53.17,58.68421052631579,1.0,0.0,1,74.0,16.0
42,260,p039,8,100.0,61.64,13.0,0.0,0.0,1,78.0,16.0
42,260,p039,9,34.6,17.3,100.0,1.0,1.0,0,45.0,4.0
42,260,p039,10,94.13999999999999,47.06999999999999,13.529411764705882,0.0,0.0,1,64.0,16.0
42,260,p039,11,100.0,55.72,13.68421052631579,0.0,0.0,1,74.0,16.0
42,260,p039,12,100.0,51.309999999999995,13.88888888888889,0.0,0.0,1,67.0,16.0
42,260,p039,13,100.0,53.239999999999995,58.68421052631579,1.0,0.0,1,73.0,16.0
42,260,p039,14,100.0,51.38999999999999,13.88888888888889,0.0,0.0,1,68.0,16.0
42,260,p039,15,100.0,55.78999999999999,13.68421052631579,0.0,0.0,1,73.0,16.0
42,260,p040,0,100.0,61.949999999999996,13.0,0.0,0.0,1,80.0,16.0
42,260,p040,1,100.0,53.4,93.6842105263158,1.0,1.0,1,75.0,16.0
42,260,p040,2,100.0,56.029999999999994,13.68421052631579,0.0,0.0,1,76.0,16.0
42,260,p040,3,100.0,53.4,93.6842105263158,1.0,1.0,1,75.0,16.0
42,260,p040,4,97.54,48.77,93.88888888888889,1.0,1.0,1,69.0,16.0
42,260,p040,5,100.0,53.25,93.6842105263158,1.0,1.0,1,75.0,16.0
42,260,p040,6,97.84,48.92,93.88888888888889,1.0,1.0,1,69.0,16.0
42,260,p040,7,100.0,53.32,93.6842105263158,1.0,1.0,1,74.0,16.0
42,260,p040,8,100.0,55.78999999999999,13.68421052631579,0.0,0.0,1,73.0,16.0
42,260,p040,9,100.0,51.38999999999999,13.88888888888889,0.0,0.0,1,68.0,16.0
42,260,p040,10,100.0,61.79,13.0,0.0,0.0,1,78.0,16.0
42,260,p040,11,100.0,55.949999999999996,13.68421052631579,0.0,0.0,1,75.0,16.0
42,260,p040,12,100.0,53.56,93.6842105263158,1.0,1.0,1,77.0,16.0
42,260,p040,13,100.0,55.949999999999996,13.68421052631579,0.0,0.0,1,75.0,16.0
42,260,p040,14,100.0,56.029999999999994,13.68421052631579,0.0,0.0,1,76.0,16.0
42,260,p040,15,100.0,61.709999999999994,13.0,0.0,0.0,1,77.0,16.0
42,260,p041,0,100.0,53.48,93.6842105263158,1.0,1.0,1,76.0,16.0
42,260,p041,1,100.0,56.029999999999994,13.68421052631579,0.0,0.0,1,76.0,16.0
42,260,p041,2,89.03999999999999,44.519999999999996,93.52941176470588,1.0,1.0,1,64.0,16.0
42,260,p041,3,100.0,53.32,93.6842105263158,1.0,1.0,1,74.0,16.0
42,260,p041,4,100.0,55.87,13.68421052631579,0.0,0.0,1,74.0,16.0
42,260,p041,5,100.0,53.56,93.6842105263158,1.0,1.0,1,77.0,16.0
42,260,p041,6,100.0,53.56,93.6842105263158,1.0,1.0,1,77.0,16.0
42,260,p041,7,100.0,56.029999999999994,13.68421052631579,0.0,0.0,1,76.0,16.0
42,260,p041,8,100.0,56.029999999999994,13.68421052631579,0.0,0.0,1,76.0,16.0
42,260,p041,9,93.52,46.76,13.529411764705882,0.0,0.0,1,62.0,16.0
42,260,p041,10,100.0,55.72,13.68421052631579,0.0,0.0,1,74.0,16.0
42,260,p041,11,100.0,53.32,93.6842105263158,1.0,1.0,1,74.0,16.0
42,260,p041,12,100.0,56.029999999999994,13.68421052631579,0.0,0.0,1,76.0,16.0
42,260,p041,13,100.0,55.87,13.68421052631579,0.0,0.0,1,74.0,16.0
42,260,p041,14,100.0,55.78999999999999,13.68421052631579,0.0,0.0,1,73.0,16.0
42,260,p041,15,100.0,55.78999999999999,13.68421052631579,0.0,0.0,1,73.0,16.0
42,260,p042,0,100.0,53.56,93.6842105263158,1.0,1.0,1,77.0,16.0
42,260,p042,1,100.0,55.87,13.68421052631579,0.0,0.0,1,74.0,16.0
42,260,p042,2,100.0,53.56,93.6842105263158,1.0,1.0,1,77.0,16.0
42,260,p042,3,100.0,55.72,13.68421052631579,0.0,0.0,1,74.0,16.0
42,260,p042,4,100.0,53.32,93.6842105263158,1.0,1.0,1,74.0,16.0
42,260,p042,5,100.0,51.309999999999995,13.88888888888889,0.0,0.0,1,67.0,16.0
42,260,p042,6,98.16,49.08,93.88888888888889,1.0,1.0,1,71.0,16.0
42,260,p042,7,100.0,51.239999999999995,13.88888888888889,0.0,0.0,1,68.0,16.0
42,260,p042,8,100.0,55.72,13.68421052631579,0.0,0.0,1,74.0,16.0
42,260,p042,9,100.0,55.949999999999996,13.68421052631579,0.0,0.0,1,75.0,16.0
42,260,p042,10,94.13999999999999,47.06999999999999,13.529411764705882,0.0,0.0,1,64.0,16.0
42,260,p042,11,100.0,53.32,93.6842105263158,1.0,1.0,1,74.0,16.0
42,260,p042,12,100.0,51.55,13.88888888888889,0.0,0.0,1,70.0,16.0
42,260,p042,13,100.0,51.55,13.88888888888889,0.0,0.0,1,70.0,16.0
42,260,p042,14,100.0,53.4,93.6842105263158,1.0,1.0,1,75.0,16.0
42,260,p042,15,100.0,53.4,93.6842105263158,1.0,1.0,1,75.0,16.0
42,260,p043,0,100.0,55.949999999999996,13.68421052631579,0.0,0.0,1,75.0,16.0
42,260,p043,1,100.0,55.78999999999999,13.68421052631579,0.0,0.0,1,73.0,16.0
42,260,p043,2,100.0,53.48,58.68421052631579,1.0,0.0,1,76.0,16.0
42,260,p043,3,93.82,46.91,13.529411764705882,0.0,0.0,1,62.0,16.0
42,260,p043,4,100.0,55.87,13.68421052631579,0.0,0.0,1,74.0,16.0
42,260,p043,5,100.0,56.029999999999994,13.68421052631579,0.0,0.0,1,76.0,16.0
42,260,p043,6,98.47999999999999,49.239999999999995,58.888888888888886,1.0,0.0,1,73.0,16.0
42,260,p043,7,100.0,51.55,13.88888888888889,0.0,0.0,1,70.0,16.0
42,260,p043,8,100.0,55.949999999999996,13.68421052631579,0.0,0.0,1,75.0,16.0
42,260,p043,9,98.32,49.16,58.888888888888886,1.0,0.0,1,72.0,16.0
42,260,p043,10,100.0,55.72,13.68421052631579,0.0,0.0,1,74.0,16.0
42,260,p043,11,100.0,53.56,58.68421052631579,1.0,0.0,1,77.0,16.0
42,260,p043,12,100.0,53.48,58.68421052631579,1.0,0.0,1,76.0,16.0
42,260,p043,13,100.0,51.38999999999999,13.88888888888889,0.0,0.0,1,68.0,16.0
42,260,p043,14,100.0,56.029999999999994,13.68421052631579,0.0,0.0,1,76.0,16.0
42,260,p043,15,100.0,51.55,13.88888888888889,0.0,0.0,1,70.0,16.0
42,260,p044,0,100.0,56.029999999999994,13.68421052631579,0.0,0.0,1,76.0,16.0
42,260,p044,1,13.14,6.57,100.0,1.0,1.0,0,34.0,0.0
42,260,p044,2,100.0,53.48,58.68421052631579,1.0,0.0,1,76.0,16.0
42,260,p044,3,100.0,55.87,13.68421052631579,0.0,0.0,1,74.0,16.0
42,260,p044,4,100.0,55.78999999999999,13.68421052631579,0.0,0.0,1,73.0,16.0
42,260,p044,5,100.0,61.79,13.0,0.0,0.0,1,78.0,16.0
42,260,p044,6,93.97999999999999,46.989999999999995,13.529411764705882,0.0,0.0,1,63.0,16.0
42,260,p044,7,100.0,53.56,58.68421052631579,1.0,0.0,1,77.0,16.0
42,260,p044,8,100.0,53.56,58.68421052631579,1.0,0.0,1,77.0,16.0
42,260,p044,9,100.0,53.48,58.68421052631579,1.0,0.0,1,76.0,16.0
42,260,p044,10,100.0,53.64,58.68421052631579,1.0,0.0,1,78.0,16.0
42,260,p044,11,100.0,53.72,58.68421052631579,1.0,0.0,1,79.0,16.0
42,260,p044,12,100.0,53.56,58.68421052631579,1.0,0.0,1,77.0,16.0
42,260,p044,13,100.0,56.029999999999994,13.68421052631579,0.0,0.0,1,76.0,16.0
42,260,p044,14,100.0,55.72,13.68421052631579,0.0,0.0,1,74.0,16.0
42,260,p044,15,100.0,55.72,13.68421052631579,0.0,0.0,1,74.0,16.0
42,260,p045,0,98.47999999999999,49.239999999999995,58.888888888888886,1.0,0.0,1,73.0,16.0
42,260,p045,1,100.0,53.41,58.68421052631579,1.0,0.0,1,77.0,16.0
42,260,p045,2,100.0,55.72,13.68421052631579,0.0,0.0,1,74.0,16.0
42,260,p045,3,100.0,55.78999999999999,13.68421052631579,0.0,0.0,1,73.0,16.0
42,260,p045,4,98.16,49.08,58.888888888888886,1.0,0.0,1,71.0,16.0
42,260,p045,5,100.0,55.87,13.68421052631579,0.0,0.0,1,74.0,16.0
42,260,p045,6,100.0,53.41,58.68421052631579,1.0,0.0,1,77.0,16.0
42,260,p045,7,100.0,51.309999999999995,13.88888888888889,0.0,0.0,1,67.0,16.0
42,260,p045,8,100.0,55.72,13.68421052631579,0.0,0.0,1,74.0,16.0
42,260,p045,9,100.0,55.87,13.68421052631579,0.0,0.0,1,74.0,16.0
42,260,p045,10,100.0,51.309999999999995,13.88888888888889,0.0,0.0,1,67.0,16.0
42,260,p045,11,100.0,56.029999999999994,13.68421052631579,0.0,0.0,1,76.0,16.0
42,260,p045,12,100.0,56.029999999999994,13.68421052631579,0.0,0.0,1,76.0,16.0
42,260,p045,13,100.0,55.72,13.68421052631579,0.0,0.0,1,74.0,16.0
42,260,p045,14,100.0,53.64,58.68421052631579,1.0,0.0,1,78.0,16.0
42,260,p045,15,100.0,55.87,13.68421052631579,0.0,0.0,1,74.0,16.0
42,260,p046,0,100.0,61.709999999999994,13.0,0.0,0.0,1,77.0,16.0
42,260,p046,1,100.0,61.79,13.0,0.0,0.0,1,78.0,16.0
42,260,p046,2,100.0,53.709999999999994,58.68421052631579,1.0,0.0,1,77.0,16.0
42,260,p046,3,100.0,55.78999999999999,13.68421052631579,0.0,0.0,1,73.0,16.0
42,260,p046,4,100.0,55.78999999999999,13.68421052631579,0.0,0.0,1,73.0,16.0
42,260,p046,5,100.0,53.87,58.68421052631579,1.0,0.0,1,79.0,16.0
42,260,p046,6,100.0,56.029999999999994,13.68421052631579,0.0,0.0,1,76.0,16.0
42,260,p046,7,100.0,53.56,58.68421052631579,1.0,0.0,1,77.0,16.0
42,260,p046,8,100.0,55.949999999999996,13.68421052631579,0.0,0.0,1,75.0,16.0
42,260,p046,9,100.0,55.78999999999999,13.68421052631579,0.0,0.0,1,73.0,16.0
42,260,p046,10,100.0,53.79,58.68421052631579,1.0,0.0,1,78.0,16.0
42,260,p046,11,100.0,53.629999999999995,58.68421052631579,1.0,0.0,1,76.0,16.0
42,260,p046,12,100.0,53.709999999999994,58.68421052631579,1.0,0.0,1,77.0,16.0
42,260,p046,13,100.0,55.78999999999999,13.68421052631579,0.0,0.0,1,73.0,16.0
42,260,p046,14,100.0,51.309999999999995,13.88888888888889,0.0,0.0,1,67.0,16.0
42,260,p046,15,100.0,56.029999999999994,13.68421052631579,0.0,0.0,1,76.0,16.0
42,260,p047,0,100.0,51.239999999999995,13.88888888888889,0.0,0.0,1,68.0,16.0
42,260,p047,1,100.0,55.87,13.68421052631579,0.0,0.0,1,74.0,16.0
42,260,p047,2,100.0,53.709999999999994,58.68421052631579,1.0,0.0,1,77.0,16.0
42,260,p047,3,100.0,55.78999999999999,13.68421052631579,0.0,0.0,1,73.0,16.0
42,260,p047,4,100.0,51.47,13.88888888888889,0.0,0.0,1,69.0,16.0
42,260,p047,5,100.0,53.709999999999994,58.68421052631579,1.0,0.0,1,77.0,16.0
42,260,p047,6,100.0,55.72,13.68421052631579,0.0,0.0,1,74.0,16.0
42,260,p047,7,100.0,53.87,58.68421052631579,1.0,0.0,1,79.0,16.0
42,260,p047,8,100.0,53.87,58.68421052631579,1.0,0.0,1,79.0,16.0
42,260,p047,9,100.0,55.72,13.68421052631579,0.0,0.0,1,74.0,16.0
42,260,p047,10,100.0,53.629999999999995,58.68421052631579,1.0,0.0,1,76.0,16.0
42,260,p047,11,100.0,53.629999999999995,58.68421052631579,1.0,0.0,1,76.0,16.0
42,260,p047,12,100.0,55.72,13.68421052631579,0.0,0.0,1,74.0,16.0
42,260,p047,13,100.0,51.55,13.88888888888889,0.0,0.0,1,70.0,16.0
42,260,p047,14,100.0,53.629999999999995,58.68421052631579,1.0,0.0,1,76.0,16.0
42,260,p047,15,100.0,55.72,13.68421052631579,0.0,0.0,1,74.0,16.0
42,260,p048,0,89.66,44.83,58.529411764705884,1.0,0.0,1,66.0,16.0
42,260,p048,1,100.0,55.949999999999996,13.68421052631579,0.0,0.0,1,75.0,16.0
42,260,p048,2,100.0,55.949999999999996,13.68421052631579,0.0,0.0,1,75.0,16.0
42,260,p048,3,100.0,55.78999999999999,13.68421052631579,0.0,0.0,1,73.0,16.0
42,260,p048,4,100.0,55.949999999999996,13.68421052631579,0.0,0.0,1,75.0,16.0
42,260,p048,5,100.0,55.72,13.68421052631579,0.0,0.0,1,74.0,16.0
42,260,p048,6,93.52,46.76,13.529411764705882,0.0,0.0,1,62.0,16.0
42,260,p048,7,100.0,53.79,58.68421052631579,1.0,0.0,1,78.0,16.0
42,260,p048,8,100.0,51.47,13.88888888888889,0.0,0.0,1,69.0,16.0
42,260,p048,9,98.61999999999999,49.309999999999995,58.888888888888886,1.0,0.0,1,72.0,16.0
42,260,p048,10,100.0,53.709999999999994,58.68421052631579,1.0,0.0,1,77.0,16.0
42,260,p048,11,100.0,51.309999999999995,13.88888888888889,0.0,0.0,1,67.0,16.0
42,260,p048,12,93.97999999999999,46.989999999999995,13.529411764705882,0.0,0.0,1,63.0,16.0
42,260,p048,13,100.0,61.709999999999994,13.0,0.0,0.0,1,77.0,16.0
42,260,p048,14,66.75999999999999,33.379999999999995,96.66666666666667,1.0,1.0,1,71.0,8.0
42,260,p048,15,100.0,51.47,13.88888888888889,0.0,0.0,1,69.0,16.0
42,280,p037,0,93.82,46.91,13.529411764705882,0.0,0.0,1,62.0,16.0
42,280,p037,1,100.0,53.32,58.68421052631579,1.0,0.0,1,74.0,16.0
42,280,p037,2,100.0,61.949999999999996,13.0,0.0,0.0,1,80.0,16.0
42,280,p037,3,100.0,51.239999999999995,13.88888888888889,0.0,0.0,1,68.0,16.0
42,280,p037,4,100.0,53.239999999999995,58.68421052631579,1.0,0.0,1,73.0,16.0
42,280,p037,5,100.0,55.72,13.68421052631579,0.0,0.0,1,74.0,16.0
42,280,p037,6,100.0,56.029999999999994,13.68421052631579,0.0,0.0,1,76.0,16.0
42,280,p037,7,93.82,46.91,13.529411764705882,0.0,0.0,1,62.0,16.0
42,280,p037,8,100.0,55.72,13.68421052631579,0.0,0.0,1,74.0,16.0
42,280,p037,9,100.0,61.949999999999996,13.0,0.0,0.0,1,80.0,16.0
42,280,p037,10,100.0,55.72,13.68421052631579,0.0,0.0,1,74.0,16.0
42,280,p037,11,100.0,53.48,58.68421052631579,1.0,0.0,1,76.0,16.0
42,280,p037,12,100.0,61.709999999999994,13.0,0.0,0.0,1,77.0,16.0
42,280,p037,13,100.0,55.87,13.68421052631579,0.0,0.0,1,74.0,16.0
42,280,p037,14,100.0,53.17,58.68421052631579,1.0,0.0,1,74.0,16.0
42,280,p037,15,97.84,48.92,58.888888888888886,1.0,0.0,1,69.0,16.0
42,280,p038,0,100.0,55.72,13.68421052631579,0.0,0.0,1,74.0,16.0
42,280,p038,1,100.0,53.48,58.68421052631579,1.0,0.0,1,76.0,16.0
42,280,p038,2,100.0,56.029999999999994,13.68421052631579,0.0,0.0,1,76.0,16.0
42,280,p038,3,100.0,55.78999999999999,13.68421052631579,0.0,0.0,1,73.0,16.0
42,280,p038,4,100.0,56.029999999999994,13.68421052631579,0.0,0.0,1,76.0,16.0
42,280,p038,5,100.0,53.48,58.68421052631579,1.0,0.0,1,76.0,16.0
42,280,p038,6,100.0,51.55,13.88888888888889,0.0,0.0,1,70.0,16.0
42,280,p038,7,97.84,48.92,58.888888888888886,1.0,0.0,1,69.0,16.0
42,280,p038,8,100.0,53.239999999999995,58.68421052631579,1.0,0.0,1,73.0,16.0
42,280,p038,9,98.0,49.0,58.888888888888886,1.0,0.0,1,70.0,16.0
42,280,p038,10,100.0,53.17,58.68421052631579,1.0,0.0,1,74.0,16.0
42,280,p038,11,100.0,53.239999999999995,58.68421052631579,1.0,0.0,1,73.0,16.0
42,280,p038,12,100.0,55.72,13.68421052631579,0.0,0.0,1,74.0,16.0
42,280,p038,13,100.0,51.239999999999995,13.88888888888889,0.0,0.0,1,68.0,16.0
42,280,p038,14,100.0,55.949999999999996,13.68421052631579,0.0,0.0,1,75.0,16.0
42,280,p038,15,100.0,55.72,13.68421052631579,0.0,0.0,1,74.0,16.0
42,280,p039,0,100.0,55.87,13.68421052631579,0.0,0.0,1,74.0,16.0
42,280,p039,1,100.0,53.48,58.68421052631579,1.0,0.0,1,76.0,16.0
42,280,p039,2,100.0,51.38999999999999,13.88888888888889,0.0,0.0,1,68.0,16.0
42,280,p039,3,100.0,56.029999999999994,13.68421052631579,0.0,0.0,1,76.0,16.0
42,280,p039,4,100.0,55.949999999999996,13.68421052631579,0.0,0.0,1,75.0,16.0
42,280,p039,5,100.0,61.87,13.0,0.0,0.0,1,79.0,16.0
42,280,p039,6,100.0,55.87,13.68421052631579,0.0,0.0,1,74.0,16.0
42,280,p039,7,100.0,53.17,58.68421052631579,1.0,0.0,1,74.0,16.0
42,280,p039,8,100.0,61.64,13.0,0.0,0.0,1,78.0,16.0
42,280,p039,9,65.8,32.9,96.66666666666667,1.0,1.0,1,65.0,8.0
42,280,p039,10,94.13999999999999,47.06999999999999,13.529411764705882,0.0,0.0,1,64.0,16.0
42,280,p039,11,100.0,55.72,13.68421052631579,0.0,0.0,1,74.0,16.0
42,280,p039,12,100.0,51.309999999999995,13.88888888888889,0.0,0.0,1,67.0,16.0
42,280,p039,13,100.0,55.78999999999999,13.68421052631579,0.0,0.0,1,73.0,16.0
42,280,p039,14,100.0,51.38999999999999,13.88888888888889,0.0,0.0,1,68.0,16.0
42,280,p039,15,100.0,55.78999999999999,13.68421052631579,0.0,0.0,1,73.0,16.0
42,280,p040,0,100.0,61.949999999999996,13.0,0.0,0.0,1,80.0,16.0
42,280,p040,1,100.0,53.4,93.6842105263158,1.0,1.0,1,75.0,16.0
42,280,p040,2,100.0,56.029999999999994,13.68421052631579,0.0,0.0,1,76.0,16.0
42,280,p040,3,100.0,53.4,93.6842105263158,1.0,1.0,1,75.0,16.0
42,280,p040,4,97.54,48.77,93.88888888888889,1.0,1.0,1,69.0,16.0
42,280,p040,5,100.0,53.25,93.6842105263158,1.0,1.0,1,75.0,16.0
42,280,p040,6,97.84,48.92,93.88888888888889,1.0,1.0,1,69.0,16.0
42,280,p040,7,100.0,53.32,93.6842105263158,1.0,1.0,1,74.0,16.0
42,280,p040,8,100.0,55.78999999999999,13.68421052631579,0.0,0.0,1,73.0,16.0
42,280,p040,9,100.0,51.38999999999999,13.88888888888889,0.0,0.0,1,68.0,16.0
42,280,p040,10,100.0,61.79,13.0,0.0,0.0,1,78.0,16.0
42,280,p040,11,100.0,55.949999999999996,13.68421052631579,0.0,0.0,1,75.0,16.0
42,280,p040,12,100.0,56.029999999999994,13.68421052631579,0.0,0.0,1,76.0,16.0
42,280,p040,13,100.0,55.949999999999996,13.68421052631579,0.0,0.0,1,75.0,16.0
42,280,p040,14,100.0,56.029999999999994,13.68421052631579,0.0,0.0,1,76.0,16.0
42,280,p040,15,100.0,61.709999999999994,13.0,0.0,0.0,1,77.0,16.0
42,280,p041,0,100.0,53.48,93.6842105263158,1.0,1.0,1,76.0,16.0
42,280,p041,1,100.0,56.029999999999994,13.68421052631579,0.0,0.0,1,76.0,16.0
42,280,p041,2,89.03999999999999,44.519999999999996,93.52941176470588,1.0,1.0,1,64.0,16.0
42,280,p041,3,100.0,53.32,93.6842105263158,1.0,1.0,1,74.0,16.0
42,280,p041,4,100.0,55.87,13.68421052631579,0.0,0.0,1,74.0,16.0
42,280,p041,5,100.0,53.56,93.6842105263158,1.0,1.0,1,77.0,16.0
42,280,p041,6,100.0,53.56,93.6842105263158,1.0,1.0,1,77.0,16.0
42,280,p041,7,100.0,56.029999999999994,13.68421052631579,0.0,0.0,1,76.0,16.0
42,280,p041,8,100.0,56.029999999999994,13.68421052631579,0.0,0.0,1,76.0,16.0
42,280,p041,9,93.52,46.76,13.529411764705882,0.0,0.0,1,62.0,16.0
42,280,p041,10,100.0,55.72,13.68421052631579,0.0,0.0,1,74.0,16.0
42,280,p041,11,100.0,53.32,93.6842105263158,1.0,1.0,1,74.0,16.0
42,280,p041,12,100.0,56.029999999999994,13.68421052631579,0.0,0.0,1,76.0,16.0
42,280,p041,13,100.0,55.87,13.68421052631579,0.0,0.0,1,74.0,16.0
42,280,p041,14,100.0,55.78999999999999,13.68421052631579,0.0,0.0,1,73.0,16.0
42,280,p041,15,100.0,55.78999999999999,13.68421052631579,0.0,0.0,1,73.0,16.0
42,280,p042,0,100.0,53.56,93.6842105263158,1.0,1.0,1,77.0,16.0
42,280,p042,1,100.0,55.87,13.68421052631579,0.0,0.0,1,74.0,16.0
42,280,p042,2,100.0,53.56,93.6842105263158,1.0,1.0,1,77.0,16.0
42,280,p042,3,100.0,55.72,13.68421052631579,0.0,0.0,1,74.0,16.0
42,280,p042,4,100.0,53.32,93.6842105263158,1.0,1.0,1,74.0,16.0
42,280,p042,5,100.0,51.309999999999995,13.88888888888889,0.0,0.0,1,67.0,16.0
42,280,p042,6,98.16,49.08,93.88888888888889,1.0,1.0,1,71.0,16.0
42,280,p042,7,100.0,51.239999999999995,13.88888888888889,0.0,0.0,1,68.0,16.0
42,280,p042,8,100.0,55.72,13.68421052631579,0.0,0.0,1,74.0,16.0
42,280,p042,9,100.0,55.949999999999996,13.68421052631579,0.0,0.0,1,75.0,16.0
42,280,p042,10,94.13999999999999,47.06999999999999,13.529411764705882,0.0,0.0,1,64.0,16.0
42,280,p042,11,100.0,53.32,93.6842105263158,1.0,1.0,1,74.0,16.0
42,280,p042,12,100.0,51.55,13.88888888888889,0.0,0.0,1,70.0,16.0
42,280,p042,13,100.0,51.55,13.88888888888889,0.0,0.0,1,70.0,16.0
42,280,p042,14,100.0,61.79,13.0,0.0,0.0,1,78.0,16.0
42,280,p042,15,100.0,53.4,93.6842105263158,1.0,1.0,1,75.0,16.0
42,280,p043,0,100.0,55.949999999999996,13.68421052631579,0.0,0.0,1,75.0,16.0
42,280,p043,1,100.0,55.78999999999999,13.68421052631579,0.0,0.0,1,73.0,16.0
42,280,p043,2,100.0,53.48,58.68421052631579,1.0,0.0,1,76.0,16.0
42,280,p043,3,93.82,46.91,13.529411764705882,0.0,0.0,1,62.0,16.0
42,280,p043,4,100.0,55.87,13.68421052631579,0.0,0.0,1,74.0,16.0
42,280,p043,5,100.0,56.029999999999994,13.68421052631579,0.0,0.0,1,76.0,16.0
42,280,p043,6,100.0,53.72,58.68421052631579,1.0,0.0,1,79.0,16.0
42,280,p043,7,100.0,51.55,13.88888888888889,0.0,0.0,1,70.0,16.0
42,280,p043,8,100.0,55.949999999999996,13.68421052631579,0.0,0.0,1,75.0,16.0
42,280,p043,9,100.0,53.64,58.68421052631579,1.0,0.0,1,78.0,16.0
42,280,p043,10,100.0,55.72,13.68421052631579,0.0,0.0,1,74.0,16.0
42,280,p043,11,100.0,55.87,13.68421052631579,0.0,0.0,1,74.0,16.0
42,280,p043,12,100.0,53.48,58.68421052631579,1.0,0.0,1,76.0,16.0
42,280,p043,13,100.0,55.87,13.68421052631579,0.0,0.0,1,74.0,16.0
42,280,p043,14,100.0,56.029999999999994,13.68421052631579,0.0,0.0,1,76.0,16.0
42,280,p043,15,100.0,51.55,13.88888888888889,0.0,0.0,1,70.0,16.0
42,280,p044,0,100.0,56.029999999999994,13.68421052631579,0.0,0.0,1,76.0,16.0
42,280,p044,1,13.14,6.57,100.0,1.0,1.0,0,34.0,0.0
42,280,p044,2,100.0,53.48,58.68421052631579,1.0,0.0,1,76.0,16.0
42,280,p044,3,100.0,55.87,13.68421052631579,0.0,0.0,1,74.0,16.0
42,280,p044,4,100.0,55.78999999999999,13.68421052631579,0.0,0.0,1,73.0,16.0
42,280,p044,5,100.0,61.79,13.0,0.0,0.0,1,78.0,16.0
42,280,p044,6,93.97999999999999,46.989999999999995,13.529411764705882,0.0,0.0,1,63.0,16.0
42,280,p044,7,100.0,53.56,58.68421052631579,1.0,0.0,1,77.0,16.0
42,280,p044,8,100.0,55.87,13.68421052631579,0.0,0.0,1,74.0,16.0
42,280,p044,9,100.0,53.48,58.68421052631579,1.0,0.0,1,76.0,16.0
42,280,p044,10,100.0,53.64,58.68421052631579,1.0,0.0,1,78.0,16.0
42,280,p044,11,100.0,56.029999999999994,13.68421052631579,0.0,0.0,1,76.0,16.0
42,280,p044,12,100.0,53.56,58.68421052631579,1.0,0.0,1,77.0,16.0
42,280,p044,13,100.0,56.029999999999994,13.68421052631579,0.0,0.0,1,76.0,16.0
42,280,p044,14,100.0,55.72,13.68421052631579,0.0,0.0,1,74.0,16.0
42,280,p044,15,100.0,55.72,13.68421052631579,0.0,0.0,1,74.0,16.0
42,280,p045,0,98.47999999999999,49.239999999999995,58.888888888888886,1.0,0.0,1,73.0,16.0
42,280,p045,1,100.0,53.41,58.68421052631579,1.0,0.0,1,77.0,16.0
42,280,p045,2,100.0,55.72,13.68421052631579,0.0,0.0,1,74.0,16.0
42,280,p045,3,100.0,55.78999999999999,13.68421052631579,0.0,0.0,1,73.0,16.0
42,280,p045,4,100.0,51.38999999999999,13.88888888888889,0.0,0.0,1,68.0,16.0
42,280,p045,5,100.0,55.87,13.68421052631579,0.0,0.0,1,74.0,16.0
42,280,p045,6,100.0,53.41,58.68421052631579,1.0,0.0,1,77.0,16.0
42,280,p045,7,100.0,55.78999999999999,13.68421052631579,0.0,0.0,1,73.0,16.0
42,280,p045,8,100.0,55.72,13.68421052631579,0.0,0.0,1,74.0,16.0
42,280,p045,9,100.0,55.87,13.68421052631579,0.0,0.0,1,74.0,16.0
42,280,p045,10,100.0,55.78999999999999,13.68421052631579,0.0,0.0,1,73.0,16.0
42,280,p045,11,100.0,56.029999999999994,13.68421052631579,0.0,0.0,1,76.0,16.0
42,280,p045,12,100.0,56.029999999999994,13.68421052631579,0.0,0.0,1,76.0,16.0
42,280,p045,13,100.0,55.72,13.68421052631579,0.0,0.0,1,74.0,16.0
42,280,p045,14,100.0,53.64,58.68421052631579,1.0,0.0,1,78.0,16.0
42,280,p045,15,100.0,55.87,13.68421052631579,0.0,0.0,1,74.0,16.0
42,280,p046,0,100.0,61.709999999999994,13.0,0.0,0.0,1,77.0,16.0
42,280,p046,1,100.0,61.79,13.0,0.0,0.0,1,78.0,16.0
42,280,p046,2,100.0,53.709999999999994,58.68421052631579,1.0,0.0,1,77.0,16.0
42,280,p046,3,100.0,55.78999999999999,13.68421052631579,0.0,0.0,1,73.0,16.0
42,280,p046,4,100.0,55.78999999999999,13.68421052631579,0.0,0.0,1,73.0,16.0
42,280,p046,5,100.0,53.87,58.68421052631579,1.0,0.0,1,79.0,16.0
42,280,p046,6,100.0,56.029999999999994,13.68421052631579,0.0,0.0,1,76.0,16.0
42,280,p046,7,100.0,53.56,58.68421052631579,1.0,0.0,1,77.0,16.0
42,280,p046,8,100.0,55.949999999999996,13.68421052631579,0.0,0.0,1,75.0,16.0
42,280,p046,9,100.0,55.78999999999999,13.68421052631579,0.0,0.0,1,73.0,16.0
42,280,p046,10,100.0,53.79,58.68421052631579,1.0,0.0,1,78.0,16.0
42,280,p046,11,100.0,53.629999999999995,58.68421052631579,1.0,0.0,1,76.0,16.0
42,280,p046,12,100.0,53.709999999999994,58.68421052631579,1.0,0.0,1,77.0,16.0
42,280,p046,13,100.0,55.78999999999999,13.68421052631579,0.0,0.0,1,73.0,16.0
42,280,p046,14,100.0,55.78999999999999,13.68421052631579,0.0,0.0,1,73.0,16.0
42,280,p046,15,100.0,61.949999999999996,13.0,0.0,0.0,1,80.0,16.0
42,280,p047,0,100.0,51.239999999999995,13.88888888888889,0.0,0.0,1,68.0,16.0
42,280,p047,1,100.0,55.87,13.68421052631579,0.0,0.0,1,74.0,16.0
42,280,p047,2,100.0,53.709999999999994,58.68421052631579,1.0,0.0,1,77.0,16.0
42,280,p047,3,100.0,55.78999999999999,13.68421052631579,0.0,0.0,1,73.0,16.0
42,280,p047,4,100.0,55.949999999999996,13.68421052631579,0.0,0.0,1,75.0,16.0
42,280,p047,5,100.0,53.709999999999994,58.68421052631579,1.0,0.0,1,77.0,16.0
42,280,p047,6,100.0,55.72,13.68421052631579,0.0,0.0,1,74.0,16.0
42,280,p047,7,100.0,53.87,58.68421052631579,1.0,0.0,1,79.0,16.0
42,280,p047,8,100.0,53.87,58.68421052631579,1.0,0.0,1,79.0,16.0
42,280,p047,9,100.0,55.72,13.68421052631579,0.0,0.0,1,74.0,16.0
42,280,p047,10,100.0,53.629999999999995,58.68421052631579,1.0,0.0,1,76.0,16.0
42,280,p047,11,100.0,53.629999999999995,58.68421052631579,1.0,0.0,1,76.0,16.0
42,280,p047,12,100.0,55.72,13.68421052631579,0.0,0.0,1,74.0,16.0
42,280,p047,13,100.0,56.029999999999994,13.68421052631579,0.0,0.0,1,76.0,16.0
42,280,p047,14,100.0,53.629999999999995,58.68421052631579,1.0,0.0,1,76.0,16.0
42,280,p047,15,100.0,55.72,13.68421052631579,0.0,0.0,1,74.0,16.0
42,280,p048,0,98.61999999999999,49.309999999999995,58.888888888888886,1.0,0.0,1,72.0,16.0
42,280,p048,1,100.0,55.949999999999996,13.68421052631579,0.0,0.0,1,75.0,16.0
42,280,p048,2,100.0,55.949999999999996,13.68421052631579,0.0,0.0,1,75.0,16.0
42,280,p048,3,100.0,55.78999999999999,13.68421052631579,0.0,0.0,1,73.0,16.0
42,280,p048,4,100.0,55.949999999999996,13.68421052631579,0.0,0.0,1,75.0,16.0
42,280,p048,5,100.0,55.72,13.68421052631579,0.0,0.0,1,74.0,16.0
42,280,p048,6,93.52,46.76,13.529411764705882,0.0,0.0,1,62.0,16.0
42,280,p048,7,100.0,53.79,58.68421052631579,1.0,0.0,1,78.0,16.0
42,280,p048,8,100.0,55.949999999999996,13.68421052631579,0.0,0.0,1,75.0,16.0
42,280,p048,9,98.61999999999999,49.309999999999995,58.888888888888886,1.0,0.0,1,72.0,16.0
42,280,p048,10,100.0,53.709999999999994,58.68421052631579,1.0,0.0,1,77.0,16.0
42,280,p048,11,100.0,55.78999999999999,13.68421052631579,0.0,0.0,1,73.0,16.0
42,280,p048,12,93.97999999999999,46.989999999999995,13.529411764705882,0.0,0.0,1,63.0,16.0
42,280,p048,13,100.0,61.709999999999994,13.0,0.0,0.0,1,77.0,16.0
42,280,p048,14,100.0,53.56,58.68421052631579,1.0,0.0,1,77.0,16.0
42,280,p048,15,100.0,51.47,13.88888888888889,0.0,0.0,1,69.0,16.0
42,300,p037,0,93.82,46.91,13.529411764705882,0.0,0.0,1,62.0,16.0
42,300,p037,1,100.0,53.32,58.68421052631579,1.0,0.0,1,74.0,16.0
42,300,p037,2,100.0,61.949999999999996,13.0,0.0,0.0,1,80.0,16.0
42,300,p037,3,100.0,51.239999999999995,13.88888888888889,0.0,0.0,1,68.0,16.0
42,300,p037,4,100.0,53.239999999999995,58.68421052631579,1.0,0.0,1,73.0,16.0
42,300,p037,5,100.0,55.72,13.68421052631579,0.0,0.0,1,74.0,16.0
42,300,p037,6,100.0,56.029999999999994,13.68421052631579,0.0,0.0,1,76.0,16.0
42,300,p037,7,93.82,46.91,13.529411764705882,0.0,0.0,1,62.0,16.0
42,300,p037,8,100.0,61.64,13.0,0.0,0.0,1,78.0,16.0
42,300,p037,9,100.0,61.949999999999996,13.0,0.0,0.0,1,80.0,16.0
42,300,p037,10,100.0,55.72,13.68421052631579,0.0,0.0,1,74.0,16.0
42,300,p037,11,100.0,53.48,58.68421052631579,1.0,0.0,1,76.0,16.0
42,300,p037,12,100.0,61.709999999999994,13.0,0.0,0.0,1,77.0,16.0
42,300,p037,13,100.0,55.87,13.68421052631579,0.0,0.0,1,74.0,16.0
42,300,p037,14,100.0,53.17,58.68421052631579,1.0,0.0,1,74.0,16.0
42,300,p037,15,97.84,48.92,58.888888888888886,1.0,0.0,1,69.0,16.0
42,300,p038,0,100.0,55.72,13.68421052631579,0.0,0.0,1,74.0,16.0
42,300,p038,1,100.0,53.48,58.68421052631579,1.0,0.0,1,76.0,16.0
42,300,p038,2,100.0,56.029999999999994,13.68421052631579,0.0,0.0,1,76.0,16.0
42,300,p038,3,100.0,55.78999999999999,13.68421052631579,0.0,0.0,1,73.0,16.0
42,300,p038,4,100.0,56.029999999999994,13.68421052631579,0.0,0.0,1,76.0,16.0
42,300,p038,5,100.0,53.48,58.68421052631579,1.0,0.0,1,76.0,16.0
42,300,p038,6,100.0,56.029999999999994,13.68421052631579,0.0,0.0,1,76.0,16.0
42,300,p038,7,100.0,55.949999999999996,13.68421052631579,0.0,0.0,1,75.0,16.0
42,300,p038,8,100.0,53.239999999999995,58.68421052631579,1.0,0.0,1,73.0,16.0
42,300,p038,9,98.0,49.0,58.888888888888886,1.0,0.0,1,70.0,16.0
42,300,p038,10,100.0,53.17,58.68421052631579,1.0,0.0,1,74.0,16.0
42,300,p038,11,100.0,53.239999999999995,58.68421052631579,1.0,0.0,1,73.0,16.0
42,300,p038,12,100.0,55.72,13.68421052631579,0.0,0.0,1,74.0,16.0
42,300,p038,13,100.0,51.239999999999995,13.88888888888889,0.0,0.0,1,68.0,16.0
42,300,p038,14,100.0,55.949999999999996,13.68421052631579,0.0,0.0,1,75.0,16.0
42,300,p038,15,100.0,55.72,13.68421052631579,0.0,0.0,1,74.0,16.0
42,300,p039,0,100.0,55.87,13.68421052631579,0.0,0.0,1,74.0,16.0
42,300,p039,1,100.0,53.48,58.68421052631579,1.0,0.0,1,76.0,16.0
42,300,p039,2,100.0,55.87,13.68421052631579,0.0,0.0,1,74.0,16.0
42,300,p039,3,100.0,56.029999999999994,13.68421052631579,0.0,0.0,1,76.0,16.0
42,300,p039,4,100.0,55.949999999999996,13.68421052631579,0.0,0.0,1,75.0,16.0
42,300,p039,5,100.0,61.87,13.0,0.0,0.0,1,79.0,16.0
42,300,p039,6,100.0,55.87,13.68421052631579,0.0,0.0,1,74.0,16.0
42,300,p039,7,100.0,53.17,58.68421052631579,1.0,0.0,1,74.0,16.0
42,300,p039,8,100.0,61.64,13.0,0.0,0.0,1,78.0,16.0
42,300,p039,9,68.02,34.01,16.363636363636363,0.0,0.0,1,47.0,8.0
42,300,p039,10,94.13999999999999,47.06999999999999,13.529411764705882,0.0,0.0,1,64.0,16.0
42,300,p039,11,100.0,55.72,13.68421052631579,0.0,0.0,1,74.0,16.0
42,300,p039,12,100.0,51.309999999999995,13.88888888888889,0.0,0.0,1,67.0,16.0
42,300,p039,13,100.0,55.78999999999999,13.68421052631579,0.0,0.0,1,73.0,16.0
42,300,p039,14,100.0,55.87,13.68421052631579,0.0,0.0,1,74.0,16.0
42,300,p039,15,100.0,55.78999999999999,13.68421052631579,0.0,0.0,1,73.0,16.0
42,300,p040,0,100.0,61.949999999999996,13.0,0.0,0.0,1,80.0,16.0
42,300,p040,1,100.0,53.4,93.6842105263158,1.0,1.0,1,75.0,16.0
42,300,p040,2,100.0,56.029999999999994,13.68421052631579,0.0,0.0,1,76.0,16.0
42,300,p040,3,100.0,53.4,93.6842105263158,1.0,1.0,1,75.0,16.0
42,300,p040,4,100.0,55.72,13.68421052631579,0.0,0.0,1,74.0,16.0
42,300,p040,5,100.0,53.25,93.6842105263158,1.0,1.0,1,75.0,16.0
42,300,p040,6,100.0,53.4,93.6842105263158,1.0,1.0,1,75.0,16.0
42,300,p040,7,100.0,55.78999999999999,13.68421052631579,0.0,0.0,1,73.0,16.0
42,300,p040,8,100.0,55.78999999999999,13.68421052631579,0.0,0.0,1,73.0,16.0
42,300,p040,9,100.0,51.38999999999999,13.88888888888889,0.0,0.0,1,68.0,16.0
42,300,p040,10,100.0,61.79,13.0,0.0,0.0,1,78.0,16.0
42,300,p040,11,100.0,55.949999999999996,13.68421052631579,0.0,0.0,1,75.0,16.0
42,300,p040,12,100.0,56.029999999999994,13.68421052631579,0.0,0.0,1,76.0,16.0
42,300,p040,13,100.0,55.949999999999996,13.68421052631579,0.0,0.0,1,75.0,16.0
42,300,p040,14,100.0,56.029999999999994,13.68421052631579,0.0,0.0,1,76.0,16.0
42,300,p040,15,100.0,61.709999999999994,13.0,0.0,0.0,1,77.0,16.0
42,300,p041,0,100.0,53.48,93.6842105263158,1.0,1.0,1,76.0,16.0
42,300,p041,1,100.0,56.029999999999994,13.68421052631579,0.0,0.0,1,76.0,16.0
42,300,p041,2,98.0,49.0,93.88888888888889,1.0,1.0,1,70.0,16.0
42,300,p041,3,100.0,53.32,93.6842105263158,1.0,1.0,1,74.0,16.0
42,300,p041,4,100.0,55.87,13.68421052631579,0.0,0.0,1,74.0,16.0
42,300,p041,5,100.0,53.56,93.6842105263158,1.0,1.0,1,77.0,16.0
42,300,p041,6,100.0,53.56,93.6842105263158,1.0,1.0,1,77.0,16.0
42,300,p041,7,100.0,56.029999999999994,13.68421052631579,0.0,0.0,1,76.0,16.0
42,300,p041,8,100.0,56.029999999999994,13.68421052631579,0.0,0.0,1,76.0,16.0
42,300,p041,9,93.52,46.76,13.529411764705882,0.0,0.0,1,62.0,16.0
42,300,p041,10,100.0,55.72,13.68421052631579,0.0,0.0,1,74.0,16.0
42,300,p041,11,100.0,53.32,93.6842105263158,1.0,1.0,1,74.0,16.0
42,300,p041,12,100.0,56.029999999999994,13.68421052631579,0.0,0.0,1,76.0,16.0
42,300,p041,13,100.0,55.87,13.68421052631579,0.0,0.0,1,74.0,16.0
42,300,p041,14,100.0,55.78999999999999,13.68421052631579,0.0,0.0,1,73.0,16.0
42,300,p041,15,100.0,55.78999999999999,13.68421052631579,0.0,0.0,1,73.0,16.0
42,300,p042,0,100.0,53.56,93.6842105263158,1.0,1.0,1,77.0,16.0
42,300,p042,1,100.0,55.87,13.68421052631579,0.0,0.0,1,74.0,16.0
42,300,p042,2,100.0,53.56,93.6842105263158,1.0,1.0,1,77.0,16.0
42,300,p042,3,100.0,55.72,13.68421052631579,0.0,0.0,1,74.0,16.0
42,300,p042,4,100.0,53.32,93.6842105263158,1.0,1.0,1,74.0,16.0
42,300,p042,5,100.0,51.309999999999995,13.88888888888889,0.0,0.0,1,67.0,16.0
42,300,p042,6,98.16,49.08,93.88888888888889,1.0,1.0,1,71.0,16.0
42,300,p042,7,100.0,51.239999999999995,13.88888888888889,0.0,0.0,1,68.0,16.0
42,300,p042,8,100.0,61.64,13.0,0.0,0.0,1,78.0,16.0
42,300,p042,9,100.0,55.949999999999996,13.68421052631579,0.0,0.0,1,75.0,16.0
42,300,p042,10,94.13999999999999,47.06999999999999,13.529411764705882,0.0,0.0,1,64.0,16.0
42,300,p042,11,100.0,53.32,93.6842105263158,1.0,1.0,1,74.0,16.0
42,300,p042,12,100.0,51.55,13.88888888888889,0.0,0.0,1,70.0,16.0
42,300,p042,13,100.0,51.55,13.88888888888889,0.0,0.0,1,70.0,16.0
42,300,p042,14,100.0,61.79,13.0,0.0,0.0,1,78.0,16.0
42,300,p042,15,100.0,53.4,93.6842105263158,1.0,1.0,1,75.0,16.0
42,300,p043,0,100.0,55.949999999999996,13.68421052631579,0.0,0.0,1,75.0,16.0
42,300,p043,1,100.0,55.78999999999999,13.68421052631579,0.0,0.0,1,73.0,16.0
42,300,p043,2,100.0,53.48,58.68421052631579,1.0,0.0,1,76.0,16.0
42,300,p043,3,93.82,46.91,13.529411764705882,0.0,0.0,1,62.0,16.0
42,300,p043,4,100.0,55.87,13.68421052631579,0.0,0.0,1,74.0,16.0
42,300,p043,5,100.0,56.029999999999994,13.68421052631579,0.0,0.0,1,76.0,16.0
42,300,p043,6,100.0,53.72,58.68421052631579,1.0,0.0,1,79.0,16.0
42,300,p043,7,100.0,56.029999999999994,13.68421052631579,0.0,0.0,1,76.0,16.0
42,300,p043,8,100.0,55.949999999999996,13.68421052631579,0.0,0.0,1,75.0,16.0
42,300,p043,9,100.0,53.64,58.68421052631579,1.0,0.0,1,78.0,16.0
42,300,p043,10,100.0,55.72,13.68421052631579,0.0,0.0,1,74.0,16.0
42,300,p043,11,100.0,55.87,13.68421052631579,0.0,0.0,1,74.0,16.0
42,300,p043,12,100.0,53.48,58.68421052631579,1.0,0.0,1,76.0,16.0
42,300,p043,13,100.0,55.87,13.68421052631579,0.0,0.0,1,74.0,16.0
42,300,p043,14,100.0,56.029999999999994,13.68421052631579,0.0,0.0,1,76.0,16.0
42,300,p043,15,100.0,56.029999999999994,13.68421052631579,0.0,0.0,1,76.0,16.0
42,300,p044,0,100.0,56.029999999999994,13.68421052631579,0.0,0.0,1,76.0,16.0
42,300,p044,1,22.1,11.05,97.5,1.0,1.0,1,40.0,0.0
42,300,p044,2,100.0,53.48,58.68421052631579,1.0,0.0,1,76.0,16.0
42,300,p044,3,100.0,55.87,13.68421052631579,0.0,0.0,1,74.0,16.0
42,300,p044,4,100.0,55.78999999999999,13.68421052631579,0.0,0.0,1,73.0,16.0
42,300,p044,5,100.0,61.79,13.0,0.0,0.0,1,78.0,16.0
42,300,p044,6,93.97999999999999,46.989999999999995,13.529411764705882,0.0,0.0,1,63.0,16.0
42,300,p044,7,100.0,53.56,58.68421052631579,1.0,0.0,1,77.0,16.0
42,300,p044,8,100.0,55.87,13.68421052631579,0.0,0.0,1,74.0,16.0
42,300,p044,9,100.0,53.48,58.68421052631579,1.0,0.0,1,76.0,16.0
42,300,p044,10,100.0,53.64,58.68421052631579,1.0,0.0,1,78.0,16.0
42,300,p044,11,100.0,56.029999999999994,13.68421052631579,0.0,0.0,1,76.0,16.0
42,300,p044,12,100.0,53.56,58.68421052631579,1.0,0.0,1,77.0,16.0
42,300,p044,13,100.0,56.029999999999994,13.68421052631579,0.0,0.0,1,76.0,16.0
42,300,p044,14,100.0,55.72,13.68421052631579,0.0,0.0,1,74.0,16.0
42,300,p044,15,100.0,55.72,13.68421052631579,0.0,0.0,1,74.0,16.0
42,300,p045,0,98.47999999999999,49.239999999999995,58.888888888888886,1.0,0.0,1,73.0,16.0
42,300,p045,1,100.0,53.41,58.68421052631579,1.0,0.0,1,77.0,16.0
42,300,p045,2,100.0,55.72,13.68421052631579,0.0,0.0,1,74.0,16.0
42,300,p045,3,100.0,55.78999999999999,13.68421052631579,0.0,0.0,1,73.0,16.0
42,300,p045,4,100.0,55.87,13.68421052631579,0.0,0.0,1,74.0,16.0
42,300,p045,5,100.0,55.87,13.68421052631579,0.0,0.0,1,74.0,16.0
42,300,p045,6,100.0,53.41,58.68421052631579,1.0,0.0,1,77.0,16.0
42,300,p045,7,100.0,55.78999999999999,13.68421052631579,0.0,0.0,1,73.0,16.0
42,300,p045,8,100.0,55.72,13.68421052631579,0.0,0.0,1,74.0,16.0
42,300,p045,9,100.0,55.87,13.68421052631579,0.0,0.0,1,74.0,16.0
42,300,p045,10,100.0,55.78999999999999,13.68421052631579,0.0,0.0,1,73.0,16.0
42,300,p045,11,100.0,56.029999999999994,13.68421052631579,0.0,0.0,1,76.0,16.0
42,300,p045,12,100.0,56.029999999999994,13.68421052631579,0.0,0.0,1,76.0,16.0
42,300,p045,13,100.0,55.72,13.68421052631579,0.0,0.0,1,74.0,16.0
42,300,p045,14,100.0,55.949999999999996,13.68421052631579,0.0,0.0,1,75.0,16.0
42,300,p045,15,100.0,55.87,13.68421052631579,0.0,0.0,1,74.0,16.0
42,300,p046,0,100.0,61.709999999999994,13.0,0.0,0.0,1,77.0,16.0
42,300,p046,1,100.0,61.79,13.0,0.0,0.0,1,78.0,16.0
42,300,p046,2,100.0,53.709999999999994,58.68421052631579,1.0,0.0,1,77.0,16.0
42,300,p046,3,100.0,55.78999999999999,13.68421052631579,0.0,0.0,1,73.0,16.0
42,300,p046,4,100.0,55.78999999999999,13.68421052631579,0.0,0.0,1,73.0,16.0
42,300,p046,5,100.0,53.87,58.68421052631579,1.0,0.0,1,79.0,16.0
42,300,p046,6,100.0,56.029999999999994,13.68421052631579,0.0,0.0,1,76.0,16.0
42,300,p046,7,100.0,55.72,13.68421052631579,0.0,0.0,1,74.0,16.0
42,300,p046,8,100.0,55.949999999999996,13.68421052631579,0.0,0.0,1,75.0,16.0
42,300,p046,9,100.0,55.78999999999999,13.68421052631579,0.0,0.0,1,73.0,16.0
42,300,p046,10,100.0,53.79,58.68421052631579,1.0,0.0,1,78.0,16.0
42,300,p046,11,100.0,53.629999999999995,58.68421052631579,1.0,0.0,1,76.0,16.0
42,300,p046,12,100.0,53.709999999999994,58.68421052631579,1.0,0.0,1,77.0,16.0
42,300,p046,13,100.0,55.78999999999999,13.68421052631579,0.0,0.0,1,73.0,16.0
42,300,p046,14,100.0,55.78999999999999,13.68421052631579,0.0,0.0,1,73.0,16.0
42,300,p046,15,100.0,61.949999999999996,13.0,0.0,0.0,1,80.0,16.0
42,300,p047,0,100.0,51.239999999999995,13.88888888888889,0.0,0.0,1,68.0,16.0
42,300,p047,1,100.0,55.87,13.68421052631579,0.0,0.0,1,74.0,16.0
42,300,p047,2,100.0,53.709999999999994,58.68421052631579,1.0,0.0,1,77.0,16.0
42,300,p047,3,100.0,61.709999999999994,13.0,0.0,0.0,1,77.0,16.0
42,300,p047,4,100.0,55.949999999999996,13.68421052631579,0.0,0.0,1,75.0,16.0
42,300,p047,5,100.0,53.709999999999994,58.68421052631579,1.0,0.0,1,77.0,16.0
42,300,p047,6,100.0,55.72,13.68421052631579,0.0,0.0,1,74.0,16.0
42,300,p047,7,100.0,56.029999999999994,13.68421052631579,0.0,0.0,1,76.0,16.0
42,300,p047,8,100.0,53.87,58.68421052631579,1.0,0.0,1,79.0,16.0
42,300,p047,9,100.0,55.72,13.68421052631579,0.0,0.0,1,74.0,16.0
42,300,p047,10,100.0,53.629999999999995,58.68421052631579,1.0,0.0,1,76.0,16.0
42,300,p047,11,100.0,53.629999999999995,58.68421052631579,1.0,0.0,1,76.0,16.0
42,300,p047,12,100.0,55.72,13.68421052631579,0.0,0.0,1,74.0,16.0
42,300,p047,13,100.0,56.029999999999994,13.68421052631579,0.0,0.0,1,76.0,16.0
42,300,p047,14,100.0,53.629999999999995,58.68421052631579,1.0,0.0,1,76.0,16.0
42,300,p047,15,100.0,55.72,13.68421052631579,0.0,0.0,1,74.0,16.0
42,300,p048,0,100.0,51.47,13.88888888888889,0.0,0.0,1,69.0,16.0
42,300,p048,1,100.0,55.949999999999996,13.68421052631579,0.0,0.0,1,75.0,16.0
42,300,p048,2,100.0,55.949999999999996,13.68421052631579,0.0,0.0,1,75.0,16.0
42,300,p048,3,100.0,55.78999999999999,13.68421052631579,0.0,0.0,1,73.0,16.0
42,300,p048,4,100.0,55.949999999999996,13.68421052631579,0.0,0.0,1,75.0,16.0
42,300,p048,5,100.0,55.72,13.68421052631579,0.0,0.0,1,74.0,16.0
42,300,p048,6,93.52,46.76,13.529411764705882,0.0,0.0,1,62.0,16.0
42,300,p048,7,100.0,53.79,58.68421052631579,1.0,0.0,1,78.0,16.0
42,300,p048,8,100.0,55.949999999999996,13.68421052631579,0.0,0.0,1,75.0,16.0
42,300,p048,9,98.61999999999999,49.309999999999995,58.888888888888886,1.0,0.0,1,72.0,16.0
42,300,p048,10,100.0,53.709999999999994,58.68421052631579,1.0,0.0,1,77.0,16.0
42,300,p048,11,100.0,55.78999999999999,13.68421052631579,0.0,0.0,1,73.0,16.0
42,300,p048,12,93.97999999999999,46.989999999999995,13.529411764705882,0.0,0.0,1,63.0,16.0
42,300,p048,13,100.0,61.709999999999994,13.0,0.0,0.0,1,77.0,16.0
42,300,p048,14,100.0,53.56,58.68421052631579,1.0,0.0,1,77.0,16.0
42,300,p048,15,100.0,55.949999999999996,13.68421052631579,0.0,0.0,1,75.0,16.0
73,0,p037,0,65.82000000000001,32.910000000000004,96.66666666666667,1.0,1.0,1,67.0,8.0
73,0,p037,1,9.5,4.75,100.0,1.0,1.0,0,30.0,1.0
73,0,p037,2,9.34,4.67,100.0,1.0,1.0,0,29.0,1.0
73,0,p037,3,11.26,5.63,20.0,0.0,0.0,0,11.0,1.0
73,0,p037,4,9.34,4.67,100.0,1.0,1.0,0,29.0,1.0
73,0,p037,5,25.86,12.93,20.0,0.0,0.0,0,21.0,2.0
73,0,p037,6,27.58,13.79,98.0,1.0,1.0,0,43.0,1.0
73,0,p037,7,15.14,7.57,100.0,1.0,1.0,0,34.0,2.0
73,0,p037,8,9.66,4.83,100.0,1.0,1.0,0,31.0,1.0
73,0,p037,9,14.68,7.34,100.0,1.0,1.0,0,33.0,2.0
73,0,p037,10,14.68,7.34,100.0,1.0,1.0,0,33.0,2.0
73,0,p037,11,11.88,5.94,20.0,0.0,0.0,0,13.0,1.0
73,0,p037,12,9.18,4.59,100.0,1.0,1.0,0,28.0,1.0
73,0,p037,13,9.04,4.52,100.0,1.0,1.0,0,29.0,1.0
73,0,p037,14,3.8600000000000003,1.9300000000000002,100.0,1.0,1.0,0,26.0,0.0
73,0,p037,15,18.46,9.23,100.0,1.0,1.0,0,36.0,1.0
73,0,p038,0,29.8,14.9,17.5,0.0,0.0,1,25.0,1.0
73,0,p038,1,18.46,9.23,100.0,1.0,1.0,0,36.0,1.0
73,0,p038,2,18.14,9.07,100.0,1.0,1.0,0,34.0,1.0
73,0,p038,3,45.94,22.97,18.57142857142857,0.0,0.0,0,34.0,4.0
73,0,p038,4,47.260000000000005,23.630000000000003,97.0,1.0,1.0,1,51.0,8.0
73,0,p038,5,9.5,4.75,100.0,1.0,1.0,0,30.0,1.0
73,0,p038,6,20.36,10.18,20.0,0.0,0.0,0,16.0,1.0
73,0,p038,7,15.3,7.65,100.0,1.0,1.0,0,35.0,2.0
73,0,p038,8,18.14,9.07,100.0,1.0,1.0,0,34.0,1.0
73,0,p038,9,47.879999999999995,23.939999999999998,97.0,1.0,1.0,1,53.0,8.0
73,0,p038,10,25.96,12.98,100.0,1.0,1.0,0,41.0,4.0
73,0,p038,11,14.68,7.34,100.0,1.0,1.0,0,33.0,2.0
73,0,p038,12,15.3,7.65,100.0,1.0,1.0,0,35.0,2.0
73,0,p038,13,20.68,10.34,20.0,0.0,0.0,0,18.0,1.0
73,0,p038,14,9.5,4.75,100.0,1.0,1.0,0,30.0,1.0
73,0,p038,15,9.5,4.75,100.0,1.0,1.0,0,30.0,1.0
73,0,p039,0,9.66,4.83,100.0,1.0,1.0,0,31.0,1.0
73,0,p039,1,9.5,4.75,100.0,1.0,1.0,0,30.0,1.0
73,0,p039,2,9.04,4.52,100.0,1.0,1.0,0,29.0,1.0
73,0,p039,3,21.78,10.89,97.5,1.0,1.0,1,38.0,0.0
73,0,p039,4,11.88,5.94,20.0,0.0,0.0,0,13.0,1.0
73,0,p039,5,18.619999999999997,9.309999999999999,100.0,1.0,1.0,0,37.0,1.0
73,0,p039,6,25.799999999999997,12.899999999999999,100.0,1.0,1.0,0,40.0,4.0
73,0,p039,7,9.5,4.75,100.0,1.0,1.0,0,30.0,1.0
73,0,p039,8,27.419999999999998,13.709999999999999,98.0,1.0,1.0,0,42.0,1.0
73,0,p039,9,9.66,4.83,100.0,1.0,1.0,0,31.0,1.0
73,0,p039,10,9.34,4.67,100.0,1.0,1.0,0,29.0,1.0
73,0,p039,11,18.46,9.23,100.0,1.0,1.0,0,36.0,1.0
73,0,p039,12,9.5,4.75,100.0,1.0,1.0,0,30.0,1.0
73,0,p039,13,12.82,6.41,100.0,1.0,1.0,0,32.0,0.0
73,0,p039,14,9.66,4.83,100.0,1.0,1.0,0,31.0,1.0
73,0,p039,15,45.34,22.67,95.71428571428571,1.0,1.0,1,54.0,1.0
73,0,p040,0,6.080000000000001,3.0400000000000005,20.0,0.0,0.0,0,8.0,0.0
73,0,p040,1,9.34,4.67,100.0,1.0,1.0,0,29.0,1.0
73,0,p040,2,45.5,22.75,95.71428571428571,1.0,1.0,1,55.0,1.0
73,0,p040,3,11.26,5.63,20.0,0.0,0.0,0,11.0,1.0
73,0,p040,4,17.52,8.76,20.0,0.0,0.0,0,17.0,2.0
73,0,p040,5,18.0,9.0,100.0,1.0,1.0,0,35.0,1.0
73,0,p040,6,9.18,4.59,100.0,1.0,1.0,0,28.0,1.0
73,0,p040,7,9.04,4.52,100.0,1.0,1.0,0,29.0,1.0
73,0,p040,8,9.04,4.52,100.0,1.0,1.0,0,29.0,1.0
73,0,p040,9,25.54,12.77,20.0,0.0,0.0,0,19.0,2.0
73,0,p040,10,28.32,14.16,20.0,0.0,0.0,1,22.0,4.0
73,0,p040,11,50.1,25.05,16.666666666666664,0.0,0.0,1,35.0,8.0
73,0,p040,12,15.14,7.57,100.0,1.0,1.0,0,34.0,2.0
73,0,p040,13,26.1,13.05,100.0,1.0,1.0,0,40.0,4.0
73,0,p040,14,33.22,16.61,98.33333333333333,1.0,1.0,1,47.0,2.0
73,0,p040,15,14.36,7.18,100.0,1.0,1.0,0,31.0,2.0
73,0,p041,0,9.66,4.83,100.0,1.0,1.0,0,31.0,1.0
73,0,p041,1,3.8600000000000003,1.9300000000000002,100.0,1.0,1.0,0,26.0,0.0
73,0,p041,2,9.34,4.67,100.0,1.0,1.0,0,29.0,1.0
73,0,p041,3,9.5,4.75,100.0,1.0,1.0,0,30.0,1.0
73,0,p041,4,9.34,4.67,100.0,1.0,1.0,0,29.0,1.0
73,0,p041,5,9.04,4.52,100.0,1.0,1.0,0,29.0,1.0
73,0,p041,6,15.14,7.57,100.0,1.0,1.0,0,34.0,2.0
73,0,p041,7,9.18,4.59,100.0,1.0,1.0,0,28.0,1.0
73,0,p041,8,9.34,4.67,100.0,1.0,1.0,0,29.0,1.0
73,0,p041,9,14.68,7.34,100.0,1.0,1.0,0,33.0,2.0
73,0,p041,10,27.1,13.55,98.0,1.0,1.0,0,40.0,1.0
73,0,p041,11,9.34,4.67,100.0,1.0,1.0,0,29.0,1.0
73,0,p041,12,9.34,4.67,100.0,1.0,1.0,0,29.0,1.0
73,0,p041,13,27.419999999999998,13.709999999999999,98.0,1.0,1.0,0,42.0,1.0
73,0,p041,14,16.880000000000003,8.440000000000001,20.0,0.0,0.0,1,13.0,2.0
73,0,p041,15,9.66,4.83,100.0,1.0,1.0,0,31.0,1.0
73,0,p042,0,14.68,7.34,100.0,1.0,1.0,0,33.0,2.0
73,0,p042,1,18.0,9.0,100.0,1.0,1.0,0,35.0,1.0
73,0,p042,2,93.97999999999999,46.989999999999995,13.529411764705882,0.0,0.0,1,63.0,16.0
73,0,p042,3,9.04,4.52,100.0,1.0,1.0,0,29.0,1.0
73,0,p042,4,14.68,7.34,100.0,1.0,1.0,0,33.0,2.0
73,0,p042,5,15.3,7.65,100.0,1.0,1.0,0,35.0,2.0
73,0,p042,6,9.66,4.83,100.0,1.0,1.0,0,31.0,1.0
73,0,p042,7,11.26,5.63,20.0,0.0,0.0,0,11.0,1.0
73,0,p042,8,3.8600000000000003,1.9300000000000002,100.0,1.0,1.0,0,26.0,0.0
73,0,p042,9,18.46,9.23,100.0,1.0,1.0,0,36.0,1.0
73,0,p042,10,9.34,4.67,100.0,1.0,1.0,0,29.0,1.0
73,0,p042,11,18.46,9.23,100.0,1.0,1.0,0,36.0,1.0
73,0,p042,12,9.66,4.83,100.0,1.0,1.0,0,31.0,1.0
73,0,p042,13,15.14,7.57,100.0,1.0,1.0,0,34.0,2.0
73,0,p042,14,9.66,4.83,100.0,1.0,1.0,0,31.0,1.0
73,0,p042,15,27.419999999999998,13.709999999999999,98.0,1.0,1.0,0,42.0,1.0
73,0,p043,0,4.180000000000001,2.0900000000000003,100.0,1.0,1.0,0,28.0,0.0
73,0,p043,1,32.6,16.3,98.33333333333333,1.0,1.0,0,45.0,2.0
73,0,p043,2,9.36,4.68,100.0,1.0,1.0,0,31.0,1.0
73,0,p043,3,9.5,4.75,100.0,1.0,1.0,0,30.0,1.0
73,0,p043,4,15.0,7.5,100.0,1.0,1.0,0,35.0,2.0
73,0,p043,5,11.4,5.7,20.0,0.0,0.0,0,10.0,1.0
73,0,p043,6,11.56,5.78,20.0,0.0,0.0,0,11.0,1.0
73,0,p043,7,9.36,4.68,100.0,1.0,1.0,0,31.0,1.0
73,0,p043,8,11.26,5.63,20.0,0.0,0.0,0,11.0,1.0
73,0,p043,9,15.0,7.5,100.0,1.0,1.0,0,35.0,2.0
73,0,p043,10,18.46,9.23,100.0,1.0,1.0,0,36.0,1.0
73,0,p043,11,9.36,4.68,100.0,1.0,1.0,0,31.0,1.0
73,0,p043,12,9.5,4.75,100.0,1.0,1.0,0,30.0,1.0
73,0,p043,13,11.4,5.7,20.0,0.0,0.0,0,10.0,1.0
73,0,p043,14,11.56,5.78,20.0,0.0,0.0,0,11.0,1.0
73,0,p043,15,88.9,44.45,58.529411764705884,1.0,0.0,1,65.0,16.0
73,0,p044,0,9.5,4.75,100.0,1.0,1.0,0,30.0,1.0
73,0,p044,1,9.66,4.83,100.0,1.0,1.0,0,31.0,1.0
73,0,p044,2,18.32,9.16,100.0,1.0,1.0,0,37.0,1.0
73,0,p044,3,9.36,4.68,100.0,1.0,1.0,0,31.0,1.0
73,0,p044,4,9.66,4.83,100.0,1.0,1.0,0,31.0,1.0
73,0,p044,5,11.72,5.86,20.0,0.0,0.0,0,12.0,1.0
73,0,p044,6,9.66,4.83,100.0,1.0,1.0,0,31.0,1.0
73,0,p044,7,23.64,11.82,100.0,1.0,1.0,0,39.0,2.0
73,0,p044,8,9.5,4.75,100.0,1.0,1.0,0,30.0,1.0
73,0,p044,9,18.619999999999997,9.309999999999999,100.0,1.0,1.0,0,37.0,1.0
73,0,p044,10,27.419999999999998,13.709999999999999,98.0,1.0,1.0,0,42.0,1.0
73,0,p044,11,48.2,24.1,97.0,1.0,1.0,1,55.0,8.0
73,0,p044,12,25.96,12.98,100.0,1.0,1.0,0,41.0,4.0
73,0,p044,13,9.36,4.68,100.0,1.0,1.0,0,31.0,1.0
73,0,p044,14,9.98,4.99,100.0,1.0,1.0,0,33.0,1.0
73,0,p044,15,4.180000000000001,2.0900000000000003,100.0,1.0,1.0,0,28.0,0.0
73,0,p045,0,9.66,4.83,100.0,1.0,1.0,0,31.0,1.0
73,0,p045,1,13.14,6.57,100.0,1.0,1.0,0,34.0,0.0
73,0,p045,2,9.66,4.83,100.0,1.0,1.0,0,31.0,1.0
73,0,p045,3,14.98,7.49,100.0,1.0,1.0,0,33.0,2.0
73,0,p045,4,9.36,4.68,100.0,1.0,1.0,0,31.0,1.0
73,0,p045,5,9.36,4.68,100.0,1.0,1.0,0,31.0,1.0
73,0,p045,6,9.66,4.83,100.0,1.0,1.0,0,31.0,1.0
73,0,p045,7,18.939999999999998,9.469999999999999,100.0,1.0,1.0,0,39.0,1.0
73,0,p045,8,9.5,4.75,100.0,1.0,1.0,0,30.0,1.0
73,0,p045,9,9.66,4.83,100.0,1.0,1.0,0,31.0,1.0
73,0,p045,10,9.5,4.75,100.0,1.0,1.0,0,30.0,1.0
73,0,p045,11,9.66,4.83,100.0,1.0,1.0,0,31.0,1.0
73,0,p045,12,15.0,7.5,100.0,1.0,1.0,0,35.0,2.0
73,0,p045,13,14.68,7.34,100.0,1.0,1.0,0,33.0,2.0
73,0,p045,14,14.98,7.49,100.0,1.0,1.0,0,33.0,2.0
73,0,p045,15,9.36,4.68,100.0,1.0,1.0,0,31.0,1.0
73,0,p046,0,16.240000000000002,8.120000000000001,100.0,1.0,1.0,0,39.0,2.0
73,0,p046,1,10.280000000000001,5.140000000000001,100.0,1.0,1.0,0,33.0,1.0
73,0,p046,2,19.08,9.54,100.0,1.0,1.0,0,38.0,1.0
73,0,p046,3,16.240000000000002,8.120000000000001,100.0,1.0,1.0,0,39.0,2.0
73,0,p046,4,27.9,13.95,98.0,1.0,1.0,0,45.0,1.0
73,0,p046,5,10.440000000000001,5.220000000000001,100.0,1.0,1.0,0,34.0,1.0
73,0,p046,6,10.440000000000001,5.220000000000001,100.0,1.0,1.0,0,34.0,1.0
73,0,p046,7,11.56,5.78,20.0,0.0,0.0,0,11.0,1.0
73,0,p046,8,10.600000000000001,5.300000000000001,100.0,1.0,1.0,0,35.0,1.0
73,0,p046,9,10.280000000000001,5.140000000000001,100.0,1.0,1.0,0,33.0,1.0
73,0,p046,10,10.600000000000001,5.300000000000001,100.0,1.0,1.0,0,35.0,1.0
73,0,p046,11,10.600000000000001,5.300000000000001,100.0,1.0,1.0,0,35.0,1.0
73,0,p046,12,10.120000000000001,5.0600000000000005,100.0,1.0,1.0,0,32.0,1.0
73,0,p046,13,9.98,4.99,100.0,1.0,1.0,0,33.0,1.0
73,0,p046,14,10.280000000000001,5.140000000000001,100.0,1.0,1.0,0,33.0,1.0
73,0,p046,15,4.8,2.4,100.0,1.0,1.0,0,30.0,0.0
73,0,p047,0,19.560000000000002,9.780000000000001,100.0,1.0,1.0,0,41.0,1.0
73,0,p047,1,4.8,2.4,100.0,1.0,1.0,0,30.0,0.0
73,0,p047,2,10.120000000000001,5.0600000000000005,100.0,1.0,1.0,0,32.0,1.0
73,0,p047,3,10.600000000000001,5.300000000000001,100.0,1.0,1.0,0,35.0,1.0
73,0,p047,4,11.56,5.78,20.0,0.0,0.0,0,11.0,1.0
73,0,p047,5,4.8,2.4,100.0,1.0,1.0,0,30.0,0.0
73,0,p047,6,10.600000000000001,5.300000000000001,100.0,1.0,1.0,0,35.0,1.0
73,0,p047,7,10.280000000000001,5.140000000000001,100.0,1.0,1.0,0,33.0,1.0
73,0,p047,8,19.4,9.7,100.0,1.0,1.0,0,40.0,1.0
73,0,p047,9,35.86,17.93,100.0,1.0,1.0,1,51.0,4.0
73,0,p047,10,11.56,5.78,20.0,0.0,0.0,0,11.0,1.0
73,0,p047,11,11.88,5.94,20.0,0.0,0.0,0,13.0,1.0
73,0,p047,12,15.62,7.81,100.0,1.0,1.0,0,37.0,2.0
73,0,p047,13,29.64,14.82,17.5,0.0,0.0,1,24.0,1.0
73,0,p047,14,16.08,8.04,100.0,1.0,1.0,0,38.0,2.0
73,0,p047,15,10.600000000000001,5.300000000000001,100.0,1.0,1.0,0,35.0,1.0
73,0,p048,0,10.440000000000001,5.220000000000001,100.0,1.0,1.0,0,34.0,1.0
73,0,p048,1,28.52,14.26,98.0,1.0,1.0,1,47.0,1.0
73,0,p048,2,4.8,2.4,100.0,1.0,1.0,0,30.0,0.0
73,0,p048,3,10.600000000000001,5.300000000000001,100.0,1.0,1.0,0,35.0,1.0
73,0,p048,4,34.16,17.08,98.33333333333333,1.0,1.0,1,51.0,2.0
73,0,p048,5,4.8,2.4,100.0,1.0,1.0,0,30.0,0.0
73,0,p048,6,15.600000000000001,7.800000000000001,100.0,1.0,1.0,0,35.0,2.0
73,0,p048,7,33.52,16.76,98.33333333333333,1.0,1.0,1,47.0,2.0
73,0,p048,8,15.62,7.81,100.0,1.0,1.0,0,37.0,2.0
73,0,p048,9,15.3,7.65,100.0,1.0,1.0,0,35.0,2.0
73,0,p048,10,10.440000000000001,5.220000000000001,100.0,1.0,1.0,0,34.0,1.0
73,0,p048,11,10.280000000000001,5.140000000000001,100.0,1.0,1.0,0,33.0,1.0
73,0,p048,12,26.9,13.45,100.0,1.0,1.0,0,45.0,4.0
73,0,p048,13,10.600000000000001,5.300000000000001,100.0,1.0,1.0,0,35.0,1.0
73,0,p048,14,20.22,10.11,20.0,0.0,0.0,0,17.0,1.0
73,0,p048,15,46.28,23.14,95.71428571428571,1.0,1.0,1,58.0,1.0
73,20,p037,0,65.82000000000001,32.910000000000004,96.66666666666667,1.0,1.0,1,67.0,8.0
73,20,p037,1,11.72,5.86,20.0,0.0,0.0,0,12.0,1.0
73,20,p037,2,9.34,4.67,100.0,1.0,1.0,0,29.0,1.0
73,20,p037,3,11.26,5.63,20.0,0.0,0.0,0,11.0,1.0
73,20,p037,4,9.34,4.67,100.0,1.0,1.0,0,29.0,1.0
73,20,p037,5,37.14,18.57,20.0,0.0,0.0,1,29.0,4.0
73,20,p037,6,45.5,22.75,95.71428571428571,1.0,1.0,1,55.0,1.0
73,20,p037,7,15.14,7.57,100.0,1.0,1.0,0,34.0,2.0
73,20,p037,8,9.66,4.83,100.0,1.0,1.0,0,31.0,1.0
73,20,p037,9,14.68,7.34,100.0,1.0,1.0,0,33.0,2.0
73,20,p037,10,14.68,7.34,100.0,1.0,1.0,0,33.0,2.0
73,20,p037,11,20.84,10.42,20.0,0.0,0.0,0,19.0,1.0
73,20,p037,12,9.18,4.59,100.0,1.0,1.0,0,28.0,1.0
73,20,p037,13,23.64,11.82,100.0,1.0,1.0,0,39.0,2.0
73,20,p037,14,3.8600000000000003,1.9300000000000002,100.0,1.0,1.0,0,26.0,0.0
73,20,p037,15,24.259999999999998,12.129999999999999,100.0,1.0,1.0,0,41.0,2.0
73,20,p038,0,29.8,14.9,17.5,0.0,0.0,1,25.0,1.0
73,20,p038,1,18.46,9.23,100.0,1.0,1.0,0,36.0,1.0
73,20,p038,2,18.14,9.07,100.0,1.0,1.0,0,34.0,1.0
73,20,p038,3,45.94,22.97,18.57142857142857,0.0,0.0,0,34.0,4.0
73,20,p038,4,47.260000000000005,23.630000000000003,97.0,1.0,1.0,1,51.0,8.0
73,20,p038,5,9.5,4.75,100.0,1.0,1.0,0,30.0,1.0
73,20,p038,6,20.36,10.18,20.0,0.0,0.0,0,16.0,1.0
73,20,p038,7,15.3,7.65,100.0,1.0,1.0,0,35.0,2.0
73,20,p038,8,18.14,9.07,100.0,1.0,1.0,0,34.0,1.0
73,20,p038,9,47.879999999999995,23.939999999999998,97.0,1.0,1.0,1,53.0,8.0
73,20,p038,10,25.96,12.98,100.0,1.0,1.0,0,41.0,4.0
73,20,p038,11,14.68,7.34,100.0,1.0,1.0,0,33.0,2.0
73,20,p038,12,15.3,7.65,100.0,1.0,1.0,0,35.0,2.0
73,20,p038,13,20.68,10.34,20.0,0.0,0.0,0,18.0,1.0
73,20,p038,14,9.5,4.75,100.0,1.0,1.0,0,30.0,1.0
73,20,p038,15,9.5,4.75,100.0,1.0,1.0,0,30.0,1.0
73,20,p039,0,3.8600000000000003,1.9300000000000002,100.0,1.0,1.0,0,26.0,0.0
73,20,p039,1,9.5,4.75,100.0,1.0,1.0,0,30.0,1.0
73,20,p039,2,11.26,5.63,20.0,0.0,0.0,0,11.0,1.0
73,20,p039,3,21.78,10.89,97.5,1.0,1.0,1,38.0,0.0
73,20,p039,4,17.36,8.68,20.0,0.0,0.0,1,16.0,2.0
73,20,p039,5,27.58,13.79,98.0,1.0,1.0,0,43.0,1.0
73,20,p039,6,25.799999999999997,12.899999999999999,100.0,1.0,1.0,0,40.0,4.0
73,20,p039,7,9.5,4.75,100.0,1.0,1.0,0,30.0,1.0
73,20,p039,8,27.419999999999998,13.709999999999999,98.0,1.0,1.0,0,42.0,1.0
73,20,p039,9,9.66,4.83,100.0,1.0,1.0,0,31.0,1.0
73,20,p039,10,9.34,4.67,100.0,1.0,1.0,0,29.0,1.0
73,20,p039,11,27.419999999999998,13.709999999999999,98.0,1.0,1.0,0,42.0,1.0
73,20,p039,12,9.5,4.75,100.0,1.0,1.0,0,30.0,1.0
73,20,p039,13,12.82,6.41,100.0,1.0,1.0,0,32.0,0.0
73,20,p039,14,9.66,4.83,100.0,1.0,1.0,0,31.0,1.0
73,20,p039,15,45.34,22.67,95.71428571428571,1.0,1.0,1,54.0,1.0
73,20,p040,0,6.080000000000001,3.0400000000000005,20.0,0.0,0.0,0,8.0,0.0
73,20,p040,1,9.34,4.67,100.0,1.0,1.0,0,29.0,1.0
73,20,p040,2,45.5,22.75,95.71428571428571,1.0,1.0,1,55.0,1.0
73,20,p040,3,11.26,5.63,20.0,0.0,0.0,0,11.0,1.0
73,20,p040,4,17.52,8.76,20.0,0.0,0.0,0,17.0,2.0
73,20,p040,5,26.96,13.48,98.0,1.0,1.0,0,41.0,1.0
73,20,p040,6,9.18,4.59,100.0,1.0,1.0,0,28.0,1.0
73,20,p040,7,18.0,9.0,100.0,1.0,1.0,0,35.0,1.0
73,20,p040,8,18.0,9.0,100.0,1.0,1.0,0,35.0,1.0
73,20,p040,9,25.54,12.77,20.0,0.0,0.0,0,19.0,2.0
73,20,p040,10,28.32,14.16,20.0,0.0,0.0,1,22.0,4.0
73,20,p040,11,50.1,25.05,16.666666666666664,0.0,0.0,1,35.0,8.0
73,20,p040,12,15.14,7.57,100.0,1.0,1.0,0,34.0,2.0
73,20,p040,13,26.1,13.05,100.0,1.0,1.0,0,40.0,4.0
73,20,p040,14,51.14,25.57,96.25,1.0,1.0,1,59.0,2.0
73,20,p040,15,23.32,11.66,100.0,1.0,1.0,0,37.0,2.0
73,20,p041,0,9.66,4.83,100.0,1.0,1.0,0,31.0,1.0
73,20,p041,1,3.8600000000000003,1.9300000000000002,100.0,1.0,1.0,0,26.0,0.0
73,20,p041,2,9.34,4.67,100.0,1.0,1.0,0,29.0,1.0
73,20,p041,3,9.5,4.75,100.0,1.0,1.0,0,30.0,1.0
73,20,p041,4,9.34,4.67,100.0,1.0,1.0,0,29.0,1.0
73,20,p041,5,9.04,4.52,100.0,1.0,1.0,0,29.0,1.0
73,20,p041,6,15.14,7.57,100.0,1.0,1.0,0,34.0,2.0
73,20,p041,7,9.18,4.59,100.0,1.0,1.0,0,28.0,1.0
73,20,p041,8,9.34,4.67,100.0,1.0,1.0,0,29.0,1.0
73,20,p041,9,14.68,7.34,100.0,1.0,1.0,0,33.0,2.0
73,20,p041,10,27.1,13.55,98.0,1.0,1.0,0,40.0,1.0
73,20,p041,11,18.3,9.15,100.0,1.0,1.0,0,35.0,1.0
73,20,p041,12,9.34,4.67,100.0,1.0,1.0,0,29.0,1.0
73,20,p041,13,27.419999999999998,13.709999999999999,98.0,1.0,1.0,0,42.0,1.0
73,20,p041,14,16.880000000000003,8.440000000000001,20.0,0.0,0.0,1,13.0,2.0
73,20,p041,15,9.66,4.83,100.0,1.0,1.0,0,31.0,1.0
73,20,p042,0,14.68,7.34,100.0,1.0,1.0,0,33.0,2.0
73,20,p042,1,18.0,9.0,100.0,1.0,1.0,0,35.0,1.0
73,20,p042,2,93.97999999999999,46.989999999999995,13.529411764705882,0.0,0.0,1,63.0,16.0
73,20,p042,3,18.0,9.0,100.0,1.0,1.0,0,35.0,1.0
73,20,p042,4,14.68,7.34,100.0,1.0,1.0,0,33.0,2.0
73,20,p042,5,15.3,7.65,100.0,1.0,1.0,0,35.0,2.0
73,20,p042,6,9.66,4.83,100.0,1.0,1.0,0,31.0,1.0
73,20,p042,7,20.22,10.11,20.0,0.0,0.0,0,17.0,1.0
73,20,p042,8,3.8600000000000003,1.9300000000000002,100.0,1.0,1.0,0,26.0,0.0
73,20,p042,9,18.46,9.23,100.0,1.0,1.0,0,36.0,1.0
73,20,p042,10,9.34,4.67,100.0,1.0,1.0,0,29.0,1.0
73,20,p042,11,24.259999999999998,12.129999999999999,100.0,1.0,1.0,0,41.0,2.0
73,20,p042,12,9.66,4.83,100.0,1.0,1.0,0,31.0,1.0
73,20,p042,13,15.14,7.57,100.0,1.0,1.0,0,34.0,2.0
73,20,p042,14,15.14,7.57,100.0,1.0,1.0,0,34.0,2.0
73,20,p042,15,27.419999999999998,13.709999999999999,98.0,1.0,1.0,0,42.0,1.0
73,20,p043,0,4.180000000000001,2.0900000000000003,100.0,1.0,1.0,0,28.0,0.0
73,20,p043,1,32.6,16.3,98.33333333333333,1.0,1.0,0,45.0,2.0
73,20,p043,2,9.36,4.68,100.0,1.0,1.0,0,31.0,1.0
73,20,p043,3,18.46,9.23,100.0,1.0,1.0,0,36.0,1.0
73,20,p043,4,15.0,7.5,100.0,1.0,1.0,0,35.0,2.0
73,20,p043,5,11.4,5.7,20.0,0.0,0.0,0,10.0,1.0
73,20,p043,6,11.56,5.78,20.0,0.0,0.0,0,11.0,1.0
73,20,p043,7,9.36,4.68,100.0,1.0,1.0,0,31.0,1.0
73,20,p043,8,11.26,5.63,20.0,0.0,0.0,0,11.0,1.0
73,20,p043,9,15.0,7.5,100.0,1.0,1.0,0,35.0,2.0
73,20,p043,10,27.419999999999998,13.709999999999999,98.0,1.0,1.0,0,42.0,1.0
73,20,p043,11,9.36,4.68,100.0,1.0,1.0,0,31.0,1.0
73,20,p043,12,9.5,4.75,100.0,1.0,1.0,0,30.0,1.0
73,20,p043,13,11.4,5.7,20.0,0.0,0.0,0,10.0,1.0
73,20,p043,14,11.56,5.78,20.0,0.0,0.0,0,11.0,1.0
73,20,p043,15,88.9,44.45,58.529411764705884,1.0,0.0,1,65.0,16.0
73,20,p044,0,14.68,7.34,100.0,1.0,1.0,0,33.0,2.0
73,20,p044,1,18.619999999999997,9.309999999999999,100.0,1.0,1.0,0,37.0,1.0
73,20,p044,2,18.32,9.16,100.0,1.0,1.0,0,37.0,1.0
73,20,p044,3,9.36,4.68,100.0,1.0,1.0,0,31.0,1.0
73,20,p044,4,9.66,4.83,100.0,1.0,1.0,0,31.0,1.0
73,20,p044,5,20.68,10.34,20.0,0.0,0.0,0,18.0,1.0
73,20,p044,6,23.939999999999998,11.969999999999999,100.0,1.0,1.0,0,39.0,2.0
73,20,p044,7,44.04,22.02,98.75,1.0,1.0,1,54.0,4.0
73,20,p044,8,14.68,7.34,100.0,1.0,1.0,0,33.0,2.0
73,20,p044,9,23.939999999999998,11.969999999999999,100.0,1.0,1.0,0,39.0,2.0
73,20,p044,10,27.419999999999998,13.709999999999999,98.0,1.0,1.0,0,42.0,1.0
73,20,p044,11,48.2,24.1,97.0,1.0,1.0,1,55.0,8.0
73,20,p044,12,25.96,12.98,100.0,1.0,1.0,0,41.0,4.0
73,20,p044,13,9.36,4.68,100.0,1.0,1.0,0,31.0,1.0
73,20,p044,14,18.939999999999998,9.469999999999999,100.0,1.0,1.0,0,39.0,1.0
73,20,p044,15,4.180000000000001,2.0900000000000003,100.0,1.0,1.0,0,28.0,0.0
73,20,p045,0,9.66,4.83,100.0,1.0,1.0,0,31.0,1.0
73,20,p045,1,13.14,6.57,100.0,1.0,1.0,0,34.0,0.0
73,20,p045,2,9.66,4.83,100.0,1.0,1.0,0,31.0,1.0
73,20,p045,3,25.799999999999997,12.899999999999999,100.0,1.0,1.0,0,40.0,4.0
73,20,p045,4,9.36,4.68,100.0,1.0,1.0,0,31.0,1.0
73,20,p045,5,9.36,4.68,100.0,1.0,1.0,0,31.0,1.0
73,20,p045,6,9.66,4.83,100.0,1.0,1.0,0,31.0,1.0
73,20,p045,7,18.939999999999998,9.469999999999999,100.0,1.0,1.0,0,39.0,1.0
73,20,p045,8,14.68,7.34,100.0,1.0,1.0,0,33.0,2.0
73,20,p045,9,9.66,4.83,100.0,1.0,1.0,0,31.0,1.0
73,20,p045,10,14.68,7.34,100.0,1.0,1.0,0,33.0,2.0
73,20,p045,11,9.66,4.83,100.0,1.0,1.0,0,31.0,1.0
73,20,p045,12,15.0,7.5,100.0,1.0,1.0,0,35.0,2.0
73,20,p045,13,14.68,7.34,100.0,1.0,1.0,0,33.0,2.0
73,20,p045,14,14.98,7.49,100.0,1.0,1.0,0,33.0,2.0
73,20,p045,15,9.36,4.68,100.0,1.0,1.0,0,31.0,1.0
73,20,p046,0,16.240000000000002,8.120000000000001,100.0,1.0,1.0,0,39.0,2.0
73,20,p046,1,15.600000000000001,7.800000000000001,100.0,1.0,1.0,0,35.0,2.0
73,20,p046,2,20.36,10.18,20.0,0.0,0.0,0,16.0,1.0
73,20,p046,3,16.240000000000002,8.120000000000001,100.0,1.0,1.0,0,39.0,2.0
73,20,p046,4,27.9,13.95,98.0,1.0,1.0,0,45.0,1.0
73,20,p046,5,10.440000000000001,5.220000000000001,100.0,1.0,1.0,0,34.0,1.0
73,20,p046,6,10.440000000000001,5.220000000000001,100.0,1.0,1.0,0,34.0,1.0
73,20,p046,7,11.56,5.78,20.0,0.0,0.0,0,11.0,1.0
73,20,p046,8,10.600000000000001,5.300000000000001,100.0,1.0,1.0,0,35.0,1.0
73,20,p046,9,10.280000000000001,5.140000000000001,100.0,1.0,1.0,0,33.0,1.0
73,20,p046,10,10.600000000000001,5.300000000000001,100.0,1.0,1.0,0,35.0,1.0
73,20,p046,11,10.600000000000001,5.300000000000001,100.0,1.0,1.0,0,35.0,1.0
73,20,p046,12,10.120000000000001,5.0600000000000005,100.0,1.0,1.0,0,32.0,1.0
73,20,p046,13,9.98,4.99,100.0,1.0,1.0,0,33.0,1.0
73,20,p046,14,10.280000000000001,5.140000000000001,100.0,1.0,1.0,0,33.0,1.0
73,20,p046,15,4.8,2.4,100.0,1.0,1.0,0,30.0,0.0
73,20,p047,0,19.560000000000002,9.780000000000001,100.0,1.0,1.0,0,41.0,1.0
73,20,p047,1,4.8,2.4,100.0,1.0,1.0,0,30.0,0.0
73,20,p047,2,10.120000000000001,5.0600000000000005,100.0,1.0,1.0,0,32.0,1.0
73,20,p047,3,10.600000000000001,5.300000000000001,100.0,1.0,1.0,0,35.0,1.0
73,20,p047,4,11.56,5.78,20.0,0.0,0.0,0,11.0,1.0
73,20,p047,5,4.8,2.4,100.0,1.0,1.0,0,30.0,0.0
73,20,p047,6,10.600000000000001,5.300000000000001,100.0,1.0,1.0,0,35.0,1.0
73,20,p047,7,10.280000000000001,5.140000000000001,100.0,1.0,1.0,0,33.0,1.0
73,20,p047,8,19.4,9.7,100.0,1.0,1.0,0,40.0,1.0
73,20,p047,9,35.86,17.93,100.0,1.0,1.0,1,51.0,4.0
73,20,p047,10,11.56,5.78,20.0,0.0,0.0,0,11.0,1.0
73,20,p047,11,11.88,5.94,20.0,0.0,0.0,0,13.0,1.0
73,20,p047,12,24.58,12.29,100.0,1.0,1.0,0,43.0,2.0
73,20,p047,13,29.64,14.82,17.5,0.0,0.0,1,24.0,1.0
73,20,p047,14,16.08,8.04,100.0,1.0,1.0,0,38.0,2.0
73,20,p047,15,19.560000000000002,9.780000000000001,100.0,1.0,1.0,0,41.0,1.0
73,20,p048,0,10.440000000000001,5.220000000000001,100.0,1.0,1.0,0,34.0,1.0
73,20,p048,1,28.52,14.26,98.0,1.0,1.0,1,47.0,1.0
73,20,p048,2,4.8,2.4,100.0,1.0,1.0,0,30.0,0.0
73,20,p048,3,16.08,8.04,100.0,1.0,1.0,0,38.0,2.0
73,20,p048,4,34.16,17.08,98.33333333333333,1.0,1.0,1,51.0,2.0
73,20,p048,5,4.8,2.4,100.0,1.0,1.0,0,30.0,0.0
73,20,p048,6,15.600000000000001,7.800000000000001,100.0,1.0,1.0,0,35.0,2.0
73,20,p048,7,33.52,16.76,98.33333333333333,1.0,1.0,1,47.0,2.0
73,20,p048,8,35.86,17.93,100.0,1.0,1.0,1,51.0,4.0
73,20,p048,9,26.74,13.37,100.0,1.0,1.0,0,44.0,4.0
73,20,p048,10,10.440000000000001,5.220000000000001,100.0,1.0,1.0,0,34.0,1.0
73,20,p048,11,10.280000000000001,5.140000000000001,100.0,1.0,1.0,0,33.0,1.0
73,20,p048,12,48.839999999999996,24.419999999999998,97.0,1.0,1.0,1,59.0,8.0
73,20,p048,13,10.600000000000001,5.300000000000001,100.0,1.0,1.0,0,35.0,1.0
73,20,p048,14,20.22,10.11,20.0,0.0,0.0,0,17.0,1.0
73,20,p048,15,46.28,23.14,95.71428571428571,1.0,1.0,1,58.0,1.0
73,40,p037,0,100.0,53.17,58.68421052631579,1.0,0.0,1,74.0,16.0
73,40,p037,1,11.72,5.86,20.0,0.0,0.0,0,12.0,1.0
73,40,p037,2,9.34,4.67,100.0,1.0,1.0,0,29.0,1.0
73,40,p037,3,11.26,5.63,20.0,0.0,0.0,0,11.0,1.0
73,40,p037,4,9.34,4.67,100.0,1.0,1.0,0,29.0,1.0
73,40,p037,5,37.14,18.57,20.0,0.0,0.0,1,29.0,4.0
73,40,p037,6,45.5,22.75,95.71428571428571,1.0,1.0,1,55.0,1.0
73,40,p037,7,15.14,7.57,100.0,1.0,1.0,0,34.0,2.0
73,40,p037,8,9.66,4.83,100.0,1.0,1.0,0,31.0,1.0
73,40,p037,9,25.96,12.98,100.0,1.0,1.0,0,41.0,4.0
73,40,p037,10,14.68,7.34,100.0,1.0,1.0,0,33.0,2.0
73,40,p037,11,20.84,10.42,20.0,0.0,0.0,0,19.0,1.0
73,40,p037,12,14.36,7.18,100.0,1.0,1.0,0,31.0,2.0
73,40,p037,13,23.64,11.82,100.0,1.0,1.0,0,39.0,2.0
73,40,p037,14,3.8600000000000003,1.9300000000000002,100.0,1.0,1.0,0,26.0,0.0
73,40,p037,15,24.259999999999998,12.129999999999999,100.0,1.0,1.0,0,41.0,2.0
73,40,p038,0,29.8,14.9,17.5,0.0,0.0,1,25.0,1.0
73,40,p038,1,18.46,9.23,100.0,1.0,1.0,0,36.0,1.0
73,40,p038,2,18.14,9.07,100.0,1.0,1.0,0,34.0,1.0
73,40,p038,3,45.94,22.97,18.57142857142857,0.0,0.0,0,34.0,4.0
73,40,p038,4,47.260000000000005,23.630000000000003,97.0,1.0,1.0,1,51.0,8.0
73,40,p038,5,9.5,4.75,100.0,1.0,1.0,0,30.0,1.0
73,40,p038,6,20.36,10.18,20.0,0.0,0.0,0,16.0,1.0
73,40,p038,7,15.3,7.65,100.0,1.0,1.0,0,35.0,2.0
73,40,p038,8,18.14,9.07,100.0,1.0,1.0,0,34.0,1.0
73,40,p038,9,47.879999999999995,23.939999999999998,97.0,1.0,1.0,1,53.0,8.0
73,40,p038,10,47.900000000000006,23.950000000000003,97.0,1.0,1.0,1,55.0,8.0
73,40,p038,11,14.68,7.34,100.0,1.0,1.0,0,33.0,2.0
73,40,p038,12,26.1,13.05,100.0,1.0,1.0,0,40.0,4.0
73,40,p038,13,20.68,10.34,20.0,0.0,0.0,0,18.0,1.0
73,40,p038,14,9.5,4.75,100.0,1.0,1.0,0,30.0,1.0
73,40,p038,15,3.8600000000000003,1.9300000000000002,100.0,1.0,1.0,0,26.0,0.0
73,40,p039,0,3.8600000000000003,1.9300000000000002,100.0,1.0,1.0,0,26.0,0.0
73,40,p039,1,15.3,7.65,100.0,1.0,1.0,0,35.0,2.0
73,40,p039,2,11.26,5.63,20.0,0.0,0.0,0,11.0,1.0
73,40,p039,3,21.78,10.89,97.5,1.0,1.0,1,38.0,0.0
73,40,p039,4,17.36,8.68,20.0,0.0,0.0,1,16.0,2.0
73,40,p039,5,27.58,13.79,98.0,1.0,1.0,0,43.0,1.0
73,40,p039,6,34.76,17.38,100.0,1.0,1.0,0,46.0,4.0
73,40,p039,7,18.46,9.23,100.0,1.0,1.0,0,36.0,1.0
73,40,p039,8,33.22,16.61,98.33333333333333,1.0,1.0,1,47.0,2.0
73,40,p039,9,9.66,4.83,100.0,1.0,1.0,0,31.0,1.0
73,40,p039,10,9.34,4.67,100.0,1.0,1.0,0,29.0,1.0
73,40,p039,11,27.419999999999998,13.709999999999999,98.0,1.0,1.0,0,42.0,1.0
73,40,p039,12,9.5,4.75,100.0,1.0,1.0,0,30.0,1.0
73,40,p039,13,12.82,6.41,100.0,1.0,1.0,0,32.0,0.0
73,40,p039,14,9.66,4.83,100.0,1.0,1.0,0,31.0,1.0
73,40,p039,15,45.34,22.67,95.71428571428571,1.0,1.0,1,54.0,1.0
73,40,p040,0,6.080000000000001,3.0400000000000005,20.0,0.0,0.0,0,8.0,0.0
73,40,p040,1,9.34,4.67,100.0,1.0,1.0,0,29.0,1.0
73,40,p040,2,50.980000000000004,25.490000000000002,96.25,1.0,1.0,1,58.0,2.0
73,40,p040,3,20.22,10.11,20.0,0.0,0.0,0,17.0,1.0
73,40,p040,4,17.52,8.76,20.0,0.0,0.0,0,17.0,2.0
73,40,p040,5,26.96,13.48,98.0,1.0,1.0,0,41.0,1.0
73,40,p040,6,9.18,4.59,100.0,1.0,1.0,0,28.0,1.0
73,40,p040,7,18.0,9.0,100.0,1.0,1.0,0,35.0,1.0
73,40,p040,8,18.0,9.0,100.0,1.0,1.0,0,35.0,1.0
73,40,p040,9,45.94,22.97,18.57142857142857,0.0,0.0,0,34.0,4.0
73,40,p040,10,50.42,25.21,16.666666666666664,0.0,0.0,1,37.0,8.0
73,40,p040,11,94.13999999999999,47.06999999999999,13.529411764705882,0.0,0.0,1,64.0,16.0
73,40,p040,12,25.64,12.82,100.0,1.0,1.0,0,39.0,4.0
73,40,p040,13,26.1,13.05,100.0,1.0,1.0,0,40.0,4.0
73,40,p040,14,51.14,25.57,96.25,1.0,1.0,1,59.0,2.0
73,40,p040,15,23.32,11.66,100.0,1.0,1.0,0,37.0,2.0
73,40,p041,0,18.619999999999997,9.309999999999999,100.0,1.0,1.0,0,37.0,1.0
73,40,p041,1,3.8600000000000003,1.9300000000000002,100.0,1.0,1.0,0,26.0,0.0
73,40,p041,2,9.34,4.67,100.0,1.0,1.0,0,29.0,1.0
73,40,p041,3,9.5,4.75,100.0,1.0,1.0,0,30.0,1.0
73,40,p041,4,14.66,7.33,100.0,1.0,1.0,0,31.0,2.0
73,40,p041,5,14.68,7.34,100.0,1.0,1.0,0,33.0,2.0
73,40,p041,6,15.14,7.57,100.0,1.0,1.0,0,34.0,2.0
73,40,p041,7,9.18,4.59,100.0,1.0,1.0,0,28.0,1.0
73,40,p041,8,9.34,4.67,100.0,1.0,1.0,0,29.0,1.0
73,40,p041,9,25.96,12.98,100.0,1.0,1.0,0,41.0,4.0
73,40,p041,10,45.02,22.51,95.71428571428571,1.0,1.0,1,52.0,1.0
73,40,p041,11,18.3,9.15,100.0,1.0,1.0,0,35.0,1.0
73,40,p041,12,9.34,4.67,100.0,1.0,1.0,0,29.0,1.0
73,40,p041,13,27.419999999999998,13.709999999999999,98.0,1.0,1.0,0,42.0,1.0
73,40,p041,14,16.880000000000003,8.440000000000001,20.0,0.0,0.0,1,13.0,2.0
73,40,p041,15,18.619999999999997,9.309999999999999,100.0,1.0,1.0,0,37.0,1.0
73,40,p042,0,25.96,12.98,100.0,1.0,1.0,0,41.0,4.0
73,40,p042,1,26.96,13.48,98.0,1.0,1.0,0,41.0,1.0
73,40,p042,2,93.97999999999999,46.989999999999995,13.529411764705882,0.0,0.0,1,63.0,16.0
73,40,p042,3,18.0,9.0,100.0,1.0,1.0,0,35.0,1.0
73,40,p042,4,14.68,7.34,100.0,1.0,1.0,0,33.0,2.0
73,40,p042,5,26.1,13.05,100.0,1.0,1.0,0,40.0,4.0
73,40,p042,6,9.66,4.83,100.0,1.0,1.0,0,31.0,1.0
73,40,p042,7,25.86,12.93,20.0,0.0,0.0,0,21.0,2.0
73,40,p042,8,3.8600000000000003,1.9300000000000002,100.0,1.0,1.0,0,26.0,0.0
73,40,p042,9,24.259999999999998,12.129999999999999,100.0,1.0,1.0,0,41.0,2.0
73,40,p042,10,9.34,4.67,100.0,1.0,1.0,0,29.0,1.0
73,40,p042,11,33.22,16.61,98.33333333333333,1.0,1.0,1,47.0,2.0
73,40,p042,12,9.66,4.83,100.0,1.0,1.0,0,31.0,1.0
73,40,p042,13,25.64,12.82,100.0,1.0,1.0,0,39.0,4.0
73,40,p042,14,15.14,7.57,100.0,1.0,1.0,0,34.0,2.0
73,40,p042,15,27.419999999999998,13.709999999999999,98.0,1.0,1.0,0,42.0,1.0
73,40,p043,0,4.180000000000001,2.0900000000000003,100.0,1.0,1.0,0,28.0,0.0
73,40,p043,1,32.6,16.3,98.33333333333333,1.0,1.0,0,45.0,2.0
73,40,p043,2,4.180000000000001,2.0900000000000003,100.0,1.0,1.0,0,28.0,0.0
73,40,p043,3,18.46,9.23,100.0,1.0,1.0,0,36.0,1.0
73,40,p043,4,15.0,7.5,100.0,1.0,1.0,0,35.0,2.0
73,40,p043,5,11.4,5.7,20.0,0.0,0.0,0,10.0,1.0
73,40,p043,6,11.56,5.78,20.0,0.0,0.0,0,11.0,1.0
73,40,p043,7,9.36,4.68,100.0,1.0,1.0,0,31.0,1.0
73,40,p043,8,11.26,5.63,20.0,0.0,0.0,0,11.0,1.0
73,40,p043,9,26.279999999999998,13.139999999999999,100.0,1.0,1.0,0,43.0,4.0
73,40,p043,10,27.419999999999998,13.709999999999999,98.0,1.0,1.0,0,42.0,1.0
73,40,p043,11,11.26,5.63,20.0,0.0,0.0,0,11.0,1.0
73,40,p043,12,9.5,4.75,100.0,1.0,1.0,0,30.0,1.0
73,40,p043,13,11.4,5.7,20.0,0.0,0.0,0,10.0,1.0
73,40,p043,14,11.56,5.78,20.0,0.0,0.0,0,11.0,1.0
73,40,p043,15,88.9,44.45,58.529411764705884,1.0,0.0,1,65.0,16.0
73,40,p044,0,14.68,7.34,100.0,1.0,1.0,0,33.0,2.0
73,40,p044,1,18.619999999999997,9.309999999999999,100.0,1.0,1.0,0,37.0,1.0
73,40,p044,2,27.279999999999998,13.639999999999999,98.0,1.0,1.0,0,43.0,1.0
73,40,p044,3,9.36,4.68,100.0,1.0,1.0,0,31.0,1.0
73,40,p044,4,14.98,7.49,100.0,1.0,1.0,0,33.0,2.0
73,40,p044,5,20.68,10.34,20.0,0.0,0.0,0,18.0,1.0
73,40,p044,6,23.939999999999998,11.969999999999999,100.0,1.0,1.0,0,39.0,2.0
73,40,p044,7,44.04,22.02,98.75,1.0,1.0,1,54.0,4.0
73,40,p044,8,14.68,7.34,100.0,1.0,1.0,0,33.0,2.0
73,40,p044,9,23.939999999999998,11.969999999999999,100.0,1.0,1.0,0,39.0,2.0
73,40,p044,10,27.419999999999998,13.709999999999999,98.0,1.0,1.0,0,42.0,1.0
73,40,p044,11,48.2,24.1,97.0,1.0,1.0,1,55.0,8.0
73,40,p044,12,25.96,12.98,100.0,1.0,1.0,0,41.0,4.0
73,40,p044,13,9.36,4.68,100.0,1.0,1.0,0,31.0,1.0
73,40,p044,14,20.84,10.42,20.0,0.0,0.0,0,19.0,1.0
73,40,p044,15,4.180000000000001,2.0900000000000003,100.0,1.0,1.0,0,28.0,0.0
73,40,p045,0,18.619999999999997,9.309999999999999,100.0,1.0,1.0,0,37.0,1.0
73,40,p045,1,13.14,6.57,100.0,1.0,1.0,0,34.0,0.0
73,40,p045,2,11.56,5.78,20.0,0.0,0.0,0,11.0,1.0
73,40,p045,3,25.799999999999997,12.899999999999999,100.0,1.0,1.0,0,40.0,4.0
73,40,p045,4,9.36,4.68,100.0,1.0,1.0,0,31.0,1.0
73,40,p045,5,9.36,4.68,100.0,1.0,1.0,0,31.0,1.0
73,40,p045,6,18.619999999999997,9.309999999999999,100.0,1.0,1.0,0,37.0,1.0
73,40,p045,7,27.9,13.95,98.0,1.0,1.0,0,45.0,1.0
73,40,p045,8,14.68,7.34,100.0,1.0,1.0,0,33.0,2.0
73,40,p045,9,14.98,7.49,100.0,1.0,1.0,0,33.0,2.0
73,40,p045,10,14.68,7.34,100.0,1.0,1.0,0,33.0,2.0
73,40,p045,11,9.66,4.83,100.0,1.0,1.0,0,31.0,1.0
73,40,p045,12,15.0,7.5,100.0,1.0,1.0,0,35.0,2.0
73,40,p045,13,14.68,7.34,100.0,1.0,1.0,0,33.0,2.0
73,40,p045,14,25.799999999999997,12.899999999999999,100.0,1.0,1.0,0,40.0,4.0
73,40,p045,15,9.36,4.68,100.0,1.0,1.0,0,31.0,1.0
73,40,p046,0,27.04,13.52,100.0,1.0,1.0,0,44.0,4.0
73,40,p046,1,15.600000000000001,7.800000000000001,100.0,1.0,1.0,0,35.0,2.0
73,40,p046,2,20.36,10.18,20.0,0.0,0.0,0,16.0,1.0
73,40,p046,3,16.240000000000002,8.120000000000001,100.0,1.0,1.0,0,39.0,2.0
73,40,p046,4,33.54,16.77,98.33333333333333,1.0,1.0,1,49.0,2.0
73,40,p046,5,10.440000000000001,5.220000000000001,100.0,1.0,1.0,0,34.0,1.0
73,40,p046,6,4.8,2.4,100.0,1.0,1.0,0,30.0,0.0
73,40,p046,7,11.56,5.78,20.0,0.0,0.0,0,11.0,1.0
73,40,p046,8,10.600000000000001,5.300000000000001,100.0,1.0,1.0,0,35.0,1.0
73,40,p046,9,10.280000000000001,5.140000000000001,100.0,1.0,1.0,0,33.0,1.0
73,40,p046,10,10.600000000000001,5.300000000000001,100.0,1.0,1.0,0,35.0,1.0
73,40,p046,11,10.600000000000001,5.300000000000001,100.0,1.0,1.0,0,35.0,1.0
73,40,p046,12,10.120000000000001,5.0600000000000005,100.0,1.0,1.0,0,32.0,1.0
73,40,p046,13,9.98,4.99,100.0,1.0,1.0,0,33.0,1.0
73,40,p046,14,10.280000000000001,5.140000000000001,100.0,1.0,1.0,0,33.0,1.0
73,40,p046,15,4.8,2.4,100.0,1.0,1.0,0,30.0,0.0
73,40,p047,0,28.52,14.26,98.0,1.0,1.0,1,47.0,1.0
73,40,p047,1,4.8,2.4,100.0,1.0,1.0,0,30.0,0.0
73,40,p047,2,15.3,7.65,100.0,1.0,1.0,0,35.0,2.0
73,40,p047,3,25.04,12.52,100.0,1.0,1.0,0,44.0,2.0
73,40,p047,4,25.84,12.92,20.0,0.0,0.0,0,19.0,2.0
73,40,p047,5,4.8,2.4,100.0,1.0,1.0,0,30.0,0.0
73,40,p047,6,10.600000000000001,5.300000000000001,100.0,1.0,1.0,0,35.0,1.0
73,40,p047,7,10.280000000000001,5.140000000000001,100.0,1.0,1.0,0,33.0,1.0
73,40,p047,8,19.4,9.7,100.0,1.0,1.0,0,40.0,1.0
73,40,p047,9,35.86,17.93,100.0,1.0,1.0,1,51.0,4.0
73,40,p047,10,11.56,5.78,20.0,0.0,0.0,0,11.0,1.0
73,40,p047,11,11.88,5.94,20.0,0.0,0.0,0,13.0,1.0
73,40,p047,12,24.58,12.29,100.0,1.0,1.0,0,43.0,2.0
73,40,p047,13,29.64,14.82,17.5,0.0,0.0,1,24.0,1.0
73,40,p047,14,26.58,13.29,100.0,1.0,1.0,0,43.0,4.0
73,40,p047,15,19.560000000000002,9.780000000000001,100.0,1.0,1.0,0,41.0,1.0
73,40,p048,0,19.4,9.7,100.0,1.0,1.0,0,40.0,1.0
73,40,p048,1,28.52,14.26,98.0,1.0,1.0,1,47.0,1.0
73,40,p048,2,4.8,2.4,100.0,1.0,1.0,0,30.0,0.0
73,40,p048,3,16.08,8.04,100.0,1.0,1.0,0,38.0,2.0
73,40,p048,4,34.16,17.08,98.33333333333333,1.0,1.0,1,51.0,2.0
73,40,p048,5,4.8,2.4,100.0,1.0,1.0,0,30.0,0.0
73,40,p048,6,15.600000000000001,7.800000000000001,100.0,1.0,1.0,0,35.0,2.0
73,40,p048,7,33.52,16.76,98.33333333333333,1.0,1.0,1,47.0,2.0
73,40,p048,8,35.86,17.93,100.0,1.0,1.0,1,51.0,4.0
73,40,p048,9,26.74,13.37,100.0,1.0,1.0,0,44.0,4.0
73,40,p048,10,10.440000000000001,5.220000000000001,100.0,1.0,1.0,0,34.0,1.0
73,40,p048,11,10.280000000000001,5.140000000000001,100.0,1.0,1.0,0,33.0,1.0
73,40,p048,12,48.839999999999996,24.419999999999998,97.0,1.0,1.0,1,59.0,8.0
73,40,p048,13,10.600000000000001,5.300000000000001,100.0,1.0,1.0,0,35.0,1.0
73,40,p048,14,29.18,14.59,17.5,0.0,0.0,1,23.0,1.0
73,40,p048,15,52.08,26.04,96.25,1.0,1.0,1,63.0,2.0
73,60,p037,0,100.0,53.17,58.68421052631579,1.0,0.0,1,74.0,16.0
73,60,p037,1,17.52,8.76,20.0,0.0,0.0,0,17.0,2.0
73,60,p037,2,14.66,7.33,100.0,1.0,1.0,0,31.0,2.0
73,60,p037,3,11.26,5.63,20.0,0.0,0.0,0,11.0,1.0
73,60,p037,4,9.34,4.67,100.0,1.0,1.0,0,29.0,1.0
73,60,p037,5,46.1,23.05,18.57142857142857,0.0,0.0,0,35.0,4.0
73,60,p037,6,45.5,22.75,95.71428571428571,1.0,1.0,1,55.0,1.0
73,60,p037,7,15.14,7.57,100.0,1.0,1.0,0,34.0,2.0
73,60,p037,8,24.1,12.05,100.0,1.0,1.0,0,40.0,2.0
73,60,p037,9,25.96,12.98,100.0,1.0,1.0,0,41.0,4.0
73,60,p037,10,25.96,12.98,100.0,1.0,1.0,0,41.0,4.0
73,60,p037,11,20.84,10.42,20.0,0.0,0.0,0,19.0,1.0
73,60,p037,12,23.32,11.66,100.0,1.0,1.0,0,37.0,2.0
73,60,p037,13,23.64,11.82,100.0,1.0,1.0,0,39.0,2.0
73,60,p037,14,3.8600000000000003,1.9300000000000002,100.0,1.0,1.0,0,26.0,0.0
73,60,p037,15,24.259999999999998,12.129999999999999,100.0,1.0,1.0,0,41.0,2.0
73,60,p038,0,35.28,17.64,18.0,0.0,0.0,0,28.0,2.0
73,60,p038,1,27.419999999999998,13.709999999999999,98.0,1.0,1.0,0,42.0,1.0
73,60,p038,2,18.14,9.07,100.0,1.0,1.0,0,34.0,1.0
73,60,p038,3,45.94,22.97,18.57142857142857,0.0,0.0,0,34.0,4.0
73,60,p038,4,91.6,45.8,93.88888888888889,1.0,1.0,1,80.0,16.0
73,60,p038,5,18.46,9.23,100.0,1.0,1.0,0,36.0,1.0
73,60,p038,6,29.32,14.66,17.5,0.0,0.0,1,22.0,1.0
73,60,p038,7,26.1,13.05,100.0,1.0,1.0,0,40.0,4.0
73,60,p038,8,18.14,9.07,100.0,1.0,1.0,0,34.0,1.0
73,60,p038,9,56.839999999999996,28.419999999999998,97.27272727272728,1.0,1.0,1,59.0,8.0
73,60,p038,10,47.900000000000006,23.950000000000003,97.0,1.0,1.0,1,55.0,8.0
73,60,p038,11,25.96,12.98,100.0,1.0,1.0,0,41.0,4.0
73,60,p038,12,26.1,13.05,100.0,1.0,1.0,0,40.0,4.0
73,60,p038,13,35.44,17.72,18.0,0.0,0.0,0,29.0,2.0
73,60,p038,14,9.5,4.75,100.0,1.0,1.0,0,30.0,1.0
73,60,p038,15,3.8600000000000003,1.9300000000000002,100.0,1.0,1.0,0,26.0,0.0
73,60,p039,0,12.82,6.41,100.0,1.0,1.0,0,32.0,0.0
73,60,p039,1,15.3,7.65,100.0,1.0,1.0,0,35.0,2.0
73,60,p039,2,11.26,5.63,20.0,0.0,0.0,0,11.0,1.0
73,60,p039,3,21.78,10.89,97.5,1.0,1.0,1,38.0,0.0
73,60,p039,4,17.36,8.68,20.0,0.0,0.0,1,16.0,2.0
73,60,p039,5,27.58,13.79,98.0,1.0,1.0,0,43.0,1.0
73,60,p039,6,56.38,28.19,97.27272727272728,1.0,1.0,1,58.0,8.0
73,60,p039,7,18.46,9.23,100.0,1.0,1.0,0,36.0,1.0
73,60,p039,8,33.22,16.61,98.33333333333333,1.0,1.0,1,47.0,2.0
73,60,p039,9,9.66,4.83,100.0,1.0,1.0,0,31.0,1.0
73,60,p039,10,18.3,9.15,100.0,1.0,1.0,0,35.0,1.0
73,60,p039,11,27.419999999999998,13.709999999999999,98.0,1.0,1.0,0,42.0,1.0
73,60,p039,12,9.5,4.75,100.0,1.0,1.0,0,30.0,1.0
73,60,p039,13,21.78,10.89,97.5,1.0,1.0,1,38.0,0.0
73,60,p039,14,18.619999999999997,9.309999999999999,100.0,1.0,1.0,0,37.0,1.0
73,60,p039,15,45.34,22.67,95.71428571428571,1.0,1.0,1,54.0,1.0
73,60,p040,0,6.080000000000001,3.0400000000000005,20.0,0.0,0.0,0,8.0,0.0
73,60,p040,1,9.34,4.67,100.0,1.0,1.0,0,29.0,1.0
73,60,p040,2,50.980000000000004,25.490000000000002,96.25,1.0,1.0,1,58.0,2.0
73,60,p040,3,20.22,10.11,20.0,0.0,0.0,0,17.0,1.0
73,60,p040,4,28.32,14.16,20.0,0.0,0.0,1,22.0,4.0
73,60,p040,5,26.96,13.48,98.0,1.0,1.0,0,41.0,1.0
73,60,p040,6,9.18,4.59,100.0,1.0,1.0,0,28.0,1.0
73,60,p040,7,18.0,9.0,100.0,1.0,1.0,0,35.0,1.0
73,60,p040,8,18.0,9.0,100.0,1.0,1.0,0,35.0,1.0
73,60,p040,9,45.94,22.97,18.57142857142857,0.0,0.0,0,34.0,4.0
73,60,p040,10,50.42,25.21,16.666666666666664,0.0,0.0,1,37.0,8.0
73,60,p040,11,94.13999999999999,47.06999999999999,13.529411764705882,0.0,0.0,1,64.0,16.0
73,60,p040,12,25.64,12.82,100.0,1.0,1.0,0,39.0,4.0
73,60,p040,13,57.16,28.58,97.27272727272728,1.0,1.0,1,61.0,8.0
73,60,p040,14,51.14,25.57,96.25,1.0,1.0,1,59.0,2.0
73,60,p040,15,34.76,17.38,100.0,1.0,1.0,0,46.0,4.0
73,60,p041,0,24.1,12.05,100.0,1.0,1.0,0,40.0,2.0
73,60,p041,1,3.8600000000000003,1.9300000000000002,100.0,1.0,1.0,0,26.0,0.0
73,60,p041,2,9.34,4.67,100.0,1.0,1.0,0,29.0,1.0
73,60,p041,3,9.5,4.75,100.0,1.0,1.0,0,30.0,1.0
73,60,p041,4,14.66,7.33,100.0,1.0,1.0,0,31.0,2.0
73,60,p041,5,14.68,7.34,100.0,1.0,1.0,0,33.0,2.0
73,60,p041,6,25.64,12.82,100.0,1.0,1.0,0,39.0,4.0
73,60,p041,7,14.36,7.18,100.0,1.0,1.0,0,31.0,2.0
73,60,p041,8,14.66,7.33,100.0,1.0,1.0,0,31.0,2.0
73,60,p041,9,25.96,12.98,100.0,1.0,1.0,0,41.0,4.0
73,60,p041,10,50.2,25.1,96.25,1.0,1.0,1,55.0,2.0
73,60,p041,11,23.619999999999997,11.809999999999999,100.0,1.0,1.0,0,37.0,2.0
73,60,p041,12,9.34,4.67,100.0,1.0,1.0,0,29.0,1.0
73,60,p041,13,27.419999999999998,13.709999999999999,98.0,1.0,1.0,0,42.0,1.0
73,60,p041,14,27.7,13.85,20.0,0.0,0.0,1,20.0,4.0
73,60,p041,15,24.1,12.05,100.0,1.0,1.0,0,40.0,2.0
73,60,p042,0,25.96,12.98,100.0,1.0,1.0,0,41.0,4.0
73,60,p042,1,32.6,16.3,98.33333333333333,1.0,1.0,0,45.0,2.0
73,60,p042,2,93.97999999999999,46.989999999999995,13.529411764705882,0.0,0.0,1,63.0,16.0
73,60,p042,3,18.0,9.0,100.0,1.0,1.0,0,35.0,1.0
73,60,p042,4,25.96,12.98,100.0,1.0,1.0,0,41.0,4.0
73,60,p042,5,26.1,13.05,100.0,1.0,1.0,0,40.0,4.0
73,60,p042,6,15.14,7.57,100.0,1.0,1.0,0,34.0,2.0
73,60,p042,7,25.86,12.93,20.0,0.0,0.0,0,21.0,2.0
73,60,p042,8,3.8600000000000003,1.9300000000000002,100.0,1.0,1.0,0,26.0,0.0
73,60,p042,9,24.259999999999998,12.129999999999999,100.0,1.0,1.0,0,41.0,2.0
73,60,p042,10,9.34,4.67,100.0,1.0,1.0,0,29.0,1.0
73,60,p042,11,33.22,16.61,98.33333333333333,1.0,1.0,1,47.0,2.0
73,60,p042,12,9.66,4.83,100.0,1.0,1.0,0,31.0,1.0
73,60,p042,13,25.64,12.82,100.0,1.0,1.0,0,39.0,4.0
73,60,p042,14,15.14,7.57,100.0,1.0,1.0,0,34.0,2.0
73,60,p042,15,27.419999999999998,13.709999999999999,98.0,1.0,1.0,0,42.0,1.0
73,60,p043,0,13.14,6.57,100.0,1.0,1.0,0,34.0,0.0
73,60,p043,1,32.6,16.3,98.33333333333333,1.0,1.0,0,45.0,2.0
73,60,p043,2,4.180000000000001,2.0900000000000003,100.0,1.0,1.0,0,28.0,0.0
73,60,p043,3,18.46,9.23,100.0,1.0,1.0,0,36.0,1.0
73,60,p043,4,26.279999999999998,13.139999999999999,100.0,1.0,1.0,0,43.0,4.0
73,60,p043,5,11.4,5.7,20.0,0.0,0.0,0,10.0,1.0
73,60,p043,6,16.880000000000003,8.440000000000001,20.0,0.0,0.0,1,13.0,2.0
73,60,p043,7,9.36,4.68,100.0,1.0,1.0,0,31.0,1.0
73,60,p043,8,11.26,5.63,20.0,0.0,0.0,0,11.0,1.0
73,60,p043,9,35.239999999999995,17.619999999999997,100.0,1.0,1.0,1,49.0,4.0
73,60,p043,10,27.419999999999998,13.709999999999999,98.0,1.0,1.0,0,42.0,1.0
73,60,p043,11,20.22,10.11,20.0,0.0,0.0,0,17.0,1.0
73,60,p043,12,9.5,4.75,100.0,1.0,1.0,0,30.0,1.0
73,60,p043,13,11.4,5.7,20.0,0.0,0.0,0,10.0,1.0
73,60,p043,14,11.56,5.78,20.0,0.0,0.0,0,11.0,1.0
73,60,p043,15,97.86,48.93,58.888888888888886,1.0,0.0,1,71.0,16.0
73,60,p044,0,16.58,8.29,20.0,0.0,0.0,1,13.0,2.0
73,60,p044,1,18.619999999999997,9.309999999999999,100.0,1.0,1.0,0,37.0,1.0
73,60,p044,2,27.279999999999998,13.639999999999999,98.0,1.0,1.0,0,43.0,1.0
73,60,p044,3,9.36,4.68,100.0,1.0,1.0,0,31.0,1.0
73,60,p044,4,14.98,7.49,100.0,1.0,1.0,0,33.0,2.0
73,60,p044,5,20.68,10.34,20.0,0.0,0.0,0,18.0,1.0
73,60,p044,6,23.939999999999998,11.969999999999999,100.0,1.0,1.0,0,39.0,2.0
73,60,p044,7,44.04,22.02,98.75,1.0,1.0,1,54.0,4.0
73,60,p044,8,14.68,7.34,100.0,1.0,1.0,0,33.0,2.0
73,60,p044,9,23.939999999999998,11.969999999999999,100.0,1.0,1.0,0,39.0,2.0
73,60,p044,10,32.6,16.3,98.33333333333333,1.0,1.0,0,45.0,2.0
73,60,p044,11,89.52,44.76,58.529411764705884,1.0,0.0,1,67.0,16.0
73,60,p044,12,25.96,12.98,100.0,1.0,1.0,0,41.0,4.0
73,60,p044,13,18.32,9.16,100.0,1.0,1.0,0,37.0,1.0
73,60,p044,14,20.84,10.42,20.0,0.0,0.0,0,19.0,1.0
73,60,p044,15,4.180000000000001,2.0900000000000003,100.0,1.0,1.0,0,28.0,0.0
73,60,p045,0,23.939999999999998,11.969999999999999,100.0,1.0,1.0,0,39.0,2.0
73,60,p045,1,13.14,6.57,100.0,1.0,1.0,0,34.0,0.0
73,60,p045,2,16.880000000000003,8.440000000000001,20.0,0.0,0.0,1,13.0,2.0
73,60,p045,3,25.799999999999997,12.899999999999999,100.0,1.0,1.0,0,40.0,4.0
73,60,p045,4,9.36,4.68,100.0,1.0,1.0,0,31.0,1.0
73,60,p045,5,9.36,4.68,100.0,1.0,1.0,0,31.0,1.0
73,60,p045,6,23.939999999999998,11.969999999999999,100.0,1.0,1.0,0,39.0,2.0
73,60,p045,7,27.9,13.95,98.0,1.0,1.0,0,45.0,1.0
73,60,p045,8,14.68,7.34,100.0,1.0,1.0,0,33.0,2.0
73,60,p045,9,14.98,7.49,100.0,1.0,1.0,0,33.0,2.0
73,60,p045,10,14.68,7.34,100.0,1.0,1.0,0,33.0,2.0
73,60,p045,11,9.66,4.83,100.0,1.0,1.0,0,31.0,1.0
73,60,p045,12,26.279999999999998,13.139999999999999,100.0,1.0,1.0,0,43.0,4.0
73,60,p045,13,26.119999999999997,13.059999999999999,100.0,1.0,1.0,0,42.0,4.0
73,60,p045,14,34.76,17.38,100.0,1.0,1.0,0,46.0,4.0
73,60,p045,15,18.32,9.16,100.0,1.0,1.0,0,37.0,1.0
73,60,p046,0,36.0,18.0,100.0,1.0,1.0,1,50.0,4.0
73,60,p046,1,15.600000000000001,7.800000000000001,100.0,1.0,1.0,0,35.0,2.0
73,60,p046,2,29.32,14.66,17.5,0.0,0.0,1,22.0,1.0
73,60,p046,3,27.04,13.52,100.0,1.0,1.0,0,44.0,4.0
73,60,p046,4,33.54,16.77,98.33333333333333,1.0,1.0,1,49.0,2.0
73,60,p046,5,10.440000000000001,5.220000000000001,100.0,1.0,1.0,0,34.0,1.0
73,60,p046,6,4.8,2.4,100.0,1.0,1.0,0,30.0,0.0
73,60,p046,7,25.84,12.92,20.0,0.0,0.0,0,19.0,2.0
73,60,p046,8,10.600000000000001,5.300000000000001,100.0,1.0,1.0,0,35.0,1.0
73,60,p046,9,10.280000000000001,5.140000000000001,100.0,1.0,1.0,0,33.0,1.0
73,60,p046,10,10.600000000000001,5.300000000000001,100.0,1.0,1.0,0,35.0,1.0
73,60,p046,11,19.560000000000002,9.780000000000001,100.0,1.0,1.0,0,41.0,1.0
73,60,p046,12,10.120000000000001,5.0600000000000005,100.0,1.0,1.0,0,32.0,1.0
73,60,p046,13,9.98,4.99,100.0,1.0,1.0,0,33.0,1.0
73,60,p046,14,10.280000000000001,5.140000000000001,100.0,1.0,1.0,0,33.0,1.0
73,60,p046,15,4.8,2.4,100.0,1.0,1.0,0,30.0,0.0
73,60,p047,0,28.52,14.26,98.0,1.0,1.0,1,47.0,1.0
73,60,p047,1,4.8,2.4,100.0,1.0,1.0,0,30.0,0.0
73,60,p047,2,15.3,7.65,100.0,1.0,1.0,0,35.0,2.0
73,60,p047,3,25.04,12.52,100.0,1.0,1.0,0,44.0,2.0
73,60,p047,4,25.84,12.92,20.0,0.0,0.0,0,19.0,2.0
73,60,p047,5,13.76,6.88,100.0,1.0,1.0,0,36.0,0.0
73,60,p047,6,10.600000000000001,5.300000000000001,100.0,1.0,1.0,0,35.0,1.0
73,60,p047,7,24.560000000000002,12.280000000000001,100.0,1.0,1.0,0,41.0,2.0
73,60,p047,8,19.4,9.7,100.0,1.0,1.0,0,40.0,1.0
73,60,p047,9,57.8,28.9,97.27272727272728,1.0,1.0,1,65.0,8.0
73,60,p047,10,11.56,5.78,20.0,0.0,0.0,0,11.0,1.0
73,60,p047,11,11.88,5.94,20.0,0.0,0.0,0,13.0,1.0
73,60,p047,12,35.86,17.93,100.0,1.0,1.0,1,51.0,4.0
73,60,p047,13,29.64,14.82,17.5,0.0,0.0,1,24.0,1.0
73,60,p047,14,26.58,13.29,100.0,1.0,1.0,0,43.0,4.0
73,60,p047,15,19.560000000000002,9.780000000000001,100.0,1.0,1.0,0,41.0,1.0
73,60,p048,0,19.4,9.7,100.0,1.0,1.0,0,40.0,1.0
73,60,p048,1,28.52,14.26,98.0,1.0,1.0,1,47.0,1.0
73,60,p048,2,4.8,2.4,100.0,1.0,1.0,0,30.0,0.0
73,60,p048,3,16.08,8.04,100.0,1.0,1.0,0,38.0,2.0
73,60,p048,4,34.16,17.08,98.33333333333333,1.0,1.0,1,51.0,2.0
73,60,p048,5,4.8,2.4,100.0,1.0,1.0,0,30.0,0.0
73,60,p048,6,35.379999999999995,17.689999999999998,100.0,1.0,1.0,1,48.0,4.0
73,60,p048,7,44.34,22.17,98.75,1.0,1.0,1,54.0,4.0
73,60,p048,8,35.86,17.93,100.0,1.0,1.0,1,51.0,4.0
73,60,p048,9,35.7,17.85,100.0,1.0,1.0,1,50.0,4.0
73,60,p048,10,10.440000000000001,5.220000000000001,100.0,1.0,1.0,0,34.0,1.0
73,60,p048,11,15.600000000000001,7.800000000000001,100.0,1.0,1.0,0,35.0,2.0
73,60,p048,12,48.839999999999996,24.419999999999998,97.0,1.0,1.0,1,59.0,8.0
73,60,p048,13,10.600000000000001,5.300000000000001,100.0,1.0,1.0,0,35.0,1.0
73,60,p048,14,29.18,14.59,17.5,0.0,0.0,1,23.0,1.0
73,60,p048,15,52.08,26.04,96.25,1.0,1.0,1,63.0,2.0
73,80,p037,0,100.0,53.17,58.68421052631579,1.0,0.0,1,74.0,16.0
73,80,p037,1,17.52,8.76,20.0,0.0,0.0,0,17.0,2.0
73,80,p037,2,23.619999999999997,11.809999999999999,100.0,1.0,1.0,0,37.0,2.0
73,80,p037,3,16.9,8.45,20.0,0.0,0.0,1,15.0,2.0
73,80,p037,4,9.34,4.67,100.0,1.0,1.0,0,29.0,1.0
73,80,p037,5,46.1,23.05,18.57142857142857,0.0,0.0,0,35.0,4.0
73,80,p037,6,45.5,22.75,95.71428571428571,1.0,1.0,1,55.0,1.0
73,80,p037,7,25.64,12.82,100.0,1.0,1.0,0,39.0,4.0
73,80,p037,8,24.1,12.05,100.0,1.0,1.0,0,40.0,2.0
73,80,p037,9,25.96,12.98,100.0,1.0,1.0,0,41.0,4.0
73,80,p037,10,25.96,12.98,100.0,1.0,1.0,0,41.0,4.0
73,80,p037,11,20.84,10.42,20.0,0.0,0.0,0,19.0,1.0
73,80,p037,12,23.32,11.66,100.0,1.0,1.0,0,37.0,2.0
73,80,p037,13,34.92,17.46,100.0,1.0,1.0,1,47.0,4.0
73,80,p037,14,3.8600000000000003,1.9300000000000002,100.0,1.0,1.0,0,26.0,0.0
73,80,p037,15,44.02,22.01,98.75,1.0,1.0,1,52.0,4.0
73,80,p038,0,35.28,17.64,18.0,0.0,0.0,0,28.0,2.0
73,80,p038,1,27.419999999999998,13.709999999999999,98.0,1.0,1.0,0,42.0,1.0
73,80,p038,2,27.1,13.55,98.0,1.0,1.0,0,40.0,1.0
73,80,p038,3,67.56,33.78,16.363636363636363,0.0,0.0,1,46.0,8.0
73,80,p038,4,91.6,45.8,93.88888888888889,1.0,1.0,1,80.0,16.0
73,80,p038,5,18.46,9.23,100.0,1.0,1.0,0,36.0,1.0
73,80,p038,6,34.5,17.25,18.0,0.0,0.0,0,25.0,2.0
73,80,p038,7,35.06,17.53,100.0,1.0,1.0,0,46.0,4.0
73,80,p038,8,32.28,16.14,98.33333333333333,1.0,1.0,0,43.0,2.0
73,80,p038,9,98.0,49.0,58.888888888888886,1.0,0.0,1,70.0,16.0
73,80,p038,10,56.86,28.43,97.27272727272728,1.0,1.0,1,61.0,8.0
73,80,p038,11,25.96,12.98,100.0,1.0,1.0,0,41.0,4.0
73,80,p038,12,26.1,13.05,100.0,1.0,1.0,0,40.0,4.0
73,80,p038,13,35.44,17.72,18.0,0.0,0.0,0,29.0,2.0
73,80,p038,14,9.5,4.75,100.0,1.0,1.0,0,30.0,1.0
73,80,p038,15,12.82,6.41,100.0,1.0,1.0,0,32.0,0.0
73,80,p039,0,12.82,6.41,100.0,1.0,1.0,0,32.0,0.0
73,80,p039,1,15.3,7.65,100.0,1.0,1.0,0,35.0,2.0
73,80,p039,2,11.26,5.63,20.0,0.0,0.0,0,11.0,1.0
73,80,p039,3,21.78,10.89,97.5,1.0,1.0,1,38.0,0.0
73,80,p039,4,27.86,13.93,20.0,0.0,0.0,1,21.0,4.0
73,80,p039,5,27.58,13.79,98.0,1.0,1.0,0,43.0,1.0
73,80,p039,6,56.38,28.19,97.27272727272728,1.0,1.0,1,58.0,8.0
73,80,p039,7,18.46,9.23,100.0,1.0,1.0,0,36.0,1.0
73,80,p039,8,33.22,16.61,98.33333333333333,1.0,1.0,1,47.0,2.0
73,80,p039,9,15.14,7.57,100.0,1.0,1.0,0,34.0,2.0
73,80,p039,10,23.619999999999997,11.809999999999999,100.0,1.0,1.0,0,37.0,2.0
73,80,p039,11,27.419999999999998,13.709999999999999,98.0,1.0,1.0,0,42.0,1.0
73,80,p039,12,9.5,4.75,100.0,1.0,1.0,0,30.0,1.0
73,80,p039,13,21.78,10.89,97.5,1.0,1.0,1,38.0,0.0
73,80,p039,14,18.619999999999997,9.309999999999999,100.0,1.0,1.0,0,37.0,1.0
73,80,p039,15,45.34,22.67,95.71428571428571,1.0,1.0,1,54.0,1.0
73,80,p040,0,15.040000000000001,7.5200000000000005,20.0,0.0,0.0,0,14.0,0.0
73,80,p040,1,23.619999999999997,11.809999999999999,100.0,1.0,1.0,0,37.0,2.0
73,80,p040,2,50.980000000000004,25.490000000000002,96.25,1.0,1.0,1,58.0,2.0
73,80,p040,3,20.22,10.11,20.0,0.0,0.0,0,17.0,1.0
73,80,p040,4,28.32,14.16,20.0,0.0,0.0,1,22.0,4.0
73,80,p040,5,26.96,13.48,98.0,1.0,1.0,0,41.0,1.0
73,80,p040,6,14.36,7.18,100.0,1.0,1.0,0,31.0,2.0
73,80,p040,7,18.0,9.0,100.0,1.0,1.0,0,35.0,1.0
73,80,p040,8,23.64,11.82,100.0,1.0,1.0,0,39.0,2.0
73,80,p040,9,45.94,22.97,18.57142857142857,0.0,0.0,0,34.0,4.0
73,80,p040,10,50.42,25.21,16.666666666666664,0.0,0.0,1,37.0,8.0
73,80,p040,11,94.13999999999999,47.06999999999999,13.529411764705882,0.0,0.0,1,64.0,16.0
73,80,p040,12,25.64,12.82,100.0,1.0,1.0,0,39.0,4.0
73,80,p040,13,57.16,28.58,97.27272727272728,1.0,1.0,1,61.0,8.0
73,80,p040,14,61.940000000000005,30.970000000000002,97.0,1.0,1.0,1,64.0,4.0
73,80,p040,15,34.76,17.38,100.0,1.0,1.0,0,46.0,4.0
73,80,p041,0,24.1,12.05,100.0,1.0,1.0,0,40.0,2.0
73,80,p041,1,3.8600000000000003,1.9300000000000002,100.0,1.0,1.0,0,26.0,0.0
73,80,p041,2,18.3,9.15,100.0,1.0,1.0,0,35.0,1.0
73,80,p041,3,9.5,4.75,100.0,1.0,1.0,0,30.0,1.0
73,80,p041,4,14.66,7.33,100.0,1.0,1.0,0,31.0,2.0
73,80,p041,5,14.68,7.34,100.0,1.0,1.0,0,33.0,2.0
73,80,p041,6,25.64,12.82,100.0,1.0,1.0,0,39.0,4.0
73,80,p041,7,14.36,7.18,100.0,1.0,1.0,0,31.0,2.0
73,80,p041,8,14.66,7.33,100.0,1.0,1.0,0,31.0,2.0
73,80,p041,9,25.96,12.98,100.0,1.0,1.0,0,41.0,4.0
73,80,p041,10,50.2,25.1,96.25,1.0,1.0,1,55.0,2.0
73,80,p041,11,23.619999999999997,11.809999999999999,100.0,1.0,1.0,0,37.0,2.0
73,80,p041,12,14.66,7.33,100.0,1.0,1.0,0,31.0,2.0
73,80,p041,13,33.22,16.61,98.33333333333333,1.0,1.0,1,47.0,2.0
73,80,p041,14,27.7,13.85,20.0,0.0,0.0,1,20.0,4.0
73,80,p041,15,24.1,12.05,100.0,1.0,1.0,0,40.0,2.0
73,80,p042,0,25.96,12.98,100.0,1.0,1.0,0,41.0,4.0
73,80,p042,1,32.6,16.3,98.33333333333333,1.0,1.0,0,45.0,2.0
73,80,p042,2,93.97999999999999,46.989999999999995,13.529411764705882,0.0,0.0,1,63.0,16.0
73,80,p042,3,18.0,9.0,100.0,1.0,1.0,0,35.0,1.0
73,80,p042,4,25.96,12.98,100.0,1.0,1.0,0,41.0,4.0
73,80,p042,5,26.1,13.05,100.0,1.0,1.0,0,40.0,4.0
73,80,p042,6,15.14,7.57,100.0,1.0,1.0,0,34.0,2.0
73,80,p042,7,25.86,12.93,20.0,0.0,0.0,0,21.0,2.0
73,80,p042,8,3.8600000000000003,1.9300000000000002,100.0,1.0,1.0,0,26.0,0.0
73,80,p042,9,33.22,16.61,98.33333333333333,1.0,1.0,1,47.0,2.0
73,80,p042,10,18.3,9.15,100.0,1.0,1.0,0,35.0,1.0
73,80,p042,11,44.02,22.01,98.75,1.0,1.0,1,52.0,4.0
73,80,p042,12,15.14,7.57,100.0,1.0,1.0,0,34.0,2.0
73,80,p042,13,25.64,12.82,100.0,1.0,1.0,0,39.0,4.0
73,80,p042,14,34.6,17.3,100.0,1.0,1.0,0,45.0,4.0
73,80,p042,15,33.22,16.61,98.33333333333333,1.0,1.0,1,47.0,2.0
73,80,p043,0,13.14,6.57,100.0,1.0,1.0,0,34.0,0.0
73,80,p043,1,44.04,22.02,98.75,1.0,1.0,1,54.0,4.0
73,80,p043,2,4.180000000000001,2.0900000000000003,100.0,1.0,1.0,0,28.0,0.0
73,80,p043,3,23.64,11.82,100.0,1.0,1.0,0,39.0,2.0
73,80,p043,4,26.279999999999998,13.139999999999999,100.0,1.0,1.0,0,43.0,4.0
73,80,p043,5,11.4,5.7,20.0,0.0,0.0,0,10.0,1.0
73,80,p043,6,16.880000000000003,8.440000000000001,20.0,0.0,0.0,1,13.0,2.0
73,80,p043,7,9.36,4.68,100.0,1.0,1.0,0,31.0,1.0
73,80,p043,8,20.22,10.11,20.0,0.0,0.0,0,17.0,1.0
73,80,p043,9,35.239999999999995,17.619999999999997,100.0,1.0,1.0,1,49.0,4.0
73,80,p043,10,27.419999999999998,13.709999999999999,98.0,1.0,1.0,0,42.0,1.0
73,80,p043,11,20.22,10.11,20.0,0.0,0.0,0,17.0,1.0
73,80,p043,12,9.5,4.75,100.0,1.0,1.0,0,30.0,1.0
73,80,p043,13,11.4,5.7,20.0,0.0,0.0,0,10.0,1.0
73,80,p043,14,20.52,10.26,20.0,0.0,0.0,0,17.0,1.0
73,80,p043,15,97.86,48.93,58.888888888888886,1.0,0.0,1,71.0,16.0
73,80,p044,0,28.02,14.01,20.0,0.0,0.0,1,22.0,4.0
73,80,p044,1,18.619999999999997,9.309999999999999,100.0,1.0,1.0,0,37.0,1.0
73,80,p044,2,27.279999999999998,13.639999999999999,98.0,1.0,1.0,0,43.0,1.0
73,80,p044,3,15.0,7.5,100.0,1.0,1.0,0,35.0,2.0
73,80,p044,4,14.98,7.49,100.0,1.0,1.0,0,33.0,2.0
73,80,p044,5,20.68,10.34,20.0,0.0,0.0,0,18.0,1.0
73,80,p044,6,34.76,17.38,100.0,1.0,1.0,0,46.0,4.0
73,80,p044,7,44.04,22.02,98.75,1.0,1.0,1,54.0,4.0
73,80,p044,8,35.08,17.54,100.0,1.0,1.0,1,48.0,4.0
73,80,p044,9,43.72,21.86,98.75,1.0,1.0,1,52.0,4.0
73,80,p044,10,32.6,16.3,98.33333333333333,1.0,1.0,0,45.0,2.0
73,80,p044,11,89.52,44.76,58.529411764705884,1.0,0.0,1,67.0,16.0
73,80,p044,12,57.16,28.58,97.27272727272728,1.0,1.0,1,61.0,8.0
73,80,p044,13,18.32,9.16,100.0,1.0,1.0,0,37.0,1.0
73,80,p044,14,26.32,13.16,20.0,0.0,0.0,0,22.0,2.0
73,80,p044,15,4.180000000000001,2.0900000000000003,100.0,1.0,1.0,0,28.0,0.0
73,80,p045,0,23.939999999999998,11.969999999999999,100.0,1.0,1.0,0,39.0,2.0
73,80,p045,1,22.1,11.05,97.5,1.0,1.0,1,40.0,0.0
73,80,p045,2,16.880000000000003,8.440000000000001,20.0,0.0,0.0,1,13.0,2.0
73,80,p045,3,25.799999999999997,12.899999999999999,100.0,1.0,1.0,0,40.0,4.0
73,80,p045,4,23.96,11.98,100.0,1.0,1.0,0,41.0,2.0
73,80,p045,5,15.0,7.5,100.0,1.0,1.0,0,35.0,2.0
73,80,p045,6,23.939999999999998,11.969999999999999,100.0,1.0,1.0,0,39.0,2.0
73,80,p045,7,27.9,13.95,98.0,1.0,1.0,0,45.0,1.0
73,80,p045,8,26.119999999999997,13.059999999999999,100.0,1.0,1.0,0,42.0,4.0
73,80,p045,9,14.98,7.49,100.0,1.0,1.0,0,33.0,2.0
73,80,p045,10,26.119999999999997,13.059999999999999,100.0,1.0,1.0,0,42.0,4.0
73,80,p045,11,23.939999999999998,11.969999999999999,100.0,1.0,1.0,0,39.0,2.0
73,80,p045,12,26.279999999999998,13.139999999999999,100.0,1.0,1.0,0,43.0,4.0
73,80,p045,13,26.119999999999997,13.059999999999999,100.0,1.0,1.0,0,42.0,4.0
73,80,p045,14,34.76,17.38,100.0,1.0,1.0,0,46.0,4.0
73,80,p045,15,18.32,9.16,100.0,1.0,1.0,0,37.0,1.0
73,80,p046,0,36.0,18.0,100.0,1.0,1.0,1,50.0,4.0
73,80,p046,1,26.419999999999998,13.209999999999999,100.0,1.0,1.0,0,42.0,4.0
73,80,p046,2,34.5,17.25,18.0,0.0,0.0,0,25.0,2.0
73,80,p046,3,27.04,13.52,100.0,1.0,1.0,0,44.0,4.0
73,80,p046,4,51.46,25.73,96.25,1.0,1.0,1,61.0,2.0
73,80,p046,5,19.4,9.7,100.0,1.0,1.0,0,40.0,1.0
73,80,p046,6,4.8,2.4,100.0,1.0,1.0,0,30.0,0.0
73,80,p046,7,25.84,12.92,20.0,0.0,0.0,0,19.0,2.0
73,80,p046,8,10.600000000000001,5.300000000000001,100.0,1.0,1.0,0,35.0,1.0
73,80,p046,9,10.280000000000001,5.140000000000001,100.0,1.0,1.0,0,33.0,1.0
73,80,p046,10,10.600000000000001,5.300000000000001,100.0,1.0,1.0,0,35.0,1.0
73,80,p046,11,19.560000000000002,9.780000000000001,100.0,1.0,1.0,0,41.0,1.0
73,80,p046,12,10.120000000000001,5.0600000000000005,100.0,1.0,1.0,0,32.0,1.0
73,80,p046,13,9.98,4.99,100.0,1.0,1.0,0,33.0,1.0
73,80,p046,14,10.280000000000001,5.140000000000001,100.0,1.0,1.0,0,33.0,1.0
73,80,p046,15,4.8,2.4,100.0,1.0,1.0,0,30.0,0.0
73,80,p047,0,28.52,14.26,98.0,1.0,1.0,1,47.0,1.0
73,80,p047,1,13.76,6.88,100.0,1.0,1.0,0,36.0,0.0
73,80,p047,2,15.3,7.65,100.0,1.0,1.0,0,35.0,2.0
73,80,p047,3,25.04,12.52,100.0,1.0,1.0,0,44.0,2.0
73,80,p047,4,25.84,12.92,20.0,0.0,0.0,0,19.0,2.0
73,80,p047,5,13.76,6.88,100.0,1.0,1.0,0,36.0,0.0
73,80,p047,6,19.560000000000002,9.780000000000001,100.0,1.0,1.0,0,41.0,1.0
73,80,p047,7,24.560000000000002,12.280000000000001,100.0,1.0,1.0,0,41.0,2.0
73,80,p047,8,19.4,9.7,100.0,1.0,1.0,0,40.0,1.0
73,80,p047,9,66.75999999999999,33.379999999999995,96.66666666666667,1.0,1.0,1,71.0,8.0
73,80,p047,10,11.56,5.78,20.0,0.0,0.0,0,11.0,1.0
73,80,p047,11,20.84,10.42,20.0,0.0,0.0,0,19.0,1.0
73,80,p047,12,35.86,17.93,100.0,1.0,1.0,1,51.0,4.0
73,80,p047,13,35.44,17.72,18.0,0.0,0.0,0,29.0,2.0
73,80,p047,14,35.54,17.77,100.0,1.0,1.0,1,49.0,4.0
73,80,p047,15,19.560000000000002,9.780000000000001,100.0,1.0,1.0,0,41.0,1.0
73,80,p048,0,19.4,9.7,100.0,1.0,1.0,0,40.0,1.0
73,80,p048,1,28.52,14.26,98.0,1.0,1.0,1,47.0,1.0
73,80,p048,2,4.8,2.4,100.0,1.0,1.0,0,30.0,0.0
73,80,p048,3,26.58,13.29,100.0,1.0,1.0,0,43.0,4.0
73,80,p048,4,44.96,22.48,98.75,1.0,1.0,1,56.0,4.0
73,80,p048,5,4.8,2.4,100.0,1.0,1.0,0,30.0,0.0
73,80,p048,6,35.379999999999995,17.689999999999998,100.0,1.0,1.0,1,48.0,4.0
73,80,p048,7,44.34,22.17,98.75,1.0,1.0,1,54.0,4.0
73,80,p048,8,35.86,17.93,100.0,1.0,1.0,1,51.0,4.0
73,80,p048,9,35.7,17.85,100.0,1.0,1.0,1,50.0,4.0
73,80,p048,10,10.440000000000001,5.220000000000001,100.0,1.0,1.0,0,34.0,1.0
73,80,p048,11,15.600000000000001,7.800000000000001,100.0,1.0,1.0,0,35.0,2.0
73,80,p048,12,48.839999999999996,24.419999999999998,97.0,1.0,1.0,1,59.0,8.0
73,80,p048,13,10.600000000000001,5.300000000000001,100.0,1.0,1.0,0,35.0,1.0
73,80,p048,14,29.18,14.59,17.5,0.0,0.0,1,23.0,1.0
73,80,p048,15,52.08,26.04,96.25,1.0,1.0,1,63.0,2.0
73,100,p037,0,100.0,53.17,58.68421052631579,1.0,0.0,1,74.0,16.0
73,100,p037,1,17.52,8.76,20.0,0.0,0.0,0,17.0,2.0
73,100,p037,2,23.619999999999997,11.809999999999999,100.0,1.0,1.0,0,37.0,2.0
73,100,p037,3,16.9,8.45,20.0,0.0,0.0,1,15.0,2.0
73,100,p037,4,9.34,4.67,100.0,1.0,1.0,0,29.0,1.0
73,100,p037,5,68.03999999999999,34.019999999999996,16.363636363636363,0.0,0.0,1,49.0,8.0
73,100,p037,6,47.720000000000006,23.860000000000003,15.0,0.0,0.0,1,37.0,1.0
73,100,p037,7,25.64,12.82,100.0,1.0,1.0,0,39.0,4.0
73,100,p037,8,24.1,12.05,100.0,1.0,1.0,0,40.0,2.0
73,100,p037,9,56.86,28.43,97.27272727272728,1.0,1.0,1,61.0,8.0
73,100,p037,10,25.96,12.98,100.0,1.0,1.0,0,41.0,4.0
73,100,p037,11,20.84,10.42,20.0,0.0,0.0,0,19.0,1.0
73,100,p037,12,34.76,17.38,100.0,1.0,1.0,0,46.0,4.0
73,100,p037,13,43.879999999999995,21.939999999999998,98.75,1.0,1.0,1,53.0,4.0
73,100,p037,14,12.82,6.41,100.0,1.0,1.0,0,32.0,0.0
73,100,p037,15,44.02,22.01,98.75,1.0,1.0,1,52.0,4.0
73,100,p038,0,35.28,17.64,18.0,0.0,0.0,0,28.0,2.0
73,100,p038,1,27.419999999999998,13.709999999999999,98.0,1.0,1.0,0,42.0,1.0
73,100,p038,2,32.28,16.14,98.33333333333333,1.0,1.0,0,43.0,2.0
73,100,p038,3,67.56,33.78,16.363636363636363,0.0,0.0,1,46.0,8.0
73,100,p038,4,91.6,45.8,93.88888888888889,1.0,1.0,1,80.0,16.0
73,100,p038,5,18.46,9.23,100.0,1.0,1.0,0,36.0,1.0
73,100,p038,6,34.5,17.25,18.0,0.0,0.0,0,25.0,2.0
73,100,p038,7,35.06,17.53,100.0,1.0,1.0,0,46.0,4.0
73,100,p038,8,32.28,16.14,98.33333333333333,1.0,1.0,0,43.0,2.0
73,100,p038,9,98.0,49.0,58.888888888888886,1.0,0.0,1,70.0,16.0
73,100,p038,10,97.38,48.69,58.888888888888886,1.0,0.0,1,68.0,16.0
73,100,p038,11,25.96,12.98,100.0,1.0,1.0,0,41.0,4.0
73,100,p038,12,57.16,28.58,97.27272727272728,1.0,1.0,1,61.0,8.0
73,100,p038,13,35.44,17.72,18.0,0.0,0.0,0,29.0,2.0
73,100,p038,14,18.46,9.23,100.0,1.0,1.0,0,36.0,1.0
73,100,p038,15,12.82,6.41,100.0,1.0,1.0,0,32.0,0.0
73,100,p039,0,12.82,6.41,100.0,1.0,1.0,0,32.0,0.0
73,100,p039,1,26.1,13.05,100.0,1.0,1.0,0,40.0,4.0
73,100,p039,2,16.9,8.45,20.0,0.0,0.0,1,15.0,2.0
73,100,p039,3,21.78,10.89,97.5,1.0,1.0,1,38.0,0.0
73,100,p039,4,27.86,13.93,20.0,0.0,0.0,1,21.0,4.0
73,100,p039,5,33.06,16.53,98.33333333333333,1.0,1.0,0,46.0,2.0
73,100,p039,6,56.38,28.19,97.27272727272728,1.0,1.0,1,58.0,8.0
73,100,p039,7,18.46,9.23,100.0,1.0,1.0,0,36.0,1.0
73,100,p039,8,44.02,22.01,98.75,1.0,1.0,1,52.0,4.0
73,100,p039,9,24.1,12.05,100.0,1.0,1.0,0,40.0,2.0
73,100,p039,10,23.619999999999997,11.809999999999999,100.0,1.0,1.0,0,37.0,2.0
73,100,p039,11,27.419999999999998,13.709999999999999,98.0,1.0,1.0,0,42.0,1.0
73,100,p039,12,18.46,9.23,100.0,1.0,1.0,0,36.0,1.0
73,100,p039,13,21.78,10.89,97.5,1.0,1.0,1,38.0,0.0
73,100,p039,14,24.1,12.05,100.0,1.0,1.0,0,40.0,2.0
73,100,p039,15,51.14,25.57,96.25,1.0,1.0,1,59.0,2.0
73,100,p040,0,15.040000000000001,7.5200000000000005,20.0,0.0,0.0,0,14.0,0.0
73,100,p040,1,23.619999999999997,11.809999999999999,100.0,1.0,1.0,0,37.0,2.0
73,100,p040,2,61.48,30.74,97.0,1.0,1.0,1,63.0,4.0
73,100,p040,3,20.22,10.11,20.0,0.0,0.0,0,17.0,1.0
73,100,p040,4,28.32,14.16,20.0,0.0,0.0,1,22.0,4.0
73,100,p040,5,26.96,13.48,98.0,1.0,1.0,0,41.0,1.0
73,100,p040,6,14.36,7.18,100.0,1.0,1.0,0,31.0,2.0
73,100,p040,7,26.96,13.48,98.0,1.0,1.0,0,41.0,1.0
73,100,p040,8,32.6,16.3,98.33333333333333,1.0,1.0,0,45.0,2.0
73,100,p040,9,67.56,33.78,16.363636363636363,0.0,0.0,1,46.0,8.0
73,100,p040,10,93.97999999999999,46.989999999999995,13.529411764705882,0.0,0.0,1,63.0,16.0
73,100,p040,11,94.13999999999999,47.06999999999999,13.529411764705882,0.0,0.0,1,64.0,16.0
73,100,p040,12,47.879999999999995,23.939999999999998,97.0,1.0,1.0,1,53.0,8.0
73,100,p040,13,57.16,28.58,97.27272727272728,1.0,1.0,1,61.0,8.0
73,100,p040,14,61.940000000000005,30.970000000000002,97.0,1.0,1.0,1,64.0,4.0
73,100,p040,15,43.72,21.86,98.75,1.0,1.0,1,52.0,4.0
73,100,p041,0,24.1,12.05,100.0,1.0,1.0,0,40.0,2.0
73,100,p041,1,3.8600000000000003,1.9300000000000002,100.0,1.0,1.0,0,26.0,0.0
73,100,p041,2,18.3,9.15,100.0,1.0,1.0,0,35.0,1.0
73,100,p041,3,15.3,7.65,100.0,1.0,1.0,0,35.0,2.0
73,100,p041,4,36.66,18.33,20.0,0.0,0.0,1,26.0,4.0
73,100,p041,5,34.92,17.46,100.0,1.0,1.0,1,47.0,4.0
73,100,p041,6,25.64,12.82,100.0,1.0,1.0,0,39.0,4.0
73,100,p041,7,23.32,11.66,100.0,1.0,1.0,0,37.0,2.0
73,100,p041,8,14.66,7.33,100.0,1.0,1.0,0,31.0,2.0
73,100,p041,9,47.900000000000006,23.950000000000003,97.0,1.0,1.0,1,55.0,8.0
73,100,p041,10,50.2,25.1,96.25,1.0,1.0,1,55.0,2.0
73,100,p041,11,32.58,16.29,98.33333333333333,1.0,1.0,0,43.0,2.0
73,100,p041,12,14.66,7.33,100.0,1.0,1.0,0,31.0,2.0
73,100,p041,13,33.22,16.61,98.33333333333333,1.0,1.0,1,47.0,2.0
73,100,p041,14,27.7,13.85,20.0,0.0,0.0,1,20.0,4.0
73,100,p041,15,24.1,12.05,100.0,1.0,1.0,0,40.0,2.0
73,100,p042,0,47.900000000000006,23.950000000000003,97.0,1.0,1.0,1,55.0,8.0
73,100,p042,1,32.6,16.3,98.33333333333333,1.0,1.0,0,45.0,2.0
73,100,p042,2,100.0,51.47,13.88888888888889,0.0,0.0,1,69.0,16.0
73,100,p042,3,32.6,16.3,98.33333333333333,1.0,1.0,0,45.0,2.0
73,100,p042,4,25.96,12.98,100.0,1.0,1.0,0,41.0,4.0
73,100,p042,5,57.16,28.58,97.27272727272728,1.0,1.0,1,61.0,8.0
73,100,p042,6,15.14,7.57,100.0,1.0,1.0,0,34.0,2.0
73,100,p042,7,46.1,23.05,18.57142857142857,0.0,0.0,0,35.0,4.0
73,100,p042,8,3.8600000000000003,1.9300000000000002,100.0,1.0,1.0,0,26.0,0.0
73,100,p042,9,46.239999999999995,23.119999999999997,18.57142857142857,0.0,0.0,0,34.0,4.0
73,100,p042,10,18.3,9.15,100.0,1.0,1.0,0,35.0,1.0
73,100,p042,11,44.02,22.01,98.75,1.0,1.0,1,52.0,4.0
73,100,p042,12,15.14,7.57,100.0,1.0,1.0,0,34.0,2.0
73,100,p042,13,56.839999999999996,28.419999999999998,97.27272727272728,1.0,1.0,1,59.0,8.0
73,100,p042,14,34.6,17.3,100.0,1.0,1.0,0,45.0,4.0
73,100,p042,15,33.22,16.61,98.33333333333333,1.0,1.0,1,47.0,2.0
73,100,p043,0,13.14,6.57,100.0,1.0,1.0,0,34.0,0.0
73,100,p043,1,44.04,22.02,98.75,1.0,1.0,1,54.0,4.0
73,100,p043,2,4.180000000000001,2.0900000000000003,100.0,1.0,1.0,0,28.0,0.0
73,100,p043,3,32.6,16.3,98.33333333333333,1.0,1.0,0,45.0,2.0
73,100,p043,4,35.239999999999995,17.619999999999997,100.0,1.0,1.0,1,49.0,4.0
73,100,p043,5,11.4,5.7,20.0,0.0,0.0,0,10.0,1.0
73,100,p043,6,36.66,18.33,20.0,0.0,0.0,1,26.0,4.0
73,100,p043,7,9.36,4.68,100.0,1.0,1.0,0,31.0,1.0
73,100,p043,8,25.86,12.93,20.0,0.0,0.0,0,21.0,2.0
73,100,p043,9,57.18,28.59,97.27272727272728,1.0,1.0,1,63.0,8.0
73,100,p043,10,27.419999999999998,13.709999999999999,98.0,1.0,1.0,0,42.0,1.0
73,100,p043,11,25.86,12.93,20.0,0.0,0.0,0,21.0,2.0
73,100,p043,12,9.5,4.75,100.0,1.0,1.0,0,30.0,1.0
73,100,p043,13,11.4,5.7,20.0,0.0,0.0,0,10.0,1.0
73,100,p043,14,20.52,10.26,20.0,0.0,0.0,0,17.0,1.0
73,100,p043,15,97.86,48.93,58.888888888888886,1.0,0.0,1,71.0,16.0
73,100,p044,0,28.02,14.01,20.0,0.0,0.0,1,22.0,4.0
73,100,p044,1,27.58,13.79,98.0,1.0,1.0,0,43.0,1.0
73,100,p044,2,27.279999999999998,13.639999999999999,98.0,1.0,1.0,0,43.0,1.0
73,100,p044,3,23.96,11.98,100.0,1.0,1.0,0,41.0,2.0
73,100,p044,4,25.799999999999997,12.899999999999999,100.0,1.0,1.0,0,40.0,4.0
73,100,p044,5,20.68,10.34,20.0,0.0,0.0,0,18.0,1.0
73,100,p044,6,34.76,17.38,100.0,1.0,1.0,0,46.0,4.0
73,100,p044,7,65.66,32.83,96.66666666666667,1.0,1.0,1,66.0,8.0
73,100,p044,8,35.08,17.54,100.0,1.0,1.0,1,48.0,4.0
73,100,p044,9,43.72,21.86,98.75,1.0,1.0,1,52.0,4.0
73,100,p044,10,44.04,22.02,98.75,1.0,1.0,1,54.0,4.0
73,100,p044,11,89.52,44.76,58.529411764705884,1.0,0.0,1,67.0,16.0
73,100,p044,12,57.16,28.58,97.27272727272728,1.0,1.0,1,61.0,8.0
73,100,p044,13,18.32,9.16,100.0,1.0,1.0,0,37.0,1.0
73,100,p044,14,35.28,17.64,18.0,0.0,0.0,0,28.0,2.0
73,100,p044,15,4.180000000000001,2.0900000000000003,100.0,1.0,1.0,0,28.0,0.0
73,100,p045,0,23.939999999999998,11.969999999999999,100.0,1.0,1.0,0,39.0,2.0
73,100,p045,1,22.1,11.05,97.5,1.0,1.0,1,40.0,0.0
73,100,p045,2,16.880000000000003,8.440000000000001,20.0,0.0,0.0,1,13.0,2.0
73,100,p045,3,56.54,28.27,97.27272727272728,1.0,1.0,1,59.0,8.0
73,100,p045,4,23.96,11.98,100.0,1.0,1.0,0,41.0,2.0
73,100,p045,5,23.96,11.98,100.0,1.0,1.0,0,41.0,2.0
73,100,p045,6,34.76,17.38,100.0,1.0,1.0,0,46.0,4.0
73,100,p045,7,27.9,13.95,98.0,1.0,1.0,0,45.0,1.0
73,100,p045,8,26.119999999999997,13.059999999999999,100.0,1.0,1.0,0,42.0,4.0
73,100,p045,9,25.799999999999997,12.899999999999999,100.0,1.0,1.0,0,40.0,4.0
73,100,p045,10,26.119999999999997,13.059999999999999,100.0,1.0,1.0,0,42.0,4.0
73,100,p045,11,23.939999999999998,11.969999999999999,100.0,1.0,1.0,0,39.0,2.0
73,100,p045,12,26.279999999999998,13.139999999999999,100.0,1.0,1.0,0,43.0,4.0
73,100,p045,13,26.119999999999997,13.059999999999999,100.0,1.0,1.0,0,42.0,4.0
73,100,p045,14,56.54,28.27,97.27272727272728,1.0,1.0,1,59.0,8.0
73,100,p045,15,23.96,11.98,100.0,1.0,1.0,0,41.0,2.0
73,100,p046,0,59.38,29.69,17.0,0.0,0.0,1,43.0,8.0
73,100,p046,1,26.419999999999998,13.209999999999999,100.0,1.0,1.0,0,42.0,4.0
73,100,p046,2,34.5,17.25,18.0,0.0,0.0,0,25.0,2.0
73,100,p046,3,27.04,13.52,100.0,1.0,1.0,0,44.0,4.0
73,100,p046,4,62.74,31.37,97.0,1.0,1.0,1,69.0,4.0
73,100,p046,5,20.68,10.34,20.0,0.0,0.0,0,18.0,1.0
73,100,p046,6,15.040000000000001,7.5200000000000005,20.0,0.0,0.0,0,14.0,0.0
73,100,p046,7,25.84,12.92,20.0,0.0,0.0,0,19.0,2.0
73,100,p046,8,10.600000000000001,5.300000000000001,100.0,1.0,1.0,0,35.0,1.0
73,100,p046,9,19.240000000000002,9.620000000000001,100.0,1.0,1.0,0,39.0,1.0
73,100,p046,10,16.08,8.04,100.0,1.0,1.0,0,38.0,2.0
73,100,p046,11,19.560000000000002,9.780000000000001,100.0,1.0,1.0,0,41.0,1.0
73,100,p046,12,20.36,10.18,20.0,0.0,0.0,0,16.0,1.0
73,100,p046,13,9.98,4.99,100.0,1.0,1.0,0,33.0,1.0
73,100,p046,14,15.600000000000001,7.800000000000001,100.0,1.0,1.0,0,35.0,2.0
73,100,p046,15,4.8,2.4,100.0,1.0,1.0,0,30.0,0.0
73,100,p047,0,28.52,14.26,98.0,1.0,1.0,1,47.0,1.0
73,100,p047,1,13.76,6.88,100.0,1.0,1.0,0,36.0,0.0
73,100,p047,2,26.74,13.37,100.0,1.0,1.0,0,44.0,4.0
73,100,p047,3,35.54,17.77,100.0,1.0,1.0,1,49.0,4.0
73,100,p047,4,36.66,18.33,20.0,0.0,0.0,1,26.0,4.0
73,100,p047,5,13.76,6.88,100.0,1.0,1.0,0,36.0,0.0
73,100,p047,6,19.560000000000002,9.780000000000001,100.0,1.0,1.0,0,41.0,1.0
73,100,p047,7,35.379999999999995,17.689999999999998,100.0,1.0,1.0,1,48.0,4.0
73,100,p047,8,28.36,14.18,98.0,1.0,1.0,0,46.0,1.0
73,100,p047,9,66.75999999999999,33.379999999999995,96.66666666666667,1.0,1.0,1,71.0,8.0
73,100,p047,10,16.880000000000003,8.440000000000001,20.0,0.0,0.0,1,13.0,2.0
73,100,p047,11,20.84,10.42,20.0,0.0,0.0,0,19.0,1.0
73,100,p047,12,44.82000000000001,22.410000000000004,98.75,1.0,1.0,1,57.0,4.0
73,100,p047,13,35.44,17.72,18.0,0.0,0.0,0,29.0,2.0
73,100,p047,14,57.78,28.89,97.27272727272728,1.0,1.0,1,63.0,8.0
73,100,p047,15,34.0,17.0,98.33333333333333,1.0,1.0,1,50.0,2.0
73,100,p048,0,19.4,9.7,100.0,1.0,1.0,0,40.0,1.0
73,100,p048,1,28.52,14.26,98.0,1.0,1.0,1,47.0,1.0
73,100,p048,2,4.8,2.4,100.0,1.0,1.0,0,30.0,0.0
73,100,p048,3,35.54,17.77,100.0,1.0,1.0,1,49.0,4.0
73,100,p048,4,44.96,22.48,98.75,1.0,1.0,1,56.0,4.0
73,100,p048,5,4.8,2.4,100.0,1.0,1.0,0,30.0,0.0
73,100,p048,6,35.379999999999995,17.689999999999998,100.0,1.0,1.0,1,48.0,4.0
73,100,p048,7,44.34,22.17,98.75,1.0,1.0,1,54.0,4.0
73,100,p048,8,66.75999999999999,33.379999999999995,96.66666666666667,1.0,1.0,1,71.0,8.0
73,100,p048,9,57.32,28.66,97.27272727272728,1.0,1.0,1,62.0,8.0
73,100,p048,10,10.440000000000001,5.220000000000001,100.0,1.0,1.0,0,34.0,1.0
73,100,p048,11,27.7,13.85,20.0,0.0,0.0,1,20.0,4.0
73,100,p048,12,89.2,44.6,58.529411764705884,1.0,0.0,1,65.0,16.0
73,100,p048,13,10.600000000000001,5.300000000000001,100.0,1.0,1.0,0,35.0,1.0
73,100,p048,14,29.18,14.59,17.5,0.0,0.0,1,23.0,1.0
73,100,p048,15,62.88,31.44,97.0,1.0,1.0,1,68.0,4.0
73,120,p037,0,100.0,61.64,13.0,0.0,0.0,1,78.0,16.0
73,120,p037,1,28.32,14.16,20.0,0.0,0.0,1,22.0,4.0
73,120,p037,2,34.44,17.22,100.0,1.0,1.0,0,44.0,4.0
73,120,p037,3,28.18,14.09,20.0,0.0,0.0,1,23.0,4.0
73,120,p037,4,9.34,4.67,100.0,1.0,1.0,0,29.0,1.0
73,120,p037,5,68.03999999999999,34.019999999999996,16.363636363636363,0.0,0.0,1,49.0,8.0
73,120,p037,6,47.720000000000006,23.860000000000003,15.0,0.0,0.0,1,37.0,1.0
73,120,p037,7,56.839999999999996,28.419999999999998,97.27272727272728,1.0,1.0,1,59.0,8.0
73,120,p037,8,34.6,17.3,100.0,1.0,1.0,0,45.0,4.0
73,120,p037,9,56.86,28.43,97.27272727272728,1.0,1.0,1,61.0,8.0
73,120,p037,10,47.900000000000006,23.950000000000003,97.0,1.0,1.0,1,55.0,8.0
73,120,p037,11,29.8,14.9,17.5,0.0,0.0,1,25.0,1.0
73,120,p037,12,34.76,17.38,100.0,1.0,1.0,0,46.0,4.0
73,120,p037,13,65.82000000000001,32.910000000000004,96.66666666666667,1.0,1.0,1,67.0,8.0
73,120,p037,14,12.82,6.41,100.0,1.0,1.0,0,32.0,0.0
73,120,p037,15,44.02,22.01,98.75,1.0,1.0,1,52.0,4.0
73,120,p038,0,45.78,22.89,18.57142857142857,0.0,0.0,1,33.0,4.0
73,120,p038,1,33.22,16.61,98.33333333333333,1.0,1.0,1,47.0,2.0
73,120,p038,2,34.5,17.25,18.0,0.0,0.0,0,25.0,2.0
73,120,p038,3,100.0,55.78999999999999,13.68421052631579,0.0,0.0,1,73.0,16.0
73,120,p038,4,91.6,45.8,93.88888888888889,1.0,1.0,1,80.0,16.0
73,120,p038,5,24.259999999999998,12.129999999999999,100.0,1.0,1.0,0,41.0,2.0
73,120,p038,6,34.5,17.25,18.0,0.0,0.0,0,25.0,2.0
73,120,p038,7,57.16,28.58,97.27272727272728,1.0,1.0,1,61.0,8.0
73,120,p038,8,43.72,21.86,98.75,1.0,1.0,1,52.0,4.0
73,120,p038,9,98.0,49.0,58.888888888888886,1.0,0.0,1,70.0,16.0
73,120,p038,10,97.38,48.69,58.888888888888886,1.0,0.0,1,68.0,16.0
73,120,p038,11,47.900000000000006,23.950000000000003,97.0,1.0,1.0,1,55.0,8.0
73,120,p038,12,57.16,28.58,97.27272727272728,1.0,1.0,1,61.0,8.0
73,120,p038,13,46.239999999999995,23.119999999999997,18.57142857142857,0.0,0.0,0,34.0,4.0
73,120,p038,14,18.46,9.23,100.0,1.0,1.0,0,36.0,1.0
73,120,p038,15,12.82,6.41,100.0,1.0,1.0,0,32.0,0.0
73,120,p039,0,12.82,6.41,100.0,1.0,1.0,0,32.0,0.0
73,120,p039,1,35.06,17.53,100.0,1.0,1.0,0,46.0,4.0
73,120,p039,2,16.9,8.45,20.0,0.0,0.0,1,15.0,2.0
73,120,p039,3,21.78,10.89,97.5,1.0,1.0,1,38.0,0.0
73,120,p039,4,50.1,25.05,16.666666666666664,0.0,0.0,1,35.0,8.0
73,120,p039,5,33.06,16.53,98.33333333333333,1.0,1.0,0,46.0,2.0
73,120,p039,6,97.52,48.76,58.888888888888886,1.0,0.0,1,67.0,16.0
73,120,p039,7,18.46,9.23,100.0,1.0,1.0,0,36.0,1.0
73,120,p039,8,44.02,22.01,98.75,1.0,1.0,1,52.0,4.0
73,120,p039,9,24.1,12.05,100.0,1.0,1.0,0,40.0,2.0
73,120,p039,10,23.619999999999997,11.809999999999999,100.0,1.0,1.0,0,37.0,2.0
73,120,p039,11,27.419999999999998,13.709999999999999,98.0,1.0,1.0,0,42.0,1.0
73,120,p039,12,18.46,9.23,100.0,1.0,1.0,0,36.0,1.0
73,120,p039,13,21.78,10.89,97.5,1.0,1.0,1,38.0,0.0
73,120,p039,14,24.1,12.05,100.0,1.0,1.0,0,40.0,2.0
73,120,p039,15,51.14,25.57,96.25,1.0,1.0,1,59.0,2.0
73,120,p040,0,15.040000000000001,7.5200000000000005,20.0,0.0,0.0,0,14.0,0.0
73,120,p040,1,23.619999999999997,11.809999999999999,100.0,1.0,1.0,0,37.0,2.0
73,120,p040,2,61.48,30.74,97.0,1.0,1.0,1,63.0,4.0
73,120,p040,3,29.18,14.59,17.5,0.0,0.0,1,23.0,1.0
73,120,p040,4,50.42,25.21,16.666666666666664,0.0,0.0,1,37.0,8.0
73,120,p040,5,29.18,14.59,17.5,0.0,0.0,1,23.0,1.0
73,120,p040,6,14.36,7.18,100.0,1.0,1.0,0,31.0,2.0
73,120,p040,7,26.96,13.48,98.0,1.0,1.0,0,41.0,1.0
73,120,p040,8,32.6,16.3,98.33333333333333,1.0,1.0,0,45.0,2.0
73,120,p040,9,67.56,33.78,16.363636363636363,0.0,0.0,1,46.0,8.0
73,120,p040,10,100.0,51.47,13.88888888888889,0.0,0.0,1,69.0,16.0
73,120,p040,11,94.13999999999999,47.06999999999999,13.529411764705882,0.0,0.0,1,64.0,16.0
73,120,p040,12,47.879999999999995,23.939999999999998,97.0,1.0,1.0,1,53.0,8.0
73,120,p040,13,98.0,49.0,93.88888888888889,1.0,1.0,1,70.0,16.0
73,120,p040,14,84.04,42.02,95.71428571428571,1.0,1.0,1,79.0,8.0
73,120,p040,15,65.34,32.67,96.66666666666667,1.0,1.0,1,64.0,8.0
73,120,p041,0,34.6,17.3,100.0,1.0,1.0,0,45.0,4.0
73,120,p041,1,3.8600000000000003,1.9300000000000002,100.0,1.0,1.0,0,26.0,0.0
73,120,p041,2,18.3,9.15,100.0,1.0,1.0,0,35.0,1.0
73,120,p041,3,15.3,7.65,100.0,1.0,1.0,0,35.0,2.0
73,120,p041,4,36.66,18.33,20.0,0.0,0.0,1,26.0,4.0
73,120,p041,5,34.92,17.46,100.0,1.0,1.0,1,47.0,4.0
73,120,p041,6,47.879999999999995,23.939999999999998,97.0,1.0,1.0,1,53.0,8.0
73,120,p041,7,34.76,17.38,100.0,1.0,1.0,0,46.0,4.0
73,120,p041,8,34.44,17.22,100.0,1.0,1.0,0,44.0,4.0
73,120,p041,9,56.86,28.43,97.27272727272728,1.0,1.0,1,61.0,8.0
73,120,p041,10,61.64,30.82,97.0,1.0,1.0,1,64.0,4.0
73,120,p041,11,43.4,21.7,98.75,1.0,1.0,1,50.0,4.0
73,120,p041,12,25.479999999999997,12.739999999999998,100.0,1.0,1.0,0,38.0,4.0
73,120,p041,13,44.02,22.01,98.75,1.0,1.0,1,52.0,4.0
73,120,p041,14,58.44,29.22,17.0,0.0,0.0,1,39.0,8.0
73,120,p041,15,43.56,21.78,98.75,1.0,1.0,1,51.0,4.0
73,120,p042,0,47.900000000000006,23.950000000000003,97.0,1.0,1.0,1,55.0,8.0
73,120,p042,1,43.879999999999995,21.939999999999998,98.75,1.0,1.0,1,53.0,4.0
73,120,p042,2,100.0,51.47,13.88888888888889,0.0,0.0,1,69.0,16.0
73,120,p042,3,32.6,16.3,98.33333333333333,1.0,1.0,0,45.0,2.0
73,120,p042,4,56.86,28.43,97.27272727272728,1.0,1.0,1,61.0,8.0
73,120,p042,5,57.16,28.58,97.27272727272728,1.0,1.0,1,61.0,8.0
73,120,p042,6,25.64,12.82,100.0,1.0,1.0,0,39.0,4.0
73,120,p042,7,46.1,23.05,18.57142857142857,0.0,0.0,0,35.0,4.0
73,120,p042,8,12.82,6.41,100.0,1.0,1.0,0,32.0,0.0
73,120,p042,9,46.239999999999995,23.119999999999997,18.57142857142857,0.0,0.0,0,34.0,4.0
73,120,p042,10,18.3,9.15,100.0,1.0,1.0,0,35.0,1.0
73,120,p042,11,66.12,33.06,96.66666666666667,1.0,1.0,1,67.0,8.0
73,120,p042,12,15.14,7.57,100.0,1.0,1.0,0,34.0,2.0
73,120,p042,13,56.839999999999996,28.419999999999998,97.27272727272728,1.0,1.0,1,59.0,8.0
73,120,p042,14,34.6,17.3,100.0,1.0,1.0,0,45.0,4.0
73,120,p042,15,51.14,25.57,96.25,1.0,1.0,1,59.0,2.0
73,120,p043,0,13.14,6.57,100.0,1.0,1.0,0,34.0,0.0
73,120,p043,1,83.58,41.79,95.71428571428571,1.0,1.0,1,78.0,8.0
73,120,p043,2,4.180000000000001,2.0900000000000003,100.0,1.0,1.0,0,28.0,0.0
73,120,p043,3,44.04,22.02,98.75,1.0,1.0,1,54.0,4.0
73,120,p043,4,57.18,28.59,97.27272727272728,1.0,1.0,1,63.0,8.0
73,120,p043,5,20.36,10.18,20.0,0.0,0.0,0,16.0,1.0
73,120,p043,6,36.66,18.33,20.0,0.0,0.0,1,26.0,4.0
73,120,p043,7,15.0,7.5,100.0,1.0,1.0,0,35.0,2.0
73,120,p043,8,25.86,12.93,20.0,0.0,0.0,0,21.0,2.0
73,120,p043,9,57.18,28.59,97.27272727272728,1.0,1.0,1,63.0,8.0
73,120,p043,10,27.419999999999998,13.709999999999999,98.0,1.0,1.0,0,42.0,1.0
73,120,p043,11,25.86,12.93,20.0,0.0,0.0,0,21.0,2.0
73,120,p043,12,23.64,11.82,100.0,1.0,1.0,0,39.0,2.0
73,120,p043,13,16.58,8.29,20.0,0.0,0.0,1,13.0,2.0
73,120,p043,14,20.52,10.26,20.0,0.0,0.0,0,17.0,1.0
73,120,p043,15,97.86,48.93,58.888888888888886,1.0,0.0,1,71.0,16.0
73,120,p044,0,28.02,14.01,20.0,0.0,0.0,1,22.0,4.0
73,120,p044,1,32.9,16.45,98.33333333333333,1.0,1.0,0,45.0,2.0
73,120,p044,2,27.279999999999998,13.639999999999999,98.0,1.0,1.0,0,43.0,1.0
73,120,p044,3,23.96,11.98,100.0,1.0,1.0,0,41.0,2.0
73,120,p044,4,25.799999999999997,12.899999999999999,100.0,1.0,1.0,0,40.0,4.0
73,120,p044,5,29.64,14.82,17.5,0.0,0.0,1,24.0,1.0
73,120,p044,6,65.5,32.75,96.66666666666667,1.0,1.0,1,65.0,8.0
73,120,p044,7,65.66,32.83,96.66666666666667,1.0,1.0,1,66.0,8.0
73,120,p044,8,58.599999999999994,29.299999999999997,17.0,0.0,0.0,1,40.0,8.0
73,120,p044,9,65.5,32.75,96.66666666666667,1.0,1.0,1,65.0,8.0
73,120,p044,10,61.96,30.98,97.0,1.0,1.0,1,66.0,4.0
73,120,p044,11,89.52,44.76,58.529411764705884,1.0,0.0,1,67.0,16.0
73,120,p044,12,100.0,51.55,13.88888888888889,0.0,0.0,1,70.0,16.0
73,120,p044,13,18.32,9.16,100.0,1.0,1.0,0,37.0,1.0
73,120,p044,14,35.28,17.64,18.0,0.0,0.0,0,28.0,2.0
73,120,p044,15,4.180000000000001,2.0900000000000003,100.0,1.0,1.0,0,28.0,0.0
73,120,p045,0,34.76,17.38,100.0,1.0,1.0,0,46.0,4.0
73,120,p045,1,22.1,11.05,97.5,1.0,1.0,1,40.0,0.0
73,120,p045,2,27.7,13.85,20.0,0.0,0.0,1,20.0,4.0
73,120,p045,3,56.54,28.27,97.27272727272728,1.0,1.0,1,59.0,8.0
73,120,p045,4,35.239999999999995,17.619999999999997,100.0,1.0,1.0,1,49.0,4.0
73,120,p045,5,35.239999999999995,17.619999999999997,100.0,1.0,1.0,1,49.0,4.0
73,120,p045,6,43.72,21.86,98.75,1.0,1.0,1,52.0,4.0
73,120,p045,7,27.9,13.95,98.0,1.0,1.0,0,45.0,1.0
73,120,p045,8,26.119999999999997,13.059999999999999,100.0,1.0,1.0,0,42.0,4.0
73,120,p045,9,34.76,17.38,100.0,1.0,1.0,0,46.0,4.0
73,120,p045,10,26.119999999999997,13.059999999999999,100.0,1.0,1.0,0,42.0,4.0
73,120,p045,11,34.76,17.38,100.0,1.0,1.0,0,46.0,4.0
73,120,p045,12,48.22,24.11,97.0,1.0,1.0,1,57.0,8.0
73,120,p045,13,47.74,23.87,97.0,1.0,1.0,1,54.0,8.0
73,120,p045,14,56.54,28.27,97.27272727272728,1.0,1.0,1,59.0,8.0
73,120,p045,15,23.96,11.98,100.0,1.0,1.0,0,41.0,2.0
73,120,p046,0,59.38,29.69,17.0,0.0,0.0,1,43.0,8.0
73,120,p046,1,48.2,24.1,97.0,1.0,1.0,1,55.0,8.0
73,120,p046,2,34.5,17.25,18.0,0.0,0.0,0,25.0,2.0
73,120,p046,3,49.14,24.57,97.0,1.0,1.0,1,59.0,8.0
73,120,p046,4,62.74,31.37,97.0,1.0,1.0,1,69.0,4.0
73,120,p046,5,26.48,13.24,20.0,0.0,0.0,0,23.0,2.0
73,120,p046,6,15.040000000000001,7.5200000000000005,20.0,0.0,0.0,0,14.0,0.0
73,120,p046,7,36.66,18.33,20.0,0.0,0.0,1,26.0,4.0
73,120,p046,8,16.08,8.04,100.0,1.0,1.0,0,38.0,2.0
73,120,p046,9,19.240000000000002,9.620000000000001,100.0,1.0,1.0,0,39.0,1.0
73,120,p046,10,16.08,8.04,100.0,1.0,1.0,0,38.0,2.0
73,120,p046,11,19.560000000000002,9.780000000000001,100.0,1.0,1.0,0,41.0,1.0
73,120,p046,12,25.54,12.77,20.0,0.0,0.0,0,19.0,2.0
73,120,p046,13,9.98,4.99,100.0,1.0,1.0,0,33.0,1.0
73,120,p046,14,24.560000000000002,12.280000000000001,100.0,1.0,1.0,0,41.0,2.0
73,120,p046,15,13.76,6.88,100.0,1.0,1.0,0,36.0,0.0
73,120,p047,0,28.52,14.26,98.0,1.0,1.0,1,47.0,1.0
73,120,p047,1,13.76,6.88,100.0,1.0,1.0,0,36.0,0.0
73,120,p047,2,26.74,13.37,100.0,1.0,1.0,0,44.0,4.0
73,120,p047,3,44.5,22.25,98.75,1.0,1.0,1,55.0,4.0
73,120,p047,4,36.66,18.33,20.0,0.0,0.0,1,26.0,4.0
73,120,p047,5,13.76,6.88,100.0,1.0,1.0,0,36.0,0.0
73,120,p047,6,25.04,12.52,100.0,1.0,1.0,0,44.0,2.0
73,120,p047,7,35.379999999999995,17.689999999999998,100.0,1.0,1.0,1,48.0,4.0
73,120,p047,8,34.16,17.08,98.33333333333333,1.0,1.0,1,51.0,2.0
73,120,p047,9,100.0,53.56,58.68421052631579,1.0,0.0,1,77.0,16.0
73,120,p047,10,16.880000000000003,8.440000000000001,20.0,0.0,0.0,1,13.0,2.0
73,120,p047,11,20.84,10.42,20.0,0.0,0.0,0,19.0,1.0
73,120,p047,12,68.03999999999999,34.019999999999996,16.363636363636363,0.0,0.0,1,49.0,8.0
73,120,p047,13,46.239999999999995,23.119999999999997,18.57142857142857,0.0,0.0,0,34.0,4.0
73,120,p047,14,57.78,28.89,97.27272727272728,1.0,1.0,1,63.0,8.0
73,120,p047,15,34.0,17.0,98.33333333333333,1.0,1.0,1,50.0,2.0
73,120,p048,0,25.2,12.6,100.0,1.0,1.0,0,45.0,2.0
73,120,p048,1,46.44,23.22,95.71428571428571,1.0,1.0,1,59.0,1.0
73,120,p048,2,4.8,2.4,100.0,1.0,1.0,0,30.0,0.0
73,120,p048,3,57.78,28.89,97.27272727272728,1.0,1.0,1,63.0,8.0
73,120,p048,4,67.06,33.53,96.66666666666667,1.0,1.0,1,71.0,8.0
73,120,p048,5,4.8,2.4,100.0,1.0,1.0,0,30.0,0.0
73,120,p048,6,57.16,28.58,97.27272727272728,1.0,1.0,1,61.0,8.0
73,120,p048,7,66.12,33.06,96.66666666666667,1.0,1.0,1,67.0,8.0
73,120,p048,8,66.75999999999999,33.379999999999995,96.66666666666667,1.0,1.0,1,71.0,8.0
73,120,p048,9,57.32,28.66,97.27272727272728,1.0,1.0,1,62.0,8.0
73,120,p048,10,25.2,12.6,100.0,1.0,1.0,0,45.0,2.0
73,120,p048,11,36.66,18.33,20.0,0.0,0.0,1,26.0,4.0
73,120,p048,12,98.16,49.08,58.888888888888886,1.0,0.0,1,71.0,16.0
73,120,p048,13,10.600000000000001,5.300000000000001,100.0,1.0,1.0,0,35.0,1.0
73,120,p048,14,29.18,14.59,17.5,0.0,0.0,1,23.0,1.0
73,120,p048,15,62.88,31.44,97.0,1.0,1.0,1,68.0,4.0
73,140,p037,0,100.0,61.64,13.0,0.0,0.0,1,78.0,16.0
73,140,p037,1,50.42,25.21,16.666666666666664,0.0,0.0,1,37.0,8.0
73,140,p037,2,56.22,28.11,97.27272727272728,1.0,1.0,1,57.0,8.0
73,140,p037,3,59.08,29.54,17.0,0.0,0.0,1,43.0,8.0
73,140,p037,4,9.34,4.67,100.0,1.0,1.0,0,29.0,1.0
73,140,p037,5,100.0,55.72,13.68421052631579,0.0,0.0,1,74.0,16.0
73,140,p037,6,47.720000000000006,23.860000000000003,15.0,0.0,0.0,1,37.0,1.0
73,140,p037,7,98.0,49.0,58.888888888888886,1.0,0.0,1,70.0,16.0
73,140,p037,8,56.839999999999996,28.419999999999998,97.27272727272728,1.0,1.0,1,59.0,8.0
73,140,p037,9,97.38,48.69,58.888888888888886,1.0,0.0,1,68.0,16.0
73,140,p037,10,91.3,45.65,93.88888888888889,1.0,1.0,1,80.0,16.0
73,140,p037,11,29.8,14.9,17.5,0.0,0.0,1,25.0,1.0
73,140,p037,12,56.38,28.19,97.27272727272728,1.0,1.0,1,58.0,8.0
73,140,p037,13,100.0,53.17,58.68421052631579,1.0,0.0,1,74.0,16.0
73,140,p037,14,12.82,6.41,100.0,1.0,1.0,0,32.0,0.0
73,140,p037,15,100.0,53.4,58.68421052631579,1.0,0.0,1,75.0,16.0
73,140,p038,0,85.94000000000001,42.970000000000006,15.384615384615383,0.0,0.0,1,59.0,8.0
73,140,p038,1,44.02,22.01,98.75,1.0,1.0,1,52.0,4.0
73,140,p038,2,45.94,22.97,18.57142857142857,0.0,0.0,0,34.0,4.0
73,140,p038,3,100.0,55.78999999999999,13.68421052631579,0.0,0.0,1,73.0,16.0
73,140,p038,4,91.6,45.8,93.88888888888889,1.0,1.0,1,80.0,16.0
73,140,p038,5,33.22,16.61,98.33333333333333,1.0,1.0,1,47.0,2.0
73,140,p038,6,45.94,22.97,18.57142857142857,0.0,0.0,0,34.0,4.0
73,140,p038,7,97.84,48.92,58.888888888888886,1.0,0.0,1,69.0,16.0
73,140,p038,8,65.34,32.67,96.66666666666667,1.0,1.0,1,64.0,8.0
73,140,p038,9,98.0,49.0,58.888888888888886,1.0,0.0,1,70.0,16.0
73,140,p038,10,97.38,48.69,58.888888888888886,1.0,0.0,1,68.0,16.0
73,140,p038,11,97.38,48.69,58.888888888888886,1.0,0.0,1,68.0,16.0
73,140,p038,12,97.84,48.92,58.888888888888886,1.0,0.0,1,69.0,16.0
73,140,p038,13,68.34,34.17,16.363636363636363,0.0,0.0,1,49.0,8.0
73,140,p038,14,24.259999999999998,12.129999999999999,100.0,1.0,1.0,0,41.0,2.0
73,140,p038,15,18.46,9.23,100.0,1.0,1.0,0,36.0,1.0
73,140,p039,0,18.619999999999997,9.309999999999999,100.0,1.0,1.0,0,37.0,1.0
73,140,p039,1,97.84,48.92,58.888888888888886,1.0,0.0,1,69.0,16.0
73,140,p039,2,37.14,18.57,20.0,0.0,0.0,1,29.0,4.0
73,140,p039,3,45.02,22.51,95.71428571428571,1.0,1.0,1,52.0,1.0
73,140,p039,4,94.13999999999999,47.06999999999999,13.529411764705882,0.0,0.0,1,64.0,16.0
73,140,p039,5,43.56,21.78,98.75,1.0,1.0,1,51.0,4.0
73,140,p039,6,100.0,53.239999999999995,58.68421052631579,1.0,0.0,1,73.0,16.0
73,140,p039,7,27.419999999999998,13.709999999999999,98.0,1.0,1.0,0,42.0,1.0
73,140,p039,8,100.0,53.4,58.68421052631579,1.0,0.0,1,75.0,16.0
73,140,p039,9,56.839999999999996,28.419999999999998,97.27272727272728,1.0,1.0,1,59.0,8.0
73,140,p039,10,43.4,21.7,98.75,1.0,1.0,1,50.0,4.0
73,140,p039,11,33.22,16.61,98.33333333333333,1.0,1.0,1,47.0,2.0
73,140,p039,12,24.259999999999998,12.129999999999999,100.0,1.0,1.0,0,41.0,2.0
73,140,p039,13,21.78,10.89,97.5,1.0,1.0,1,38.0,0.0
73,140,p039,14,34.6,17.3,100.0,1.0,1.0,0,45.0,4.0
73,140,p039,15,61.940000000000005,30.970000000000002,97.0,1.0,1.0,1,64.0,4.0
73,140,p040,0,15.040000000000001,7.5200000000000005,20.0,0.0,0.0,0,14.0,0.0
73,140,p040,1,34.44,17.22,100.0,1.0,1.0,0,44.0,4.0
73,140,p040,2,83.72,41.86,95.71428571428571,1.0,1.0,1,77.0,8.0
73,140,p040,3,34.82,17.41,18.0,0.0,0.0,0,27.0,2.0
73,140,p040,4,93.97999999999999,46.989999999999995,13.529411764705882,0.0,0.0,1,63.0,16.0
73,140,p040,5,34.82,17.41,18.0,0.0,0.0,0,27.0,2.0
73,140,p040,6,25.799999999999997,12.899999999999999,100.0,1.0,1.0,0,40.0,4.0
73,140,p040,7,26.96,13.48,98.0,1.0,1.0,0,41.0,1.0
73,140,p040,8,43.879999999999995,21.939999999999998,98.75,1.0,1.0,1,53.0,4.0
73,140,p040,9,100.0,55.78999999999999,13.68421052631579,0.0,0.0,1,73.0,16.0
73,140,p040,10,100.0,51.47,13.88888888888889,0.0,0.0,1,69.0,16.0
73,140,p040,11,94.13999999999999,47.06999999999999,13.529411764705882,0.0,0.0,1,64.0,16.0
73,140,p040,12,89.2,44.6,93.52941176470588,1.0,1.0,1,65.0,16.0
73,140,p040,13,98.0,49.0,93.88888888888889,1.0,1.0,1,70.0,16.0
73,140,p040,14,100.0,61.87,13.0,0.0,0.0,1,79.0,16.0
73,140,p040,15,100.0,53.32,93.6842105263158,1.0,1.0,1,74.0,16.0
73,140,p041,0,65.8,32.9,96.66666666666667,1.0,1.0,1,65.0,8.0
73,140,p041,1,3.8600000000000003,1.9300000000000002,100.0,1.0,1.0,0,26.0,0.0
73,140,p041,2,23.619999999999997,11.809999999999999,100.0,1.0,1.0,0,37.0,2.0
73,140,p041,3,26.1,13.05,100.0,1.0,1.0,0,40.0,4.0
73,140,p041,4,100.0,51.38999999999999,13.88888888888889,0.0,0.0,1,68.0,16.0
73,140,p041,5,97.54,48.77,93.88888888888889,1.0,1.0,1,69.0,16.0
73,140,p041,6,89.2,44.6,93.52941176470588,1.0,1.0,1,65.0,16.0
73,140,p041,7,56.38,28.19,97.27272727272728,1.0,1.0,1,58.0,8.0
73,140,p041,8,56.22,28.11,97.27272727272728,1.0,1.0,1,57.0,8.0
73,140,p041,9,97.54,48.77,93.88888888888889,1.0,1.0,1,69.0,16.0
73,140,p041,10,83.25999999999999,41.629999999999995,95.71428571428571,1.0,1.0,1,76.0,8.0
73,140,p041,11,65.18,32.59,96.66666666666667,1.0,1.0,1,63.0,8.0
73,140,p041,12,47.260000000000005,23.630000000000003,97.0,1.0,1.0,1,51.0,8.0
73,140,p041,13,66.12,33.06,96.66666666666667,1.0,1.0,1,67.0,8.0
73,140,p041,14,100.0,51.38999999999999,13.88888888888889,0.0,0.0,1,68.0,16.0
73,140,p041,15,65.8,32.9,96.66666666666667,1.0,1.0,1,65.0,8.0
73,140,p042,0,91.3,45.65,93.88888888888889,1.0,1.0,1,80.0,16.0
73,140,p042,1,65.82000000000001,32.910000000000004,96.66666666666667,1.0,1.0,1,67.0,8.0
73,140,p042,2,100.0,51.47,13.88888888888889,0.0,0.0,1,69.0,16.0
73,140,p042,3,43.879999999999995,21.939999999999998,98.75,1.0,1.0,1,53.0,4.0
73,140,p042,4,97.54,48.77,93.88888888888889,1.0,1.0,1,69.0,16.0
73,140,p042,5,98.0,49.0,93.88888888888889,1.0,1.0,1,70.0,16.0
73,140,p042,6,47.879999999999995,23.939999999999998,97.0,1.0,1.0,1,53.0,8.0
73,140,p042,7,68.03999999999999,34.019999999999996,16.363636363636363,0.0,0.0,1,49.0,8.0
73,140,p042,8,18.0,9.0,100.0,1.0,1.0,0,35.0,1.0
73,140,p042,9,100.0,55.949999999999996,13.68421052631579,0.0,0.0,1,75.0,16.0
73,140,p042,10,23.619999999999997,11.809999999999999,100.0,1.0,1.0,0,37.0,2.0
73,140,p042,11,100.0,53.48,93.6842105263158,1.0,1.0,1,76.0,16.0
73,140,p042,12,47.879999999999995,23.939999999999998,97.0,1.0,1.0,1,53.0,8.0
73,140,p042,13,98.16,49.08,93.88888888888889,1.0,1.0,1,71.0,16.0
73,140,p042,14,98.16,49.08,93.88888888888889,1.0,1.0,1,71.0,16.0
73,140,p042,15,61.940000000000005,30.970000000000002,97.0,1.0,1.0,1,64.0,4.0
73,140,p043,0,13.14,6.57,100.0,1.0,1.0,0,34.0,0.0
73,140,p043,1,100.0,61.709999999999994,13.0,0.0,0.0,1,77.0,16.0
73,140,p043,2,9.36,4.68,100.0,1.0,1.0,0,31.0,1.0
73,140,p043,3,65.66,32.83,96.66666666666667,1.0,1.0,1,66.0,8.0
73,140,p043,4,97.86,48.93,58.888888888888886,1.0,0.0,1,71.0,16.0
73,140,p043,5,20.36,10.18,20.0,0.0,0.0,0,16.0,1.0
73,140,p043,6,58.44,29.22,17.0,0.0,0.0,1,39.0,8.0
73,140,p043,7,26.279999999999998,13.139999999999999,100.0,1.0,1.0,0,43.0,4.0
73,140,p043,8,37.14,18.57,20.0,0.0,0.0,1,29.0,4.0
73,140,p043,9,97.86,48.93,58.888888888888886,1.0,0.0,1,71.0,16.0
73,140,p043,10,27.419999999999998,13.709999999999999,98.0,1.0,1.0,0,42.0,1.0
73,140,p043,11,37.14,18.57,20.0,0.0,0.0,1,29.0,4.0
73,140,p043,12,35.08,17.54,100.0,1.0,1.0,1,48.0,4.0
73,140,p043,13,36.980000000000004,18.490000000000002,20.0,0.0,0.0,1,28.0,4.0
73,140,p043,14,20.52,10.26,20.0,0.0,0.0,0,17.0,1.0
73,140,p043,15,97.86,48.93,58.888888888888886,1.0,0.0,1,71.0,16.0
73,140,p044,0,93.66,46.83,13.529411764705882,0.0,0.0,1,61.0,16.0
73,140,p044,1,32.9,16.45,98.33333333333333,1.0,1.0,0,45.0,2.0
73,140,p044,2,32.92,16.46,98.33333333333333,1.0,1.0,1,47.0,2.0
73,140,p044,3,35.239999999999995,17.619999999999997,100.0,1.0,1.0,1,49.0,4.0
73,140,p044,4,89.2,44.6,58.529411764705884,1.0,0.0,1,65.0,16.0
73,140,p044,5,35.44,17.72,18.0,0.0,0.0,0,29.0,2.0
73,140,p044,6,100.0,53.56,58.68421052631579,1.0,0.0,1,77.0,16.0
73,140,p044,7,100.0,53.48,58.68421052631579,1.0,0.0,1,76.0,16.0
73,140,p044,8,100.0,51.309999999999995,13.88888888888889,0.0,0.0,1,67.0,16.0
73,140,p044,9,100.0,53.56,58.68421052631579,1.0,0.0,1,77.0,16.0
73,140,p044,10,83.58,41.79,95.71428571428571,1.0,1.0,1,78.0,8.0
73,140,p044,11,89.52,44.76,58.529411764705884,1.0,0.0,1,67.0,16.0
73,140,p044,12,98.47999999999999,49.239999999999995,58.888888888888886,1.0,0.0,1,73.0,16.0
73,140,p044,13,32.92,16.46,98.33333333333333,1.0,1.0,1,47.0,2.0
73,140,p044,14,45.78,22.89,18.57142857142857,0.0,0.0,1,33.0,4.0
73,140,p044,15,4.180000000000001,2.0900000000000003,100.0,1.0,1.0,0,28.0,0.0
73,140,p045,0,65.5,32.75,96.66666666666667,1.0,1.0,1,65.0,8.0
73,140,p045,1,22.1,11.05,97.5,1.0,1.0,1,40.0,0.0
73,140,p045,2,49.48,24.74,16.666666666666664,0.0,0.0,1,33.0,8.0
73,140,p045,3,98.16,49.08,58.888888888888886,1.0,0.0,1,71.0,16.0
73,140,p045,4,57.18,28.59,97.27272727272728,1.0,1.0,1,63.0,8.0
73,140,p045,5,57.18,28.59,97.27272727272728,1.0,1.0,1,63.0,8.0
73,140,p045,6,65.5,32.75,96.66666666666667,1.0,1.0,1,65.0,8.0
73,140,p045,7,27.9,13.95,98.0,1.0,1.0,0,45.0,1.0
73,140,p045,8,89.03999999999999,44.519999999999996,58.529411764705884,1.0,0.0,1,64.0,16.0
73,140,p045,9,98.16,49.08,58.888888888888886,1.0,0.0,1,71.0,16.0
73,140,p045,10,89.03999999999999,44.519999999999996,58.529411764705884,1.0,0.0,1,64.0,16.0
73,140,p045,11,56.54,28.27,97.27272727272728,1.0,1.0,1,59.0,8.0
73,140,p045,12,88.9,44.45,58.529411764705884,1.0,0.0,1,65.0,16.0
73,140,p045,13,89.03999999999999,44.519999999999996,58.529411764705884,1.0,0.0,1,64.0,16.0
73,140,p045,14,98.16,49.08,58.888888888888886,1.0,0.0,1,71.0,16.0
73,140,p045,15,35.239999999999995,17.619999999999997,100.0,1.0,1.0,1,49.0,4.0
73,140,p046,0,100.0,51.47,13.88888888888889,0.0,0.0,1,69.0,16.0
73,140,p046,1,89.5,44.75,58.529411764705884,1.0,0.0,1,65.0,16.0
73,140,p046,2,67.56,33.78,16.363636363636363,0.0,0.0,1,46.0,8.0
73,140,p046,3,89.66,44.83,58.529411764705884,1.0,0.0,1,66.0,16.0
73,140,p046,4,100.0,61.64,13.0,0.0,0.0,1,78.0,16.0
73,140,p046,5,37.28,18.64,20.0,0.0,0.0,1,28.0,4.0
73,140,p046,6,20.68,10.34,20.0,0.0,0.0,0,18.0,1.0
73,140,p046,7,67.39999999999999,33.699999999999996,16.363636363636363,0.0,0.0,1,45.0,8.0
73,140,p046,8,25.04,12.52,100.0,1.0,1.0,0,44.0,2.0
73,140,p046,9,24.560000000000002,12.280000000000001,100.0,1.0,1.0,0,41.0,2.0
73,140,p046,10,26.58,13.29,100.0,1.0,1.0,0,43.0,4.0
73,140,p046,11,25.04,12.52,100.0,1.0,1.0,0,44.0,2.0
73,140,p046,12,25.54,12.77,20.0,0.0,0.0,0,19.0,2.0
73,140,p046,13,15.62,7.81,100.0,1.0,1.0,0,37.0,2.0
73,140,p046,14,35.379999999999995,17.689999999999998,100.0,1.0,1.0,1,48.0,4.0
73,140,p046,15,13.76,6.88,100.0,1.0,1.0,0,36.0,0.0
73,140,p047,0,34.0,17.0,98.33333333333333,1.0,1.0,1,50.0,2.0
73,140,p047,1,18.939999999999998,9.469999999999999,100.0,1.0,1.0,0,39.0,1.0
73,140,p047,2,89.33999999999999,44.669999999999995,58.529411764705884,1.0,0.0,1,64.0,16.0
73,140,p047,3,100.0,53.87,58.68421052631579,1.0,0.0,1,79.0,16.0
73,140,p047,4,100.0,55.87,13.68421052631579,0.0,0.0,1,74.0,16.0
73,140,p047,5,13.76,6.88,100.0,1.0,1.0,0,36.0,0.0
73,140,p047,6,25.04,12.52,100.0,1.0,1.0,0,44.0,2.0
73,140,p047,7,57.16,28.58,97.27272727272728,1.0,1.0,1,61.0,8.0
73,140,p047,8,44.96,22.48,98.75,1.0,1.0,1,56.0,4.0
73,140,p047,9,100.0,53.56,58.68421052631579,1.0,0.0,1,77.0,16.0
73,140,p047,10,27.7,13.85,20.0,0.0,0.0,1,20.0,4.0
73,140,p047,11,20.84,10.42,20.0,0.0,0.0,0,19.0,1.0
73,140,p047,12,100.0,55.72,13.68421052631579,0.0,0.0,1,74.0,16.0
73,140,p047,13,68.34,34.17,16.363636363636363,0.0,0.0,1,49.0,8.0
73,140,p047,14,98.78,49.39,58.888888888888886,1.0,0.0,1,73.0,16.0
73,140,p047,15,44.5,22.25,98.75,1.0,1.0,1,55.0,4.0
73,140,p048,0,44.96,22.48,98.75,1.0,1.0,1,56.0,4.0
73,140,p048,1,46.44,23.22,95.71428571428571,1.0,1.0,1,59.0,1.0
73,140,p048,2,4.8,2.4,100.0,1.0,1.0,0,30.0,0.0
73,140,p048,3,98.78,49.39,58.888888888888886,1.0,0.0,1,73.0,16.0
73,140,p048,4,100.0,61.87,13.0,0.0,0.0,1,79.0,16.0
73,140,p048,5,13.76,6.88,100.0,1.0,1.0,0,36.0,0.0
73,140,p048,6,100.0,53.709999999999994,58.68421052631579,1.0,0.0,1,77.0,16.0
73,140,p048,7,100.0,61.79,13.0,0.0,0.0,1,78.0,16.0
73,140,p048,8,100.0,53.56,58.68421052631579,1.0,0.0,1,77.0,16.0
73,140,p048,9,100.0,53.629999999999995,58.68421052631579,1.0,0.0,1,76.0,16.0
73,140,p048,10,36.0,18.0,100.0,1.0,1.0,1,50.0,4.0
73,140,p048,11,58.44,29.22,17.0,0.0,0.0,1,39.0,8.0
73,140,p048,12,98.16,49.08,58.888888888888886,1.0,0.0,1,71.0,16.0
73,140,p048,13,10.600000000000001,5.300000000000001,100.0,1.0,1.0,0,35.0,1.0
73,140,p048,14,29.18,14.59,17.5,0.0,0.0,1,23.0,1.0
73,140,p048,15,100.0,61.87,13.0,0.0,0.0,1,79.0,16.0
73,160,p037,0,100.0,61.64,13.0,0.0,0.0,1,78.0,16.0
73,160,p037,1,93.97999999999999,46.989999999999995,13.529411764705882,0.0,0.0,1,63.0,16.0
73,160,p037,2,97.67999999999999,48.839999999999996,58.888888888888886,1.0,0.0,1,68.0,16.0
73,160,p037,3,100.0,51.239999999999995,13.88888888888889,0.0,0.0,1,68.0,16.0
73,160,p037,4,25.479999999999997,12.739999999999998,100.0,1.0,1.0,0,38.0,4.0
73,160,p037,5,100.0,55.72,13.68421052631579,0.0,0.0,1,74.0,16.0
73,160,p037,6,63.70000000000001,31.850000000000005,16.666666666666664,0.0,0.0,1,45.0,4.0
73,160,p037,7,98.0,49.0,58.888888888888886,1.0,0.0,1,70.0,16.0
73,160,p037,8,100.0,53.48,58.68421052631579,1.0,0.0,1,76.0,16.0
73,160,p037,9,97.38,48.69,58.888888888888886,1.0,0.0,1,68.0,16.0
73,160,p037,10,91.3,45.65,93.88888888888889,1.0,1.0,1,80.0,16.0
73,160,p037,11,68.02,34.01,16.363636363636363,0.0,0.0,1,47.0,8.0
73,160,p037,12,100.0,53.239999999999995,58.68421052631579,1.0,0.0,1,73.0,16.0
73,160,p037,13,100.0,53.17,58.68421052631579,1.0,0.0,1,74.0,16.0
73,160,p037,14,18.0,9.0,100.0,1.0,1.0,0,35.0,1.0
73,160,p037,15,100.0,53.4,58.68421052631579,1.0,0.0,1,75.0,16.0
73,160,p038,0,100.0,61.949999999999996,13.0,0.0,0.0,1,80.0,16.0
73,160,p038,1,100.0,53.4,58.68421052631579,1.0,0.0,1,75.0,16.0
73,160,p038,2,100.0,55.78999999999999,13.68421052631579,0.0,0.0,1,73.0,16.0
73,160,p038,3,100.0,61.709999999999994,13.0,0.0,0.0,1,77.0,16.0
73,160,p038,4,91.6,45.8,93.88888888888889,1.0,1.0,1,80.0,16.0
73,160,p038,5,100.0,53.4,58.68421052631579,1.0,0.0,1,75.0,16.0
73,160,p038,6,100.0,55.78999999999999,13.68421052631579,0.0,0.0,1,73.0,16.0
73,160,p038,7,97.84,48.92,58.888888888888886,1.0,0.0,1,69.0,16.0
73,160,p038,8,100.0,53.239999999999995,58.68421052631579,1.0,0.0,1,73.0,16.0
73,160,p038,9,100.0,53.48,58.68421052631579,1.0,0.0,1,76.0,16.0
73,160,p038,10,97.38,48.69,58.888888888888886,1.0,0.0,1,68.0,16.0
73,160,p038,11,97.38,48.69,58.888888888888886,1.0,0.0,1,68.0,16.0
73,160,p038,12,97.84,48.92,58.888888888888886,1.0,0.0,1,69.0,16.0
73,160,p038,13,100.0,55.949999999999996,13.68421052631579,0.0,0.0,1,75.0,16.0
73,160,p038,14,57.16,28.58,97.27272727272728,1.0,1.0,1,61.0,8.0
73,160,p038,15,24.259999999999998,12.129999999999999,100.0,1.0,1.0,0,41.0,2.0
73,160,p039,0,33.06,16.53,98.33333333333333,1.0,1.0,0,46.0,2.0
73,160,p039,1,97.84,48.92,58.888888888888886,1.0,0.0,1,69.0,16.0
73,160,p039,2,100.0,51.239999999999995,13.88888888888889,0.0,0.0,1,68.0,16.0
73,160,p039,3,50.2,25.1,96.25,1.0,1.0,1,55.0,2.0
73,160,p039,4,94.13999999999999,47.06999999999999,13.529411764705882,0.0,0.0,1,64.0,16.0
73,160,p039,5,100.0,53.48,58.68421052631579,1.0,0.0,1,76.0,16.0
73,160,p039,6,100.0,53.239999999999995,58.68421052631579,1.0,0.0,1,73.0,16.0
73,160,p039,7,44.02,22.01,98.75,1.0,1.0,1,52.0,4.0
73,160,p039,8,100.0,61.87,13.0,0.0,0.0,1,79.0,16.0
73,160,p039,9,98.0,49.0,58.888888888888886,1.0,0.0,1,70.0,16.0
73,160,p039,10,100.0,53.32,58.68421052631579,1.0,0.0,1,74.0,16.0
73,160,p039,11,66.12,33.06,96.66666666666667,1.0,1.0,1,67.0,8.0
73,160,p039,12,57.16,28.58,97.27272727272728,1.0,1.0,1,61.0,8.0
73,160,p039,13,27.419999999999998,13.709999999999999,98.0,1.0,1.0,0,42.0,1.0
73,160,p039,14,100.0,53.48,58.68421052631579,1.0,0.0,1,76.0,16.0
73,160,p039,15,100.0,61.87,13.0,0.0,0.0,1,79.0,16.0
73,160,p040,0,20.22,10.11,20.0,0.0,0.0,0,17.0,1.0
73,160,p040,1,97.84,48.92,93.88888888888889,1.0,1.0,1,69.0,16.0
73,160,p040,2,100.0,61.949999999999996,13.0,0.0,0.0,1,80.0,16.0
73,160,p040,3,100.0,55.72,13.68421052631579,0.0,0.0,1,74.0,16.0
73,160,p040,4,100.0,51.47,13.88888888888889,0.0,0.0,1,69.0,16.0
73,160,p040,5,100.0,55.72,13.68421052631579,0.0,0.0,1,74.0,16.0
73,160,p040,6,91.44,45.72,93.88888888888889,1.0,1.0,1,79.0,16.0
73,160,p040,7,43.879999999999995,21.939999999999998,98.75,1.0,1.0,1,53.0,4.0
73,160,p040,8,100.0,53.25,93.6842105263158,1.0,1.0,1,75.0,16.0
73,160,p040,9,100.0,55.78999999999999,13.68421052631579,0.0,0.0,1,73.0,16.0
73,160,p040,10,100.0,51.47,13.88888888888889,0.0,0.0,1,69.0,16.0
73,160,p040,11,94.13999999999999,47.06999999999999,13.529411764705882,0.0,0.0,1,64.0,16.0
73,160,p040,12,98.16,49.08,93.88888888888889,1.0,1.0,1,71.0,16.0
73,160,p040,13,100.0,53.48,93.6842105263158,1.0,1.0,1,76.0,16.0
73,160,p040,14,100.0,61.87,13.0,0.0,0.0,1,79.0,16.0
73,160,p040,15,100.0,53.32,93.6842105263158,1.0,1.0,1,74.0,16.0
73,160,p041,0,100.0,53.56,93.6842105263158,1.0,1.0,1,77.0,16.0
73,160,p041,1,9.66,4.83,100.0,1.0,1.0,0,31.0,1.0
73,160,p041,2,56.22,28.11,97.27272727272728,1.0,1.0,1,57.0,8.0
73,160,p041,3,89.03999999999999,44.519999999999996,93.52941176470588,1.0,1.0,1,64.0,16.0
73,160,p041,4,100.0,51.38999999999999,13.88888888888889,0.0,0.0,1,68.0,16.0
73,160,p041,5,97.54,48.77,93.88888888888889,1.0,1.0,1,69.0,16.0
73,160,p041,6,89.2,44.6,93.52941176470588,1.0,1.0,1,65.0,16.0
73,160,p041,7,97.67999999999999,48.839999999999996,93.88888888888889,1.0,1.0,1,68.0,16.0
73,160,p041,8,97.84,48.92,93.88888888888889,1.0,1.0,1,69.0,16.0
73,160,p041,9,97.54,48.77,93.88888888888889,1.0,1.0,1,69.0,16.0
73,160,p041,10,100.0,61.709999999999994,13.0,0.0,0.0,1,77.0,16.0
73,160,p041,11,100.0,53.4,93.6842105263158,1.0,1.0,1,75.0,16.0
73,160,p041,12,91.6,45.8,93.88888888888889,1.0,1.0,1,80.0,16.0
73,160,p041,13,100.0,53.48,93.6842105263158,1.0,1.0,1,76.0,16.0
73,160,p041,14,100.0,51.38999999999999,13.88888888888889,0.0,0.0,1,68.0,16.0
73,160,p041,15,100.0,53.56,93.6842105263158,1.0,1.0,1,77.0,16.0
73,160,p042,0,97.54,48.77,93.88888888888889,1.0,1.0,1,69.0,16.0
73,160,p042,1,100.0,55.72,13.68421052631579,0.0,0.0,1,74.0,16.0
73,160,p042,2,100.0,51.47,13.88888888888889,0.0,0.0,1,69.0,16.0
73,160,p042,3,100.0,53.25,93.6842105263158,1.0,1.0,1,75.0,16.0
73,160,p042,4,97.54,48.77,93.88888888888889,1.0,1.0,1,69.0,16.0
73,160,p042,5,98.0,49.0,93.88888888888889,1.0,1.0,1,70.0,16.0
73,160,p042,6,89.2,44.6,93.52941176470588,1.0,1.0,1,65.0,16.0
73,160,p042,7,100.0,55.72,13.68421052631579,0.0,0.0,1,74.0,16.0
73,160,p042,8,23.64,11.82,100.0,1.0,1.0,0,39.0,2.0
73,160,p042,9,100.0,55.949999999999996,13.68421052631579,0.0,0.0,1,75.0,16.0
73,160,p042,10,97.84,48.92,93.88888888888889,1.0,1.0,1,69.0,16.0
73,160,p042,11,100.0,53.48,93.6842105263158,1.0,1.0,1,76.0,16.0
73,160,p042,12,89.2,44.6,93.52941176470588,1.0,1.0,1,65.0,16.0
73,160,p042,13,98.16,49.08,93.88888888888889,1.0,1.0,1,71.0,16.0
73,160,p042,14,98.16,49.08,93.88888888888889,1.0,1.0,1,71.0,16.0
73,160,p042,15,100.0,61.87,13.0,0.0,0.0,1,79.0,16.0
73,160,p043,0,27.279999999999998,13.639999999999999,98.0,1.0,1.0,0,43.0,1.0
73,160,p043,1,100.0,61.709999999999994,13.0,0.0,0.0,1,77.0,16.0
73,160,p043,2,15.0,7.5,100.0,1.0,1.0,0,35.0,2.0
73,160,p043,3,100.0,53.48,58.68421052631579,1.0,0.0,1,76.0,16.0
73,160,p043,4,97.86,48.93,58.888888888888886,1.0,0.0,1,71.0,16.0
73,160,p043,5,36.980000000000004,18.490000000000002,20.0,0.0,0.0,1,28.0,4.0
73,160,p043,6,100.0,51.38999999999999,13.88888888888889,0.0,0.0,1,68.0,16.0
73,160,p043,7,97.86,48.93,58.888888888888886,1.0,0.0,1,71.0,16.0
73,160,p043,8,100.0,51.239999999999995,13.88888888888889,0.0,0.0,1,68.0,16.0
73,160,p043,9,100.0,53.41,58.68421052631579,1.0,0.0,1,77.0,16.0
73,160,p043,10,44.04,22.02,98.75,1.0,1.0,1,54.0,4.0
73,160,p043,11,100.0,55.72,13.68421052631579,0.0,0.0,1,74.0,16.0
73,160,p043,12,98.0,49.0,58.888888888888886,1.0,0.0,1,70.0,16.0
73,160,p043,13,100.0,51.309999999999995,13.88888888888889,0.0,0.0,1,67.0,16.0
73,160,p043,14,67.39999999999999,33.699999999999996,16.363636363636363,0.0,0.0,1,45.0,8.0
73,160,p043,15,100.0,53.41,58.68421052631579,1.0,0.0,1,77.0,16.0
73,160,p044,0,100.0,51.309999999999995,13.88888888888889,0.0,0.0,1,67.0,16.0
73,160,p044,1,100.0,53.56,58.68421052631579,1.0,0.0,1,77.0,16.0
73,160,p044,2,100.0,53.41,58.68421052631579,1.0,0.0,1,77.0,16.0
73,160,p044,3,97.86,48.93,58.888888888888886,1.0,0.0,1,71.0,16.0
73,160,p044,4,98.16,49.08,58.888888888888886,1.0,0.0,1,71.0,16.0
73,160,p044,5,100.0,55.949999999999996,13.68421052631579,0.0,0.0,1,75.0,16.0
73,160,p044,6,100.0,53.56,58.68421052631579,1.0,0.0,1,77.0,16.0
73,160,p044,7,100.0,53.48,58.68421052631579,1.0,0.0,1,76.0,16.0
73,160,p044,8,100.0,55.78999999999999,13.68421052631579,0.0,0.0,1,73.0,16.0
73,160,p044,9,100.0,53.56,58.68421052631579,1.0,0.0,1,77.0,16.0
73,160,p044,10,100.0,61.709999999999994,13.0,0.0,0.0,1,77.0,16.0
73,160,p044,11,89.52,44.76,58.529411764705884,1.0,0.0,1,67.0,16.0
73,160,p044,12,100.0,51.55,13.88888888888889,0.0,0.0,1,70.0,16.0
73,160,p044,13,66.14,33.07,96.66666666666667,1.0,1.0,1,69.0,8.0
73,160,p044,14,100.0,56.029999999999994,13.68421052631579,0.0,0.0,1,76.0,16.0
73,160,p044,15,9.36,4.68,100.0,1.0,1.0,0,31.0,1.0
73,160,p045,0,100.0,53.56,58.68421052631579,1.0,0.0,1,77.0,16.0
73,160,p045,1,27.9,13.95,98.0,1.0,1.0,0,45.0,1.0
73,160,p045,2,93.82,46.91,13.529411764705882,0.0,0.0,1,62.0,16.0
73,160,p045,3,98.16,49.08,58.888888888888886,1.0,0.0,1,71.0,16.0
73,160,p045,4,97.86,48.93,58.888888888888886,1.0,0.0,1,71.0,16.0
73,160,p045,5,97.86,48.93,58.888888888888886,1.0,0.0,1,71.0,16.0
73,160,p045,6,100.0,53.56,58.68421052631579,1.0,0.0,1,77.0,16.0
73,160,p045,7,43.879999999999995,21.939999999999998,98.75,1.0,1.0,1,53.0,4.0
73,160,p045,8,89.03999999999999,44.519999999999996,58.529411764705884,1.0,0.0,1,64.0,16.0
73,160,p045,9,98.16,49.08,58.888888888888886,1.0,0.0,1,71.0,16.0
73,160,p045,10,98.0,49.0,58.888888888888886,1.0,0.0,1,70.0,16.0
73,160,p045,11,100.0,53.56,58.68421052631579,1.0,0.0,1,77.0,16.0
73,160,p045,12,88.9,44.45,58.529411764705884,1.0,0.0,1,65.0,16.0
73,160,p045,13,98.0,49.0,58.888888888888886,1.0,0.0,1,70.0,16.0
73,160,p045,14,100.0,53.56,58.68421052631579,1.0,0.0,1,77.0,16.0
73,160,p045,15,100.0,53.41,58.68421052631579,1.0,0.0,1,77.0,16.0
73,160,p046,0,100.0,55.949999999999996,13.68421052631579,0.0,0.0,1,75.0,16.0
73,160,p046,1,98.46,49.23,58.888888888888886,1.0,0.0,1,71.0,16.0
73,160,p046,2,100.0,55.78999999999999,13.68421052631579,0.0,0.0,1,73.0,16.0
73,160,p046,3,89.66,44.83,58.529411764705884,1.0,0.0,1,66.0,16.0
73,160,p046,4,100.0,61.64,13.0,0.0,0.0,1,78.0,16.0
73,160,p046,5,100.0,51.47,13.88888888888889,0.0,0.0,1,69.0,16.0
73,160,p046,6,26.48,13.24,20.0,0.0,0.0,0,23.0,2.0
73,160,p046,7,100.0,55.87,13.68421052631579,0.0,0.0,1,74.0,16.0
73,160,p046,8,98.78,49.39,58.888888888888886,1.0,0.0,1,73.0,16.0
73,160,p046,9,98.46,49.23,58.888888888888886,1.0,0.0,1,71.0,16.0
73,160,p046,10,98.78,49.39,58.888888888888886,1.0,0.0,1,73.0,16.0
73,160,p046,11,100.0,53.87,58.68421052631579,1.0,0.0,1,79.0,16.0
73,160,p046,12,100.0,51.309999999999995,13.88888888888889,0.0,0.0,1,67.0,16.0
73,160,p046,13,89.2,44.6,58.529411764705884,1.0,0.0,1,65.0,16.0
73,160,p046,14,98.46,49.23,58.888888888888886,1.0,0.0,1,71.0,16.0
73,160,p046,15,13.76,6.88,100.0,1.0,1.0,0,36.0,0.0
73,160,p047,0,100.0,53.87,58.68421052631579,1.0,0.0,1,79.0,16.0
73,160,p047,1,33.54,16.77,98.33333333333333,1.0,1.0,1,49.0,2.0
73,160,p047,2,89.33999999999999,44.669999999999995,58.529411764705884,1.0,0.0,1,64.0,16.0
73,160,p047,3,100.0,53.87,58.68421052631579,1.0,0.0,1,79.0,16.0
73,160,p047,4,100.0,55.87,13.68421052631579,0.0,0.0,1,74.0,16.0
73,160,p047,5,22.72,11.36,97.5,1.0,1.0,1,42.0,0.0
73,160,p047,6,98.78,49.39,58.888888888888886,1.0,0.0,1,73.0,16.0
73,160,p047,7,100.0,53.709999999999994,58.68421052631579,1.0,0.0,1,77.0,16.0
73,160,p047,8,100.0,53.79,58.68421052631579,1.0,0.0,1,78.0,16.0
73,160,p047,9,100.0,53.56,58.68421052631579,1.0,0.0,1,77.0,16.0
73,160,p047,10,100.0,51.38999999999999,13.88888888888889,0.0,0.0,1,68.0,16.0
73,160,p047,11,45.78,22.89,18.57142857142857,0.0,0.0,1,33.0,4.0
73,160,p047,12,100.0,55.72,13.68421052631579,0.0,0.0,1,74.0,16.0
73,160,p047,13,100.0,61.87,13.0,0.0,0.0,1,79.0,16.0
73,160,p047,14,98.78,49.39,58.888888888888886,1.0,0.0,1,73.0,16.0
73,160,p047,15,100.0,53.87,58.68421052631579,1.0,0.0,1,79.0,16.0
73,160,p048,0,100.0,53.79,58.68421052631579,1.0,0.0,1,78.0,16.0
73,160,p048,1,84.66,42.33,95.71428571428571,1.0,1.0,1,81.0,8.0
73,160,p048,2,19.08,9.54,100.0,1.0,1.0,0,38.0,1.0
73,160,p048,3,98.78,49.39,58.888888888888886,1.0,0.0,1,73.0,16.0
73,160,p048,4,100.0,61.87,13.0,0.0,0.0,1,79.0,16.0
73,160,p048,5,19.4,9.7,100.0,1.0,1.0,0,40.0,1.0
73,160,p048,6,100.0,53.709999999999994,58.68421052631579,1.0,0.0,1,77.0,16.0
73,160,p048,7,100.0,61.79,13.0,0.0,0.0,1,78.0,16.0
73,160,p048,8,100.0,53.56,58.68421052631579,1.0,0.0,1,77.0,16.0
73,160,p048,9,100.0,53.629999999999995,58.68421052631579,1.0,0.0,1,76.0,16.0
73,160,p048,10,98.61999999999999,49.309999999999995,58.888888888888886,1.0,0.0,1,72.0,16.0
73,160,p048,11,100.0,51.38999999999999,13.88888888888889,0.0,0.0,1,68.0,16.0
73,160,p048,12,98.16,49.08,58.888888888888886,1.0,0.0,1,71.0,16.0
73,160,p048,13,26.58,13.29,100.0,1.0,1.0,0,43.0,4.0
73,160,p048,14,68.03999999999999,34.019999999999996,16.363636363636363,0.0,0.0,1,49.0,8.0
73,160,p048,15,100.0,61.87,13.0,0.0,0.0,1,79.0,16.0
73,180,p037,0,100.0,61.64,13.0,0.0,0.0,1,78.0,16.0
73,180,p037,1,93.97999999999999,46.989999999999995,13.529411764705882,0.0,0.0,1,63.0,16.0
73,180,p037,2,100.0,53.32,58.68421052631579,1.0,0.0,1,74.0,16.0
73,180,p037,3,100.0,51.239999999999995,13.88888888888889,0.0,0.0,1,68.0,16.0
73,180,p037,4,93.82,46.91,13.529411764705882,0.0,0.0,1,62.0,16.0
73,180,p037,5,100.0,55.72,13.68421052631579,0.0,0.0,1,74.0,16.0
73,180,p037,6,100.0,61.949999999999996,13.0,0.0,0.0,1,80.0,16.0
73,180,p037,7,98.0,49.0,58.888888888888886,1.0,0.0,1,70.0,16.0
73,180,p037,8,100.0,53.48,58.68421052631579,1.0,0.0,1,76.0,16.0
73,180,p037,9,97.38,48.69,58.888888888888886,1.0,0.0,1,68.0,16.0
73,180,p037,10,91.3,45.65,93.88888888888889,1.0,1.0,1,80.0,16.0
73,180,p037,11,100.0,56.029999999999994,13.68421052631579,0.0,0.0,1,76.0,16.0
73,180,p037,12,100.0,53.239999999999995,58.68421052631579,1.0,0.0,1,73.0,16.0
73,180,p037,13,100.0,53.17,58.68421052631579,1.0,0.0,1,74.0,16.0
73,180,p037,14,43.879999999999995,21.939999999999998,98.75,1.0,1.0,1,53.0,4.0
73,180,p037,15,100.0,53.4,58.68421052631579,1.0,0.0,1,75.0,16.0
73,180,p038,0,100.0,61.949999999999996,13.0,0.0,0.0,1,80.0,16.0
73,180,p038,1,100.0,53.4,58.68421052631579,1.0,0.0,1,75.0,16.0
73,180,p038,2,100.0,55.78999999999999,13.68421052631579,0.0,0.0,1,73.0,16.0
73,180,p038,3,100.0,55.78999999999999,13.68421052631579,0.0,0.0,1,73.0,16.0
73,180,p038,4,91.6,45.8,93.88888888888889,1.0,1.0,1,80.0,16.0
73,180,p038,5,100.0,53.4,58.68421052631579,1.0,0.0,1,75.0,16.0
73,180,p038,6,100.0,55.78999999999999,13.68421052631579,0.0,0.0,1,73.0,16.0
73,180,p038,7,100.0,53.4,58.68421052631579,1.0,0.0,1,75.0,16.0
73,180,p038,8,100.0,53.239999999999995,58.68421052631579,1.0,0.0,1,73.0,16.0
73,180,p038,9,100.0,56.029999999999994,13.68421052631579,0.0,0.0,1,76.0,16.0
73,180,p038,10,100.0,55.72,13.68421052631579,0.0,0.0,1,74.0,16.0
73,180,p038,11,97.38,48.69,58.888888888888886,1.0,0.0,1,68.0,16.0
73,180,p038,12,97.84,48.92,58.888888888888886,1.0,0.0,1,69.0,16.0
73,180,p038,13,100.0,55.949999999999996,13.68421052631579,0.0,0.0,1,75.0,16.0
73,180,p038,14,100.0,53.4,58.68421052631579,1.0,0.0,1,75.0,16.0
73,180,p038,15,66.12,33.06,96.66666666666667,1.0,1.0,1,67.0,8.0
73,180,p039,0,65.8,32.9,96.66666666666667,1.0,1.0,1,65.0,8.0
73,180,p039,1,100.0,51.47,13.88888888888889,0.0,0.0,1,69.0,16.0
73,180,p039,2,100.0,51.239999999999995,13.88888888888889,0.0,0.0,1,68.0,16.0
73,180,p039,3,61.64,30.82,97.0,1.0,1.0,1,64.0,4.0
73,180,p039,4,94.13999999999999,47.06999999999999,13.529411764705882,0.0,0.0,1,64.0,16.0
73,180,p039,5,100.0,56.029999999999994,13.68421052631579,0.0,0.0,1,76.0,16.0
73,180,p039,6,100.0,53.239999999999995,58.68421052631579,1.0,0.0,1,73.0,16.0
73,180,p039,7,100.0,53.4,58.68421052631579,1.0,0.0,1,75.0,16.0
73,180,p039,8,100.0,61.87,13.0,0.0,0.0,1,79.0,16.0
73,180,p039,9,98.0,49.0,58.888888888888886,1.0,0.0,1,70.0,16.0
73,180,p039,10,100.0,53.32,58.68421052631579,1.0,0.0,1,74.0,16.0
73,180,p039,11,100.0,53.4,58.68421052631579,1.0,0.0,1,75.0,16.0
73,180,p039,12,100.0,51.47,13.88888888888889,0.0,0.0,1,69.0,16.0
73,180,p039,13,44.02,22.01,98.75,1.0,1.0,1,52.0,4.0
73,180,p039,14,100.0,53.48,58.68421052631579,1.0,0.0,1,76.0,16.0
73,180,p039,15,100.0,61.87,13.0,0.0,0.0,1,79.0,16.0
73,180,p040,0,46.1,23.05,18.57142857142857,0.0,0.0,0,35.0,4.0
73,180,p040,1,100.0,53.4,93.6842105263158,1.0,1.0,1,75.0,16.0
73,180,p040,2,100.0,61.949999999999996,13.0,0.0,0.0,1,80.0,16.0
73,180,p040,3,100.0,55.72,13.68421052631579,0.0,0.0,1,74.0,16.0
73,180,p040,4,100.0,51.47,13.88888888888889,0.0,0.0,1,69.0,16.0
73,180,p040,5,100.0,55.72,13.68421052631579,0.0,0.0,1,74.0,16.0
73,180,p040,6,97.67999999999999,48.839999999999996,93.88888888888889,1.0,1.0,1,68.0,16.0
73,180,p040,7,100.0,53.25,93.6842105263158,1.0,1.0,1,75.0,16.0
73,180,p040,8,100.0,53.25,93.6842105263158,1.0,1.0,1,75.0,16.0
73,180,p040,9,100.0,55.78999999999999,13.68421052631579,0.0,0.0,1,73.0,16.0
73,180,p040,10,100.0,51.47,13.88888888888889,0.0,0.0,1,69.0,16.0
73,180,p040,11,94.13999999999999,47.06999999999999,13.529411764705882,0.0,0.0,1,64.0,16.0
73,180,p040,12,100.0,51.55,13.88888888888889,0.0,0.0,1,70.0,16.0
73,180,p040,13,100.0,53.48,93.6842105263158,1.0,1.0,1,76.0,16.0
73,180,p040,14,100.0,61.87,13.0,0.0,0.0,1,79.0,16.0
73,180,p040,15,100.0,53.32,93.6842105263158,1.0,1.0,1,74.0,16.0
73,180,p041,0,100.0,53.56,93.6842105263158,1.0,1.0,1,77.0,16.0
73,180,p041,1,15.14,7.57,100.0,1.0,1.0,0,34.0,2.0
73,180,p041,2,100.0,53.4,93.6842105263158,1.0,1.0,1,75.0,16.0
73,180,p041,3,89.03999999999999,44.519999999999996,93.52941176470588,1.0,1.0,1,64.0,16.0
73,180,p041,4,100.0,51.38999999999999,13.88888888888889,0.0,0.0,1,68.0,16.0
73,180,p041,5,97.54,48.77,93.88888888888889,1.0,1.0,1,69.0,16.0
73,180,p041,6,89.2,44.6,93.52941176470588,1.0,1.0,1,65.0,16.0
73,180,p041,7,100.0,53.32,93.6842105263158,1.0,1.0,1,74.0,16.0
73,180,p041,8,97.84,48.92,93.88888888888889,1.0,1.0,1,69.0,16.0
73,180,p041,9,97.54,48.77,93.88888888888889,1.0,1.0,1,69.0,16.0
73,180,p041,10,100.0,61.709999999999994,13.0,0.0,0.0,1,77.0,16.0
73,180,p041,11,100.0,53.4,93.6842105263158,1.0,1.0,1,75.0,16.0
73,180,p041,12,97.84,48.92,93.88888888888889,1.0,1.0,1,69.0,16.0
73,180,p041,13,100.0,53.48,93.6842105263158,1.0,1.0,1,76.0,16.0
73,180,p041,14,100.0,51.38999999999999,13.88888888888889,0.0,0.0,1,68.0,16.0
73,180,p041,15,100.0,53.56,93.6842105263158,1.0,1.0,1,77.0,16.0
73,180,p042,0,97.54,48.77,93.88888888888889,1.0,1.0,1,69.0,16.0
73,180,p042,1,100.0,55.72,13.68421052631579,0.0,0.0,1,74.0,16.0
73,180,p042,2,100.0,51.47,13.88888888888889,0.0,0.0,1,69.0,16.0
73,180,p042,3,100.0,53.25,93.6842105263158,1.0,1.0,1,75.0,16.0
73,180,p042,4,97.54,48.77,93.88888888888889,1.0,1.0,1,69.0,16.0
73,180,p042,5,98.0,49.0,93.88888888888889,1.0,1.0,1,70.0,16.0
73,180,p042,6,94.13999999999999,47.06999999999999,13.529411764705882,0.0,0.0,1,64.0,16.0
73,180,p042,7,100.0,55.72,13.68421052631579,0.0,0.0,1,74.0,16.0
73,180,p042,8,34.92,17.46,100.0,1.0,1.0,1,47.0,4.0
73,180,p042,9,100.0,55.949999999999996,13.68421052631579,0.0,0.0,1,75.0,16.0
73,180,p042,10,100.0,53.4,93.6842105263158,1.0,1.0,1,75.0,16.0
73,180,p042,11,100.0,53.48,93.6842105263158,1.0,1.0,1,76.0,16.0
73,180,p042,12,89.2,44.6,93.52941176470588,1.0,1.0,1,65.0,16.0
73,180,p042,13,98.16,49.08,93.88888888888889,1.0,1.0,1,71.0,16.0
73,180,p042,14,100.0,53.56,93.6842105263158,1.0,1.0,1,77.0,16.0
73,180,p042,15,100.0,61.87,13.0,0.0,0.0,1,79.0,16.0
73,180,p043,0,32.92,16.46,98.33333333333333,1.0,1.0,1,47.0,2.0
73,180,p043,1,100.0,61.709999999999994,13.0,0.0,0.0,1,77.0,16.0
73,180,p043,2,48.22,24.11,97.0,1.0,1.0,1,57.0,8.0
73,180,p043,3,100.0,53.48,58.68421052631579,1.0,0.0,1,76.0,16.0
73,180,p043,4,97.86,48.93,58.888888888888886,1.0,0.0,1,71.0,16.0
73,180,p043,5,100.0,51.309999999999995,13.88888888888889,0.0,0.0,1,67.0,16.0
73,180,p043,6,100.0,55.87,13.68421052631579,0.0,0.0,1,74.0,16.0
73,180,p043,7,97.86,48.93,58.888888888888886,1.0,0.0,1,71.0,16.0
73,180,p043,8,100.0,55.72,13.68421052631579,0.0,0.0,1,74.0,16.0
73,180,p043,9,100.0,55.72,13.68421052631579,0.0,0.0,1,74.0,16.0
73,180,p043,10,100.0,53.48,58.68421052631579,1.0,0.0,1,76.0,16.0
73,180,p043,11,100.0,55.72,13.68421052631579,0.0,0.0,1,74.0,16.0
73,180,p043,12,98.0,49.0,58.888888888888886,1.0,0.0,1,70.0,16.0
73,180,p043,13,100.0,51.309999999999995,13.88888888888889,0.0,0.0,1,67.0,16.0
73,180,p043,14,100.0,55.87,13.68421052631579,0.0,0.0,1,74.0,16.0
73,180,p043,15,100.0,53.41,58.68421052631579,1.0,0.0,1,77.0,16.0
73,180,p044,0,100.0,51.309999999999995,13.88888888888889,0.0,0.0,1,67.0,16.0
73,180,p044,1,100.0,53.56,58.68421052631579,1.0,0.0,1,77.0,16.0
73,180,p044,2,100.0,53.41,58.68421052631579,1.0,0.0,1,77.0,16.0
73,180,p044,3,97.86,48.93,58.888888888888886,1.0,0.0,1,71.0,16.0
73,180,p044,4,98.16,49.08,58.888888888888886,1.0,0.0,1,71.0,16.0
73,180,p044,5,100.0,55.949999999999996,13.68421052631579,0.0,0.0,1,75.0,16.0
73,180,p044,6,100.0,53.56,58.68421052631579,1.0,0.0,1,77.0,16.0
73,180,p044,7,100.0,53.48,58.68421052631579,1.0,0.0,1,76.0,16.0
73,180,p044,8,100.0,55.78999999999999,13.68421052631579,0.0,0.0,1,73.0,16.0
73,180,p044,9,100.0,55.87,13.68421052631579,0.0,0.0,1,74.0,16.0
73,180,p044,10,100.0,61.709999999999994,13.0,0.0,0.0,1,77.0,16.0
73,180,p044,11,98.47999999999999,49.239999999999995,58.888888888888886,1.0,0.0,1,73.0,16.0
73,180,p044,12,100.0,56.029999999999994,13.68421052631579,0.0,0.0,1,76.0,16.0
73,180,p044,13,100.0,53.41,58.68421052631579,1.0,0.0,1,77.0,16.0
73,180,p044,14,100.0,56.029999999999994,13.68421052631579,0.0,0.0,1,76.0,16.0
73,180,p044,15,15.0,7.5,100.0,1.0,1.0,0,35.0,2.0
73,180,p045,0,100.0,53.56,58.68421052631579,1.0,0.0,1,77.0,16.0
73,180,p045,1,33.379999999999995,16.689999999999998,98.33333333333333,1.0,1.0,1,48.0,2.0
73,180,p045,2,93.82,46.91,13.529411764705882,0.0,0.0,1,62.0,16.0
73,180,p045,3,100.0,53.56,58.68421052631579,1.0,0.0,1,77.0,16.0
73,180,p045,4,100.0,53.41,58.68421052631579,1.0,0.0,1,77.0,16.0
73,180,p045,5,100.0,53.41,58.68421052631579,1.0,0.0,1,77.0,16.0
73,180,p045,6,100.0,53.56,58.68421052631579,1.0,0.0,1,77.0,16.0
73,180,p045,7,100.0,53.72,58.68421052631579,1.0,0.0,1,79.0,16.0
73,180,p045,8,93.66,46.83,13.529411764705882,0.0,0.0,1,61.0,16.0
73,180,p045,9,98.16,49.08,58.888888888888886,1.0,0.0,1,71.0,16.0
73,180,p045,10,100.0,51.309999999999995,13.88888888888889,0.0,0.0,1,67.0,16.0
73,180,p045,11,100.0,53.56,58.68421052631579,1.0,0.0,1,77.0,16.0
73,180,p045,12,88.9,44.45,58.529411764705884,1.0,0.0,1,65.0,16.0
73,180,p045,13,98.0,49.0,58.888888888888886,1.0,0.0,1,70.0,16.0
73,180,p045,14,100.0,53.56,58.68421052631579,1.0,0.0,1,77.0,16.0
73,180,p045,15,100.0,53.41,58.68421052631579,1.0,0.0,1,77.0,16.0
73,180,p046,0,100.0,55.949999999999996,13.68421052631579,0.0,0.0,1,75.0,16.0
73,180,p046,1,98.46,49.23,58.888888888888886,1.0,0.0,1,71.0,16.0
73,180,p046,2,100.0,55.78999999999999,13.68421052631579,0.0,0.0,1,73.0,16.0
73,180,p046,3,89.66,44.83,58.529411764705884,1.0,0.0,1,66.0,16.0
73,180,p046,4,100.0,61.64,13.0,0.0,0.0,1,78.0,16.0
73,180,p046,5,100.0,55.949999999999996,13.68421052631579,0.0,0.0,1,75.0,16.0
73,180,p046,6,68.34,34.17,16.363636363636363,0.0,0.0,1,49.0,8.0
73,180,p046,7,100.0,55.87,13.68421052631579,0.0,0.0,1,74.0,16.0
73,180,p046,8,98.78,49.39,58.888888888888886,1.0,0.0,1,73.0,16.0
73,180,p046,9,98.46,49.23,58.888888888888886,1.0,0.0,1,71.0,16.0
73,180,p046,10,98.78,49.39,58.888888888888886,1.0,0.0,1,73.0,16.0
73,180,p046,11,100.0,53.87,58.68421052631579,1.0,0.0,1,79.0,16.0
73,180,p046,12,100.0,51.309999999999995,13.88888888888889,0.0,0.0,1,67.0,16.0
73,180,p046,13,89.2,44.6,58.529411764705884,1.0,0.0,1,65.0,16.0
73,180,p046,14,98.46,49.23,58.888888888888886,1.0,0.0,1,71.0,16.0
73,180,p046,15,15.040000000000001,7.5200000000000005,20.0,0.0,0.0,0,14.0,0.0
73,180,p047,0,100.0,53.87,58.68421052631579,1.0,0.0,1,79.0,16.0
73,180,p047,1,66.75999999999999,33.379999999999995,96.66666666666667,1.0,1.0,1,71.0,8.0
73,180,p047,2,89.33999999999999,44.669999999999995,58.529411764705884,1.0,0.0,1,64.0,16.0
73,180,p047,3,100.0,53.87,58.68421052631579,1.0,0.0,1,79.0,16.0
73,180,p047,4,100.0,55.87,13.68421052631579,0.0,0.0,1,74.0,16.0
73,180,p047,5,28.04,14.02,98.0,1.0,1.0,0,44.0,1.0
73,180,p047,6,100.0,53.87,58.68421052631579,1.0,0.0,1,79.0,16.0
73,180,p047,7,100.0,53.709999999999994,58.68421052631579,1.0,0.0,1,77.0,16.0
73,180,p047,8,100.0,55.949999999999996,13.68421052631579,0.0,0.0,1,75.0,16.0
73,180,p047,9,100.0,53.56,58.68421052631579,1.0,0.0,1,77.0,16.0
73,180,p047,10,100.0,51.38999999999999,13.88888888888889,0.0,0.0,1,68.0,16.0
73,180,p047,11,100.0,56.029999999999994,13.68421052631579,0.0,0.0,1,76.0,16.0
73,180,p047,12,100.0,55.72,13.68421052631579,0.0,0.0,1,74.0,16.0
73,180,p047,13,100.0,61.87,13.0,0.0,0.0,1,79.0,16.0
73,180,p047,14,100.0,53.87,58.68421052631579,1.0,0.0,1,79.0,16.0
73,180,p047,15,100.0,53.87,58.68421052631579,1.0,0.0,1,79.0,16.0
73,180,p048,0,100.0,53.79,58.68421052631579,1.0,0.0,1,78.0,16.0
73,180,p048,1,100.0,61.949999999999996,13.0,0.0,0.0,1,80.0,16.0
73,180,p048,2,36.980000000000004,18.490000000000002,20.0,0.0,0.0,1,28.0,4.0
73,180,p048,3,98.78,49.39,58.888888888888886,1.0,0.0,1,73.0,16.0
73,180,p048,4,100.0,61.87,13.0,0.0,0.0,1,79.0,16.0
73,180,p048,5,25.2,12.6,100.0,1.0,1.0,0,45.0,2.0
73,180,p048,6,100.0,53.709999999999994,58.68421052631579,1.0,0.0,1,77.0,16.0
73,180,p048,7,100.0,61.79,13.0,0.0,0.0,1,78.0,16.0
73,180,p048,8,100.0,53.56,58.68421052631579,1.0,0.0,1,77.0,16.0
73,180,p048,9,100.0,53.629999999999995,58.68421052631579,1.0,0.0,1,76.0,16.0
73,180,p048,10,100.0,51.47,13.88888888888889,0.0,0.0,1,69.0,16.0
73,180,p048,11,100.0,51.38999999999999,13.88888888888889,0.0,0.0,1,68.0,16.0
73,180,p048,12,98.16,49.08,58.888888888888886,1.0,0.0,1,71.0,16.0
73,180,p048,13,89.82,44.91,58.529411764705884,1.0,0.0,1,67.0,16.0
73,180,p048,14,100.0,55.72,13.68421052631579,0.0,0.0,1,74.0,16.0
73,180,p048,15,100.0,61.87,13.0,0.0,0.0,1,79.0,16.0
73,200,p037,0,100.0,61.64,13.0,0.0,0.0,1,78.0,16.0
73,200,p037,1,93.97999999999999,46.989999999999995,13.529411764705882,0.0,0.0,1,63.0,16.0
73,200,p037,2,100.0,53.32,58.68421052631579,1.0,0.0,1,74.0,16.0
73,200,p037,3,100.0,51.239999999999995,13.88888888888889,0.0,0.0,1,68.0,16.0
73,200,p037,4,93.82,46.91,13.529411764705882,0.0,0.0,1,62.0,16.0
73,200,p037,5,100.0,55.72,13.68421052631579,0.0,0.0,1,74.0,16.0
73,200,p037,6,100.0,61.949999999999996,13.0,0.0,0.0,1,80.0,16.0
73,200,p037,7,98.0,49.0,58.888888888888886,1.0,0.0,1,70.0,16.0
73,200,p037,8,100.0,53.48,58.68421052631579,1.0,0.0,1,76.0,16.0
73,200,p037,9,100.0,53.17,58.68421052631579,1.0,0.0,1,74.0,16.0
73,200,p037,10,91.3,45.65,93.88888888888889,1.0,1.0,1,80.0,16.0
73,200,p037,11,100.0,56.029999999999994,13.68421052631579,0.0,0.0,1,76.0,16.0
73,200,p037,12,100.0,53.239999999999995,58.68421052631579,1.0,0.0,1,73.0,16.0
73,200,p037,13,100.0,53.17,58.68421052631579,1.0,0.0,1,74.0,16.0
73,200,p037,14,65.82000000000001,32.910000000000004,96.66666666666667,1.0,1.0,1,67.0,8.0
73,200,p037,15,100.0,53.4,58.68421052631579,1.0,0.0,1,75.0,16.0
73,200,p038,0,100.0,61.949999999999996,13.0,0.0,0.0,1,80.0,16.0
73,200,p038,1,100.0,53.4,58.68421052631579,1.0,0.0,1,75.0,16.0
73,200,p038,2,100.0,55.78999999999999,13.68421052631579,0.0,0.0,1,73.0,16.0
73,200,p038,3,100.0,55.78999999999999,13.68421052631579,0.0,0.0,1,73.0,16.0
73,200,p038,4,91.6,45.8,93.88888888888889,1.0,1.0,1,80.0,16.0
73,200,p038,5,100.0,53.4,58.68421052631579,1.0,0.0,1,75.0,16.0
73,200,p038,6,100.0,55.78999999999999,13.68421052631579,0.0,0.0,1,73.0,16.0
73,200,p038,7,100.0,53.4,58.68421052631579,1.0,0.0,1,75.0,16.0
73,200,p038,8,100.0,53.239999999999995,58.68421052631579,1.0,0.0,1,73.0,16.0
73,200,p038,9,100.0,56.029999999999994,13.68421052631579,0.0,0.0,1,76.0,16.0
73,200,p038,10,100.0,55.72,13.68421052631579,0.0,0.0,1,74.0,16.0
73,200,p038,11,97.38,48.69,58.888888888888886,1.0,0.0,1,68.0,16.0
73,200,p038,12,100.0,53.4,58.68421052631579,1.0,0.0,1,75.0,16.0
73,200,p038,13,100.0,55.949999999999996,13.68421052631579,0.0,0.0,1,75.0,16.0
73,200,p038,14,100.0,53.4,58.68421052631579,1.0,0.0,1,75.0,16.0
73,200,p038,15,100.0,53.4,58.68421052631579,1.0,0.0,1,75.0,16.0
73,200,p039,0,100.0,53.48,58.68421052631579,1.0,0.0,1,76.0,16.0
73,200,p039,1,100.0,51.47,13.88888888888889,0.0,0.0,1,69.0,16.0
73,200,p039,2,100.0,51.239999999999995,13.88888888888889,0.0,0.0,1,68.0,16.0
73,200,p039,3,100.0,61.709999999999994,13.0,0.0,0.0,1,77.0,16.0
73,200,p039,4,94.13999999999999,47.06999999999999,13.529411764705882,0.0,0.0,1,64.0,16.0
73,200,p039,5,100.0,56.029999999999994,13.68421052631579,0.0,0.0,1,76.0,16.0
73,200,p039,6,100.0,53.239999999999995,58.68421052631579,1.0,0.0,1,73.0,16.0
73,200,p039,7,100.0,53.4,58.68421052631579,1.0,0.0,1,75.0,16.0
73,200,p039,8,100.0,61.87,13.0,0.0,0.0,1,79.0,16.0
73,200,p039,9,100.0,53.48,58.68421052631579,1.0,0.0,1,76.0,16.0
73,200,p039,10,100.0,53.32,58.68421052631579,1.0,0.0,1,74.0,16.0
73,200,p039,11,100.0,53.4,58.68421052631579,1.0,0.0,1,75.0,16.0
73,200,p039,12,100.0,55.949999999999996,13.68421052631579,0.0,0.0,1,75.0,16.0
73,200,p039,13,66.12,33.06,96.66666666666667,1.0,1.0,1,67.0,8.0
73,200,p039,14,100.0,53.48,58.68421052631579,1.0,0.0,1,76.0,16.0
73,200,p039,15,100.0,61.87,13.0,0.0,0.0,1,79.0,16.0
73,200,p040,0,68.03999999999999,34.019999999999996,16.363636363636363,0.0,0.0,1,49.0,8.0
73,200,p040,1,100.0,53.4,93.6842105263158,1.0,1.0,1,75.0,16.0
73,200,p040,2,100.0,61.949999999999996,13.0,0.0,0.0,1,80.0,16.0
73,200,p040,3,100.0,55.72,13.68421052631579,0.0,0.0,1,74.0,16.0
73,200,p040,4,100.0,51.47,13.88888888888889,0.0,0.0,1,69.0,16.0
73,200,p040,5,100.0,55.72,13.68421052631579,0.0,0.0,1,74.0,16.0
73,200,p040,6,97.67999999999999,48.839999999999996,93.88888888888889,1.0,1.0,1,68.0,16.0
73,200,p040,7,100.0,53.25,93.6842105263158,1.0,1.0,1,75.0,16.0
73,200,p040,8,100.0,55.72,13.68421052631579,0.0,0.0,1,74.0,16.0
73,200,p040,9,100.0,55.78999999999999,13.68421052631579,0.0,0.0,1,73.0,16.0
73,200,p040,10,100.0,51.47,13.88888888888889,0.0,0.0,1,69.0,16.0
73,200,p040,11,94.13999999999999,47.06999999999999,13.529411764705882,0.0,0.0,1,64.0,16.0
73,200,p040,12,100.0,51.55,13.88888888888889,0.0,0.0,1,70.0,16.0
73,200,p040,13,100.0,53.48,93.6842105263158,1.0,1.0,1,76.0,16.0
73,200,p040,14,100.0,61.87,13.0,0.0,0.0,1,79.0,16.0
73,200,p040,15,100.0,53.32,93.6842105263158,1.0,1.0,1,74.0,16.0
73,200,p041,0,100.0,56.029999999999994,13.68421052631579,0.0,0.0,1,76.0,16.0
73,200,p041,1,34.6,17.3,100.0,1.0,1.0,0,45.0,4.0
73,200,p041,2,100.0,53.4,93.6842105263158,1.0,1.0,1,75.0,16.0
73,200,p041,3,89.03999999999999,44.519999999999996,93.52941176470588,1.0,1.0,1,64.0,16.0
73,200,p041,4,100.0,55.87,13.68421052631579,0.0,0.0,1,74.0,16.0
73,200,p041,5,100.0,53.25,93.6842105263158,1.0,1.0,1,75.0,16.0
73,200,p041,6,89.2,44.6,93.52941176470588,1.0,1.0,1,65.0,16.0
73,200,p041,7,100.0,53.32,93.6842105263158,1.0,1.0,1,74.0,16.0
73,200,p041,8,97.84,48.92,93.88888888888889,1.0,1.0,1,69.0,16.0
73,200,p041,9,97.54,48.77,93.88888888888889,1.0,1.0,1,69.0,16.0
73,200,p041,10,100.0,61.709999999999994,13.0,0.0,0.0,1,77.0,16.0
73,200,p041,11,100.0,53.4,93.6842105263158,1.0,1.0,1,75.0,16.0
73,200,p041,12,97.84,48.92,93.88888888888889,1.0,1.0,1,69.0,16.0
73,200,p041,13,100.0,53.48,93.6842105263158,1.0,1.0,1,76.0,16.0
73,200,p041,14,100.0,51.38999999999999,13.88888888888889,0.0,0.0,1,68.0,16.0
73,200,p041,15,100.0,53.56,93.6842105263158,1.0,1.0,1,77.0,16.0
73,200,p042,0,100.0,51.239999999999995,13.88888888888889,0.0,0.0,1,68.0,16.0
73,200,p042,1,100.0,55.72,13.68421052631579,0.0,0.0,1,74.0,16.0
73,200,p042,2,100.0,55.949999999999996,13.68421052631579,0.0,0.0,1,75.0,16.0
73,200,p042,3,100.0,53.25,93.6842105263158,1.0,1.0,1,75.0,16.0
73,200,p042,4,97.54,48.77,93.88888888888889,1.0,1.0,1,69.0,16.0
73,200,p042,5,100.0,53.48,93.6842105263158,1.0,1.0,1,76.0,16.0
73,200,p042,6,94.13999999999999,47.06999999999999,13.529411764705882,0.0,0.0,1,64.0,16.0
73,200,p042,7,100.0,55.72,13.68421052631579,0.0,0.0,1,74.0,16.0
73,200,p042,8,97.54,48.77,93.88888888888889,1.0,1.0,1,69.0,16.0
73,200,p042,9,100.0,55.949999999999996,13.68421052631579,0.0,0.0,1,75.0,16.0
73,200,p042,10,100.0,53.4,93.6842105263158,1.0,1.0,1,75.0,16.0
73,200,p042,11,100.0,53.48,93.6842105263158,1.0,1.0,1,76.0,16.0
73,200,p042,12,89.2,44.6,93.52941176470588,1.0,1.0,1,65.0,16.0
73,200,p042,13,100.0,53.56,93.6842105263158,1.0,1.0,1,77.0,16.0
73,200,p042,14,100.0,53.56,93.6842105263158,1.0,1.0,1,77.0,16.0
73,200,p042,15,100.0,61.87,13.0,0.0,0.0,1,79.0,16.0
73,200,p043,0,66.14,33.07,96.66666666666667,1.0,1.0,1,69.0,8.0
73,200,p043,1,100.0,61.709999999999994,13.0,0.0,0.0,1,77.0,16.0
73,200,p043,2,93.52,46.76,13.529411764705882,0.0,0.0,1,62.0,16.0
73,200,p043,3,100.0,53.48,58.68421052631579,1.0,0.0,1,76.0,16.0
73,200,p043,4,100.0,53.41,58.68421052631579,1.0,0.0,1,77.0,16.0
73,200,p043,5,100.0,51.309999999999995,13.88888888888889,0.0,0.0,1,67.0,16.0
73,200,p043,6,100.0,55.87,13.68421052631579,0.0,0.0,1,74.0,16.0
73,200,p043,7,97.86,48.93,58.888888888888886,1.0,0.0,1,71.0,16.0
73,200,p043,8,100.0,55.72,13.68421052631579,0.0,0.0,1,74.0,16.0
73,200,p043,9,100.0,55.72,13.68421052631579,0.0,0.0,1,74.0,16.0
73,200,p043,10,100.0,53.48,58.68421052631579,1.0,0.0,1,76.0,16.0
73,200,p043,11,100.0,55.72,13.68421052631579,0.0,0.0,1,74.0,16.0
73,200,p043,12,98.0,49.0,58.888888888888886,1.0,0.0,1,70.0,16.0
73,200,p043,13,100.0,51.309999999999995,13.88888888888889,0.0,0.0,1,67.0,16.0
73,200,p043,14,100.0,55.87,13.68421052631579,0.0,0.0,1,74.0,16.0
73,200,p043,15,100.0,53.41,58.68421052631579,1.0,0.0,1,77.0,16.0
73,200,p044,0,100.0,51.309999999999995,13.88888888888889,0.0,0.0,1,67.0,16.0
73,200,p044,1,100.0,53.56,58.68421052631579,1.0,0.0,1,77.0,16.0
73,200,p044,2,100.0,53.41,58.68421052631579,1.0,0.0,1,77.0,16.0
73,200,p044,3,100.0,53.41,58.68421052631579,1.0,0.0,1,77.0,16.0
73,200,p044,4,98.16,49.08,58.888888888888886,1.0,0.0,1,71.0,16.0
73,200,p044,5,100.0,55.949999999999996,13.68421052631579,0.0,0.0,1,75.0,16.0
73,200,p044,6,100.0,53.56,58.68421052631579,1.0,0.0,1,77.0,16.0
73,200,p044,7,100.0,53.48,58.68421052631579,1.0,0.0,1,76.0,16.0
73,200,p044,8,100.0,55.78999999999999,13.68421052631579,0.0,0.0,1,73.0,16.0
73,200,p044,9,100.0,55.87,13.68421052631579,0.0,0.0,1,74.0,16.0
73,200,p044,10,100.0,61.709999999999994,13.0,0.0,0.0,1,77.0,16.0
73,200,p044,11,98.47999999999999,49.239999999999995,58.888888888888886,1.0,0.0,1,73.0,16.0
73,200,p044,12,100.0,56.029999999999994,13.68421052631579,0.0,0.0,1,76.0,16.0
73,200,p044,13,100.0,53.41,58.68421052631579,1.0,0.0,1,77.0,16.0
73,200,p044,14,100.0,56.029999999999994,13.68421052631579,0.0,0.0,1,76.0,16.0
73,200,p044,15,48.22,24.11,97.0,1.0,1.0,1,57.0,8.0
73,200,p045,0,100.0,53.56,58.68421052631579,1.0,0.0,1,77.0,16.0
73,200,p045,1,43.879999999999995,21.939999999999998,98.75,1.0,1.0,1,53.0,4.0
73,200,p045,2,93.82,46.91,13.529411764705882,0.0,0.0,1,62.0,16.0
73,200,p045,3,100.0,53.56,58.68421052631579,1.0,0.0,1,77.0,16.0
73,200,p045,4,100.0,53.41,58.68421052631579,1.0,0.0,1,77.0,16.0
73,200,p045,5,100.0,53.41,58.68421052631579,1.0,0.0,1,77.0,16.0
73,200,p045,6,100.0,53.56,58.68421052631579,1.0,0.0,1,77.0,16.0
73,200,p045,7,100.0,56.029999999999994,13.68421052631579,0.0,0.0,1,76.0,16.0
73,200,p045,8,100.0,51.309999999999995,13.88888888888889,0.0,0.0,1,67.0,16.0
73,200,p045,9,100.0,53.56,58.68421052631579,1.0,0.0,1,77.0,16.0
73,200,p045,10,100.0,51.309999999999995,13.88888888888889,0.0,0.0,1,67.0,16.0
73,200,p045,11,100.0,53.56,58.68421052631579,1.0,0.0,1,77.0,16.0
73,200,p045,12,88.9,44.45,58.529411764705884,1.0,0.0,1,65.0,16.0
73,200,p045,13,98.0,49.0,58.888888888888886,1.0,0.0,1,70.0,16.0
73,200,p045,14,100.0,53.56,58.68421052631579,1.0,0.0,1,77.0,16.0
73,200,p045,15,100.0,53.41,58.68421052631579,1.0,0.0,1,77.0,16.0
73,200,p046,0,100.0,55.949999999999996,13.68421052631579,0.0,0.0,1,75.0,16.0
73,200,p046,1,98.46,49.23,58.888888888888886,1.0,0.0,1,71.0,16.0
73,200,p046,2,100.0,55.78999999999999,13.68421052631579,0.0,0.0,1,73.0,16.0
73,200,p046,3,89.66,44.83,58.529411764705884,1.0,0.0,1,66.0,16.0
73,200,p046,4,100.0,61.64,13.0,0.0,0.0,1,78.0,16.0
73,200,p046,5,100.0,55.949999999999996,13.68421052631579,0.0,0.0,1,75.0,16.0
73,200,p046,6,100.0,55.949999999999996,13.68421052631579,0.0,0.0,1,75.0,16.0
73,200,p046,7,100.0,55.87,13.68421052631579,0.0,0.0,1,74.0,16.0
73,200,p046,8,98.78,49.39,58.888888888888886,1.0,0.0,1,73.0,16.0
73,200,p046,9,100.0,55.87,13.68421052631579,0.0,0.0,1,74.0,16.0
73,200,p046,10,100.0,51.55,13.88888888888889,0.0,0.0,1,70.0,16.0
73,200,p046,11,100.0,53.87,58.68421052631579,1.0,0.0,1,79.0,16.0
73,200,p046,12,100.0,55.78999999999999,13.68421052631579,0.0,0.0,1,73.0,16.0
73,200,p046,13,89.2,44.6,58.529411764705884,1.0,0.0,1,65.0,16.0
73,200,p046,14,98.46,49.23,58.888888888888886,1.0,0.0,1,71.0,16.0
73,200,p046,15,15.040000000000001,7.5200000000000005,20.0,0.0,0.0,0,14.0,0.0
73,200,p047,0,100.0,53.87,58.68421052631579,1.0,0.0,1,79.0,16.0
73,200,p047,1,100.0,53.56,58.68421052631579,1.0,0.0,1,77.0,16.0
73,200,p047,2,89.33999999999999,44.669999999999995,58.529411764705884,1.0,0.0,1,64.0,16.0
73,200,p047,3,100.0,53.87,58.68421052631579,1.0,0.0,1,79.0,16.0
73,200,p047,4,100.0,55.87,13.68421052631579,0.0,0.0,1,74.0,16.0
73,200,p047,5,33.22,16.61,98.33333333333333,1.0,1.0,1,47.0,2.0
73,200,p047,6,100.0,53.87,58.68421052631579,1.0,0.0,1,79.0,16.0
73,200,p047,7,100.0,53.709999999999994,58.68421052631579,1.0,0.0,1,77.0,16.0
73,200,p047,8,100.0,55.949999999999996,13.68421052631579,0.0,0.0,1,75.0,16.0
73,200,p047,9,100.0,53.56,58.68421052631579,1.0,0.0,1,77.0,16.0
73,200,p047,10,100.0,51.38999999999999,13.88888888888889,0.0,0.0,1,68.0,16.0
73,200,p047,11,100.0,56.029999999999994,13.68421052631579,0.0,0.0,1,76.0,16.0
73,200,p047,12,100.0,55.72,13.68421052631579,0.0,0.0,1,74.0,16.0
73,200,p047,13,100.0,61.87,13.0,0.0,0.0,1,79.0,16.0
73,200,p047,14,100.0,53.87,58.68421052631579,1.0,0.0,1,79.0,16.0
73,200,p047,15,100.0,53.87,58.68421052631579,1.0,0.0,1,79.0,16.0
73,200,p048,0,100.0,53.79,58.68421052631579,1.0,0.0,1,78.0,16.0
73,200,p048,1,100.0,61.949999999999996,13.0,0.0,0.0,1,80.0,16.0
73,200,p048,2,58.599999999999994,29.299999999999997,17.0,0.0,0.0,1,40.0,8.0
73,200,p048,3,100.0,53.87,58.68421052631579,1.0,0.0,1,79.0,16.0
73,200,p048,4,100.0,61.87,13.0,0.0,0.0,1,79.0,16.0
73,200,p048,5,36.0,18.0,100.0,1.0,1.0,1,50.0,4.0
73,200,p048,6,100.0,53.709999999999994,58.68421052631579,1.0,0.0,1,77.0,16.0
73,200,p048,7,100.0,61.79,13.0,0.0,0.0,1,78.0,16.0
73,200,p048,8,100.0,53.56,58.68421052631579,1.0,0.0,1,77.0,16.0
73,200,p048,9,100.0,53.629999999999995,58.68421052631579,1.0,0.0,1,76.0,16.0
73,200,p048,10,100.0,51.47,13.88888888888889,0.0,0.0,1,69.0,16.0
73,200,p048,11,100.0,51.38999999999999,13.88888888888889,0.0,0.0,1,68.0,16.0
73,200,p048,12,98.16,49.08,58.888888888888886,1.0,0.0,1,71.0,16.0
73,200,p048,13,89.82,44.91,58.529411764705884,1.0,0.0,1,67.0,16.0
73,200,p048,14,100.0,55.72,13.68421052631579,0.0,0.0,1,74.0,16.0
73,200,p048,15,100.0,61.87,13.0,0.0,0.0,1,79.0,16.0
73,220,p037,0,100.0,61.64,13.0,0.0,0.0,1,78.0,16.0
73,220,p037,1,100.0,51.47,13.88888888888889,0.0,0.0,1,69.0,16.0
73,220,p037,2,100.0,53.32,58.68421052631579,1.0,0.0,1,74.0,16.0
73,220,p037,3,100.0,51.239999999999995,13.88888888888889,0.0,0.0,1,68.0,16.0
73,220,p037,4,93.82,46.91,13.529411764705882,0.0,0.0,1,62.0,16.0
73,220,p037,5,100.0,55.72,13.68421052631579,0.0,0.0,1,74.0,16.0
73,220,p037,6,100.0,61.949999999999996,13.0,0.0,0.0,1,80.0,16.0
73,220,p037,7,100.0,53.48,58.68421052631579,1.0,0.0,1,76.0,16.0
73,220,p037,8,100.0,53.48,58.68421052631579,1.0,0.0,1,76.0,16.0
73,220,p037,9,100.0,53.17,58.68421052631579,1.0,0.0,1,74.0,16.0
73,220,p037,10,91.3,45.65,93.88888888888889,1.0,1.0,1,80.0,16.0
73,220,p037,11,100.0,56.029999999999994,13.68421052631579,0.0,0.0,1,76.0,16.0
73,220,p037,12,100.0,53.239999999999995,58.68421052631579,1.0,0.0,1,73.0,16.0
73,220,p037,13,100.0,53.17,58.68421052631579,1.0,0.0,1,74.0,16.0
73,220,p037,14,100.0,53.17,58.68421052631579,1.0,0.0,1,74.0,16.0
73,220,p037,15,100.0,53.4,58.68421052631579,1.0,0.0,1,75.0,16.0
73,220,p038,0,100.0,61.949999999999996,13.0,0.0,0.0,1,80.0,16.0
73,220,p038,1,100.0,53.4,58.68421052631579,1.0,0.0,1,75.0,16.0
73,220,p038,2,100.0,55.78999999999999,13.68421052631579,0.0,0.0,1,73.0,16.0
73,220,p038,3,100.0,61.709999999999994,13.0,0.0,0.0,1,77.0,16.0
73,220,p038,4,91.6,45.8,93.88888888888889,1.0,1.0,1,80.0,16.0
73,220,p038,5,100.0,53.4,58.68421052631579,1.0,0.0,1,75.0,16.0
73,220,p038,6,100.0,55.78999999999999,13.68421052631579,0.0,0.0,1,73.0,16.0
73,220,p038,7,100.0,53.4,58.68421052631579,1.0,0.0,1,75.0,16.0
73,220,p038,8,100.0,53.239999999999995,58.68421052631579,1.0,0.0,1,73.0,16.0
73,220,p038,9,100.0,56.029999999999994,13.68421052631579,0.0,0.0,1,76.0,16.0
73,220,p038,10,100.0,55.72,13.68421052631579,0.0,0.0,1,74.0,16.0
73,220,p038,11,97.38,48.69,58.888888888888886,1.0,0.0,1,68.0,16.0
73,220,p038,12,100.0,53.4,58.68421052631579,1.0,0.0,1,75.0,16.0
73,220,p038,13,100.0,55.949999999999996,13.68421052631579,0.0,0.0,1,75.0,16.0
73,220,p038,14,100.0,53.4,58.68421052631579,1.0,0.0,1,75.0,16.0
73,220,p038,15,100.0,53.4,58.68421052631579,1.0,0.0,1,75.0,16.0
73,220,p039,0,100.0,53.48,58.68421052631579,1.0,0.0,1,76.0,16.0
73,220,p039,1,100.0,55.949999999999996,13.68421052631579,0.0,0.0,1,75.0,16.0
73,220,p039,2,100.0,51.239999999999995,13.88888888888889,0.0,0.0,1,68.0,16.0
73,220,p039,3,100.0,61.709999999999994,13.0,0.0,0.0,1,77.0,16.0
73,220,p039,4,100.0,51.55,13.88888888888889,0.0,0.0,1,70.0,16.0
73,220,p039,5,100.0,56.029999999999994,13.68421052631579,0.0,0.0,1,76.0,16.0
73,220,p039,6,100.0,53.239999999999995,58.68421052631579,1.0,0.0,1,73.0,16.0
73,220,p039,7,100.0,53.4,58.68421052631579,1.0,0.0,1,75.0,16.0
73,220,p039,8,100.0,61.87,13.0,0.0,0.0,1,79.0,16.0
73,220,p039,9,100.0,53.48,58.68421052631579,1.0,0.0,1,76.0,16.0
73,220,p039,10,100.0,53.32,58.68421052631579,1.0,0.0,1,74.0,16.0
73,220,p039,11,100.0,53.4,58.68421052631579,1.0,0.0,1,75.0,16.0
73,220,p039,12,100.0,55.949999999999996,13.68421052631579,0.0,0.0,1,75.0,16.0
73,220,p039,13,100.0,53.4,58.68421052631579,1.0,0.0,1,75.0,16.0
73,220,p039,14,100.0,53.48,58.68421052631579,1.0,0.0,1,76.0,16.0
73,220,p039,15,100.0,61.87,13.0,0.0,0.0,1,79.0,16.0
73,220,p040,0,100.0,55.72,13.68421052631579,0.0,0.0,1,74.0,16.0
73,220,p040,1,100.0,53.4,93.6842105263158,1.0,1.0,1,75.0,16.0
73,220,p040,2,100.0,61.949999999999996,13.0,0.0,0.0,1,80.0,16.0
73,220,p040,3,100.0,55.72,13.68421052631579,0.0,0.0,1,74.0,16.0
73,220,p040,4,100.0,51.47,13.88888888888889,0.0,0.0,1,69.0,16.0
73,220,p040,5,100.0,55.72,13.68421052631579,0.0,0.0,1,74.0,16.0
73,220,p040,6,97.67999999999999,48.839999999999996,93.88888888888889,1.0,1.0,1,68.0,16.0
73,220,p040,7,100.0,53.25,93.6842105263158,1.0,1.0,1,75.0,16.0
73,220,p040,8,100.0,55.72,13.68421052631579,0.0,0.0,1,74.0,16.0
73,220,p040,9,100.0,55.78999999999999,13.68421052631579,0.0,0.0,1,73.0,16.0
73,220,p040,10,100.0,55.949999999999996,13.68421052631579,0.0,0.0,1,75.0,16.0
73,220,p040,11,94.13999999999999,47.06999999999999,13.529411764705882,0.0,0.0,1,64.0,16.0
73,220,p040,12,100.0,51.55,13.88888888888889,0.0,0.0,1,70.0,16.0
73,220,p040,13,100.0,53.48,93.6842105263158,1.0,1.0,1,76.0,16.0
73,220,p040,14,100.0,61.87,13.0,0.0,0.0,1,79.0,16.0
73,220,p040,15,100.0,55.78999999999999,13.68421052631579,0.0,0.0,1,73.0,16.0
73,220,p041,0,100.0,56.029999999999994,13.68421052631579,0.0,0.0,1,76.0,16.0
73,220,p041,1,59.06,29.53,17.0,0.0,0.0,1,41.0,8.0
73,220,p041,2,100.0,53.4,93.6842105263158,1.0,1.0,1,75.0,16.0
73,220,p041,3,89.03999999999999,44.519999999999996,93.52941176470588,1.0,1.0,1,64.0,16.0
73,220,p041,4,100.0,55.87,13.68421052631579,0.0,0.0,1,74.0,16.0
73,220,p041,5,100.0,55.72,13.68421052631579,0.0,0.0,1,74.0,16.0
73,220,p041,6,89.2,44.6,93.52941176470588,1.0,1.0,1,65.0,16.0
73,220,p041,7,100.0,53.32,93.6842105263158,1.0,1.0,1,74.0,16.0
73,220,p041,8,100.0,53.4,93.6842105263158,1.0,1.0,1,75.0,16.0
73,220,p041,9,100.0,53.25,93.6842105263158,1.0,1.0,1,75.0,16.0
73,220,p041,10,100.0,61.709999999999994,13.0,0.0,0.0,1,77.0,16.0
73,220,p041,11,100.0,53.4,93.6842105263158,1.0,1.0,1,75.0,16.0
73,220,p041,12,97.84,48.92,93.88888888888889,1.0,1.0,1,69.0,16.0
73,220,p041,13,100.0,53.48,93.6842105263158,1.0,1.0,1,76.0,16.0
73,220,p041,14,100.0,51.38999999999999,13.88888888888889,0.0,0.0,1,68.0,16.0
73,220,p041,15,100.0,53.56,93.6842105263158,1.0,1.0,1,77.0,16.0
73,220,p042,0,100.0,51.239999999999995,13.88888888888889,0.0,0.0,1,68.0,16.0
73,220,p042,1,100.0,55.72,13.68421052631579,0.0,0.0,1,74.0,16.0
73,220,p042,2,100.0,55.949999999999996,13.68421052631579,0.0,0.0,1,75.0,16.0
73,220,p042,3,100.0,53.25,93.6842105263158,1.0,1.0,1,75.0,16.0
73,220,p042,4,100.0,53.25,93.6842105263158,1.0,1.0,1,75.0,16.0
73,220,p042,5,100.0,53.48,93.6842105263158,1.0,1.0,1,76.0,16.0
73,220,p042,6,94.13999999999999,47.06999999999999,13.529411764705882,0.0,0.0,1,64.0,16.0
73,220,p042,7,100.0,55.72,13.68421052631579,0.0,0.0,1,74.0,16.0
73,220,p042,8,100.0,53.25,93.6842105263158,1.0,1.0,1,75.0,16.0
73,220,p042,9,100.0,55.949999999999996,13.68421052631579,0.0,0.0,1,75.0,16.0
73,220,p042,10,100.0,53.4,93.6842105263158,1.0,1.0,1,75.0,16.0
73,220,p042,11,100.0,53.48,93.6842105263158,1.0,1.0,1,76.0,16.0
73,220,p042,12,89.2,44.6,93.52941176470588,1.0,1.0,1,65.0,16.0
73,220,p042,13,100.0,56.029999999999994,13.68421052631579,0.0,0.0,1,76.0,16.0
73,220,p042,14,100.0,53.56,93.6842105263158,1.0,1.0,1,77.0,16.0
73,220,p042,15,100.0,61.87,13.0,0.0,0.0,1,79.0,16.0
73,220,p043,0,100.0,53.41,58.68421052631579,1.0,0.0,1,77.0,16.0
73,220,p043,1,100.0,61.709999999999994,13.0,0.0,0.0,1,77.0,16.0
73,220,p043,2,93.52,46.76,13.529411764705882,0.0,0.0,1,62.0,16.0
73,220,p043,3,100.0,53.48,58.68421052631579,1.0,0.0,1,76.0,16.0
73,220,p043,4,100.0,53.41,58.68421052631579,1.0,0.0,1,77.0,16.0
73,220,p043,5,100.0,55.78999999999999,13.68421052631579,0.0,0.0,1,73.0,16.0
73,220,p043,6,100.0,55.87,13.68421052631579,0.0,0.0,1,74.0,16.0
73,220,p043,7,97.86,48.93,58.888888888888886,1.0,0.0,1,71.0,16.0
73,220,p043,8,100.0,55.72,13.68421052631579,0.0,0.0,1,74.0,16.0
73,220,p043,9,100.0,55.72,13.68421052631579,0.0,0.0,1,74.0,16.0
73,220,p043,10,100.0,53.48,58.68421052631579,1.0,0.0,1,76.0,16.0
73,220,p043,11,100.0,55.72,13.68421052631579,0.0,0.0,1,74.0,16.0
73,220,p043,12,98.0,49.0,58.888888888888886,1.0,0.0,1,70.0,16.0
73,220,p043,13,100.0,51.309999999999995,13.88888888888889,0.0,0.0,1,67.0,16.0
73,220,p043,14,100.0,55.87,13.68421052631579,0.0,0.0,1,74.0,16.0
73,220,p043,15,100.0,53.41,58.68421052631579,1.0,0.0,1,77.0,16.0
73,220,p044,0,100.0,51.309999999999995,13.88888888888889,0.0,0.0,1,67.0,16.0
73,220,p044,1,100.0,55.87,13.68421052631579,0.0,0.0,1,74.0,16.0
73,220,p044,2,100.0,53.41,58.68421052631579,1.0,0.0,1,77.0,16.0
73,220,p044,3,100.0,53.41,58.68421052631579,1.0,0.0,1,77.0,16.0
73,220,p044,4,98.16,49.08,58.888888888888886,1.0,0.0,1,71.0,16.0
73,220,p044,5,100.0,55.949999999999996,13.68421052631579,0.0,0.0,1,75.0,16.0
73,220,p044,6,100.0,53.56,58.68421052631579,1.0,0.0,1,77.0,16.0
73,220,p044,7,100.0,53.48,58.68421052631579,1.0,0.0,1,76.0,16.0
73,220,p044,8,100.0,55.78999999999999,13.68421052631579,0.0,0.0,1,73.0,16.0
73,220,p044,9,100.0,55.87,13.68421052631579,0.0,0.0,1,74.0,16.0
73,220,p044,10,100.0,61.709999999999994,13.0,0.0,0.0,1,77.0,16.0
73,220,p044,11,98.47999999999999,49.239999999999995,58.888888888888886,1.0,0.0,1,73.0,16.0
73,220,p044,12,100.0,56.029999999999994,13.68421052631579,0.0,0.0,1,76.0,16.0
73,220,p044,13,100.0,53.41,58.68421052631579,1.0,0.0,1,77.0,16.0
73,220,p044,14,100.0,56.029999999999994,13.68421052631579,0.0,0.0,1,76.0,16.0
73,220,p044,15,97.86,48.93,58.888888888888886,1.0,0.0,1,71.0,16.0
73,220,p045,0,100.0,53.56,58.68421052631579,1.0,0.0,1,77.0,16.0
73,220,p045,1,66.12,33.06,96.66666666666667,1.0,1.0,1,67.0,8.0
73,220,p045,2,93.82,46.91,13.529411764705882,0.0,0.0,1,62.0,16.0
73,220,p045,3,100.0,53.56,58.68421052631579,1.0,0.0,1,77.0,16.0
73,220,p045,4,100.0,53.41,58.68421052631579,1.0,0.0,1,77.0,16.0
73,220,p045,5,100.0,53.41,58.68421052631579,1.0,0.0,1,77.0,16.0
73,220,p045,6,100.0,53.56,58.68421052631579,1.0,0.0,1,77.0,16.0
73,220,p045,7,100.0,56.029999999999994,13.68421052631579,0.0,0.0,1,76.0,16.0
73,220,p045,8,100.0,51.309999999999995,13.88888888888889,0.0,0.0,1,67.0,16.0
73,220,p045,9,100.0,53.56,58.68421052631579,1.0,0.0,1,77.0,16.0
73,220,p045,10,100.0,51.309999999999995,13.88888888888889,0.0,0.0,1,67.0,16.0
73,220,p045,11,100.0,53.56,58.68421052631579,1.0,0.0,1,77.0,16.0
73,220,p045,12,88.9,44.45,58.529411764705884,1.0,0.0,1,65.0,16.0
73,220,p045,13,98.0,49.0,58.888888888888886,1.0,0.0,1,70.0,16.0
73,220,p045,14,100.0,53.56,58.68421052631579,1.0,0.0,1,77.0,16.0
73,220,p045,15,100.0,53.41,58.68421052631579,1.0,0.0,1,77.0,16.0
73,220,p046,0,100.0,55.949999999999996,13.68421052631579,0.0,0.0,1,75.0,16.0
73,220,p046,1,98.46,49.23,58.888888888888886,1.0,0.0,1,71.0,16.0
73,220,p046,2,100.0,55.78999999999999,13.68421052631579,0.0,0.0,1,73.0,16.0
73,220,p046,3,89.66,44.83,58.529411764705884,1.0,0.0,1,66.0,16.0
73,220,p046,4,100.0,61.64,13.0,0.0,0.0,1,78.0,16.0
73,220,p046,5,100.0,55.949999999999996,13.68421052631579,0.0,0.0,1,75.0,16.0
73,220,p046,6,100.0,55.949999999999996,13.68421052631579,0.0,0.0,1,75.0,16.0
73,220,p046,7,100.0,55.87,13.68421052631579,0.0,0.0,1,74.0,16.0
73,220,p046,8,98.78,49.39,58.888888888888886,1.0,0.0,1,73.0,16.0
73,220,p046,9,100.0,55.87,13.68421052631579,0.0,0.0,1,74.0,16.0
73,220,p046,10,100.0,51.55,13.88888888888889,0.0,0.0,1,70.0,16.0
73,220,p046,11,100.0,53.87,58.68421052631579,1.0,0.0,1,79.0,16.0
73,220,p046,12,100.0,55.78999999999999,13.68421052631579,0.0,0.0,1,73.0,16.0
73,220,p046,13,89.2,44.6,58.529411764705884,1.0,0.0,1,65.0,16.0
73,220,p046,14,100.0,53.709999999999994,58.68421052631579,1.0,0.0,1,77.0,16.0
73,220,p046,15,24.0,12.0,16.666666666666664,0.0,0.0,1,20.0,0.0
73,220,p047,0,100.0,53.87,58.68421052631579,1.0,0.0,1,79.0,16.0
73,220,p047,1,100.0,55.72,13.68421052631579,0.0,0.0,1,74.0,16.0
73,220,p047,2,93.66,46.83,13.529411764705882,0.0,0.0,1,61.0,16.0
73,220,p047,3,100.0,53.87,58.68421052631579,1.0,0.0,1,79.0,16.0
73,220,p047,4,100.0,55.87,13.68421052631579,0.0,0.0,1,74.0,16.0
73,220,p047,5,44.660000000000004,22.330000000000002,98.75,1.0,1.0,1,56.0,4.0
73,220,p047,6,100.0,53.87,58.68421052631579,1.0,0.0,1,79.0,16.0
73,220,p047,7,100.0,53.709999999999994,58.68421052631579,1.0,0.0,1,77.0,16.0
73,220,p047,8,100.0,55.949999999999996,13.68421052631579,0.0,0.0,1,75.0,16.0
73,220,p047,9,100.0,53.56,58.68421052631579,1.0,0.0,1,77.0,16.0
73,220,p047,10,100.0,51.38999999999999,13.88888888888889,0.0,0.0,1,68.0,16.0
73,220,p047,11,100.0,56.029999999999994,13.68421052631579,0.0,0.0,1,76.0,16.0
73,220,p047,12,100.0,55.72,13.68421052631579,0.0,0.0,1,74.0,16.0
73,220,p047,13,100.0,61.87,13.0,0.0,0.0,1,79.0,16.0
73,220,p047,14,100.0,53.87,58.68421052631579,1.0,0.0,1,79.0,16.0
73,220,p047,15,100.0,53.87,58.68421052631579,1.0,0.0,1,79.0,16.0
73,220,p048,0,100.0,53.79,58.68421052631579,1.0,0.0,1,78.0,16.0
73,220,p048,1,100.0,61.949999999999996,13.0,0.0,0.0,1,80.0,16.0
73,220,p048,2,100.0,51.309999999999995,13.88888888888889,0.0,0.0,1,67.0,16.0
73,220,p048,3,100.0,56.029999999999994,13.68421052631579,0.0,0.0,1,76.0,16.0
73,220,p048,4,100.0,61.87,13.0,0.0,0.0,1,79.0,16.0
73,220,p048,5,58.1,29.05,97.27272727272728,1.0,1.0,1,65.0,8.0
73,220,p048,6,100.0,53.709999999999994,58.68421052631579,1.0,0.0,1,77.0,16.0
73,220,p048,7,100.0,61.79,13.0,0.0,0.0,1,78.0,16.0
73,220,p048,8,100.0,53.56,58.68421052631579,1.0,0.0,1,77.0,16.0
73,220,p048,9,100.0,53.629999999999995,58.68421052631579,1.0,0.0,1,76.0,16.0
73,220,p048,10,100.0,55.949999999999996,13.68421052631579,0.0,0.0,1,75.0,16.0
73,220,p048,11,100.0,55.87,13.68421052631579,0.0,0.0,1,74.0,16.0
73,220,p048,12,98.16,49.08,58.888888888888886,1.0,0.0,1,71.0,16.0
73,220,p048,13,98.78,49.39,58.888888888888886,1.0,0.0,1,73.0,16.0
73,220,p048,14,100.0,55.72,13.68421052631579,0.0,0.0,1,74.0,16.0
73,220,p048,15,100.0,61.87,13.0,0.0,0.0,1,79.0,16.0
73,240,p037,0,100.0,61.64,13.0,0.0,0.0,1,78.0,16.0
73,240,p037,1,100.0,51.47,13.88888888888889,0.0,0.0,1,69.0,16.0
73,240,p037,2,100.0,53.32,58.68421052631579,1.0,0.0,1,74.0,16.0
73,240,p037,3,100.0,55.72,13.68421052631579,0.0,0.0,1,74.0,16.0
73,240,p037,4,93.82,46.91,13.529411764705882,0.0,0.0,1,62.0,16.0
73,240,p037,5,100.0,55.72,13.68421052631579,0.0,0.0,1,74.0,16.0
73,240,p037,6,100.0,61.949999999999996,13.0,0.0,0.0,1,80.0,16.0
73,240,p037,7,100.0,53.48,58.68421052631579,1.0,0.0,1,76.0,16.0
73,240,p037,8,100.0,53.48,58.68421052631579,1.0,0.0,1,76.0,16.0
73,240,p037,9,100.0,53.17,58.68421052631579,1.0,0.0,1,74.0,16.0
73,240,p037,10,97.38,48.69,58.888888888888886,1.0,0.0,1,68.0,16.0
73,240,p037,11,100.0,56.029999999999994,13.68421052631579,0.0,0.0,1,76.0,16.0
73,240,p037,12,100.0,53.239999999999995,58.68421052631579,1.0,0.0,1,73.0,16.0
73,240,p037,13,100.0,53.17,58.68421052631579,1.0,0.0,1,74.0,16.0
73,240,p037,14,100.0,53.17,58.68421052631579,1.0,0.0,1,74.0,16.0
73,240,p037,15,100.0,53.4,58.68421052631579,1.0,0.0,1,75.0,16.0
73,240,p038,0,100.0,61.949999999999996,13.0,0.0,0.0,1,80.0,16.0
73,240,p038,1,100.0,53.4,58.68421052631579,1.0,0.0,1,75.0,16.0
73,240,p038,2,100.0,55.78999999999999,13.68421052631579,0.0,0.0,1,73.0,16.0
73,240,p038,3,100.0,55.78999999999999,13.68421052631579,0.0,0.0,1,73.0,16.0
73,240,p038,4,91.6,45.8,93.88888888888889,1.0,1.0,1,80.0,16.0
73,240,p038,5,100.0,53.4,58.68421052631579,1.0,0.0,1,75.0,16.0
73,240,p038,6,100.0,55.78999999999999,13.68421052631579,0.0,0.0,1,73.0,16.0
73,240,p038,7,100.0,53.4,58.68421052631579,1.0,0.0,1,75.0,16.0
73,240,p038,8,100.0,53.239999999999995,58.68421052631579,1.0,0.0,1,73.0,16.0
73,240,p038,9,100.0,56.029999999999994,13.68421052631579,0.0,0.0,1,76.0,16.0
73,240,p038,10,100.0,55.72,13.68421052631579,0.0,0.0,1,74.0,16.0
73,240,p038,11,100.0,53.17,58.68421052631579,1.0,0.0,1,74.0,16.0
73,240,p038,12,100.0,53.4,58.68421052631579,1.0,0.0,1,75.0,16.0
73,240,p038,13,100.0,55.949999999999996,13.68421052631579,0.0,0.0,1,75.0,16.0
73,240,p038,14,100.0,53.4,58.68421052631579,1.0,0.0,1,75.0,16.0
73,240,p038,15,100.0,53.4,58.68421052631579,1.0,0.0,1,75.0,16.0
73,240,p039,0,100.0,53.48,58.68421052631579,1.0,0.0,1,76.0,16.0
73,240,p039,1,100.0,55.949999999999996,13.68421052631579,0.0,0.0,1,75.0,16.0
73,240,p039,2,100.0,55.72,13.68421052631579,0.0,0.0,1,74.0,16.0
73,240,p039,3,100.0,61.709999999999994,13.0,0.0,0.0,1,77.0,16.0
73,240,p039,4,100.0,51.55,13.88888888888889,0.0,0.0,1,70.0,16.0
73,240,p039,5,100.0,56.029999999999994,13.68421052631579,0.0,0.0,1,76.0,16.0
73,240,p039,6,100.0,53.239999999999995,58.68421052631579,1.0,0.0,1,73.0,16.0
73,240,p039,7,100.0,53.4,58.68421052631579,1.0,0.0,1,75.0,16.0
73,240,p039,8,100.0,61.87,13.0,0.0,0.0,1,79.0,16.0
73,240,p039,9,100.0,53.48,58.68421052631579,1.0,0.0,1,76.0,16.0
73,240,p039,10,100.0,53.32,58.68421052631579,1.0,0.0,1,74.0,16.0
73,240,p039,11,100.0,53.4,58.68421052631579,1.0,0.0,1,75.0,16.0
73,240,p039,12,100.0,55.949999999999996,13.68421052631579,0.0,0.0,1,75.0,16.0
73,240,p039,13,100.0,53.4,58.68421052631579,1.0,0.0,1,75.0,16.0
73,240,p039,14,100.0,53.48,58.68421052631579,1.0,0.0,1,76.0,16.0
73,240,p039,15,100.0,61.87,13.0,0.0,0.0,1,79.0,16.0
73,240,p040,0,100.0,55.72,13.68421052631579,0.0,0.0,1,74.0,16.0
73,240,p040,1,100.0,55.87,13.68421052631579,0.0,0.0,1,74.0,16.0
73,240,p040,2,100.0,61.949999999999996,13.0,0.0,0.0,1,80.0,16.0
73,240,p040,3,100.0,55.72,13.68421052631579,0.0,0.0,1,74.0,16.0
73,240,p040,4,100.0,51.47,13.88888888888889,0.0,0.0,1,69.0,16.0
73,240,p040,5,100.0,55.72,13.68421052631579,0.0,0.0,1,74.0,16.0
73,240,p040,6,97.67999999999999,48.839999999999996,93.88888888888889,1.0,1.0,1,68.0,16.0
73,240,p040,7,100.0,53.25,93.6842105263158,1.0,1.0,1,75.0,16.0
73,240,p040,8,100.0,55.72,13.68421052631579,0.0,0.0,1,74.0,16.0
73,240,p040,9,100.0,55.78999999999999,13.68421052631579,0.0,0.0,1,73.0,16.0
73,240,p040,10,100.0,55.949999999999996,13.68421052631579,0.0,0.0,1,75.0,16.0
73,240,p040,11,100.0,51.55,13.88888888888889,0.0,0.0,1,70.0,16.0
73,240,p040,12,100.0,51.55,13.88888888888889,0.0,0.0,1,70.0,16.0
73,240,p040,13,100.0,53.48,93.6842105263158,1.0,1.0,1,76.0,16.0
73,240,p040,14,100.0,61.87,13.0,0.0,0.0,1,79.0,16.0
73,240,p040,15,100.0,55.78999999999999,13.68421052631579,0.0,0.0,1,73.0,16.0
73,240,p041,0,100.0,56.029999999999994,13.68421052631579,0.0,0.0,1,76.0,16.0
73,240,p041,1,59.06,29.53,17.0,0.0,0.0,1,41.0,8.0
73,240,p041,2,100.0,53.4,93.6842105263158,1.0,1.0,1,75.0,16.0
73,240,p041,3,89.03999999999999,44.519999999999996,93.52941176470588,1.0,1.0,1,64.0,16.0
73,240,p041,4,100.0,55.87,13.68421052631579,0.0,0.0,1,74.0,16.0
73,240,p041,5,100.0,55.72,13.68421052631579,0.0,0.0,1,74.0,16.0
73,240,p041,6,89.2,44.6,93.52941176470588,1.0,1.0,1,65.0,16.0
73,240,p041,7,100.0,53.32,93.6842105263158,1.0,1.0,1,74.0,16.0
73,240,p041,8,100.0,53.4,93.6842105263158,1.0,1.0,1,75.0,16.0
73,240,p041,9,100.0,53.25,93.6842105263158,1.0,1.0,1,75.0,16.0
73,240,p041,10,100.0,61.709999999999994,13.0,0.0,0.0,1,77.0,16.0
73,240,p041,11,100.0,53.4,93.6842105263158,1.0,1.0,1,75.0,16.0
73,240,p041,12,100.0,51.38999999999999,13.88888888888889,0.0,0.0,1,68.0,16.0
73,240,p041,13,100.0,53.48,93.6842105263158,1.0,1.0,1,76.0,16.0
73,240,p041,14,100.0,55.87,13.68421052631579,0.0,0.0,1,74.0,16.0
73,240,p041,15,100.0,53.56,93.6842105263158,1.0,1.0,1,77.0,16.0
73,240,p042,0,100.0,51.239999999999995,13.88888888888889,0.0,0.0,1,68.0,16.0
73,240,p042,1,100.0,55.72,13.68421052631579,0.0,0.0,1,74.0,16.0
73,240,p042,2,100.0,55.949999999999996,13.68421052631579,0.0,0.0,1,75.0,16.0
73,240,p042,3,100.0,55.72,13.68421052631579,0.0,0.0,1,74.0,16.0
73,240,p042,4,100.0,55.72,13.68421052631579,0.0,0.0,1,74.0,16.0
73,240,p042,5,100.0,53.48,93.6842105263158,1.0,1.0,1,76.0,16.0
73,240,p042,6,94.13999999999999,47.06999999999999,13.529411764705882,0.0,0.0,1,64.0,16.0
73,240,p042,7,100.0,55.72,13.68421052631579,0.0,0.0,1,74.0,16.0
73,240,p042,8,100.0,53.25,93.6842105263158,1.0,1.0,1,75.0,16.0
73,240,p042,9,100.0,55.949999999999996,13.68421052631579,0.0,0.0,1,75.0,16.0
73,240,p042,10,100.0,55.87,13.68421052631579,0.0,0.0,1,74.0,16.0
73,240,p042,11,100.0,53.48,93.6842105263158,1.0,1.0,1,76.0,16.0
73,240,p042,12,89.2,44.6,93.52941176470588,1.0,1.0,1,65.0,16.0
73,240,p042,13,100.0,56.029999999999994,13.68421052631579,0.0,0.0,1,76.0,16.0
73,240,p042,14,100.0,53.56,93.6842105263158,1.0,1.0,1,77.0,16.0
73,240,p042,15,100.0,61.87,13.0,0.0,0.0,1,79.0,16.0
73,240,p043,0,100.0,53.41,58.68421052631579,1.0,0.0,1,77.0,16.0
73,240,p043,1,100.0,61.709999999999994,13.0,0.0,0.0,1,77.0,16.0
73,240,p043,2,93.52,46.76,13.529411764705882,0.0,0.0,1,62.0,16.0
73,240,p043,3,100.0,53.48,58.68421052631579,1.0,0.0,1,76.0,16.0
73,240,p043,4,100.0,53.41,58.68421052631579,1.0,0.0,1,77.0,16.0
73,240,p043,5,100.0,55.78999999999999,13.68421052631579,0.0,0.0,1,73.0,16.0
73,240,p043,6,100.0,55.87,13.68421052631579,0.0,0.0,1,74.0,16.0
73,240,p043,7,97.86,48.93,58.888888888888886,1.0,0.0,1,71.0,16.0
73,240,p043,8,100.0,55.72,13.68421052631579,0.0,0.0,1,74.0,16.0
73,240,p043,9,100.0,55.72,13.68421052631579,0.0,0.0,1,74.0,16.0
73,240,p043,10,100.0,53.48,58.68421052631579,1.0,0.0,1,76.0,16.0
73,240,p043,11,100.0,55.72,13.68421052631579,0.0,0.0,1,74.0,16.0
73,240,p043,12,100.0,53.48,58.68421052631579,1.0,0.0,1,76.0,16.0
73,240,p043,13,100.0,55.78999999999999,13.68421052631579,0.0,0.0,1,73.0,16.0
73,240,p043,14,100.0,55.87,13.68421052631579,0.0,0.0,1,74.0,16.0
73,240,p043,15,100.0,53.41,58.68421052631579,1.0,0.0,1,77.0,16.0
73,240,p044,0,100.0,51.309999999999995,13.88888888888889,0.0,0.0,1,67.0,16.0
73,240,p044,1,100.0,55.87,13.68421052631579,0.0,0.0,1,74.0,16.0
73,240,p044,2,100.0,53.41,58.68421052631579,1.0,0.0,1,77.0,16.0
73,240,p044,3,100.0,53.41,58.68421052631579,1.0,0.0,1,77.0,16.0
73,240,p044,4,98.16,49.08,58.888888888888886,1.0,0.0,1,71.0,16.0
73,240,p044,5,100.0,55.949999999999996,13.68421052631579,0.0,0.0,1,75.0,16.0
73,240,p044,6,100.0,53.56,58.68421052631579,1.0,0.0,1,77.0,16.0
73,240,p044,7,100.0,53.48,58.68421052631579,1.0,0.0,1,76.0,16.0
73,240,p044,8,100.0,55.78999999999999,13.68421052631579,0.0,0.0,1,73.0,16.0
73,240,p044,9,100.0,55.87,13.68421052631579,0.0,0.0,1,74.0,16.0
73,240,p044,10,100.0,61.709999999999994,13.0,0.0,0.0,1,77.0,16.0
73,240,p044,11,98.47999999999999,49.239999999999995,58.888888888888886,1.0,0.0,1,73.0,16.0
73,240,p044,12,100.0,56.029999999999994,13.68421052631579,0.0,0.0,1,76.0,16.0
73,240,p044,13,100.0,53.41,58.68421052631579,1.0,0.0,1,77.0,16.0
73,240,p044,14,100.0,56.029999999999994,13.68421052631579,0.0,0.0,1,76.0,16.0
73,240,p044,15,97.86,48.93,58.888888888888886,1.0,0.0,1,71.0,16.0
73,240,p045,0,100.0,53.56,58.68421052631579,1.0,0.0,1,77.0,16.0
73,240,p045,1,68.02,34.01,16.363636363636363,0.0,0.0,1,47.0,8.0
73,240,p045,2,93.82,46.91,13.529411764705882,0.0,0.0,1,62.0,16.0
73,240,p045,3,100.0,53.56,58.68421052631579,1.0,0.0,1,77.0,16.0
73,240,p045,4,100.0,53.41,58.68421052631579,1.0,0.0,1,77.0,16.0
73,240,p045,5,100.0,53.41,58.68421052631579,1.0,0.0,1,77.0,16.0
73,240,p045,6,100.0,55.87,13.68421052631579,0.0,0.0,1,74.0,16.0
73,240,p045,7,100.0,56.029999999999994,13.68421052631579,0.0,0.0,1,76.0,16.0
73,240,p045,8,100.0,51.309999999999995,13.88888888888889,0.0,0.0,1,67.0,16.0
73,240,p045,9,100.0,53.56,58.68421052631579,1.0,0.0,1,77.0,16.0
73,240,p045,10,100.0,51.309999999999995,13.88888888888889,0.0,0.0,1,67.0,16.0
73,240,p045,11,100.0,53.56,58.68421052631579,1.0,0.0,1,77.0,16.0
73,240,p045,12,88.9,44.45,58.529411764705884,1.0,0.0,1,65.0,16.0
73,240,p045,13,100.0,51.309999999999995,13.88888888888889,0.0,0.0,1,67.0,16.0
73,240,p045,14,100.0,53.56,58.68421052631579,1.0,0.0,1,77.0,16.0
73,240,p045,15,100.0,53.41,58.68421052631579,1.0,0.0,1,77.0,16.0
73,240,p046,0,100.0,55.949999999999996,13.68421052631579,0.0,0.0,1,75.0,16.0
73,240,p046,1,98.46,49.23,58.888888888888886,1.0,0.0,1,71.0,16.0
73,240,p046,2,100.0,55.78999999999999,13.68421052631579,0.0,0.0,1,73.0,16.0
73,240,p046,3,89.66,44.83,58.529411764705884,1.0,0.0,1,66.0,16.0
73,240,p046,4,100.0,61.64,13.0,0.0,0.0,1,78.0,16.0
73,240,p046,5,100.0,55.949999999999996,13.68421052631579,0.0,0.0,1,75.0,16.0
73,240,p046,6,100.0,55.949999999999996,13.68421052631579,0.0,0.0,1,75.0,16.0
73,240,p046,7,100.0,55.87,13.68421052631579,0.0,0.0,1,74.0,16.0
73,240,p046,8,100.0,53.87,58.68421052631579,1.0,0.0,1,79.0,16.0
73,240,p046,9,100.0,55.87,13.68421052631579,0.0,0.0,1,74.0,16.0
73,240,p046,10,100.0,51.55,13.88888888888889,0.0,0.0,1,70.0,16.0
73,240,p046,11,100.0,53.87,58.68421052631579,1.0,0.0,1,79.0,16.0
73,240,p046,12,100.0,55.78999999999999,13.68421052631579,0.0,0.0,1,73.0,16.0
73,240,p046,13,100.0,51.239999999999995,13.88888888888889,0.0,0.0,1,68.0,16.0
73,240,p046,14,100.0,53.709999999999994,58.68421052631579,1.0,0.0,1,77.0,16.0
73,240,p046,15,24.0,12.0,16.666666666666664,0.0,0.0,1,20.0,0.0
73,240,p047,0,100.0,53.87,58.68421052631579,1.0,0.0,1,79.0,16.0
73,240,p047,1,100.0,55.72,13.68421052631579,0.0,0.0,1,74.0,16.0
73,240,p047,2,100.0,51.309999999999995,13.88888888888889,0.0,0.0,1,67.0,16.0
73,240,p047,3,100.0,53.87,58.68421052631579,1.0,0.0,1,79.0,16.0
73,240,p047,4,100.0,55.87,13.68421052631579,0.0,0.0,1,74.0,16.0
73,240,p047,5,44.660000000000004,22.330000000000002,98.75,1.0,1.0,1,56.0,4.0
73,240,p047,6,100.0,53.87,58.68421052631579,1.0,0.0,1,79.0,16.0
73,240,p047,7,100.0,53.709999999999994,58.68421052631579,1.0,0.0,1,77.0,16.0
73,240,p047,8,100.0,55.949999999999996,13.68421052631579,0.0,0.0,1,75.0,16.0
73,240,p047,9,100.0,55.72,13.68421052631579,0.0,0.0,1,74.0,16.0
73,240,p047,10,100.0,51.38999999999999,13.88888888888889,0.0,0.0,1,68.0,16.0
73,240,p047,11,100.0,56.029999999999994,13.68421052631579,0.0,0.0,1,76.0,16.0
73,240,p047,12,100.0,55.72,13.68421052631579,0.0,0.0,1,74.0,16.0
73,240,p047,13,100.0,61.87,13.0,0.0,0.0,1,79.0,16.0
73,240,p047,14,100.0,53.87,58.68421052631579,1.0,0.0,1,79.0,16.0
73,240,p047,15,100.0,53.87,58.68421052631579,1.0,0.0,1,79.0,16.0
73,240,p048,0,100.0,53.79,58.68421052631579,1.0,0.0,1,78.0,16.0
73,240,p048,1,100.0,61.949999999999996,13.0,0.0,0.0,1,80.0,16.0
73,240,p048,2,100.0,51.309999999999995,13.88888888888889,0.0,0.0,1,67.0,16.0
73,240,p048,3,100.0,56.029999999999994,13.68421052631579,0.0,0.0,1,76.0,16.0
73,240,p048,4,100.0,61.87,13.0,0.0,0.0,1,79.0,16.0
73,240,p048,5,67.06,33.53,96.66666666666667,1.0,1.0,1,71.0,8.0
73,240,p048,6,100.0,53.709999999999994,58.68421052631579,1.0,0.0,1,77.0,16.0
73,240,p048,7,100.0,61.79,13.0,0.0,0.0,1,78.0,16.0
73,240,p048,8,100.0,53.56,58.68421052631579,1.0,0.0,1,77.0,16.0
73,240,p048,9,100.0,53.629999999999995,58.68421052631579,1.0,0.0,1,76.0,16.0
73,240,p048,10,100.0,55.949999999999996,13.68421052631579,0.0,0.0,1,75.0,16.0
73,240,p048,11,100.0,55.87,13.68421052631579,0.0,0.0,1,74.0,16.0
73,240,p048,12,100.0,53.56,58.68421052631579,1.0,0.0,1,77.0,16.0
73,240,p048,13,100.0,51.55,13.88888888888889,0.0,0.0,1,70.0,16.0
73,240,p048,14,100.0,55.72,13.68421052631579,0.0,0.0,1,74.0,16.0
73,240,p048,15,100.0,61.87,13.0,0.0,0.0,1,79.0,16.0
73,260,p037,0,100.0,61.64,13.0,0.0,0.0,1,78.0,16.0
73,260,p037,1,100.0,51.47,13.88888888888889,0.0,0.0,1,69.0,16.0
73,260,p037,2,100.0,53.32,58.68421052631579,1.0,0.0,1,74.0,16.0
73,260,p037,3,100.0,55.72,13.68421052631579,0.0,0.0,1,74.0,16.0
73,260,p037,4,93.82,46.91,13.529411764705882,0.0,0.0,1,62.0,16.0
73,260,p037,5,100.0,55.72,13.68421052631579,0.0,0.0,1,74.0,16.0
73,260,p037,6,100.0,61.949999999999996,13.0,0.0,0.0,1,80.0,16.0
73,260,p037,7,100.0,53.48,58.68421052631579,1.0,0.0,1,76.0,16.0
73,260,p037,8,100.0,53.48,58.68421052631579,1.0,0.0,1,76.0,16.0
73,260,p037,9,100.0,53.17,58.68421052631579,1.0,0.0,1,74.0,16.0
73,260,p037,10,97.38,48.69,58.888888888888886,1.0,0.0,1,68.0,16.0
73,260,p037,11,100.0,56.029999999999994,13.68421052631579,0.0,0.0,1,76.0,16.0
73,260,p037,12,100.0,53.239999999999995,58.68421052631579,1.0,0.0,1,73.0,16.0
73,260,p037,13,100.0,55.72,13.68421052631579,0.0,0.0,1,74.0,16.0
73,260,p037,14,100.0,53.17,58.68421052631579,1.0,0.0,1,74.0,16.0
73,260,p037,15,100.0,55.949999999999996,13.68421052631579,0.0,0.0,1,75.0,16.0
73,260,p038,0,100.0,61.949999999999996,13.0,0.0,0.0,1,80.0,16.0
73,260,p038,1,100.0,53.4,58.68421052631579,1.0,0.0,1,75.0,16.0
73,260,p038,2,100.0,55.78999999999999,13.68421052631579,0.0,0.0,1,73.0,16.0
73,260,p038,3,100.0,61.709999999999994,13.0,0.0,0.0,1,77.0,16.0
73,260,p038,4,91.6,45.8,93.88888888888889,1.0,1.0,1,80.0,16.0
73,260,p038,5,100.0,53.4,58.68421052631579,1.0,0.0,1,75.0,16.0
73,260,p038,6,100.0,55.78999999999999,13.68421052631579,0.0,0.0,1,73.0,16.0
73,260,p038,7,100.0,53.4,58.68421052631579,1.0,0.0,1,75.0,16.0
73,260,p038,8,100.0,53.239999999999995,58.68421052631579,1.0,0.0,1,73.0,16.0
73,260,p038,9,100.0,56.029999999999994,13.68421052631579,0.0,0.0,1,76.0,16.0
73,260,p038,10,100.0,55.72,13.68421052631579,0.0,0.0,1,74.0,16.0
73,260,p038,11,100.0,53.17,58.68421052631579,1.0,0.0,1,74.0,16.0
73,260,p038,12,100.0,53.4,58.68421052631579,1.0,0.0,1,75.0,16.0
73,260,p038,13,100.0,55.949999999999996,13.68421052631579,0.0,0.0,1,75.0,16.0
73,260,p038,14,100.0,53.4,58.68421052631579,1.0,0.0,1,75.0,16.0
73,260,p038,15,100.0,53.4,58.68421052631579,1.0,0.0,1,75.0,16.0
73,260,p039,0,100.0,53.48,58.68421052631579,1.0,0.0,1,76.0,16.0
73,260,p039,1,100.0,55.949999999999996,13.68421052631579,0.0,0.0,1,75.0,16.0
73,260,p039,2,100.0,55.72,13.68421052631579,0.0,0.0,1,74.0,16.0
73,260,p039,3,100.0,61.709999999999994,13.0,0.0,0.0,1,77.0,16.0
73,260,p039,4,100.0,51.55,13.88888888888889,0.0,0.0,1,70.0,16.0
73,260,p039,5,100.0,56.029999999999994,13.68421052631579,0.0,0.0,1,76.0,16.0
73,260,p039,6,100.0,55.78999999999999,13.68421052631579,0.0,0.0,1,73.0,16.0
73,260,p039,7,100.0,53.4,58.68421052631579,1.0,0.0,1,75.0,16.0
73,260,p039,8,100.0,61.87,13.0,0.0,0.0,1,79.0,16.0
73,260,p039,9,100.0,53.48,58.68421052631579,1.0,0.0,1,76.0,16.0
73,260,p039,10,100.0,53.32,58.68421052631579,1.0,0.0,1,74.0,16.0
73,260,p039,11,100.0,53.4,58.68421052631579,1.0,0.0,1,75.0,16.0
73,260,p039,12,100.0,55.949999999999996,13.68421052631579,0.0,0.0,1,75.0,16.0
73,260,p039,13,100.0,53.4,58.68421052631579,1.0,0.0,1,75.0,16.0
73,260,p039,14,100.0,56.029999999999994,13.68421052631579,0.0,0.0,1,76.0,16.0
73,260,p039,15,100.0,61.87,13.0,0.0,0.0,1,79.0,16.0
73,260,p040,0,100.0,55.72,13.68421052631579,0.0,0.0,1,74.0,16.0
73,260,p040,1,100.0,55.87,13.68421052631579,0.0,0.0,1,74.0,16.0
73,260,p040,2,100.0,61.949999999999996,13.0,0.0,0.0,1,80.0,16.0
73,260,p040,3,100.0,55.72,13.68421052631579,0.0,0.0,1,74.0,16.0
73,260,p040,4,100.0,55.949999999999996,13.68421052631579,0.0,0.0,1,75.0,16.0
73,260,p040,5,100.0,55.72,13.68421052631579,0.0,0.0,1,74.0,16.0
73,260,p040,6,97.67999999999999,48.839999999999996,93.88888888888889,1.0,1.0,1,68.0,16.0
73,260,p040,7,100.0,53.25,93.6842105263158,1.0,1.0,1,75.0,16.0
73,260,p040,8,100.0,55.72,13.68421052631579,0.0,0.0,1,74.0,16.0
73,260,p040,9,100.0,55.78999999999999,13.68421052631579,0.0,0.0,1,73.0,16.0
73,260,p040,10,100.0,55.949999999999996,13.68421052631579,0.0,0.0,1,75.0,16.0
73,260,p040,11,100.0,51.55,13.88888888888889,0.0,0.0,1,70.0,16.0
73,260,p040,12,100.0,56.029999999999994,13.68421052631579,0.0,0.0,1,76.0,16.0
73,260,p040,13,100.0,55.949999999999996,13.68421052631579,0.0,0.0,1,75.0,16.0
73,260,p040,14,100.0,61.87,13.0,0.0,0.0,1,79.0,16.0
73,260,p040,15,100.0,55.78999999999999,13.68421052631579,0.0,0.0,1,73.0,16.0
73,260,p041,0,100.0,56.029999999999994,13.68421052631579,0.0,0.0,1,76.0,16.0
73,260,p041,1,100.0,51.55,13.88888888888889,0.0,0.0,1,70.0,16.0
73,260,p041,2,100.0,53.4,93.6842105263158,1.0,1.0,1,75.0,16.0
73,260,p041,3,89.03999999999999,44.519999999999996,93.52941176470588,1.0,1.0,1,64.0,16.0
73,260,p041,4,100.0,55.87,13.68421052631579,0.0,0.0,1,74.0,16.0
73,260,p041,5,100.0,55.72,13.68421052631579,0.0,0.0,1,74.0,16.0
73,260,p041,6,98.16,49.08,93.88888888888889,1.0,1.0,1,71.0,16.0
73,260,p041,7,100.0,53.32,93.6842105263158,1.0,1.0,1,74.0,16.0
73,260,p041,8,100.0,55.87,13.68421052631579,0.0,0.0,1,74.0,16.0
73,260,p041,9,100.0,53.25,93.6842105263158,1.0,1.0,1,75.0,16.0
73,260,p041,10,100.0,61.709999999999994,13.0,0.0,0.0,1,77.0,16.0
73,260,p041,11,100.0,55.87,13.68421052631579,0.0,0.0,1,74.0,16.0
73,260,p041,12,100.0,51.38999999999999,13.88888888888889,0.0,0.0,1,68.0,16.0
73,260,p041,13,100.0,55.949999999999996,13.68421052631579,0.0,0.0,1,75.0,16.0
73,260,p041,14,100.0,55.87,13.68421052631579,0.0,0.0,1,74.0,16.0
73,260,p041,15,100.0,53.56,93.6842105263158,1.0,1.0,1,77.0,16.0
73,260,p042,0,100.0,51.239999999999995,13.88888888888889,0.0,0.0,1,68.0,16.0
73,260,p042,1,100.0,55.72,13.68421052631579,0.0,0.0,1,74.0,16.0
73,260,p042,2,100.0,55.949999999999996,13.68421052631579,0.0,0.0,1,75.0,16.0
73,260,p042,3,100.0,55.72,13.68421052631579,0.0,0.0,1,74.0,16.0
73,260,p042,4,100.0,55.72,13.68421052631579,0.0,0.0,1,74.0,16.0
73,260,p042,5,100.0,53.48,93.6842105263158,1.0,1.0,1,76.0,16.0
73,260,p042,6,94.13999999999999,47.06999999999999,13.529411764705882,0.0,0.0,1,64.0,16.0
73,260,p042,7,100.0,55.72,13.68421052631579,0.0,0.0,1,74.0,16.0
73,260,p042,8,100.0,53.25,93.6842105263158,1.0,1.0,1,75.0,16.0
73,260,p042,9,100.0,55.949999999999996,13.68421052631579,0.0,0.0,1,75.0,16.0
73,260,p042,10,100.0,55.87,13.68421052631579,0.0,0.0,1,74.0,16.0
73,260,p042,11,100.0,55.949999999999996,13.68421052631579,0.0,0.0,1,75.0,16.0
73,260,p042,12,94.13999999999999,47.06999999999999,13.529411764705882,0.0,0.0,1,64.0,16.0
73,260,p042,13,100.0,56.029999999999994,13.68421052631579,0.0,0.0,1,76.0,16.0
73,260,p042,14,100.0,56.029999999999994,13.68421052631579,0.0,0.0,1,76.0,16.0
73,260,p042,15,100.0,61.87,13.0,0.0,0.0,1,79.0,16.0
73,260,p043,0,100.0,53.41,58.68421052631579,1.0,0.0,1,77.0,16.0
73,260,p043,1,100.0,61.709999999999994,13.0,0.0,0.0,1,77.0,16.0
73,260,p043,2,100.0,51.239999999999995,13.88888888888889,0.0,0.0,1,68.0,16.0
73,260,p043,3,100.0,53.48,58.68421052631579,1.0,0.0,1,76.0,16.0
73,260,p043,4,100.0,53.41,58.68421052631579,1.0,0.0,1,77.0,16.0
73,260,p043,5,100.0,55.78999999999999,13.68421052631579,0.0,0.0,1,73.0,16.0
73,260,p043,6,100.0,55.87,13.68421052631579,0.0,0.0,1,74.0,16.0
73,260,p043,7,97.86,48.93,58.888888888888886,1.0,0.0,1,71.0,16.0
73,260,p043,8,100.0,55.72,13.68421052631579,0.0,0.0,1,74.0,16.0
73,260,p043,9,100.0,55.72,13.68421052631579,0.0,0.0,1,74.0,16.0
73,260,p043,10,100.0,53.48,58.68421052631579,1.0,0.0,1,76.0,16.0
73,260,p043,11,100.0,55.72,13.68421052631579,0.0,0.0,1,74.0,16.0
73,260,p043,12,100.0,53.48,58.68421052631579,1.0,0.0,1,76.0,16.0
73,260,p043,13,100.0,55.78999999999999,13.68421052631579,0.0,0.0,1,73.0,16.0
73,260,p043,14,100.0,55.87,13.68421052631579,0.0,0.0,1,74.0,16.0
73,260,p043,15,100.0,53.41,58.68421052631579,1.0,0.0,1,77.0,16.0
73,260,p044,0,100.0,51.309999999999995,13.88888888888889,0.0,0.0,1,67.0,16.0
73,260,p044,1,100.0,55.87,13.68421052631579,0.0,0.0,1,74.0,16.0
73,260,p044,2,100.0,53.41,58.68421052631579,1.0,0.0,1,77.0,16.0
73,260,p044,3,100.0,53.41,58.68421052631579,1.0,0.0,1,77.0,16.0
73,260,p044,4,100.0,53.56,58.68421052631579,1.0,0.0,1,77.0,16.0
73,260,p044,5,100.0,55.949999999999996,13.68421052631579,0.0,0.0,1,75.0,16.0
73,260,p044,6,100.0,53.56,58.68421052631579,1.0,0.0,1,77.0,16.0
73,260,p044,7,100.0,53.48,58.68421052631579,1.0,0.0,1,76.0,16.0
73,260,p044,8,100.0,55.78999999999999,13.68421052631579,0.0,0.0,1,73.0,16.0
73,260,p044,9,100.0,55.87,13.68421052631579,0.0,0.0,1,74.0,16.0
73,260,p044,10,100.0,61.709999999999994,13.0,0.0,0.0,1,77.0,16.0
73,260,p044,11,98.47999999999999,49.239999999999995,58.888888888888886,1.0,0.0,1,73.0,16.0
73,260,p044,12,100.0,56.029999999999994,13.68421052631579,0.0,0.0,1,76.0,16.0
73,260,p044,13,100.0,53.41,58.68421052631579,1.0,0.0,1,77.0,16.0
73,260,p044,14,100.0,56.029999999999994,13.68421052631579,0.0,0.0,1,76.0,16.0
73,260,p044,15,100.0,51.239999999999995,13.88888888888889,0.0,0.0,1,68.0,16.0
73,260,p045,0,100.0,53.56,58.68421052631579,1.0,0.0,1,77.0,16.0
73,260,p045,1,100.0,56.029999999999994,13.68421052631579,0.0,0.0,1,76.0,16.0
73,260,p045,2,93.82,46.91,13.529411764705882,0.0,0.0,1,62.0,16.0
73,260,p045,3,100.0,53.56,58.68421052631579,1.0,0.0,1,77.0,16.0
73,260,p045,4,100.0,53.41,58.68421052631579,1.0,0.0,1,77.0,16.0
73,260,p045,5,100.0,53.41,58.68421052631579,1.0,0.0,1,77.0,16.0
73,260,p045,6,100.0,55.87,13.68421052631579,0.0,0.0,1,74.0,16.0
73,260,p045,7,100.0,56.029999999999994,13.68421052631579,0.0,0.0,1,76.0,16.0
73,260,p045,8,100.0,51.309999999999995,13.88888888888889,0.0,0.0,1,67.0,16.0
73,260,p045,9,100.0,55.87,13.68421052631579,0.0,0.0,1,74.0,16.0
73,260,p045,10,100.0,55.78999999999999,13.68421052631579,0.0,0.0,1,73.0,16.0
73,260,p045,11,100.0,53.56,58.68421052631579,1.0,0.0,1,77.0,16.0
73,260,p045,12,88.9,44.45,58.529411764705884,1.0,0.0,1,65.0,16.0
73,260,p045,13,100.0,51.309999999999995,13.88888888888889,0.0,0.0,1,67.0,16.0
73,260,p045,14,100.0,53.56,58.68421052631579,1.0,0.0,1,77.0,16.0
73,260,p045,15,100.0,53.41,58.68421052631579,1.0,0.0,1,77.0,16.0
73,260,p046,0,100.0,55.949999999999996,13.68421052631579,0.0,0.0,1,75.0,16.0
73,260,p046,1,100.0,53.709999999999994,58.68421052631579,1.0,0.0,1,77.0,16.0
73,260,p046,2,100.0,55.78999999999999,13.68421052631579,0.0,0.0,1,73.0,16.0
73,260,p046,3,89.66,44.83,58.529411764705884,1.0,0.0,1,66.0,16.0
73,260,p046,4,100.0,61.64,13.0,0.0,0.0,1,78.0,16.0
73,260,p046,5,100.0,55.949999999999996,13.68421052631579,0.0,0.0,1,75.0,16.0
73,260,p046,6,100.0,55.949999999999996,13.68421052631579,0.0,0.0,1,75.0,16.0
73,260,p046,7,100.0,55.87,13.68421052631579,0.0,0.0,1,74.0,16.0
73,260,p046,8,100.0,53.87,58.68421052631579,1.0,0.0,1,79.0,16.0
73,260,p046,9,100.0,55.87,13.68421052631579,0.0,0.0,1,74.0,16.0
73,260,p046,10,100.0,51.55,13.88888888888889,0.0,0.0,1,70.0,16.0
73,260,p046,11,100.0,53.87,58.68421052631579,1.0,0.0,1,79.0,16.0
73,260,p046,12,100.0,55.78999999999999,13.68421052631579,0.0,0.0,1,73.0,16.0
73,260,p046,13,100.0,51.239999999999995,13.88888888888889,0.0,0.0,1,68.0,16.0
73,260,p046,14,100.0,53.709999999999994,58.68421052631579,1.0,0.0,1,77.0,16.0
73,260,p046,15,24.0,12.0,16.666666666666664,0.0,0.0,1,20.0,0.0
73,260,p047,0,100.0,56.029999999999994,13.68421052631579,0.0,0.0,1,76.0,16.0
73,260,p047,1,100.0,55.72,13.68421052631579,0.0,0.0,1,74.0,16.0
73,260,p047,2,100.0,51.309999999999995,13.88888888888889,0.0,0.0,1,67.0,16.0
73,260,p047,3,100.0,53.87,58.68421052631579,1.0,0.0,1,79.0,16.0
73,260,p047,4,100.0,55.87,13.68421052631579,0.0,0.0,1,74.0,16.0
73,260,p047,5,66.28,33.14,96.66666666666667,1.0,1.0,1,68.0,8.0
73,260,p047,6,100.0,53.87,58.68421052631579,1.0,0.0,1,79.0,16.0
73,260,p047,7,100.0,53.709999999999994,58.68421052631579,1.0,0.0,1,77.0,16.0
73,260,p047,8,100.0,55.949999999999996,13.68421052631579,0.0,0.0,1,75.0,16.0
73,260,p047,9,100.0,55.72,13.68421052631579,0.0,0.0,1,74.0,16.0
73,260,p047,10,100.0,55.87,13.68421052631579,0.0,0.0,1,74.0,16.0
73,260,p047,11,100.0,56.029999999999994,13.68421052631579,0.0,0.0,1,76.0,16.0
73,260,p047,12,100.0,55.72,13.68421052631579,0.0,0.0,1,74.0,16.0
73,260,p047,13,100.0,61.87,13.0,0.0,0.0,1,79.0,16.0
73,260,p047,14,100.0,53.87,58.68421052631579,1.0,0.0,1,79.0,16.0
73,260,p047,15,100.0,53.87,58.68421052631579,1.0,0.0,1,79.0,16.0
73,260,p048,0,100.0,53.79,58.68421052631579,1.0,0.0,1,78.0,16.0
73,260,p048,1,100.0,61.949999999999996,13.0,0.0,0.0,1,80.0,16.0
73,260,p048,2,100.0,55.78999999999999,13.68421052631579,0.0,0.0,1,73.0,16.0
73,260,p048,3,100.0,56.029999999999994,13.68421052631579,0.0,0.0,1,76.0,16.0
73,260,p048,4,100.0,61.87,13.0,0.0,0.0,1,79.0,16.0
73,260,p048,5,100.0,53.79,58.68421052631579,1.0,0.0,1,78.0,16.0
73,260,p048,6,100.0,53.709999999999994,58.68421052631579,1.0,0.0,1,77.0,16.0
73,260,p048,7,100.0,61.79,13.0,0.0,0.0,1,78.0,16.0
73,260,p048,8,100.0,53.56,58.68421052631579,1.0,0.0,1,77.0,16.0
73,260,p048,9,100.0,53.629999999999995,58.68421052631579,1.0,0.0,1,76.0,16.0
73,260,p048,10,100.0,55.949999999999996,13.68421052631579,0.0,0.0,1,75.0,16.0
73,260,p048,11,100.0,55.87,13.68421052631579,0.0,0.0,1,74.0,16.0
73,260,p048,12,100.0,53.56,58.68421052631579,1.0,0.0,1,77.0,16.0
73,260,p048,13,100.0,51.55,13.88888888888889,0.0,0.0,1,70.0,16.0
73,260,p048,14,100.0,55.72,13.68421052631579,0.0,0.0,1,74.0,16.0
73,260,p048,15,100.0,61.87,13.0,0.0,0.0,1,79.0,16.0
73,280,p037,0,100.0,61.64,13.0,0.0,0.0,1,78.0,16.0
73,280,p037,1,100.0,51.47,13.88888888888889,0.0,0.0,1,69.0,16.0
73,280,p037,2,100.0,53.32,58.68421052631579,1.0,0.0,1,74.0,16.0
73,280,p037,3,100.0,55.72,13.68421052631579,0.0,0.0,1,74.0,16.0
73,280,p037,4,93.82,46.91,13.529411764705882,0.0,0.0,1,62.0,16.0
73,280,p037,5,100.0,55.72,13.68421052631579,0.0,0.0,1,74.0,16.0
73,280,p037,6,100.0,61.949999999999996,13.0,0.0,0.0,1,80.0,16.0
73,280,p037,7,100.0,53.48,58.68421052631579,1.0,0.0,1,76.0,16.0
73,280,p037,8,100.0,53.48,58.68421052631579,1.0,0.0,1,76.0,16.0
73,280,p037,9,100.0,53.17,58.68421052631579,1.0,0.0,1,74.0,16.0
73,280,p037,10,97.38,48.69,58.888888888888886,1.0,0.0,1,68.0,16.0
73,280,p037,11,100.0,56.029999999999994,13.68421052631579,0.0,0.0,1,76.0,16.0
73,280,p037,12,100.0,53.239999999999995,58.68421052631579,1.0,0.0,1,73.0,16.0
73,280,p037,13,100.0,55.72,13.68421052631579,0.0,0.0,1,74.0,16.0
73,280,p037,14,100.0,53.17,58.68421052631579,1.0,0.0,1,74.0,16.0
73,280,p037,15,100.0,55.949999999999996,13.68421052631579,0.0,0.0,1,75.0,16.0
73,280,p038,0,100.0,61.949999999999996,13.0,0.0,0.0,1,80.0,16.0
73,280,p038,1,100.0,53.4,58.68421052631579,1.0,0.0,1,75.0,16.0
73,280,p038,2,100.0,55.78999999999999,13.68421052631579,0.0,0.0,1,73.0,16.0
73,280,p038,3,100.0,61.709999999999994,13.0,0.0,0.0,1,77.0,16.0
73,280,p038,4,91.6,45.8,93.88888888888889,1.0,1.0,1,80.0,16.0
73,280,p038,5,100.0,53.4,58.68421052631579,1.0,0.0,1,75.0,16.0
73,280,p038,6,100.0,55.78999999999999,13.68421052631579,0.0,0.0,1,73.0,16.0
73,280,p038,7,100.0,53.4,58.68421052631579,1.0,0.0,1,75.0,16.0
73,280,p038,8,100.0,53.239999999999995,58.68421052631579,1.0,0.0,1,73.0,16.0
73,280,p038,9,100.0,56.029999999999994,13.68421052631579,0.0,0.0,1,76.0,16.0
73,280,p038,10,100.0,55.72,13.68421052631579,0.0,0.0,1,74.0,16.0
73,280,p038,11,100.0,53.17,58.68421052631579,1.0,0.0,1,74.0,16.0
73,280,p038,12,100.0,53.4,58.68421052631579,1.0,0.0,1,75.0,16.0
73,280,p038,13,100.0,55.949999999999996,13.68421052631579,0.0,0.0,1,75.0,16.0
73,280,p038,14,100.0,53.4,58.68421052631579,1.0,0.0,1,75.0,16.0
73,280,p038,15,100.0,55.949999999999996,13.68421052631579,0.0,0.0,1,75.0,16.0
73,280,p039,0,100.0,56.029999999999994,13.68421052631579,0.0,0.0,1,76.0,16.0
73,280,p039,1,100.0,55.949999999999996,13.68421052631579,0.0,0.0,1,75.0,16.0
73,280,p039,2,100.0,55.72,13.68421052631579,0.0,0.0,1,74.0,16.0
73,280,p039,3,100.0,61.709999999999994,13.0,0.0,0.0,1,77.0,16.0
73,280,p039,4,100.0,51.55,13.88888888888889,0.0,0.0,1,70.0,16.0
73,280,p039,5,100.0,56.029999999999994,13.68421052631579,0.0,0.0,1,76.0,16.0
73,280,p039,6,100.0,55.78999999999999,13.68421052631579,0.0,0.0,1,73.0,16.0
73,280,p039,7,100.0,53.4,58.68421052631579,1.0,0.0,1,75.0,16.0
73,280,p039,8,100.0,61.87,13.0,0.0,0.0,1,79.0,16.0
73,280,p039,9,100.0,56.029999999999994,13.68421052631579,0.0,0.0,1,76.0,16.0
73,280,p039,10,100.0,53.32,58.68421052631579,1.0,0.0,1,74.0,16.0
73,280,p039,11,100.0,53.4,58.68421052631579,1.0,0.0,1,75.0,16.0
73,280,p039,12,100.0,55.949999999999996,13.68421052631579,0.0,0.0,1,75.0,16.0
73,280,p039,13,100.0,53.4,58.68421052631579,1.0,0.0,1,75.0,16.0
73,280,p039,14,100.0,56.029999999999994,13.68421052631579,0.0,0.0,1,76.0,16.0
73,280,p039,15,100.0,61.87,13.0,0.0,0.0,1,79.0,16.0
73,280,p040,0,100.0,55.72,13.68421052631579,0.0,0.0,1,74.0,16.0
73,280,p040,1,100.0,55.87,13.68421052631579,0.0,0.0,1,74.0,16.0
73,280,p040,2,100.0,61.949999999999996,13.0,0.0,0.0,1,80.0,16.0
73,280,p040,3,100.0,55.72,13.68421052631579,0.0,0.0,1,74.0,16.0
73,280,p040,4,100.0,55.949999999999996,13.68421052631579,0.0,0.0,1,75.0,16.0
73,280,p040,5,100.0,55.72,13.68421052631579,0.0,0.0,1,74.0,16.0
73,280,p040,6,97.67999999999999,48.839999999999996,93.88888888888889,1.0,1.0,1,68.0,16.0
73,280,p040,7,100.0,55.72,13.68421052631579,0.0,0.0,1,74.0,16.0
73,280,p040,8,100.0,55.72,13.68421052631579,0.0,0.0,1,74.0,16.0
73,280,p040,9,100.0,55.78999999999999,13.68421052631579,0.0,0.0,1,73.0,16.0
73,280,p040,10,100.0,55.949999999999996,13.68421052631579,0.0,0.0,1,75.0,16.0
73,280,p040,11,100.0,51.55,13.88888888888889,0.0,0.0,1,70.0,16.0
73,280,p040,12,100.0,56.029999999999994,13.68421052631579,0.0,0.0,1,76.0,16.0
73,280,p040,13,100.0,55.949999999999996,13.68421052631579,0.0,0.0,1,75.0,16.0
73,280,p040,14,100.0,61.87,13.0,0.0,0.0,1,79.0,16.0
73,280,p040,15,100.0,55.78999999999999,13.68421052631579,0.0,0.0,1,73.0,16.0
73,280,p041,0,100.0,56.029999999999994,13.68421052631579,0.0,0.0,1,76.0,16.0
73,280,p041,1,100.0,51.55,13.88888888888889,0.0,0.0,1,70.0,16.0
73,280,p041,2,100.0,53.4,93.6842105263158,1.0,1.0,1,75.0,16.0
73,280,p041,3,89.03999999999999,44.519999999999996,93.52941176470588,1.0,1.0,1,64.0,16.0
73,280,p041,4,100.0,55.87,13.68421052631579,0.0,0.0,1,74.0,16.0
73,280,p041,5,100.0,55.72,13.68421052631579,0.0,0.0,1,74.0,16.0
73,280,p041,6,98.16,49.08,93.88888888888889,1.0,1.0,1,71.0,16.0
73,280,p041,7,100.0,53.32,93.6842105263158,1.0,1.0,1,74.0,16.0
73,280,p041,8,100.0,55.87,13.68421052631579,0.0,0.0,1,74.0,16.0
73,280,p041,9,100.0,55.72,13.68421052631579,0.0,0.0,1,74.0,16.0
73,280,p041,10,100.0,61.709999999999994,13.0,0.0,0.0,1,77.0,16.0
73,280,p041,11,100.0,55.87,13.68421052631579,0.0,0.0,1,74.0,16.0
73,280,p041,12,100.0,51.38999999999999,13.88888888888889,0.0,0.0,1,68.0,16.0
73,280,p041,13,100.0,61.87,13.0,0.0,0.0,1,79.0,16.0
73,280,p041,14,100.0,55.87,13.68421052631579,0.0,0.0,1,74.0,16.0
73,280,p041,15,100.0,53.56,93.6842105263158,1.0,1.0,1,77.0,16.0
73,280,p042,0,100.0,55.72,13.68421052631579,0.0,0.0,1,74.0,16.0
73,280,p042,1,100.0,55.72,13.68421052631579,0.0,0.0,1,74.0,16.0
73,280,p042,2,100.0,55.949999999999996,13.68421052631579,0.0,0.0,1,75.0,16.0
73,280,p042,3,100.0,55.72,13.68421052631579,0.0,0.0,1,74.0,16.0
73,280,p042,4,100.0,55.72,13.68421052631579,0.0,0.0,1,74.0,16.0
73,280,p042,5,100.0,53.48,93.6842105263158,1.0,1.0,1,76.0,16.0
73,280,p042,6,94.13999999999999,47.06999999999999,13.529411764705882,0.0,0.0,1,64.0,16.0
73,280,p042,7,100.0,55.72,13.68421052631579,0.0,0.0,1,74.0,16.0
73,280,p042,8,100.0,53.25,93.6842105263158,1.0,1.0,1,75.0,16.0
73,280,p042,9,100.0,55.949999999999996,13.68421052631579,0.0,0.0,1,75.0,16.0
73,280,p042,10,100.0,55.87,13.68421052631579,0.0,0.0,1,74.0,16.0
73,280,p042,11,100.0,55.949999999999996,13.68421052631579,0.0,0.0,1,75.0,16.0
73,280,p042,12,94.13999999999999,47.06999999999999,13.529411764705882,0.0,0.0,1,64.0,16.0
73,280,p042,13,100.0,56.029999999999994,13.68421052631579,0.0,0.0,1,76.0,16.0
73,280,p042,14,100.0,56.029999999999994,13.68421052631579,0.0,0.0,1,76.0,16.0
73,280,p042,15,100.0,61.87,13.0,0.0,0.0,1,79.0,16.0
73,280,p043,0,100.0,53.41,58.68421052631579,1.0,0.0,1,77.0,16.0
73,280,p043,1,100.0,61.709999999999994,13.0,0.0,0.0,1,77.0,16.0
73,280,p043,2,100.0,51.239999999999995,13.88888888888889,0.0,0.0,1,68.0,16.0
73,280,p043,3,100.0,53.48,58.68421052631579,1.0,0.0,1,76.0,16.0
73,280,p043,4,100.0,53.41,58.68421052631579,1.0,0.0,1,77.0,16.0
73,280,p043,5,100.0,55.78999999999999,13.68421052631579,0.0,0.0,1,73.0,16.0
73,280,p043,6,100.0,55.87,13.68421052631579,0.0,0.0,1,74.0,16.0
73,280,p043,7,100.0,55.72,13.68421052631579,0.0,0.0,1,74.0,16.0
73,280,p043,8,100.0,55.72,13.68421052631579,0.0,0.0,1,74.0,16.0
73,280,p043,9,100.0,55.72,13.68421052631579,0.0,0.0,1,74.0,16.0
73,280,p043,10,100.0,53.48,58.68421052631579,1.0,0.0,1,76.0,16.0
73,280,p043,11,100.0,55.72,13.68421052631579,0.0,0.0,1,74.0,16.0
73,280,p043,12,100.0,53.48,58.68421052631579,1.0,0.0,1,76.0,16.0
73,280,p043,13,100.0,55.78999999999999,13.68421052631579,0.0,0.0,1,73.0,16.0
73,280,p043,14,100.0,55.87,13.68421052631579,0.0,0.0,1,74.0,16.0
73,280,p043,15,100.0,53.41,58.68421052631579,1.0,0.0,1,77.0,16.0
73,280,p044,0,100.0,55.78999999999999,13.68421052631579,0.0,0.0,1,73.0,16.0
73,280,p044,1,100.0,55.87,13.68421052631579,0.0,0.0,1,74.0,16.0
73,280,p044,2,100.0,53.41,58.68421052631579,1.0,0.0,1,77.0,16.0
73,280,p044,3,100.0,53.41,58.68421052631579,1.0,0.0,1,77.0,16.0
73,280,p044,4,100.0,53.56,58.68421052631579,1.0,0.0,1,77.0,16.0
73,280,p044,5,100.0,55.949999999999996,13.68421052631579,0.0,0.0,1,75.0,16.0
73,280,p044,6,100.0,53.56,58.68421052631579,1.0,0.0,1,77.0,16.0
73,280,p044,7,100.0,53.48,58.68421052631579,1.0,0.0,1,76.0,16.0
73,280,p044,8,100.0,55.78999999999999,13.68421052631579,0.0,0.0,1,73.0,16.0
73,280,p044,9,100.0,55.87,13.68421052631579,0.0,0.0,1,74.0,16.0
73,280,p044,10,100.0,61.709999999999994,13.0,0.0,0.0,1,77.0,16.0
73,280,p044,11,98.47999999999999,49.239999999999995,58.888888888888886,1.0,0.0,1,73.0,16.0
73,280,p044,12,100.0,56.029999999999994,13.68421052631579,0.0,0.0,1,76.0,16.0
73,280,p044,13,100.0,53.41,58.68421052631579,1.0,0.0,1,77.0,16.0
73,280,p044,14,100.0,56.029999999999994,13.68421052631579,0.0,0.0,1,76.0,16.0
73,280,p044,15,100.0,51.239999999999995,13.88888888888889,0.0,0.0,1,68.0,16.0
73,280,p045,0,100.0,53.56,58.68421052631579,1.0,0.0,1,77.0,16.0
73,280,p045,1,100.0,56.029999999999994,13.68421052631579,0.0,0.0,1,76.0,16.0
73,280,p045,2,93.82,46.91,13.529411764705882,0.0,0.0,1,62.0,16.0
73,280,p045,3,100.0,53.56,58.68421052631579,1.0,0.0,1,77.0,16.0
73,280,p045,4,100.0,53.41,58.68421052631579,1.0,0.0,1,77.0,16.0
73,280,p045,5,100.0,53.41,58.68421052631579,1.0,0.0,1,77.0,16.0
73,280,p045,6,100.0,55.87,13.68421052631579,0.0,0.0,1,74.0,16.0
73,280,p045,7,100.0,56.029999999999994,13.68421052631579,0.0,0.0,1,76.0,16.0
73,280,p045,8,100.0,51.309999999999995,13.88888888888889,0.0,0.0,1,67.0,16.0
73,280,p045,9,100.0,55.87,13.68421052631579,0.0,0.0,1,74.0,16.0
73,280,p045,10,100.0,55.78999999999999,13.68421052631579,0.0,0.0,1,73.0,16.0
73,280,p045,11,100.0,53.56,58.68421052631579,1.0,0.0,1,77.0,16.0
73,280,p045,12,88.9,44.45,58.529411764705884,1.0,0.0,1,65.0,16.0
73,280,p045,13,100.0,55.78999999999999,13.68421052631579,0.0,0.0,1,73.0,16.0
73,280,p045,14,100.0,55.87,13.68421052631579,0.0,0.0,1,74.0,16.0
73,280,p045,15,100.0,53.41,58.68421052631579,1.0,0.0,1,77.0,16.0
73,280,p046,0,100.0,55.949999999999996,13.68421052631579,0.0,0.0,1,75.0,16.0
73,280,p046,1,100.0,53.709999999999994,58.68421052631579,1.0,0.0,1,77.0,16.0
73,280,p046,2,100.0,55.78999999999999,13.68421052631579,0.0,0.0,1,73.0,16.0
73,280,p046,3,89.66,44.83,58.529411764705884,1.0,0.0,1,66.0,16.0
73,280,p046,4,100.0,61.64,13.0,0.0,0.0,1,78.0,16.0
73,280,p046,5,100.0,55.949999999999996,13.68421052631579,0.0,0.0,1,75.0,16.0
73,280,p046,6,100.0,55.949999999999996,13.68421052631579,0.0,0.0,1,75.0,16.0
73,280,p046,7,100.0,55.87,13.68421052631579,0.0,0.0,1,74.0,16.0
73,280,p046,8,100.0,53.87,58.68421052631579,1.0,0.0,1,79.0,16.0
73,280,p046,9,100.0,55.87,13.68421052631579,0.0,0.0,1,74.0,16.0
73,280,p046,10,100.0,56.029999999999994,13.68421052631579,0.0,0.0,1,76.0,16.0
73,280,p046,11,100.0,53.87,58.68421052631579,1.0,0.0,1,79.0,16.0
73,280,p046,12,100.0,55.78999999999999,13.68421052631579,0.0,0.0,1,73.0,16.0
73,280,p046,13,100.0,51.239999999999995,13.88888888888889,0.0,0.0,1,68.0,16.0
73,280,p046,14,100.0,53.709999999999994,58.68421052631579,1.0,0.0,1,77.0,16.0
73,280,p046,15,24.0,12.0,16.666666666666664,0.0,0.0,1,20.0,0.0
73,280,p047,0,100.0,56.029999999999994,13.68421052631579,0.0,0.0,1,76.0,16.0
73,280,p047,1,100.0,55.72,13.68421052631579,0.0,0.0,1,74.0,16.0
73,280,p047,2,100.0,51.309999999999995,13.88888888888889,0.0,0.0,1,67.0,16.0
73,280,p047,3,100.0,53.87,58.68421052631579,1.0,0.0,1,79.0,16.0
73,280,p047,4,100.0,55.87,13.68421052631579,0.0,0.0,1,74.0,16.0
73,280,p047,5,66.28,33.14,96.66666666666667,1.0,1.0,1,68.0,8.0
73,280,p047,6,100.0,53.87,58.68421052631579,1.0,0.0,1,79.0,16.0
73,280,p047,7,100.0,53.709999999999994,58.68421052631579,1.0,0.0,1,77.0,16.0
73,280,p047,8,100.0,55.949999999999996,13.68421052631579,0.0,0.0,1,75.0,16.0
73,280,p047,9,100.0,55.72,13.68421052631579,0.0,0.0,1,74.0,16.0
73,280,p047,10,100.0,55.87,13.68421052631579,0.0,0.0,1,74.0,16.0
73,280,p047,11,100.0,56.029999999999994,13.68421052631579,0.0,0.0,1,76.0,16.0
73,280,p047,12,100.0,55.72,13.68421052631579,0.0,0.0,1,74.0,16.0
73,280,p047,13,100.0,61.87,13.0,0.0,0.0,1,79.0,16.0
73,280,p047,14,100.0,53.87,58.68421052631579,1.0,0.0,1,79.0,16.0
73,280,p047,15,100.0,53.87,58.68421052631579,1.0,0.0,1,79.0,16.0
73,280,p048,0,100.0,53.79,58.68421052631579,1.0,0.0,1,78.0,16.0
73,280,p048,1,100.0,61.949999999999996,13.0,0.0,0.0,1,80.0,16.0
73,280,p048,2,100.0,55.78999999999999,13.68421052631579,0.0,0.0,1,73.0,16.0
73,280,p048,3,100.0,56.029999999999994,13.68421052631579,0.0,0.0,1,76.0,16.0
73,280,p048,4,100.0,61.87,13.0,0.0,0.0,1,79.0,16.0
73,280,p048,5,100.0,53.79,58.68421052631579,1.0,0.0,1,78.0,16.0
73,280,p048,6,100.0,55.87,13.68421052631579,0.0,0.0,1,74.0,16.0
73,280,p048,7,100.0,61.79,13.0,0.0,0.0,1,78.0,16.0
73,280,p048,8,100.0,53.56,58.68421052631579,1.0,0.0,1,77.0,16.0
73,280,p048,9,100.0,53.629999999999995,58.68421052631579,1.0,0.0,1,76.0,16.0
73,280,p048,10,100.0,55.949999999999996,13.68421052631579,0.0,0.0,1,75.0,16.0
73,280,p048,11,100.0,55.87,13.68421052631579,0.0,0.0,1,74.0,16.0
73,280,p048,12,100.0,55.72,13.68421052631579,0.0,0.0,1,74.0,16.0
73,280,p048,13,100.0,51.55,13.88888888888889,0.0,0.0,1,70.0,16.0
73,280,p048,14,100.0,55.72,13.68421052631579,0.0,0.0,1,74.0,16.0
73,280,p048,15,100.0,61.87,13.0,0.0,0.0,1,79.0,16.0
73,300,p037,0,100.0,61.64,13.0,0.0,0.0,1,78.0,16.0
73,300,p037,1,100.0,51.47,13.88888888888889,0.0,0.0,1,69.0,16.0
73,300,p037,2,100.0,53.32,58.68421052631579,1.0,0.0,1,74.0,16.0
73,300,p037,3,100.0,55.72,13.68421052631579,0.0,0.0,1,74.0,16.0
73,300,p037,4,93.82,46.91,13.529411764705882,0.0,0.0,1,62.0,16.0
73,300,p037,5,100.0,55.72,13.68421052631579,0.0,0.0,1,74.0,16.0
73,300,p037,6,100.0,61.949999999999996,13.0,0.0,0.0,1,80.0,16.0
73,300,p037,7,100.0,53.48,58.68421052631579,1.0,0.0,1,76.0,16.0
73,300,p037,8,100.0,53.48,58.68421052631579,1.0,0.0,1,76.0,16.0
73,300,p037,9,100.0,55.72,13.68421052631579,0.0,0.0,1,74.0,16.0
73,300,p037,10,97.38,48.69,58.888888888888886,1.0,0.0,1,68.0,16.0
73,300,p037,11,100.0,56.029999999999994,13.68421052631579,0.0,0.0,1,76.0,16.0
73,300,p037,12,100.0,53.239999999999995,58.68421052631579,1.0,0.0,1,73.0,16.0
73,300,p037,13,100.0,55.72,13.68421052631579,0.0,0.0,1,74.0,16.0
73,300,p037,14,100.0,55.72,13.68421052631579,0.0,0.0,1,74.0,16.0
73,300,p037,15,100.0,55.949999999999996,13.68421052631579,0.0,0.0,1,75.0,16.0
73,300,p038,0,100.0,61.949999999999996,13.0,0.0,0.0,1,80.0,16.0
73,300,p038,1,100.0,53.4,58.68421052631579,1.0,0.0,1,75.0,16.0
73,300,p038,2,100.0,55.78999999999999,13.68421052631579,0.0,0.0,1,73.0,16.0
73,300,p038,3,100.0,61.709999999999994,13.0,0.0,0.0,1,77.0,16.0
73,300,p038,4,91.6,45.8,93.88888888888889,1.0,1.0,1,80.0,16.0
73,300,p038,5,100.0,53.4,58.68421052631579,1.0,0.0,1,75.0,16.0
73,300,p038,6,100.0,55.78999999999999,13.68421052631579,0.0,0.0,1,73.0,16.0
73,300,p038,7,100.0,53.4,58.68421052631579,1.0,0.0,1,75.0,16.0
73,300,p038,8,100.0,53.239999999999995,58.68421052631579,1.0,0.0,1,73.0,16.0
73,300,p038,9,100.0,56.029999999999994,13.68421052631579,0.0,0.0,1,76.0,16.0
73,300,p038,10,100.0,55.72,13.68421052631579,0.0,0.0,1,74.0,16.0
73,300,p038,11,100.0,53.17,58.68421052631579,1.0,0.0,1,74.0,16.0
73,300,p038,12,100.0,53.4,58.68421052631579,1.0,0.0,1,75.0,16.0
73,300,p038,13,100.0,55.949999999999996,13.68421052631579,0.0,0.0,1,75.0,16.0
73,300,p038,14,100.0,53.4,58.68421052631579,1.0,0.0,1,75.0,16.0
73,300,p038,15,100.0,55.949999999999996,13.68421052631579,0.0,0.0,1,75.0,16.0
73,300,p039,0,100.0,56.029999999999994,13.68421052631579,0.0,0.0,1,76.0,16.0
73,300,p039,1,100.0,55.949999999999996,13.68421052631579,0.0,0.0,1,75.0,16.0
73,300,p039,2,100.0,55.72,13.68421052631579,0.0,0.0,1,74.0,16.0
73,300,p039,3,100.0,61.709999999999994,13.0,0.0,0.0,1,77.0,16.0
73,300,p039,4,100.0,51.55,13.88888888888889,0.0,0.0,1,70.0,16.0
73,300,p039,5,100.0,56.029999999999994,13.68421052631579,0.0,0.0,1,76.0,16.0
73,300,p039,6,100.0,55.78999999999999,13.68421052631579,0.0,0.0,1,73.0,16.0
73,300,p039,7,100.0,53.4,58.68421052631579,1.0,0.0,1,75.0,16.0
73,300,p039,8,100.0,61.87,13.0,0.0,0.0,1,79.0,16.0
73,300,p039,9,100.0,56.029999999999994,13.68421052631579,0.0,0.0,1,76.0,16.0
73,300,p039,10,100.0,53.32,58.68421052631579,1.0,0.0,1,74.0,16.0
73,300,p039,11,100.0,53.4,58.68421052631579,1.0,0.0,1,75.0,16.0
73,300,p039,12,100.0,55.949999999999996,13.68421052631579,0.0,0.0,1,75.0,16.0
73,300,p039,13,100.0,53.4,58.68421052631579,1.0,0.0,1,75.0,16.0
73,300,p039,14,100.0,56.029999999999994,13.68421052631579,0.0,0.0,1,76.0,16.0
73,300,p039,15,100.0,61.87,13.0,0.0,0.0,1,79.0,16.0
73,300,p040,0,100.0,55.72,13.68421052631579,0.0,0.0,1,74.0,16.0
73,300,p040,1,100.0,55.87,13.68421052631579,0.0,0.0,1,74.0,16.0
73,300,p040,2,100.0,61.949999999999996,13.0,0.0,0.0,1,80.0,16.0
73,300,p040,3,100.0,55.72,13.68421052631579,0.0,0.0,1,74.0,16.0
73,300,p040,4,100.0,55.949999999999996,13.68421052631579,0.0,0.0,1,75.0,16.0
73,300,p040,5,100.0,55.72,13.68421052631579,0.0,0.0,1,74.0,16.0
73,300,p040,6,97.67999999999999,48.839999999999996,93.88888888888889,1.0,1.0,1,68.0,16.0
73,300,p040,7,100.0,55.72,13.68421052631579,0.0,0.0,1,74.0,16.0
73,300,p040,8,100.0,55.72,13.68421052631579,0.0,0.0,1,74.0,16.0
73,300,p040,9,100.0,55.78999999999999,13.68421052631579,0.0,0.0,1,73.0,16.0
73,300,p040,10,100.0,55.949999999999996,13.68421052631579,0.0,0.0,1,75.0,16.0
73,300,p040,11,100.0,51.55,13.88888888888889,0.0,0.0,1,70.0,16.0
73,300,p040,12,100.0,56.029999999999994,13.68421052631579,0.0,0.0,1,76.0,16.0
73,300,p040,13,100.0,55.949999999999996,13.68421052631579,0.0,0.0,1,75.0,16.0
73,300,p040,14,100.0,61.87,13.0,0.0,0.0,1,79.0,16.0
73,300,p040,15,100.0,55.78999999999999,13.68421052631579,0.0,0.0,1,73.0,16.0
73,300,p041,0,100.0,56.029999999999994,13.68421052631579,0.0,0.0,1,76.0,16.0
73,300,p041,1,100.0,51.55,13.88888888888889,0.0,0.0,1,70.0,16.0
73,300,p041,2,100.0,53.4,93.6842105263158,1.0,1.0,1,75.0,16.0
73,300,p041,3,93.97999999999999,46.989999999999995,13.529411764705882,0.0,0.0,1,63.0,16.0
73,300,p041,4,100.0,55.87,13.68421052631579,0.0,0.0,1,74.0,16.0
73,300,p041,5,100.0,55.72,13.68421052631579,0.0,0.0,1,74.0,16.0
73,300,p041,6,98.16,49.08,93.88888888888889,1.0,1.0,1,71.0,16.0
73,300,p041,7,100.0,53.32,93.6842105263158,1.0,1.0,1,74.0,16.0
73,300,p041,8,100.0,55.87,13.68421052631579,0.0,0.0,1,74.0,16.0
73,300,p041,9,100.0,55.72,13.68421052631579,0.0,0.0,1,74.0,16.0
73,300,p041,10,100.0,61.709999999999994,13.0,0.0,0.0,1,77.0,16.0
73,300,p041,11,100.0,55.87,13.68421052631579,0.0,0.0,1,74.0,16.0
73,300,p041,12,100.0,55.87,13.68421052631579,0.0,0.0,1,74.0,16.0
73,300,p041,13,100.0,61.87,13.0,0.0,0.0,1,79.0,16.0
73,300,p041,14,100.0,55.87,13.68421052631579,0.0,0.0,1,74.0,16.0
73,300,p041,15,100.0,53.56,93.6842105263158,1.0,1.0,1,77.0,16.0
73,300,p042,0,100.0,55.72,13.68421052631579,0.0,0.0,1,74.0,16.0
73,300,p042,1,100.0,55.72,13.68421052631579,0.0,0.0,1,74.0,16.0
73,300,p042,2,100.0,55.949999999999996,13.68421052631579,0.0,0.0,1,75.0,16.0
73,300,p042,3,100.0,55.72,13.68421052631579,0.0,0.0,1,74.0,16.0
73,300,p042,4,100.0,55.72,13.68421052631579,0.0,0.0,1,74.0,16.0
73,300,p042,5,100.0,53.48,93.6842105263158,1.0,1.0,1,76.0,16.0
73,300,p042,6,94.13999999999999,47.06999999999999,13.529411764705882,0.0,0.0,1,64.0,16.0
73,300,p042,7,100.0,55.72,13.68421052631579,0.0,0.0,1,74.0,16.0
73,300,p042,8,100.0,55.72,13.68421052631579,0.0,0.0,1,74.0,16.0
73,300,p042,9,100.0,55.949999999999996,13.68421052631579,0.0,0.0,1,75.0,16.0
73,300,p042,10,100.0,55.87,13.68421052631579,0.0,0.0,1,74.0,16.0
73,300,p042,11,100.0,55.949999999999996,13.68421052631579,0.0,0.0,1,75.0,16.0
73,300,p042,12,94.13999999999999,47.06999999999999,13.529411764705882,0.0,0.0,1,64.0,16.0
73,300,p042,13,100.0,56.029999999999994,13.68421052631579,0.0,0.0,1,76.0,16.0
73,300,p042,14,100.0,56.029999999999994,13.68421052631579,0.0,0.0,1,76.0,16.0
73,300,p042,15,100.0,61.87,13.0,0.0,0.0,1,79.0,16.0
73,300,p043,0,100.0,55.72,13.68421052631579,0.0,0.0,1,74.0,16.0
73,300,p043,1,100.0,61.709999999999994,13.0,0.0,0.0,1,77.0,16.0
73,300,p043,2,100.0,51.239999999999995,13.88888888888889,0.0,0.0,1,68.0,16.0
73,300,p043,3,100.0,53.48,58.68421052631579,1.0,0.0,1,76.0,16.0
73,300,p043,4,100.0,53.41,58.68421052631579,1.0,0.0,1,77.0,16.0
73,300,p043,5,100.0,55.78999999999999,13.68421052631579,0.0,0.0,1,73.0,16.0
73,300,p043,6,100.0,55.87,13.68421052631579,0.0,0.0,1,74.0,16.0
73,300,p043,7,100.0,55.72,13.68421052631579,0.0,0.0,1,74.0,16.0
73,300,p043,8,100.0,55.72,13.68421052631579,0.0,0.0,1,74.0,16.0
73,300,p043,9,100.0,55.72,13.68421052631579,0.0,0.0,1,74.0,16.0
73,300,p043,10,100.0,55.78999999999999,13.68421052631579,0.0,0.0,1,73.0,16.0
73,300,p043,11,100.0,55.72,13.68421052631579,0.0,0.0,1,74.0,16.0
73,300,p043,12,100.0,53.48,58.68421052631579,1.0,0.0,1,76.0,16.0
73,300,p043,13,100.0,55.78999999999999,13.68421052631579,0.0,0.0,1,73.0,16.0
73,300,p043,14,100.0,55.87,13.68421052631579,0.0,0.0,1,74.0,16.0
73,300,p043,15,100.0,53.41,58.68421052631579,1.0,0.0,1,77.0,16.0
73,300,p044,0,100.0,55.78999999999999,13.68421052631579,0.0,0.0,1,73.0,16.0
73,300,p044,1,100.0,55.87,13.68421052631579,0.0,0.0,1,74.0,16.0
73,300,p044,2,100.0,53.41,58.68421052631579,1.0,0.0,1,77.0,16.0
73,300,p044,3,100.0,53.41,58.68421052631579,1.0,0.0,1,77.0,16.0
73,300,p044,4,100.0,53.56,58.68421052631579,1.0,0.0,1,77.0,16.0
73,300,p044,5,100.0,55.949999999999996,13.68421052631579,0.0,0.0,1,75.0,16.0
73,300,p044,6,100.0,55.87,13.68421052631579,0.0,0.0,1,74.0,16.0
73,300,p044,7,100.0,53.48,58.68421052631579,1.0,0.0,1,76.0,16.0
73,300,p044,8,100.0,55.78999999999999,13.68421052631579,0.0,0.0,1,73.0,16.0
73,300,p044,9,100.0,55.87,13.68421052631579,0.0,0.0,1,74.0,16.0
73,300,p044,10,100.0,61.709999999999994,13.0,0.0,0.0,1,77.0,16.0
73,300,p044,11,98.47999999999999,49.239999999999995,58.888888888888886,1.0,0.0,1,73.0,16.0
73,300,p044,12,100.0,56.029999999999994,13.68421052631579,0.0,0.0,1,76.0,16.0
73,300,p044,13,100.0,53.41,58.68421052631579,1.0,0.0,1,77.0,16.0
73,300,p044,14,100.0,56.029999999999994,13.68421052631579,0.0,0.0,1,76.0,16.0
73,300,p044,15,100.0,51.239999999999995,13.88888888888889,0.0,0.0,1,68.0,16.0
73,300,p045,0,100.0,53.56,58.68421052631579,1.0,0.0,1,77.0,16.0
73,300,p045,1,100.0,56.029999999999994,13.68421052631579,0.0,0.0,1,76.0,16.0
73,300,p045,2,100.0,51.38999999999999,13.88888888888889,0.0,0.0,1,68.0,16.0
73,300,p045,3,100.0,53.56,58.68421052631579,1.0,0.0,1,77.0,16.0
73,300,p045,4,100.0,53.41,58.68421052631579,1.0,0.0,1,77.0,16.0
73,300,p045,5,100.0,53.41,58.68421052631579,1.0,0.0,1,77.0,16.0
73,300,p045,6,100.0,55.87,13.68421052631579,0.0,0.0,1,74.0,16.0
73,300,p045,7,100.0,56.029999999999994,13.68421052631579,0.0,0.0,1,76.0,16.0
73,300,p045,8,100.0,51.309999999999995,13.88888888888889,0.0,0.0,1,67.0,16.0
73,300,p045,9,100.0,55.87,13.68421052631579,0.0,0.0,1,74.0,16.0
73,300,p045,10,100.0,55.78999999999999,13.68421052631579,0.0,0.0,1,73.0,16.0
73,300,p045,11,100.0,53.56,58.68421052631579,1.0,0.0,1,77.0,16.0
73,300,p045,12,93.52,46.76,13.529411764705882,0.0,0.0,1,62.0,16.0
73,300,p045,13,100.0,55.78999999999999,13.68421052631579,0.0,0.0,1,73.0,16.0
73,300,p045,14,100.0,55.87,13.68421052631579,0.0,0.0,1,74.0,16.0
73,300,p045,15,100.0,53.41,58.68421052631579,1.0,0.0,1,77.0,16.0
73,300,p046,0,100.0,55.949999999999996,13.68421052631579,0.0,0.0,1,75.0,16.0
73,300,p046,1,100.0,53.709999999999994,58.68421052631579,1.0,0.0,1,77.0,16.0
73,300,p046,2,100.0,55.78999999999999,13.68421052631579,0.0,0.0,1,73.0,16.0
73,300,p046,3,89.66,44.83,58.529411764705884,1.0,0.0,1,66.0,16.0
73,300,p046,4,100.0,61.64,13.0,0.0,0.0,1,78.0,16.0
73,300,p046,5,100.0,55.949999999999996,13.68421052631579,0.0,0.0,1,75.0,16.0
73,300,p046,6,100.0,55.949999999999996,13.68421052631579,0.0,0.0,1,75.0,16.0
73,300,p046,7,100.0,55.87,13.68421052631579,0.0,0.0,1,74.0,16.0
73,300,p046,8,100.0,53.87,58.68421052631579,1.0,0.0,1,79.0,16.0
73,300,p046,9,100.0,55.87,13.68421052631579,0.0,0.0,1,74.0,16.0
73,300,p046,10,100.0,56.029999999999994,13.68421052631579,0.0,0.0,1,76.0,16.0
73,300,p046,11,100.0,53.87,58.68421052631579,1.0,0.0,1,79.0,16.0
73,300,p046,12,100.0,55.78999999999999,13.68421052631579,0.0,0.0,1,73.0,16.0
73,300,p046,13,100.0,51.239999999999995,13.88888888888889,0.0,0.0,1,68.0,16.0
73,300,p046,14,100.0,53.709999999999994,58.68421052631579,1.0,0.0,1,77.0,16.0
73,300,p046,15,24.0,12.0,16.666666666666664,0.0,0.0,1,20.0,0.0
73,300,p047,0,100.0,56.029999999999994,13.68421052631579,0.0,0.0,1,76.0,16.0
73,300,p047,1,100.0,55.72,13.68421052631579,0.0,0.0,1,74.0,16.0
73,300,p047,2,100.0,51.309999999999995,13.88888888888889,0.0,0.0,1,67.0,16.0
73,300,p047,3,100.0,56.029999999999994,13.68421052631579,0.0,0.0,1,76.0,16.0
73,300,p047,4,100.0,55.87,13.68421052631579,0.0,0.0,1,74.0,16.0
73,300,p047,5,100.0,55.78999999999999,13.68421052631579,0.0,0.0,1,73.0,16.0
73,300,p047,6,100.0,53.87,58.68421052631579,1.0,0.0,1,79.0,16.0
73,300,p047,7,100.0,53.709999999999994,58.68421052631579,1.0,0.0,1,77.0,16.0
73,300,p047,8,100.0,55.949999999999996,13.68421052631579,0.0,0.0,1,75.0,16.0
73,300,p047,9,100.0,55.72,13.68421052631579,0.0,0.0,1,74.0,16.0
73,300,p047,10,100.0,55.87,13.68421052631579,0.0,0.0,1,74.0,16.0
73,300,p047,11,100.0,56.029999999999994,13.68421052631579,0.0,0.0,1,76.0,16.0
73,300,p047,12,100.0,55.72,13.68421052631579,0.0,0.0,1,74.0,16.0
73,300,p047,13,100.0,61.87,13.0,0.0,0.0,1,79.0,16.0
73,300,p047,14,100.0,56.029999999999994,13.68421052631579,0.0,0.0,1,76.0,16.0
73,300,p047,15,100.0,56.029999999999994,13.68421052631579,0.0,0.0,1,76.0,16.0
73,300,p048,0,100.0,53.79,58.68421052631579,1.0,0.0,1,78.0,16.0
73,300,p048,1,100.0,61.949999999999996,13.0,0.0,0.0,1,80.0,16.0
73,300,p048,2,100.0,55.78999999999999,13.68421052631579,0.0,0.0,1,73.0,16.0
73,300,p048,3,100.0,56.029999999999994,13.68421052631579,0.0,0.0,1,76.0,16.0
73,300,p048,4,100.0,61.87,13.0,0.0,0.0,1,79.0,16.0
73,300,p048,5,100.0,53.79,58.68421052631579,1.0,0.0,1,78.0,16.0
73,300,p048,6,100.0,55.87,13.68421052631579,0.0,0.0,1,74.0,16.0
73,300,p048,7,100.0,61.79,13.0,0.0,0.0,1,78.0,16.0
73,300,p048,8,100.0,53.56,58.68421052631579,1.0,0.0,1,77.0,16.0
73,300,p048,9,100.0,53.629999999999995,58.68421052631579,1.0,0.0,1,76.0,16.0
73,300,p048,10,100.0,55.949999999999996,13.68421052631579,0.0,0.0,1,75.0,16.0
73,300,p048,11,100.0,55.87,13.68421052631579,0.0,0.0,1,74.0,16.0
73,300,p048,12,100.0,55.72,13.68421052631579,0.0,0.0,1,74.0,16.0
73,300,p048,13,100.0,51.55,13.88888888888889,0.0,0.0,1,70.0,16.0
73,300,p048,14,100.0,55.72,13.68421052631579,0.0,0.0,1,74.0,16.0
73,300,p048,15,100.0,61.87,13.0,0.0,0.0,1,79.0,16.0
101,0,p037,0,25.96,12.98,100.0,1.0,1.0,0,41.0,4.0
101,0,p037,1,9.18,4.59,100.0,1.0,1.0,0,28.0,1.0
101,0,p037,2,9.34,4.67,100.0,1.0,1.0,0,29.0,1.0
101,0,p037,3,16.9,8.45,20.0,0.0,0.0,1,15.0,2.0
101,0,p037,4,18.46,9.23,100.0,1.0,1.0,0,36.0,1.0
101,0,p037,5,16.9,8.45,20.0,0.0,0.0,1,15.0,2.0
101,0,p037,6,26.1,13.05,100.0,1.0,1.0,0,40.0,4.0
101,0,p037,7,9.66,4.83,100.0,1.0,1.0,0,31.0,1.0
101,0,p037,8,9.18,4.59,100.0,1.0,1.0,0,28.0,1.0
101,0,p037,9,9.5,4.75,100.0,1.0,1.0,0,30.0,1.0
101,0,p037,10,9.18,4.59,100.0,1.0,1.0,0,28.0,1.0
101,0,p037,11,18.14,9.07,100.0,1.0,1.0,0,34.0,1.0
101,0,p037,12,9.04,4.52,100.0,1.0,1.0,0,29.0,1.0
101,0,p037,13,9.66,4.83,100.0,1.0,1.0,0,31.0,1.0
101,0,p037,14,24.259999999999998,12.129999999999999,100.0,1.0,1.0,0,41.0,2.0
101,0,p037,15,18.14,9.07,100.0,1.0,1.0,0,34.0,1.0
101,0,p038,0,9.34,4.67,100.0,1.0,1.0,0,29.0,1.0
101,0,p038,1,18.3,9.15,100.0,1.0,1.0,0,35.0,1.0
101,0,p038,2,9.66,4.83,100.0,1.0,1.0,0,31.0,1.0
101,0,p038,3,9.18,4.59,100.0,1.0,1.0,0,28.0,1.0
101,0,p038,4,27.58,13.79,98.0,1.0,1.0,0,43.0,1.0
101,0,p038,5,9.18,4.59,100.0,1.0,1.0,0,28.0,1.0
101,0,p038,6,34.6,17.3,100.0,1.0,1.0,0,45.0,4.0
101,0,p038,7,11.4,5.7,20.0,0.0,0.0,0,10.0,1.0
101,0,p038,8,9.04,4.52,100.0,1.0,1.0,0,29.0,1.0
101,0,p038,9,27.7,13.85,20.0,0.0,0.0,1,20.0,4.0
101,0,p038,10,26.96,13.48,98.0,1.0,1.0,0,41.0,1.0
101,0,p038,11,3.8600000000000003,1.9300000000000002,100.0,1.0,1.0,0,26.0,0.0
101,0,p038,12,9.5,4.75,100.0,1.0,1.0,0,30.0,1.0
101,0,p038,13,9.04,4.52,100.0,1.0,1.0,0,29.0,1.0
101,0,p038,14,9.34,4.67,100.0,1.0,1.0,0,29.0,1.0
101,0,p038,15,11.56,5.78,20.0,0.0,0.0,0,11.0,1.0
101,0,p039,0,9.18,4.59,100.0,1.0,1.0,0,28.0,1.0
101,0,p039,1,20.22,10.11,20.0,0.0,0.0,0,17.0,1.0
101,0,p039,2,15.3,7.65,100.0,1.0,1.0,0,35.0,2.0
101,0,p039,3,14.36,7.18,100.0,1.0,1.0,0,31.0,2.0
101,0,p039,4,25.799999999999997,12.899999999999999,100.0,1.0,1.0,0,40.0,4.0
101,0,p039,5,9.5,4.75,100.0,1.0,1.0,0,30.0,1.0
101,0,p039,6,9.04,4.52,100.0,1.0,1.0,0,29.0,1.0
101,0,p039,7,29.48,14.74,17.5,0.0,0.0,1,23.0,1.0
101,0,p039,8,9.34,4.67,100.0,1.0,1.0,0,29.0,1.0
101,0,p039,9,9.18,4.59,100.0,1.0,1.0,0,28.0,1.0
101,0,p039,10,9.66,4.83,100.0,1.0,1.0,0,31.0,1.0
101,0,p039,11,45.18000000000001,22.590000000000003,95.71428571428571,1.0,1.0,1,53.0,1.0
101,0,p039,12,9.04,4.52,100.0,1.0,1.0,0,29.0,1.0
101,0,p039,13,32.28,16.14,98.33333333333333,1.0,1.0,0,43.0,2.0
101,0,p039,14,9.5,4.75,100.0,1.0,1.0,0,30.0,1.0
101,0,p039,15,9.34,4.67,100.0,1.0,1.0,0,29.0,1.0
101,0,p040,0,9.34,4.67,100.0,1.0,1.0,0,29.0,1.0
101,0,p040,1,25.64,12.82,100.0,1.0,1.0,0,39.0,4.0
101,0,p040,2,23.619999999999997,11.809999999999999,100.0,1.0,1.0,0,37.0,2.0
101,0,p040,3,9.66,4.83,100.0,1.0,1.0,0,31.0,1.0
101,0,p040,4,9.66,4.83,100.0,1.0,1.0,0,31.0,1.0
101,0,p040,5,11.72,5.86,20.0,0.0,0.0,0,12.0,1.0
101,0,p040,6,11.72,5.86,20.0,0.0,0.0,0,12.0,1.0
101,0,p040,7,3.8600000000000003,1.9300000000000002,100.0,1.0,1.0,0,26.0,0.0
101,0,p040,8,15.14,7.57,100.0,1.0,1.0,0,34.0,2.0
101,0,p040,9,20.84,10.42,20.0,0.0,0.0,0,19.0,1.0
101,0,p040,10,34.44,17.22,100.0,1.0,1.0,0,44.0,4.0
101,0,p040,11,11.4,5.7,20.0,0.0,0.0,0,10.0,1.0
101,0,p040,12,27.58,13.79,98.0,1.0,1.0,0,43.0,1.0
101,0,p040,13,3.8600000000000003,1.9300000000000002,100.0,1.0,1.0,0,26.0,0.0
101,0,p040,14,14.68,7.34,100.0,1.0,1.0,0,33.0,2.0
101,0,p040,15,9.66,4.83,100.0,1.0,1.0,0,31.0,1.0
101,0,p041,0,11.4,5.7,20.0,0.0,0.0,0,10.0,1.0
101,0,p041,1,9.5,4.75,100.0,1.0,1.0,0,30.0,1.0
101,0,p041,2,3.8600000000000003,1.9300000000000002,100.0,1.0,1.0,0,26.0,0.0
101,0,p041,3,9.5,4.75,100.0,1.0,1.0,0,30.0,1.0
101,0,p041,4,11.72,5.86,20.0,0.0,0.0,0,12.0,1.0
101,0,p041,5,18.0,9.0,100.0,1.0,1.0,0,35.0,1.0
101,0,p041,6,9.04,4.52,100.0,1.0,1.0,0,29.0,1.0
101,0,p041,7,9.66,4.83,100.0,1.0,1.0,0,31.0,1.0
101,0,p041,8,9.34,4.67,100.0,1.0,1.0,0,29.0,1.0
101,0,p041,9,9.66,4.83,100.0,1.0,1.0,0,31.0,1.0
101,0,p041,10,18.0,9.0,100.0,1.0,1.0,0,35.0,1.0
101,0,p041,11,9.34,4.67,100.0,1.0,1.0,0,29.0,1.0
101,0,p041,12,18.0,9.0,100.0,1.0,1.0,0,35.0,1.0
101,0,p041,13,9.18,4.59,100.0,1.0,1.0,0,28.0,1.0
101,0,p041,14,20.36,10.18,20.0,0.0,0.0,0,16.0,1.0
101,0,p041,15,18.0,9.0,100.0,1.0,1.0,0,35.0,1.0
101,0,p042,0,24.1,12.05,100.0,1.0,1.0,0,40.0,2.0
101,0,p042,1,6.080000000000001,3.0400000000000005,20.0,0.0,0.0,0,8.0,0.0
101,0,p042,2,9.04,4.52,100.0,1.0,1.0,0,29.0,1.0
101,0,p042,3,9.04,4.52,100.0,1.0,1.0,0,29.0,1.0
101,0,p042,4,9.5,4.75,100.0,1.0,1.0,0,30.0,1.0
101,0,p042,5,9.5,4.75,100.0,1.0,1.0,0,30.0,1.0
101,0,p042,6,11.72,5.86,20.0,0.0,0.0,0,12.0,1.0
101,0,p042,7,9.04,4.52,100.0,1.0,1.0,0,29.0,1.0
101,0,p042,8,9.66,4.83,100.0,1.0,1.0,0,31.0,1.0
101,0,p042,9,9.18,4.59,100.0,1.0,1.0,0,28.0,1.0
101,0,p042,10,9.66,4.83,100.0,1.0,1.0,0,31.0,1.0
101,0,p042,11,18.3,9.15,100.0,1.0,1.0,0,35.0,1.0
101,0,p042,12,9.5,4.75,100.0,1.0,1.0,0,30.0,1.0
101,0,p042,13,3.8600000000000003,1.9300000000000002,100.0,1.0,1.0,0,26.0,0.0
101,0,p042,14,14.66,7.33,100.0,1.0,1.0,0,31.0,2.0
101,0,p042,15,14.36,7.18,100.0,1.0,1.0,0,31.0,2.0
101,0,p043,0,9.98,4.99,100.0,1.0,1.0,0,33.0,1.0
101,0,p043,1,13.14,6.57,100.0,1.0,1.0,0,34.0,0.0
101,0,p043,2,9.5,4.75,100.0,1.0,1.0,0,30.0,1.0
101,0,p043,3,15.0,7.5,100.0,1.0,1.0,0,35.0,2.0
101,0,p043,4,9.66,4.83,100.0,1.0,1.0,0,31.0,1.0
101,0,p043,5,27.86,13.93,20.0,0.0,0.0,1,21.0,4.0
101,0,p043,6,9.5,4.75,100.0,1.0,1.0,0,30.0,1.0
101,0,p043,7,9.66,4.83,100.0,1.0,1.0,0,31.0,1.0
101,0,p043,8,15.62,7.81,100.0,1.0,1.0,0,37.0,2.0
101,0,p043,9,11.88,5.94,20.0,0.0,0.0,0,13.0,1.0
101,0,p043,10,9.5,4.75,100.0,1.0,1.0,0,30.0,1.0
101,0,p043,11,9.5,4.75,100.0,1.0,1.0,0,30.0,1.0
101,0,p043,12,9.5,4.75,100.0,1.0,1.0,0,30.0,1.0
101,0,p043,13,9.98,4.99,100.0,1.0,1.0,0,33.0,1.0
101,0,p043,14,29.64,14.82,17.5,0.0,0.0,1,24.0,1.0
101,0,p043,15,9.82,4.91,100.0,1.0,1.0,0,32.0,1.0
101,0,p044,0,15.0,7.5,100.0,1.0,1.0,0,35.0,2.0
101,0,p044,1,4.180000000000001,2.0900000000000003,100.0,1.0,1.0,0,28.0,0.0
101,0,p044,2,26.419999999999998,13.209999999999999,100.0,1.0,1.0,0,42.0,4.0
101,0,p044,3,56.7,28.35,97.27272727272728,1.0,1.0,1,60.0,8.0
101,0,p044,4,9.66,4.83,100.0,1.0,1.0,0,31.0,1.0
101,0,p044,5,4.180000000000001,2.0900000000000003,100.0,1.0,1.0,0,28.0,0.0
101,0,p044,6,4.180000000000001,2.0900000000000003,100.0,1.0,1.0,0,28.0,0.0
101,0,p044,7,14.98,7.49,100.0,1.0,1.0,0,33.0,2.0
101,0,p044,8,27.9,13.95,98.0,1.0,1.0,0,45.0,1.0
101,0,p044,9,9.36,4.68,100.0,1.0,1.0,0,31.0,1.0
101,0,p044,10,16.58,8.29,20.0,0.0,0.0,1,13.0,2.0
101,0,p044,11,48.2,24.1,97.0,1.0,1.0,1,55.0,8.0
101,0,p044,12,13.14,6.57,100.0,1.0,1.0,0,34.0,0.0
101,0,p044,13,18.46,9.23,100.0,1.0,1.0,0,36.0,1.0
101,0,p044,14,9.66,4.83,100.0,1.0,1.0,0,31.0,1.0
101,0,p044,15,11.26,5.63,20.0,0.0,0.0,0,11.0,1.0
101,0,p045,0,18.619999999999997,9.309999999999999,100.0,1.0,1.0,0,37.0,1.0
101,0,p045,1,9.36,4.68,100.0,1.0,1.0,0,31.0,1.0
101,0,p045,2,9.98,4.99,100.0,1.0,1.0,0,33.0,1.0
101,0,p045,3,35.08,17.54,100.0,1.0,1.0,1,48.0,4.0
101,0,p045,4,9.36,4.68,100.0,1.0,1.0,0,31.0,1.0
101,0,p045,5,9.66,4.83,100.0,1.0,1.0,0,31.0,1.0
101,0,p045,6,15.459999999999999,7.7299999999999995,100.0,1.0,1.0,0,36.0,2.0
101,0,p045,7,89.2,44.6,58.529411764705884,1.0,0.0,1,65.0,16.0
101,0,p045,8,9.82,4.91,100.0,1.0,1.0,0,32.0,1.0
101,0,p045,9,18.32,9.16,100.0,1.0,1.0,0,37.0,1.0
101,0,p045,10,11.72,5.86,20.0,0.0,0.0,0,12.0,1.0
101,0,p045,11,9.66,4.83,100.0,1.0,1.0,0,31.0,1.0
101,0,p045,12,25.86,12.93,20.0,0.0,0.0,0,21.0,2.0
101,0,p045,13,18.32,9.16,100.0,1.0,1.0,0,37.0,1.0
101,0,p045,14,9.82,4.91,100.0,1.0,1.0,0,32.0,1.0
101,0,p045,15,9.82,4.91,100.0,1.0,1.0,0,32.0,1.0
101,0,p046,0,11.72,5.86,20.0,0.0,0.0,0,12.0,1.0
101,0,p046,1,10.120000000000001,5.0600000000000005,100.0,1.0,1.0,0,32.0,1.0
101,0,p046,2,10.280000000000001,5.140000000000001,100.0,1.0,1.0,0,33.0,1.0
101,0,p046,3,34.82,17.41,18.0,0.0,0.0,0,27.0,2.0
101,0,p046,4,9.98,4.99,100.0,1.0,1.0,0,33.0,1.0
101,0,p046,5,10.120000000000001,5.0600000000000005,100.0,1.0,1.0,0,32.0,1.0
101,0,p046,6,10.600000000000001,5.300000000000001,100.0,1.0,1.0,0,35.0,1.0
101,0,p046,7,9.98,4.99,100.0,1.0,1.0,0,33.0,1.0
101,0,p046,8,24.560000000000002,12.280000000000001,100.0,1.0,1.0,0,41.0,2.0
101,0,p046,9,10.440000000000001,5.220000000000001,100.0,1.0,1.0,0,34.0,1.0
101,0,p046,10,16.880000000000003,8.440000000000001,20.0,0.0,0.0,1,13.0,2.0
101,0,p046,11,17.36,8.68,20.0,0.0,0.0,1,16.0,2.0
101,0,p046,12,10.440000000000001,5.220000000000001,100.0,1.0,1.0,0,34.0,1.0
101,0,p046,13,9.98,4.99,100.0,1.0,1.0,0,33.0,1.0
101,0,p046,14,10.440000000000001,5.220000000000001,100.0,1.0,1.0,0,34.0,1.0
101,0,p046,15,10.280000000000001,5.140000000000001,100.0,1.0,1.0,0,33.0,1.0
101,0,p047,0,10.440000000000001,5.220000000000001,100.0,1.0,1.0,0,34.0,1.0
101,0,p047,1,10.280000000000001,5.140000000000001,100.0,1.0,1.0,0,33.0,1.0
101,0,p047,2,10.120000000000001,5.0600000000000005,100.0,1.0,1.0,0,32.0,1.0
101,0,p047,3,28.32,14.16,20.0,0.0,0.0,1,22.0,4.0
101,0,p047,4,16.240000000000002,8.120000000000001,100.0,1.0,1.0,0,39.0,2.0
101,0,p047,5,10.440000000000001,5.220000000000001,100.0,1.0,1.0,0,34.0,1.0
101,0,p047,6,16.08,8.04,100.0,1.0,1.0,0,38.0,2.0
101,0,p047,7,10.440000000000001,5.220000000000001,100.0,1.0,1.0,0,34.0,1.0
101,0,p047,8,16.240000000000002,8.120000000000001,100.0,1.0,1.0,0,39.0,2.0
101,0,p047,9,10.440000000000001,5.220000000000001,100.0,1.0,1.0,0,34.0,1.0
101,0,p047,10,10.280000000000001,5.140000000000001,100.0,1.0,1.0,0,33.0,1.0
101,0,p047,11,10.600000000000001,5.300000000000001,100.0,1.0,1.0,0,35.0,1.0
101,0,p047,12,9.98,4.99,100.0,1.0,1.0,0,33.0,1.0
101,0,p047,13,10.280000000000001,5.140000000000001,100.0,1.0,1.0,0,33.0,1.0
101,0,p047,14,4.8,2.4,100.0,1.0,1.0,0,30.0,0.0
101,0,p047,15,24.560000000000002,12.280000000000001,100.0,1.0,1.0,0,41.0,2.0
101,0,p048,0,4.8,2.4,100.0,1.0,1.0,0,30.0,0.0
101,0,p048,1,16.240000000000002,8.120000000000001,100.0,1.0,1.0,0,39.0,2.0
101,0,p048,2,10.280000000000001,5.140000000000001,100.0,1.0,1.0,0,33.0,1.0
101,0,p048,3,11.4,5.7,20.0,0.0,0.0,0,10.0,1.0
101,0,p048,4,10.120000000000001,5.0600000000000005,100.0,1.0,1.0,0,32.0,1.0
101,0,p048,5,18.939999999999998,9.469999999999999,100.0,1.0,1.0,0,39.0,1.0
101,0,p048,6,16.08,8.04,100.0,1.0,1.0,0,38.0,2.0
101,0,p048,7,10.600000000000001,5.300000000000001,100.0,1.0,1.0,0,35.0,1.0
101,0,p048,8,19.08,9.54,100.0,1.0,1.0,0,38.0,1.0
101,0,p048,9,19.4,9.7,100.0,1.0,1.0,0,40.0,1.0
101,0,p048,10,15.600000000000001,7.800000000000001,100.0,1.0,1.0,0,35.0,2.0
101,0,p048,11,10.280000000000001,5.140000000000001,100.0,1.0,1.0,0,33.0,1.0
101,0,p048,12,35.379999999999995,17.689999999999998,100.0,1.0,1.0,1,48.0,4.0
101,0,p048,13,15.3,7.65,100.0,1.0,1.0,0,35.0,2.0
101,0,p048,14,10.120000000000001,5.0600000000000005,100.0,1.0,1.0,0,32.0,1.0
101,0,p048,15,34.16,17.08,98.33333333333333,1.0,1.0,1,51.0,2.0
101,20,p037,0,25.96,12.98,100.0,1.0,1.0,0,41.0,4.0
101,20,p037,1,9.18,4.59,100.0,1.0,1.0,0,28.0,1.0
101,20,p037,2,3.8600000000000003,1.9300000000000002,100.0,1.0,1.0,0,26.0,0.0
101,20,p037,3,16.9,8.45,20.0,0.0,0.0,1,15.0,2.0
101,20,p037,4,18.46,9.23,100.0,1.0,1.0,0,36.0,1.0
101,20,p037,5,16.9,8.45,20.0,0.0,0.0,1,15.0,2.0
101,20,p037,6,26.1,13.05,100.0,1.0,1.0,0,40.0,4.0
101,20,p037,7,9.66,4.83,100.0,1.0,1.0,0,31.0,1.0
101,20,p037,8,9.18,4.59,100.0,1.0,1.0,0,28.0,1.0
101,20,p037,9,9.5,4.75,100.0,1.0,1.0,0,30.0,1.0
101,20,p037,10,9.18,4.59,100.0,1.0,1.0,0,28.0,1.0
101,20,p037,11,27.1,13.55,98.0,1.0,1.0,0,40.0,1.0
101,20,p037,12,9.04,4.52,100.0,1.0,1.0,0,29.0,1.0
101,20,p037,13,9.66,4.83,100.0,1.0,1.0,0,31.0,1.0
101,20,p037,14,44.02,22.01,98.75,1.0,1.0,1,52.0,4.0
101,20,p037,15,18.14,9.07,100.0,1.0,1.0,0,34.0,1.0
101,20,p038,0,9.34,4.67,100.0,1.0,1.0,0,29.0,1.0
101,20,p038,1,18.3,9.15,100.0,1.0,1.0,0,35.0,1.0
101,20,p038,2,9.66,4.83,100.0,1.0,1.0,0,31.0,1.0
101,20,p038,3,9.18,4.59,100.0,1.0,1.0,0,28.0,1.0
101,20,p038,4,27.58,13.79,98.0,1.0,1.0,0,43.0,1.0
101,20,p038,5,14.36,7.18,100.0,1.0,1.0,0,31.0,2.0
101,20,p038,6,34.6,17.3,100.0,1.0,1.0,0,45.0,4.0
101,20,p038,7,11.4,5.7,20.0,0.0,0.0,0,10.0,1.0
101,20,p038,8,9.04,4.52,100.0,1.0,1.0,0,29.0,1.0
101,20,p038,9,27.7,13.85,20.0,0.0,0.0,1,20.0,4.0
101,20,p038,10,26.96,13.48,98.0,1.0,1.0,0,41.0,1.0
101,20,p038,11,3.8600000000000003,1.9300000000000002,100.0,1.0,1.0,0,26.0,0.0
101,20,p038,12,9.5,4.75,100.0,1.0,1.0,0,30.0,1.0
101,20,p038,13,14.68,7.34,100.0,1.0,1.0,0,33.0,2.0
101,20,p038,14,14.66,7.33,100.0,1.0,1.0,0,31.0,2.0
101,20,p038,15,11.56,5.78,20.0,0.0,0.0,0,11.0,1.0
101,20,p039,0,9.18,4.59,100.0,1.0,1.0,0,28.0,1.0
101,20,p039,1,20.22,10.11,20.0,0.0,0.0,0,17.0,1.0
101,20,p039,2,15.3,7.65,100.0,1.0,1.0,0,35.0,2.0
101,20,p039,3,14.36,7.18,100.0,1.0,1.0,0,31.0,2.0
101,20,p039,4,25.799999999999997,12.899999999999999,100.0,1.0,1.0,0,40.0,4.0
101,20,p039,5,15.3,7.65,100.0,1.0,1.0,0,35.0,2.0
101,20,p039,6,9.04,4.52,100.0,1.0,1.0,0,29.0,1.0
101,20,p039,7,29.48,14.74,17.5,0.0,0.0,1,23.0,1.0
101,20,p039,8,9.34,4.67,100.0,1.0,1.0,0,29.0,1.0
101,20,p039,9,9.18,4.59,100.0,1.0,1.0,0,28.0,1.0
101,20,p039,10,9.66,4.83,100.0,1.0,1.0,0,31.0,1.0
101,20,p039,11,45.18000000000001,22.590000000000003,95.71428571428571,1.0,1.0,1,53.0,1.0
101,20,p039,12,9.04,4.52,100.0,1.0,1.0,0,29.0,1.0
101,20,p039,13,32.28,16.14,98.33333333333333,1.0,1.0,0,43.0,2.0
101,20,p039,14,9.5,4.75,100.0,1.0,1.0,0,30.0,1.0
101,20,p039,15,9.34,4.67,100.0,1.0,1.0,0,29.0,1.0
101,20,p040,0,9.34,4.67,100.0,1.0,1.0,0,29.0,1.0
101,20,p040,1,25.64,12.82,100.0,1.0,1.0,0,39.0,4.0
101,20,p040,2,23.619999999999997,11.809999999999999,100.0,1.0,1.0,0,37.0,2.0
101,20,p040,3,9.66,4.83,100.0,1.0,1.0,0,31.0,1.0
101,20,p040,4,18.619999999999997,9.309999999999999,100.0,1.0,1.0,0,37.0,1.0
101,20,p040,5,11.72,5.86,20.0,0.0,0.0,0,12.0,1.0
101,20,p040,6,11.72,5.86,20.0,0.0,0.0,0,12.0,1.0
101,20,p040,7,3.8600000000000003,1.9300000000000002,100.0,1.0,1.0,0,26.0,0.0
101,20,p040,8,15.14,7.57,100.0,1.0,1.0,0,34.0,2.0
101,20,p040,9,20.84,10.42,20.0,0.0,0.0,0,19.0,1.0
101,20,p040,10,56.22,28.11,97.27272727272728,1.0,1.0,1,57.0,8.0
101,20,p040,11,11.4,5.7,20.0,0.0,0.0,0,10.0,1.0
101,20,p040,12,27.58,13.79,98.0,1.0,1.0,0,43.0,1.0
101,20,p040,13,3.8600000000000003,1.9300000000000002,100.0,1.0,1.0,0,26.0,0.0
101,20,p040,14,14.68,7.34,100.0,1.0,1.0,0,33.0,2.0
101,20,p040,15,9.66,4.83,100.0,1.0,1.0,0,31.0,1.0
101,20,p041,0,11.4,5.7,20.0,0.0,0.0,0,10.0,1.0
101,20,p041,1,9.5,4.75,100.0,1.0,1.0,0,30.0,1.0
101,20,p041,2,12.82,6.41,100.0,1.0,1.0,0,32.0,0.0
101,20,p041,3,9.5,4.75,100.0,1.0,1.0,0,30.0,1.0
101,20,p041,4,20.68,10.34,20.0,0.0,0.0,0,18.0,1.0
101,20,p041,5,18.0,9.0,100.0,1.0,1.0,0,35.0,1.0
101,20,p041,6,9.04,4.52,100.0,1.0,1.0,0,29.0,1.0
101,20,p041,7,9.66,4.83,100.0,1.0,1.0,0,31.0,1.0
101,20,p041,8,9.34,4.67,100.0,1.0,1.0,0,29.0,1.0
101,20,p041,9,9.66,4.83,100.0,1.0,1.0,0,31.0,1.0
101,20,p041,10,18.0,9.0,100.0,1.0,1.0,0,35.0,1.0
101,20,p041,11,9.34,4.67,100.0,1.0,1.0,0,29.0,1.0
101,20,p041,12,18.0,9.0,100.0,1.0,1.0,0,35.0,1.0
101,20,p041,13,9.18,4.59,100.0,1.0,1.0,0,28.0,1.0
101,20,p041,14,20.36,10.18,20.0,0.0,0.0,0,16.0,1.0
101,20,p041,15,26.96,13.48,98.0,1.0,1.0,0,41.0,1.0
101,20,p042,0,24.1,12.05,100.0,1.0,1.0,0,40.0,2.0
101,20,p042,1,6.080000000000001,3.0400000000000005,20.0,0.0,0.0,0,8.0,0.0
101,20,p042,2,9.04,4.52,100.0,1.0,1.0,0,29.0,1.0
101,20,p042,3,9.04,4.52,100.0,1.0,1.0,0,29.0,1.0
101,20,p042,4,9.5,4.75,100.0,1.0,1.0,0,30.0,1.0
101,20,p042,5,9.5,4.75,100.0,1.0,1.0,0,30.0,1.0
101,20,p042,6,11.72,5.86,20.0,0.0,0.0,0,12.0,1.0
101,20,p042,7,9.04,4.52,100.0,1.0,1.0,0,29.0,1.0
101,20,p042,8,3.8600000000000003,1.9300000000000002,100.0,1.0,1.0,0,26.0,0.0
101,20,p042,9,9.18,4.59,100.0,1.0,1.0,0,28.0,1.0
101,20,p042,10,9.66,4.83,100.0,1.0,1.0,0,31.0,1.0
101,20,p042,11,18.3,9.15,100.0,1.0,1.0,0,35.0,1.0
101,20,p042,12,15.3,7.65,100.0,1.0,1.0,0,35.0,2.0
101,20,p042,13,3.8600000000000003,1.9300000000000002,100.0,1.0,1.0,0,26.0,0.0
101,20,p042,14,14.66,7.33,100.0,1.0,1.0,0,31.0,2.0
101,20,p042,15,14.36,7.18,100.0,1.0,1.0,0,31.0,2.0
101,20,p043,0,18.939999999999998,9.469999999999999,100.0,1.0,1.0,0,39.0,1.0
101,20,p043,1,13.14,6.57,100.0,1.0,1.0,0,34.0,0.0
101,20,p043,2,14.68,7.34,100.0,1.0,1.0,0,33.0,2.0
101,20,p043,3,26.279999999999998,13.139999999999999,100.0,1.0,1.0,0,43.0,4.0
101,20,p043,4,9.66,4.83,100.0,1.0,1.0,0,31.0,1.0
101,20,p043,5,27.86,13.93,20.0,0.0,0.0,1,21.0,4.0
101,20,p043,6,9.5,4.75,100.0,1.0,1.0,0,30.0,1.0
101,20,p043,7,14.98,7.49,100.0,1.0,1.0,0,33.0,2.0
101,20,p043,8,15.62,7.81,100.0,1.0,1.0,0,37.0,2.0
101,20,p043,9,11.88,5.94,20.0,0.0,0.0,0,13.0,1.0
101,20,p043,10,14.68,7.34,100.0,1.0,1.0,0,33.0,2.0
101,20,p043,11,9.5,4.75,100.0,1.0,1.0,0,30.0,1.0
101,20,p043,12,9.5,4.75,100.0,1.0,1.0,0,30.0,1.0
101,20,p043,13,9.98,4.99,100.0,1.0,1.0,0,33.0,1.0
101,20,p043,14,29.64,14.82,17.5,0.0,0.0,1,24.0,1.0
101,20,p043,15,9.82,4.91,100.0,1.0,1.0,0,32.0,1.0
101,20,p044,0,15.0,7.5,100.0,1.0,1.0,0,35.0,2.0
101,20,p044,1,4.180000000000001,2.0900000000000003,100.0,1.0,1.0,0,28.0,0.0
101,20,p044,2,26.419999999999998,13.209999999999999,100.0,1.0,1.0,0,42.0,4.0
101,20,p044,3,56.7,28.35,97.27272727272728,1.0,1.0,1,60.0,8.0
101,20,p044,4,14.98,7.49,100.0,1.0,1.0,0,33.0,2.0
101,20,p044,5,4.180000000000001,2.0900000000000003,100.0,1.0,1.0,0,28.0,0.0
101,20,p044,6,4.180000000000001,2.0900000000000003,100.0,1.0,1.0,0,28.0,0.0
101,20,p044,7,14.98,7.49,100.0,1.0,1.0,0,33.0,2.0
101,20,p044,8,27.9,13.95,98.0,1.0,1.0,0,45.0,1.0
101,20,p044,9,9.36,4.68,100.0,1.0,1.0,0,31.0,1.0
101,20,p044,10,16.58,8.29,20.0,0.0,0.0,1,13.0,2.0
101,20,p044,11,48.2,24.1,97.0,1.0,1.0,1,55.0,8.0
101,20,p044,12,13.14,6.57,100.0,1.0,1.0,0,34.0,0.0
101,20,p044,13,18.46,9.23,100.0,1.0,1.0,0,36.0,1.0
101,20,p044,14,9.66,4.83,100.0,1.0,1.0,0,31.0,1.0
101,20,p044,15,11.26,5.63,20.0,0.0,0.0,0,11.0,1.0
101,20,p045,0,18.619999999999997,9.309999999999999,100.0,1.0,1.0,0,37.0,1.0
101,20,p045,1,9.36,4.68,100.0,1.0,1.0,0,31.0,1.0
101,20,p045,2,9.98,4.99,100.0,1.0,1.0,0,33.0,1.0
101,20,p045,3,35.08,17.54,100.0,1.0,1.0,1,48.0,4.0
101,20,p045,4,9.36,4.68,100.0,1.0,1.0,0,31.0,1.0
101,20,p045,5,9.66,4.83,100.0,1.0,1.0,0,31.0,1.0
101,20,p045,6,15.459999999999999,7.7299999999999995,100.0,1.0,1.0,0,36.0,2.0
101,20,p045,7,98.16,49.08,58.888888888888886,1.0,0.0,1,71.0,16.0
101,20,p045,8,15.62,7.81,100.0,1.0,1.0,0,37.0,2.0
101,20,p045,9,18.32,9.16,100.0,1.0,1.0,0,37.0,1.0
101,20,p045,10,17.52,8.76,20.0,0.0,0.0,0,17.0,2.0
101,20,p045,11,9.66,4.83,100.0,1.0,1.0,0,31.0,1.0
101,20,p045,12,34.82,17.41,18.0,0.0,0.0,0,27.0,2.0
101,20,p045,13,13.14,6.57,100.0,1.0,1.0,0,34.0,0.0
101,20,p045,14,9.82,4.91,100.0,1.0,1.0,0,32.0,1.0
101,20,p045,15,15.62,7.81,100.0,1.0,1.0,0,37.0,2.0
101,20,p046,0,11.72,5.86,20.0,0.0,0.0,0,12.0,1.0
101,20,p046,1,10.120000000000001,5.0600000000000005,100.0,1.0,1.0,0,32.0,1.0
101,20,p046,2,10.280000000000001,5.140000000000001,100.0,1.0,1.0,0,33.0,1.0
101,20,p046,3,34.82,17.41,18.0,0.0,0.0,0,27.0,2.0
101,20,p046,4,9.98,4.99,100.0,1.0,1.0,0,33.0,1.0
101,20,p046,5,10.120000000000001,5.0600000000000005,100.0,1.0,1.0,0,32.0,1.0
101,20,p046,6,10.600000000000001,5.300000000000001,100.0,1.0,1.0,0,35.0,1.0
101,20,p046,7,18.939999999999998,9.469999999999999,100.0,1.0,1.0,0,39.0,1.0
101,20,p046,8,24.560000000000002,12.280000000000001,100.0,1.0,1.0,0,41.0,2.0
101,20,p046,9,10.440000000000001,5.220000000000001,100.0,1.0,1.0,0,34.0,1.0
101,20,p046,10,16.880000000000003,8.440000000000001,20.0,0.0,0.0,1,13.0,2.0
101,20,p046,11,17.36,8.68,20.0,0.0,0.0,1,16.0,2.0
101,20,p046,12,10.440000000000001,5.220000000000001,100.0,1.0,1.0,0,34.0,1.0
101,20,p046,13,9.98,4.99,100.0,1.0,1.0,0,33.0,1.0
101,20,p046,14,19.4,9.7,100.0,1.0,1.0,0,40.0,1.0
101,20,p046,15,10.280000000000001,5.140000000000001,100.0,1.0,1.0,0,33.0,1.0
101,20,p047,0,10.440000000000001,5.220000000000001,100.0,1.0,1.0,0,34.0,1.0
101,20,p047,1,10.280000000000001,5.140000000000001,100.0,1.0,1.0,0,33.0,1.0
101,20,p047,2,10.120000000000001,5.0600000000000005,100.0,1.0,1.0,0,32.0,1.0
101,20,p047,3,28.32,14.16,20.0,0.0,0.0,1,22.0,4.0
101,20,p047,4,16.240000000000002,8.120000000000001,100.0,1.0,1.0,0,39.0,2.0
101,20,p047,5,10.440000000000001,5.220000000000001,100.0,1.0,1.0,0,34.0,1.0
101,20,p047,6,16.08,8.04,100.0,1.0,1.0,0,38.0,2.0
101,20,p047,7,10.440000000000001,5.220000000000001,100.0,1.0,1.0,0,34.0,1.0
101,20,p047,8,16.240000000000002,8.120000000000001,100.0,1.0,1.0,0,39.0,2.0
101,20,p047,9,10.440000000000001,5.220000000000001,100.0,1.0,1.0,0,34.0,1.0
101,20,p047,10,10.280000000000001,5.140000000000001,100.0,1.0,1.0,0,33.0,1.0
101,20,p047,11,10.600000000000001,5.300000000000001,100.0,1.0,1.0,0,35.0,1.0
101,20,p047,12,9.98,4.99,100.0,1.0,1.0,0,33.0,1.0
101,20,p047,13,10.280000000000001,5.140000000000001,100.0,1.0,1.0,0,33.0,1.0
101,20,p047,14,4.8,2.4,100.0,1.0,1.0,0,30.0,0.0
101,20,p047,15,24.560000000000002,12.280000000000001,100.0,1.0,1.0,0,41.0,2.0
101,20,p048,0,4.8,2.4,100.0,1.0,1.0,0,30.0,0.0
101,20,p048,1,16.240000000000002,8.120000000000001,100.0,1.0,1.0,0,39.0,2.0
101,20,p048,2,10.280000000000001,5.140000000000001,100.0,1.0,1.0,0,33.0,1.0
101,20,p048,3,11.4,5.7,20.0,0.0,0.0,0,10.0,1.0
101,20,p048,4,10.120000000000001,5.0600000000000005,100.0,1.0,1.0,0,32.0,1.0
101,20,p048,5,18.939999999999998,9.469999999999999,100.0,1.0,1.0,0,39.0,1.0
101,20,p048,6,26.58,13.29,100.0,1.0,1.0,0,43.0,4.0
101,20,p048,7,10.600000000000001,5.300000000000001,100.0,1.0,1.0,0,35.0,1.0
101,20,p048,8,19.08,9.54,100.0,1.0,1.0,0,38.0,1.0
101,20,p048,9,19.4,9.7,100.0,1.0,1.0,0,40.0,1.0
101,20,p048,10,26.419999999999998,13.209999999999999,100.0,1.0,1.0,0,42.0,4.0
101,20,p048,11,10.280000000000001,5.140000000000001,100.0,1.0,1.0,0,33.0,1.0
101,20,p048,12,57.16,28.58,97.27272727272728,1.0,1.0,1,61.0,8.0
101,20,p048,13,15.3,7.65,100.0,1.0,1.0,0,35.0,2.0
101,20,p048,14,4.8,2.4,100.0,1.0,1.0,0,30.0,0.0
101,20,p048,15,34.16,17.08,98.33333333333333,1.0,1.0,1,51.0,2.0
101,40,p037,0,25.96,12.98,100.0,1.0,1.0,0,41.0,4.0
101,40,p037,1,9.18,4.59,100.0,1.0,1.0,0,28.0,1.0
101,40,p037,2,3.8600000000000003,1.9300000000000002,100.0,1.0,1.0,0,26.0,0.0
101,40,p037,3,16.9,8.45,20.0,0.0,0.0,1,15.0,2.0
101,40,p037,4,18.46,9.23,100.0,1.0,1.0,0,36.0,1.0
101,40,p037,5,28.18,14.09,20.0,0.0,0.0,1,23.0,4.0
101,40,p037,6,26.1,13.05,100.0,1.0,1.0,0,40.0,4.0
101,40,p037,7,15.14,7.57,100.0,1.0,1.0,0,34.0,2.0
101,40,p037,8,9.18,4.59,100.0,1.0,1.0,0,28.0,1.0
101,40,p037,9,9.5,4.75,100.0,1.0,1.0,0,30.0,1.0
101,40,p037,10,9.18,4.59,100.0,1.0,1.0,0,28.0,1.0
101,40,p037,11,27.1,13.55,98.0,1.0,1.0,0,40.0,1.0
101,40,p037,12,9.04,4.52,100.0,1.0,1.0,0,29.0,1.0
101,40,p037,13,9.66,4.83,100.0,1.0,1.0,0,31.0,1.0
101,40,p037,14,44.02,22.01,98.75,1.0,1.0,1,52.0,4.0
101,40,p037,15,18.14,9.07,100.0,1.0,1.0,0,34.0,1.0
101,40,p038,0,18.3,9.15,100.0,1.0,1.0,0,35.0,1.0
101,40,p038,1,18.3,9.15,100.0,1.0,1.0,0,35.0,1.0
101,40,p038,2,9.66,4.83,100.0,1.0,1.0,0,31.0,1.0
101,40,p038,3,9.18,4.59,100.0,1.0,1.0,0,28.0,1.0
101,40,p038,4,27.58,13.79,98.0,1.0,1.0,0,43.0,1.0
101,40,p038,5,14.36,7.18,100.0,1.0,1.0,0,31.0,2.0
101,40,p038,6,43.56,21.78,98.75,1.0,1.0,1,51.0,4.0
101,40,p038,7,11.4,5.7,20.0,0.0,0.0,0,10.0,1.0
101,40,p038,8,9.04,4.52,100.0,1.0,1.0,0,29.0,1.0
101,40,p038,9,27.7,13.85,20.0,0.0,0.0,1,20.0,4.0
101,40,p038,10,26.96,13.48,98.0,1.0,1.0,0,41.0,1.0
101,40,p038,11,3.8600000000000003,1.9300000000000002,100.0,1.0,1.0,0,26.0,0.0
101,40,p038,12,9.5,4.75,100.0,1.0,1.0,0,30.0,1.0
101,40,p038,13,14.68,7.34,100.0,1.0,1.0,0,33.0,2.0
101,40,p038,14,14.66,7.33,100.0,1.0,1.0,0,31.0,2.0
101,40,p038,15,20.52,10.26,20.0,0.0,0.0,0,17.0,1.0
101,40,p039,0,9.18,4.59,100.0,1.0,1.0,0,28.0,1.0
101,40,p039,1,20.22,10.11,20.0,0.0,0.0,0,17.0,1.0
101,40,p039,2,35.06,17.53,100.0,1.0,1.0,0,46.0,4.0
101,40,p039,3,25.799999999999997,12.899999999999999,100.0,1.0,1.0,0,40.0,4.0
101,40,p039,4,25.799999999999997,12.899999999999999,100.0,1.0,1.0,0,40.0,4.0
101,40,p039,5,15.3,7.65,100.0,1.0,1.0,0,35.0,2.0
101,40,p039,6,9.04,4.52,100.0,1.0,1.0,0,29.0,1.0
101,40,p039,7,29.48,14.74,17.5,0.0,0.0,1,23.0,1.0
101,40,p039,8,14.66,7.33,100.0,1.0,1.0,0,31.0,2.0
101,40,p039,9,14.36,7.18,100.0,1.0,1.0,0,31.0,2.0
101,40,p039,10,18.619999999999997,9.309999999999999,100.0,1.0,1.0,0,37.0,1.0
101,40,p039,11,45.18000000000001,22.590000000000003,95.71428571428571,1.0,1.0,1,53.0,1.0
101,40,p039,12,9.04,4.52,100.0,1.0,1.0,0,29.0,1.0
101,40,p039,13,61.64,30.82,97.0,1.0,1.0,1,64.0,4.0
101,40,p039,14,9.5,4.75,100.0,1.0,1.0,0,30.0,1.0
101,40,p039,15,14.66,7.33,100.0,1.0,1.0,0,31.0,2.0
101,40,p040,0,14.66,7.33,100.0,1.0,1.0,0,31.0,2.0
101,40,p040,1,25.64,12.82,100.0,1.0,1.0,0,39.0,4.0
101,40,p040,2,23.619999999999997,11.809999999999999,100.0,1.0,1.0,0,37.0,2.0
101,40,p040,3,9.66,4.83,100.0,1.0,1.0,0,31.0,1.0
101,40,p040,4,18.619999999999997,9.309999999999999,100.0,1.0,1.0,0,37.0,1.0
101,40,p040,5,11.72,5.86,20.0,0.0,0.0,0,12.0,1.0
101,40,p040,6,20.68,10.34,20.0,0.0,0.0,0,18.0,1.0
101,40,p040,7,3.8600000000000003,1.9300000000000002,100.0,1.0,1.0,0,26.0,0.0
101,40,p040,8,15.14,7.57,100.0,1.0,1.0,0,34.0,2.0
101,40,p040,9,20.84,10.42,20.0,0.0,0.0,0,19.0,1.0
101,40,p040,10,56.22,28.11,97.27272727272728,1.0,1.0,1,57.0,8.0
101,40,p040,11,11.4,5.7,20.0,0.0,0.0,0,10.0,1.0
101,40,p040,12,27.58,13.79,98.0,1.0,1.0,0,43.0,1.0
101,40,p040,13,3.8600000000000003,1.9300000000000002,100.0,1.0,1.0,0,26.0,0.0
101,40,p040,14,25.96,12.98,100.0,1.0,1.0,0,41.0,4.0
101,40,p040,15,9.66,4.83,100.0,1.0,1.0,0,31.0,1.0
101,40,p041,0,11.4,5.7,20.0,0.0,0.0,0,10.0,1.0
101,40,p041,1,9.5,4.75,100.0,1.0,1.0,0,30.0,1.0
101,40,p041,2,12.82,6.41,100.0,1.0,1.0,0,32.0,0.0
101,40,p041,3,15.3,7.65,100.0,1.0,1.0,0,35.0,2.0
101,40,p041,4,20.68,10.34,20.0,0.0,0.0,0,18.0,1.0
101,40,p041,5,18.0,9.0,100.0,1.0,1.0,0,35.0,1.0
101,40,p041,6,9.04,4.52,100.0,1.0,1.0,0,29.0,1.0
101,40,p041,7,9.66,4.83,100.0,1.0,1.0,0,31.0,1.0
101,40,p041,8,9.34,4.67,100.0,1.0,1.0,0,29.0,1.0
101,40,p041,9,15.14,7.57,100.0,1.0,1.0,0,34.0,2.0
101,40,p041,10,32.6,16.3,98.33333333333333,1.0,1.0,0,45.0,2.0
101,40,p041,11,9.34,4.67,100.0,1.0,1.0,0,29.0,1.0
101,40,p041,12,18.0,9.0,100.0,1.0,1.0,0,35.0,1.0
101,40,p041,13,9.18,4.59,100.0,1.0,1.0,0,28.0,1.0
101,40,p041,14,20.36,10.18,20.0,0.0,0.0,0,16.0,1.0
101,40,p041,15,26.96,13.48,98.0,1.0,1.0,0,41.0,1.0
101,40,p042,0,34.6,17.3,100.0,1.0,1.0,0,45.0,4.0
101,40,p042,1,6.080000000000001,3.0400000000000005,20.0,0.0,0.0,0,8.0,0.0
101,40,p042,2,9.04,4.52,100.0,1.0,1.0,0,29.0,1.0
101,40,p042,3,9.04,4.52,100.0,1.0,1.0,0,29.0,1.0
101,40,p042,4,9.5,4.75,100.0,1.0,1.0,0,30.0,1.0
101,40,p042,5,9.5,4.75,100.0,1.0,1.0,0,30.0,1.0
101,40,p042,6,11.72,5.86,20.0,0.0,0.0,0,12.0,1.0
101,40,p042,7,9.04,4.52,100.0,1.0,1.0,0,29.0,1.0
101,40,p042,8,3.8600000000000003,1.9300000000000002,100.0,1.0,1.0,0,26.0,0.0
101,40,p042,9,14.36,7.18,100.0,1.0,1.0,0,31.0,2.0
101,40,p042,10,9.66,4.83,100.0,1.0,1.0,0,31.0,1.0
101,40,p042,11,23.619999999999997,11.809999999999999,100.0,1.0,1.0,0,37.0,2.0
101,40,p042,12,15.3,7.65,100.0,1.0,1.0,0,35.0,2.0
101,40,p042,13,3.8600000000000003,1.9300000000000002,100.0,1.0,1.0,0,26.0,0.0
101,40,p042,14,25.479999999999997,12.739999999999998,100.0,1.0,1.0,0,38.0,4.0
101,40,p042,15,25.799999999999997,12.899999999999999,100.0,1.0,1.0,0,40.0,4.0
101,40,p043,0,18.939999999999998,9.469999999999999,100.0,1.0,1.0,0,39.0,1.0
101,40,p043,1,13.14,6.57,100.0,1.0,1.0,0,34.0,0.0
101,40,p043,2,14.68,7.34,100.0,1.0,1.0,0,33.0,2.0
101,40,p043,3,26.279999999999998,13.139999999999999,100.0,1.0,1.0,0,43.0,4.0
101,40,p043,4,9.66,4.83,100.0,1.0,1.0,0,31.0,1.0
101,40,p043,5,27.86,13.93,20.0,0.0,0.0,1,21.0,4.0
101,40,p043,6,14.68,7.34,100.0,1.0,1.0,0,33.0,2.0
101,40,p043,7,14.98,7.49,100.0,1.0,1.0,0,33.0,2.0
101,40,p043,8,26.419999999999998,13.209999999999999,100.0,1.0,1.0,0,42.0,4.0
101,40,p043,9,11.88,5.94,20.0,0.0,0.0,0,13.0,1.0
101,40,p043,10,14.68,7.34,100.0,1.0,1.0,0,33.0,2.0
101,40,p043,11,9.5,4.75,100.0,1.0,1.0,0,30.0,1.0
101,40,p043,12,14.68,7.34,100.0,1.0,1.0,0,33.0,2.0
101,40,p043,13,9.98,4.99,100.0,1.0,1.0,0,33.0,1.0
101,40,p043,14,29.64,14.82,17.5,0.0,0.0,1,24.0,1.0
101,40,p043,15,9.82,4.91,100.0,1.0,1.0,0,32.0,1.0
101,40,p044,0,15.0,7.5,100.0,1.0,1.0,0,35.0,2.0
101,40,p044,1,4.180000000000001,2.0900000000000003,100.0,1.0,1.0,0,28.0,0.0
101,40,p044,2,48.519999999999996,24.259999999999998,97.0,1.0,1.0,1,57.0,8.0
101,40,p044,3,98.0,49.0,58.888888888888886,1.0,0.0,1,70.0,16.0
101,40,p044,4,14.98,7.49,100.0,1.0,1.0,0,33.0,2.0
101,40,p044,5,4.180000000000001,2.0900000000000003,100.0,1.0,1.0,0,28.0,0.0
101,40,p044,6,4.180000000000001,2.0900000000000003,100.0,1.0,1.0,0,28.0,0.0
101,40,p044,7,14.98,7.49,100.0,1.0,1.0,0,33.0,2.0
101,40,p044,8,27.9,13.95,98.0,1.0,1.0,0,45.0,1.0
101,40,p044,9,9.36,4.68,100.0,1.0,1.0,0,31.0,1.0
101,40,p044,10,16.58,8.29,20.0,0.0,0.0,1,13.0,2.0
101,40,p044,11,48.2,24.1,97.0,1.0,1.0,1,55.0,8.0
101,40,p044,12,13.14,6.57,100.0,1.0,1.0,0,34.0,0.0
101,40,p044,13,27.419999999999998,13.709999999999999,98.0,1.0,1.0,0,42.0,1.0
101,40,p044,14,9.66,4.83,100.0,1.0,1.0,0,31.0,1.0
101,40,p044,15,11.26,5.63,20.0,0.0,0.0,0,11.0,1.0
101,40,p045,0,18.619999999999997,9.309999999999999,100.0,1.0,1.0,0,37.0,1.0
101,40,p045,1,9.36,4.68,100.0,1.0,1.0,0,31.0,1.0
101,40,p045,2,9.98,4.99,100.0,1.0,1.0,0,33.0,1.0
101,40,p045,3,35.08,17.54,100.0,1.0,1.0,1,48.0,4.0
101,40,p045,4,9.36,4.68,100.0,1.0,1.0,0,31.0,1.0
101,40,p045,5,18.619999999999997,9.309999999999999,100.0,1.0,1.0,0,37.0,1.0
101,40,p045,6,15.459999999999999,7.7299999999999995,100.0,1.0,1.0,0,36.0,2.0
101,40,p045,7,98.16,49.08,58.888888888888886,1.0,0.0,1,71.0,16.0
101,40,p045,8,15.62,7.81,100.0,1.0,1.0,0,37.0,2.0
101,40,p045,9,18.32,9.16,100.0,1.0,1.0,0,37.0,1.0
101,40,p045,10,17.52,8.76,20.0,0.0,0.0,0,17.0,2.0
101,40,p045,11,9.66,4.83,100.0,1.0,1.0,0,31.0,1.0
101,40,p045,12,46.1,23.05,18.57142857142857,0.0,0.0,0,35.0,4.0
101,40,p045,13,13.14,6.57,100.0,1.0,1.0,0,34.0,0.0
101,40,p045,14,9.82,4.91,100.0,1.0,1.0,0,32.0,1.0
101,40,p045,15,15.62,7.81,100.0,1.0,1.0,0,37.0,2.0
101,40,p046,0,11.72,5.86,20.0,0.0,0.0,0,12.0,1.0
101,40,p046,1,10.120000000000001,5.0600000000000005,100.0,1.0,1.0,0,32.0,1.0
101,40,p046,2,10.280000000000001,5.140000000000001,100.0,1.0,1.0,0,33.0,1.0
101,40,p046,3,46.1,23.05,18.57142857142857,0.0,0.0,0,35.0,4.0
101,40,p046,4,15.62,7.81,100.0,1.0,1.0,0,37.0,2.0
101,40,p046,5,10.120000000000001,5.0600000000000005,100.0,1.0,1.0,0,32.0,1.0
101,40,p046,6,16.08,8.04,100.0,1.0,1.0,0,38.0,2.0
101,40,p046,7,18.939999999999998,9.469999999999999,100.0,1.0,1.0,0,39.0,1.0
101,40,p046,8,35.379999999999995,17.689999999999998,100.0,1.0,1.0,1,48.0,4.0
101,40,p046,9,10.440000000000001,5.220000000000001,100.0,1.0,1.0,0,34.0,1.0
101,40,p046,10,16.880000000000003,8.440000000000001,20.0,0.0,0.0,1,13.0,2.0
101,40,p046,11,17.36,8.68,20.0,0.0,0.0,1,16.0,2.0
101,40,p046,12,10.440000000000001,5.220000000000001,100.0,1.0,1.0,0,34.0,1.0
101,40,p046,13,9.98,4.99,100.0,1.0,1.0,0,33.0,1.0
101,40,p046,14,19.4,9.7,100.0,1.0,1.0,0,40.0,1.0
101,40,p046,15,10.280000000000001,5.140000000000001,100.0,1.0,1.0,0,33.0,1.0
101,40,p047,0,10.440000000000001,5.220000000000001,100.0,1.0,1.0,0,34.0,1.0
101,40,p047,1,10.280000000000001,5.140000000000001,100.0,1.0,1.0,0,33.0,1.0
101,40,p047,2,10.120000000000001,5.0600000000000005,100.0,1.0,1.0,0,32.0,1.0
101,40,p047,3,50.42,25.21,16.666666666666664,0.0,0.0,1,37.0,8.0
101,40,p047,4,16.240000000000002,8.120000000000001,100.0,1.0,1.0,0,39.0,2.0
101,40,p047,5,10.440000000000001,5.220000000000001,100.0,1.0,1.0,0,34.0,1.0
101,40,p047,6,26.58,13.29,100.0,1.0,1.0,0,43.0,4.0
101,40,p047,7,10.440000000000001,5.220000000000001,100.0,1.0,1.0,0,34.0,1.0
101,40,p047,8,16.240000000000002,8.120000000000001,100.0,1.0,1.0,0,39.0,2.0
101,40,p047,9,19.4,9.7,100.0,1.0,1.0,0,40.0,1.0
101,40,p047,10,10.280000000000001,5.140000000000001,100.0,1.0,1.0,0,33.0,1.0
101,40,p047,11,10.600000000000001,5.300000000000001,100.0,1.0,1.0,0,35.0,1.0
101,40,p047,12,9.98,4.99,100.0,1.0,1.0,0,33.0,1.0
101,40,p047,13,15.600000000000001,7.800000000000001,100.0,1.0,1.0,0,35.0,2.0
101,40,p047,14,4.8,2.4,100.0,1.0,1.0,0,30.0,0.0
101,40,p047,15,24.560000000000002,12.280000000000001,100.0,1.0,1.0,0,41.0,2.0
101,40,p048,0,4.8,2.4,100.0,1.0,1.0,0,30.0,0.0
101,40,p048,1,27.04,13.52,100.0,1.0,1.0,0,44.0,4.0
101,40,p048,2,10.280000000000001,5.140000000000001,100.0,1.0,1.0,0,33.0,1.0
101,40,p048,3,11.4,5.7,20.0,0.0,0.0,0,10.0,1.0
101,40,p048,4,10.120000000000001,5.0600000000000005,100.0,1.0,1.0,0,32.0,1.0
101,40,p048,5,18.939999999999998,9.469999999999999,100.0,1.0,1.0,0,39.0,1.0
101,40,p048,6,26.58,13.29,100.0,1.0,1.0,0,43.0,4.0
101,40,p048,7,10.600000000000001,5.300000000000001,100.0,1.0,1.0,0,35.0,1.0
101,40,p048,8,19.08,9.54,100.0,1.0,1.0,0,38.0,1.0
101,40,p048,9,19.4,9.7,100.0,1.0,1.0,0,40.0,1.0
101,40,p048,10,26.419999999999998,13.209999999999999,100.0,1.0,1.0,0,42.0,4.0
101,40,p048,11,10.280000000000001,5.140000000000001,100.0,1.0,1.0,0,33.0,1.0
101,40,p048,12,57.16,28.58,97.27272727272728,1.0,1.0,1,61.0,8.0
101,40,p048,13,15.3,7.65,100.0,1.0,1.0,0,35.0,2.0
101,40,p048,14,4.8,2.4,100.0,1.0,1.0,0,30.0,0.0
101,40,p048,15,44.96,22.48,98.75,1.0,1.0,1,56.0,4.0
101,60,p037,0,25.96,12.98,100.0,1.0,1.0,0,41.0,4.0
101,60,p037,1,9.18,4.59,100.0,1.0,1.0,0,28.0,1.0
101,60,p037,2,3.8600000000000003,1.9300000000000002,100.0,1.0,1.0,0,26.0,0.0
101,60,p037,3,37.14,18.57,20.0,0.0,0.0,1,29.0,4.0
101,60,p037,4,27.419999999999998,13.709999999999999,98.0,1.0,1.0,0,42.0,1.0
101,60,p037,5,28.18,14.09,20.0,0.0,0.0,1,23.0,4.0
101,60,p037,6,48.2,24.1,97.0,1.0,1.0,1,55.0,8.0
101,60,p037,7,24.1,12.05,100.0,1.0,1.0,0,40.0,2.0
101,60,p037,8,9.18,4.59,100.0,1.0,1.0,0,28.0,1.0
101,60,p037,9,18.46,9.23,100.0,1.0,1.0,0,36.0,1.0
101,60,p037,10,9.18,4.59,100.0,1.0,1.0,0,28.0,1.0
101,60,p037,11,27.1,13.55,98.0,1.0,1.0,0,40.0,1.0
101,60,p037,12,9.04,4.52,100.0,1.0,1.0,0,29.0,1.0
101,60,p037,13,15.14,7.57,100.0,1.0,1.0,0,34.0,2.0
101,60,p037,14,44.02,22.01,98.75,1.0,1.0,1,52.0,4.0
101,60,p037,15,18.14,9.07,100.0,1.0,1.0,0,34.0,1.0
101,60,p038,0,18.3,9.15,100.0,1.0,1.0,0,35.0,1.0
101,60,p038,1,18.3,9.15,100.0,1.0,1.0,0,35.0,1.0
101,60,p038,2,15.14,7.57,100.0,1.0,1.0,0,34.0,2.0
101,60,p038,3,18.14,9.07,100.0,1.0,1.0,0,34.0,1.0
101,60,p038,4,27.58,13.79,98.0,1.0,1.0,0,43.0,1.0
101,60,p038,5,14.36,7.18,100.0,1.0,1.0,0,31.0,2.0
101,60,p038,6,65.8,32.9,96.66666666666667,1.0,1.0,1,65.0,8.0
101,60,p038,7,11.4,5.7,20.0,0.0,0.0,0,10.0,1.0
101,60,p038,8,9.04,4.52,100.0,1.0,1.0,0,29.0,1.0
101,60,p038,9,36.66,18.33,20.0,0.0,0.0,1,26.0,4.0
101,60,p038,10,26.96,13.48,98.0,1.0,1.0,0,41.0,1.0
101,60,p038,11,3.8600000000000003,1.9300000000000002,100.0,1.0,1.0,0,26.0,0.0
101,60,p038,12,9.5,4.75,100.0,1.0,1.0,0,30.0,1.0
101,60,p038,13,23.64,11.82,100.0,1.0,1.0,0,39.0,2.0
101,60,p038,14,23.619999999999997,11.809999999999999,100.0,1.0,1.0,0,37.0,2.0
101,60,p038,15,20.52,10.26,20.0,0.0,0.0,0,17.0,1.0
101,60,p039,0,18.14,9.07,100.0,1.0,1.0,0,34.0,1.0
101,60,p039,1,20.22,10.11,20.0,0.0,0.0,0,17.0,1.0
101,60,p039,2,35.06,17.53,100.0,1.0,1.0,0,46.0,4.0
101,60,p039,3,25.799999999999997,12.899999999999999,100.0,1.0,1.0,0,40.0,4.0
101,60,p039,4,47.42,23.71,97.0,1.0,1.0,1,52.0,8.0
101,60,p039,5,15.3,7.65,100.0,1.0,1.0,0,35.0,2.0
101,60,p039,6,14.68,7.34,100.0,1.0,1.0,0,33.0,2.0
101,60,p039,7,29.48,14.74,17.5,0.0,0.0,1,23.0,1.0
101,60,p039,8,14.66,7.33,100.0,1.0,1.0,0,31.0,2.0
101,60,p039,9,14.36,7.18,100.0,1.0,1.0,0,31.0,2.0
101,60,p039,10,18.619999999999997,9.309999999999999,100.0,1.0,1.0,0,37.0,1.0
101,60,p039,11,45.18000000000001,22.590000000000003,95.71428571428571,1.0,1.0,1,53.0,1.0
101,60,p039,12,9.04,4.52,100.0,1.0,1.0,0,29.0,1.0
101,60,p039,13,61.64,30.82,97.0,1.0,1.0,1,64.0,4.0
101,60,p039,14,9.5,4.75,100.0,1.0,1.0,0,30.0,1.0
101,60,p039,15,14.66,7.33,100.0,1.0,1.0,0,31.0,2.0
101,60,p040,0,14.66,7.33,100.0,1.0,1.0,0,31.0,2.0
101,60,p040,1,47.879999999999995,23.939999999999998,97.0,1.0,1.0,1,53.0,8.0
101,60,p040,2,34.44,17.22,100.0,1.0,1.0,0,44.0,4.0
101,60,p040,3,9.66,4.83,100.0,1.0,1.0,0,31.0,1.0
101,60,p040,4,18.619999999999997,9.309999999999999,100.0,1.0,1.0,0,37.0,1.0
101,60,p040,5,11.72,5.86,20.0,0.0,0.0,0,12.0,1.0
101,60,p040,6,20.68,10.34,20.0,0.0,0.0,0,18.0,1.0
101,60,p040,7,3.8600000000000003,1.9300000000000002,100.0,1.0,1.0,0,26.0,0.0
101,60,p040,8,25.64,12.82,100.0,1.0,1.0,0,39.0,4.0
101,60,p040,9,20.84,10.42,20.0,0.0,0.0,0,19.0,1.0
101,60,p040,10,65.18,32.59,96.66666666666667,1.0,1.0,1,63.0,8.0
101,60,p040,11,20.36,10.18,20.0,0.0,0.0,0,16.0,1.0
101,60,p040,12,27.58,13.79,98.0,1.0,1.0,0,43.0,1.0
101,60,p040,13,3.8600000000000003,1.9300000000000002,100.0,1.0,1.0,0,26.0,0.0
101,60,p040,14,25.96,12.98,100.0,1.0,1.0,0,41.0,4.0
101,60,p040,15,9.66,4.83,100.0,1.0,1.0,0,31.0,1.0
101,60,p041,0,11.4,5.7,20.0,0.0,0.0,0,10.0,1.0
101,60,p041,1,24.259999999999998,12.129999999999999,100.0,1.0,1.0,0,41.0,2.0
101,60,p041,2,12.82,6.41,100.0,1.0,1.0,0,32.0,0.0
101,60,p041,3,15.3,7.65,100.0,1.0,1.0,0,35.0,2.0
101,60,p041,4,20.68,10.34,20.0,0.0,0.0,0,18.0,1.0
101,60,p041,5,18.0,9.0,100.0,1.0,1.0,0,35.0,1.0
101,60,p041,6,18.0,9.0,100.0,1.0,1.0,0,35.0,1.0
101,60,p041,7,15.14,7.57,100.0,1.0,1.0,0,34.0,2.0
101,60,p041,8,14.66,7.33,100.0,1.0,1.0,0,31.0,2.0
101,60,p041,9,15.14,7.57,100.0,1.0,1.0,0,34.0,2.0
101,60,p041,10,32.6,16.3,98.33333333333333,1.0,1.0,0,45.0,2.0
101,60,p041,11,9.34,4.67,100.0,1.0,1.0,0,29.0,1.0
101,60,p041,12,26.96,13.48,98.0,1.0,1.0,0,41.0,1.0
101,60,p041,13,9.18,4.59,100.0,1.0,1.0,0,28.0,1.0
101,60,p041,14,20.36,10.18,20.0,0.0,0.0,0,16.0,1.0
101,60,p041,15,26.96,13.48,98.0,1.0,1.0,0,41.0,1.0
101,60,p042,0,34.6,17.3,100.0,1.0,1.0,0,45.0,4.0
101,60,p042,1,6.080000000000001,3.0400000000000005,20.0,0.0,0.0,0,8.0,0.0
101,60,p042,2,9.04,4.52,100.0,1.0,1.0,0,29.0,1.0
101,60,p042,3,9.04,4.52,100.0,1.0,1.0,0,29.0,1.0
101,60,p042,4,9.5,4.75,100.0,1.0,1.0,0,30.0,1.0
101,60,p042,5,18.46,9.23,100.0,1.0,1.0,0,36.0,1.0
101,60,p042,6,11.72,5.86,20.0,0.0,0.0,0,12.0,1.0
101,60,p042,7,9.04,4.52,100.0,1.0,1.0,0,29.0,1.0
101,60,p042,8,3.8600000000000003,1.9300000000000002,100.0,1.0,1.0,0,26.0,0.0
101,60,p042,9,14.36,7.18,100.0,1.0,1.0,0,31.0,2.0
101,60,p042,10,18.619999999999997,9.309999999999999,100.0,1.0,1.0,0,37.0,1.0
101,60,p042,11,23.619999999999997,11.809999999999999,100.0,1.0,1.0,0,37.0,2.0
101,60,p042,12,24.259999999999998,12.129999999999999,100.0,1.0,1.0,0,41.0,2.0
101,60,p042,13,3.8600000000000003,1.9300000000000002,100.0,1.0,1.0,0,26.0,0.0
101,60,p042,14,25.479999999999997,12.739999999999998,100.0,1.0,1.0,0,38.0,4.0
101,60,p042,15,25.799999999999997,12.899999999999999,100.0,1.0,1.0,0,40.0,4.0
101,60,p043,0,18.939999999999998,9.469999999999999,100.0,1.0,1.0,0,39.0,1.0
101,60,p043,1,13.14,6.57,100.0,1.0,1.0,0,34.0,0.0
101,60,p043,2,14.68,7.34,100.0,1.0,1.0,0,33.0,2.0
101,60,p043,3,35.239999999999995,17.619999999999997,100.0,1.0,1.0,1,49.0,4.0
101,60,p043,4,9.66,4.83,100.0,1.0,1.0,0,31.0,1.0
101,60,p043,5,27.86,13.93,20.0,0.0,0.0,1,21.0,4.0
101,60,p043,6,14.68,7.34,100.0,1.0,1.0,0,33.0,2.0
101,60,p043,7,14.98,7.49,100.0,1.0,1.0,0,33.0,2.0
101,60,p043,8,26.419999999999998,13.209999999999999,100.0,1.0,1.0,0,42.0,4.0
101,60,p043,9,11.88,5.94,20.0,0.0,0.0,0,13.0,1.0
101,60,p043,10,14.68,7.34,100.0,1.0,1.0,0,33.0,2.0
101,60,p043,11,9.5,4.75,100.0,1.0,1.0,0,30.0,1.0
101,60,p043,12,14.68,7.34,100.0,1.0,1.0,0,33.0,2.0
101,60,p043,13,9.98,4.99,100.0,1.0,1.0,0,33.0,1.0
101,60,p043,14,29.64,14.82,17.5,0.0,0.0,1,24.0,1.0
101,60,p043,15,9.82,4.91,100.0,1.0,1.0,0,32.0,1.0
101,60,p044,0,26.279999999999998,13.139999999999999,100.0,1.0,1.0,0,43.0,4.0
101,60,p044,1,4.180000000000001,2.0900000000000003,100.0,1.0,1.0,0,28.0,0.0
101,60,p044,2,48.519999999999996,24.259999999999998,97.0,1.0,1.0,1,57.0,8.0
101,60,p044,3,100.0,53.48,58.68421052631579,1.0,0.0,1,76.0,16.0
101,60,p044,4,14.98,7.49,100.0,1.0,1.0,0,33.0,2.0
101,60,p044,5,13.14,6.57,100.0,1.0,1.0,0,34.0,0.0
101,60,p044,6,13.14,6.57,100.0,1.0,1.0,0,34.0,0.0
101,60,p044,7,25.799999999999997,12.899999999999999,100.0,1.0,1.0,0,40.0,4.0
101,60,p044,8,27.9,13.95,98.0,1.0,1.0,0,45.0,1.0
101,60,p044,9,9.36,4.68,100.0,1.0,1.0,0,31.0,1.0
101,60,p044,10,28.02,14.01,20.0,0.0,0.0,1,22.0,4.0
101,60,p044,11,89.52,44.76,58.529411764705884,1.0,0.0,1,67.0,16.0
101,60,p044,12,13.14,6.57,100.0,1.0,1.0,0,34.0,0.0
101,60,p044,13,27.419999999999998,13.709999999999999,98.0,1.0,1.0,0,42.0,1.0
101,60,p044,14,18.619999999999997,9.309999999999999,100.0,1.0,1.0,0,37.0,1.0
101,60,p044,15,11.26,5.63,20.0,0.0,0.0,0,11.0,1.0
101,60,p045,0,18.619999999999997,9.309999999999999,100.0,1.0,1.0,0,37.0,1.0
101,60,p045,1,9.36,4.68,100.0,1.0,1.0,0,31.0,1.0
101,60,p045,2,9.98,4.99,100.0,1.0,1.0,0,33.0,1.0
101,60,p045,3,44.04,22.02,98.75,1.0,1.0,1,54.0,4.0
101,60,p045,4,18.32,9.16,100.0,1.0,1.0,0,37.0,1.0
101,60,p045,5,23.939999999999998,11.969999999999999,100.0,1.0,1.0,0,39.0,2.0
101,60,p045,6,25.96,12.98,100.0,1.0,1.0,0,41.0,4.0
101,60,p045,7,98.16,49.08,58.888888888888886,1.0,0.0,1,71.0,16.0
101,60,p045,8,15.62,7.81,100.0,1.0,1.0,0,37.0,2.0
101,60,p045,9,23.96,11.98,100.0,1.0,1.0,0,41.0,2.0
101,60,p045,10,17.52,8.76,20.0,0.0,0.0,0,17.0,2.0
101,60,p045,11,9.66,4.83,100.0,1.0,1.0,0,31.0,1.0
101,60,p045,12,46.1,23.05,18.57142857142857,0.0,0.0,0,35.0,4.0
101,60,p045,13,22.1,11.05,97.5,1.0,1.0,1,40.0,0.0
101,60,p045,14,9.82,4.91,100.0,1.0,1.0,0,32.0,1.0
101,60,p045,15,15.62,7.81,100.0,1.0,1.0,0,37.0,2.0
101,60,p046,0,17.52,8.76,20.0,0.0,0.0,0,17.0,2.0
101,60,p046,1,10.120000000000001,5.0600000000000005,100.0,1.0,1.0,0,32.0,1.0
101,60,p046,2,10.280000000000001,5.140000000000001,100.0,1.0,1.0,0,33.0,1.0
101,60,p046,3,46.1,23.05,18.57142857142857,0.0,0.0,0,35.0,4.0
101,60,p046,4,15.62,7.81,100.0,1.0,1.0,0,37.0,2.0
101,60,p046,5,19.08,9.54,100.0,1.0,1.0,0,38.0,1.0
101,60,p046,6,16.08,8.04,100.0,1.0,1.0,0,38.0,2.0
101,60,p046,7,18.939999999999998,9.469999999999999,100.0,1.0,1.0,0,39.0,1.0
101,60,p046,8,44.34,22.17,98.75,1.0,1.0,1,54.0,4.0
101,60,p046,9,10.440000000000001,5.220000000000001,100.0,1.0,1.0,0,34.0,1.0
101,60,p046,10,27.7,13.85,20.0,0.0,0.0,1,20.0,4.0
101,60,p046,11,27.86,13.93,20.0,0.0,0.0,1,21.0,4.0
101,60,p046,12,19.4,9.7,100.0,1.0,1.0,0,40.0,1.0
101,60,p046,13,18.939999999999998,9.469999999999999,100.0,1.0,1.0,0,39.0,1.0
101,60,p046,14,19.4,9.7,100.0,1.0,1.0,0,40.0,1.0
101,60,p046,15,19.240000000000002,9.620000000000001,100.0,1.0,1.0,0,39.0,1.0
101,60,p047,0,10.440000000000001,5.220000000000001,100.0,1.0,1.0,0,34.0,1.0
101,60,p047,1,10.280000000000001,5.140000000000001,100.0,1.0,1.0,0,33.0,1.0
101,60,p047,2,10.120000000000001,5.0600000000000005,100.0,1.0,1.0,0,32.0,1.0
101,60,p047,3,50.42,25.21,16.666666666666664,0.0,0.0,1,37.0,8.0
101,60,p047,4,27.04,13.52,100.0,1.0,1.0,0,44.0,4.0
101,60,p047,5,10.440000000000001,5.220000000000001,100.0,1.0,1.0,0,34.0,1.0
101,60,p047,6,26.58,13.29,100.0,1.0,1.0,0,43.0,4.0
101,60,p047,7,10.440000000000001,5.220000000000001,100.0,1.0,1.0,0,34.0,1.0
101,60,p047,8,27.04,13.52,100.0,1.0,1.0,0,44.0,4.0
101,60,p047,9,19.4,9.7,100.0,1.0,1.0,0,40.0,1.0
101,60,p047,10,10.280000000000001,5.140000000000001,100.0,1.0,1.0,0,33.0,1.0
101,60,p047,11,10.600000000000001,5.300000000000001,100.0,1.0,1.0,0,35.0,1.0
101,60,p047,12,18.939999999999998,9.469999999999999,100.0,1.0,1.0,0,39.0,1.0
101,60,p047,13,15.600000000000001,7.800000000000001,100.0,1.0,1.0,0,35.0,2.0
101,60,p047,14,13.76,6.88,100.0,1.0,1.0,0,36.0,0.0
101,60,p047,15,35.379999999999995,17.689999999999998,100.0,1.0,1.0,1,48.0,4.0
101,60,p048,0,4.8,2.4,100.0,1.0,1.0,0,30.0,0.0
101,60,p048,1,36.0,18.0,100.0,1.0,1.0,1,50.0,4.0
101,60,p048,2,10.280000000000001,5.140000000000001,100.0,1.0,1.0,0,33.0,1.0
101,60,p048,3,11.4,5.7,20.0,0.0,0.0,0,10.0,1.0
101,60,p048,4,10.120000000000001,5.0600000000000005,100.0,1.0,1.0,0,32.0,1.0
101,60,p048,5,27.9,13.95,98.0,1.0,1.0,0,45.0,1.0
101,60,p048,6,26.58,13.29,100.0,1.0,1.0,0,43.0,4.0
101,60,p048,7,10.600000000000001,5.300000000000001,100.0,1.0,1.0,0,35.0,1.0
101,60,p048,8,28.04,14.02,98.0,1.0,1.0,0,44.0,1.0
101,60,p048,9,19.4,9.7,100.0,1.0,1.0,0,40.0,1.0
101,60,p048,10,26.419999999999998,13.209999999999999,100.0,1.0,1.0,0,42.0,4.0
101,60,p048,11,10.280000000000001,5.140000000000001,100.0,1.0,1.0,0,33.0,1.0
101,60,p048,12,57.16,28.58,97.27272727272728,1.0,1.0,1,61.0,8.0
101,60,p048,13,26.74,13.37,100.0,1.0,1.0,0,44.0,4.0
101,60,p048,14,13.76,6.88,100.0,1.0,1.0,0,36.0,0.0
101,60,p048,15,44.96,22.48,98.75,1.0,1.0,1,56.0,4.0
101,80,p037,0,47.900000000000006,23.950000000000003,97.0,1.0,1.0,1,55.0,8.0
101,80,p037,1,9.18,4.59,100.0,1.0,1.0,0,28.0,1.0
101,80,p037,2,3.8600000000000003,1.9300000000000002,100.0,1.0,1.0,0,26.0,0.0
101,80,p037,3,37.14,18.57,20.0,0.0,0.0,1,29.0,4.0
101,80,p037,4,27.419999999999998,13.709999999999999,98.0,1.0,1.0,0,42.0,1.0
101,80,p037,5,28.18,14.09,20.0,0.0,0.0,1,23.0,4.0
101,80,p037,6,48.2,24.1,97.0,1.0,1.0,1,55.0,8.0
101,80,p037,7,24.1,12.05,100.0,1.0,1.0,0,40.0,2.0
101,80,p037,8,9.18,4.59,100.0,1.0,1.0,0,28.0,1.0
101,80,p037,9,18.46,9.23,100.0,1.0,1.0,0,36.0,1.0
101,80,p037,10,9.18,4.59,100.0,1.0,1.0,0,28.0,1.0
101,80,p037,11,27.1,13.55,98.0,1.0,1.0,0,40.0,1.0
101,80,p037,12,9.04,4.52,100.0,1.0,1.0,0,29.0,1.0
101,80,p037,13,15.14,7.57,100.0,1.0,1.0,0,34.0,2.0
101,80,p037,14,66.12,33.06,96.66666666666667,1.0,1.0,1,67.0,8.0
101,80,p037,15,27.1,13.55,98.0,1.0,1.0,0,40.0,1.0
101,80,p038,0,18.3,9.15,100.0,1.0,1.0,0,35.0,1.0
101,80,p038,1,18.3,9.15,100.0,1.0,1.0,0,35.0,1.0
101,80,p038,2,15.14,7.57,100.0,1.0,1.0,0,34.0,2.0
101,80,p038,3,18.14,9.07,100.0,1.0,1.0,0,34.0,1.0
101,80,p038,4,33.06,16.53,98.33333333333333,1.0,1.0,0,46.0,2.0
101,80,p038,5,25.799999999999997,12.899999999999999,100.0,1.0,1.0,0,40.0,4.0
101,80,p038,6,65.8,32.9,96.66666666666667,1.0,1.0,1,65.0,8.0
101,80,p038,7,16.58,8.29,20.0,0.0,0.0,1,13.0,2.0
101,80,p038,8,14.68,7.34,100.0,1.0,1.0,0,33.0,2.0
101,80,p038,9,58.44,29.22,17.0,0.0,0.0,1,39.0,8.0
101,80,p038,10,26.96,13.48,98.0,1.0,1.0,0,41.0,1.0
101,80,p038,11,3.8600000000000003,1.9300000000000002,100.0,1.0,1.0,0,26.0,0.0
101,80,p038,12,9.5,4.75,100.0,1.0,1.0,0,30.0,1.0
101,80,p038,13,34.92,17.46,100.0,1.0,1.0,1,47.0,4.0
101,80,p038,14,34.44,17.22,100.0,1.0,1.0,0,44.0,4.0
101,80,p038,15,20.52,10.26,20.0,0.0,0.0,0,17.0,1.0
101,80,p039,0,23.32,11.66,100.0,1.0,1.0,0,37.0,2.0
101,80,p039,1,20.22,10.11,20.0,0.0,0.0,0,17.0,1.0
101,80,p039,2,35.06,17.53,100.0,1.0,1.0,0,46.0,4.0
101,80,p039,3,25.799999999999997,12.899999999999999,100.0,1.0,1.0,0,40.0,4.0
101,80,p039,4,47.42,23.71,97.0,1.0,1.0,1,52.0,8.0
101,80,p039,5,26.1,13.05,100.0,1.0,1.0,0,40.0,4.0
101,80,p039,6,23.64,11.82,100.0,1.0,1.0,0,39.0,2.0
101,80,p039,7,29.48,14.74,17.5,0.0,0.0,1,23.0,1.0
101,80,p039,8,14.66,7.33,100.0,1.0,1.0,0,31.0,2.0
101,80,p039,9,14.36,7.18,100.0,1.0,1.0,0,31.0,2.0
101,80,p039,10,24.1,12.05,100.0,1.0,1.0,0,40.0,2.0
101,80,p039,11,50.5,25.25,96.25,1.0,1.0,1,55.0,2.0
101,80,p039,12,18.0,9.0,100.0,1.0,1.0,0,35.0,1.0
101,80,p039,13,61.64,30.82,97.0,1.0,1.0,1,64.0,4.0
101,80,p039,14,9.5,4.75,100.0,1.0,1.0,0,30.0,1.0
101,80,p039,15,14.66,7.33,100.0,1.0,1.0,0,31.0,2.0
101,80,p040,0,14.66,7.33,100.0,1.0,1.0,0,31.0,2.0
101,80,p040,1,47.879999999999995,23.939999999999998,97.0,1.0,1.0,1,53.0,8.0
101,80,p040,2,43.4,21.7,98.75,1.0,1.0,1,50.0,4.0
101,80,p040,3,24.1,12.05,100.0,1.0,1.0,0,40.0,2.0
101,80,p040,4,18.619999999999997,9.309999999999999,100.0,1.0,1.0,0,37.0,1.0
101,80,p040,5,17.52,8.76,20.0,0.0,0.0,0,17.0,2.0
101,80,p040,6,26.48,13.24,20.0,0.0,0.0,0,23.0,2.0
101,80,p040,7,12.82,6.41,100.0,1.0,1.0,0,32.0,0.0
101,80,p040,8,25.64,12.82,100.0,1.0,1.0,0,39.0,4.0
101,80,p040,9,20.84,10.42,20.0,0.0,0.0,0,19.0,1.0
101,80,p040,10,65.18,32.59,96.66666666666667,1.0,1.0,1,63.0,8.0
101,80,p040,11,20.36,10.18,20.0,0.0,0.0,0,16.0,1.0
101,80,p040,12,33.06,16.53,98.33333333333333,1.0,1.0,0,46.0,2.0
101,80,p040,13,3.8600000000000003,1.9300000000000002,100.0,1.0,1.0,0,26.0,0.0
101,80,p040,14,25.96,12.98,100.0,1.0,1.0,0,41.0,4.0
101,80,p040,15,15.14,7.57,100.0,1.0,1.0,0,34.0,2.0
101,80,p041,0,16.58,8.29,20.0,0.0,0.0,1,13.0,2.0
101,80,p041,1,24.259999999999998,12.129999999999999,100.0,1.0,1.0,0,41.0,2.0
101,80,p041,2,12.82,6.41,100.0,1.0,1.0,0,32.0,0.0
101,80,p041,3,15.3,7.65,100.0,1.0,1.0,0,35.0,2.0
101,80,p041,4,26.48,13.24,20.0,0.0,0.0,0,23.0,2.0
101,80,p041,5,18.0,9.0,100.0,1.0,1.0,0,35.0,1.0
101,80,p041,6,18.0,9.0,100.0,1.0,1.0,0,35.0,1.0
101,80,p041,7,24.1,12.05,100.0,1.0,1.0,0,40.0,2.0
101,80,p041,8,14.66,7.33,100.0,1.0,1.0,0,31.0,2.0
101,80,p041,9,24.1,12.05,100.0,1.0,1.0,0,40.0,2.0
101,80,p041,10,32.6,16.3,98.33333333333333,1.0,1.0,0,45.0,2.0
101,80,p041,11,9.34,4.67,100.0,1.0,1.0,0,29.0,1.0
101,80,p041,12,26.96,13.48,98.0,1.0,1.0,0,41.0,1.0
101,80,p041,13,23.32,11.66,100.0,1.0,1.0,0,37.0,2.0
101,80,p041,14,29.32,14.66,17.5,0.0,0.0,1,22.0,1.0
101,80,p041,15,26.96,13.48,98.0,1.0,1.0,0,41.0,1.0
101,80,p042,0,43.56,21.78,98.75,1.0,1.0,1,51.0,4.0
101,80,p042,1,6.080000000000001,3.0400000000000005,20.0,0.0,0.0,0,8.0,0.0
101,80,p042,2,14.68,7.34,100.0,1.0,1.0,0,33.0,2.0
101,80,p042,3,18.0,9.0,100.0,1.0,1.0,0,35.0,1.0
101,80,p042,4,3.8600000000000003,1.9300000000000002,100.0,1.0,1.0,0,26.0,0.0
101,80,p042,5,18.46,9.23,100.0,1.0,1.0,0,36.0,1.0
101,80,p042,6,20.68,10.34,20.0,0.0,0.0,0,18.0,1.0
101,80,p042,7,9.04,4.52,100.0,1.0,1.0,0,29.0,1.0
101,80,p042,8,3.8600000000000003,1.9300000000000002,100.0,1.0,1.0,0,26.0,0.0
101,80,p042,9,14.36,7.18,100.0,1.0,1.0,0,31.0,2.0
101,80,p042,10,24.1,12.05,100.0,1.0,1.0,0,40.0,2.0
101,80,p042,11,32.58,16.29,98.33333333333333,1.0,1.0,0,43.0,2.0
101,80,p042,12,35.06,17.53,100.0,1.0,1.0,0,46.0,4.0
101,80,p042,13,3.8600000000000003,1.9300000000000002,100.0,1.0,1.0,0,26.0,0.0
101,80,p042,14,25.479999999999997,12.739999999999998,100.0,1.0,1.0,0,38.0,4.0
101,80,p042,15,25.799999999999997,12.899999999999999,100.0,1.0,1.0,0,40.0,4.0
101,80,p043,0,18.939999999999998,9.469999999999999,100.0,1.0,1.0,0,39.0,1.0
101,80,p043,1,22.1,11.05,97.5,1.0,1.0,1,40.0,0.0
101,80,p043,2,26.119999999999997,13.059999999999999,100.0,1.0,1.0,0,42.0,4.0
101,80,p043,3,57.18,28.59,97.27272727272728,1.0,1.0,1,63.0,8.0
101,80,p043,4,18.619999999999997,9.309999999999999,100.0,1.0,1.0,0,37.0,1.0
101,80,p043,5,50.1,25.05,16.666666666666664,0.0,0.0,1,35.0,8.0
101,80,p043,6,23.64,11.82,100.0,1.0,1.0,0,39.0,2.0
101,80,p043,7,25.799999999999997,12.899999999999999,100.0,1.0,1.0,0,40.0,4.0
101,80,p043,8,26.419999999999998,13.209999999999999,100.0,1.0,1.0,0,42.0,4.0
101,80,p043,9,20.84,10.42,20.0,0.0,0.0,0,19.0,1.0
101,80,p043,10,26.119999999999997,13.059999999999999,100.0,1.0,1.0,0,42.0,4.0
101,80,p043,11,14.68,7.34,100.0,1.0,1.0,0,33.0,2.0
101,80,p043,12,14.68,7.34,100.0,1.0,1.0,0,33.0,2.0
101,80,p043,13,18.939999999999998,9.469999999999999,100.0,1.0,1.0,0,39.0,1.0
101,80,p043,14,29.64,14.82,17.5,0.0,0.0,1,24.0,1.0
101,80,p043,15,9.82,4.91,100.0,1.0,1.0,0,32.0,1.0
101,80,p044,0,26.279999999999998,13.139999999999999,100.0,1.0,1.0,0,43.0,4.0
101,80,p044,1,4.180000000000001,2.0900000000000003,100.0,1.0,1.0,0,28.0,0.0
101,80,p044,2,48.519999999999996,24.259999999999998,97.0,1.0,1.0,1,57.0,8.0
101,80,p044,3,100.0,53.48,58.68421052631579,1.0,0.0,1,76.0,16.0
101,80,p044,4,25.799999999999997,12.899999999999999,100.0,1.0,1.0,0,40.0,4.0
101,80,p044,5,13.14,6.57,100.0,1.0,1.0,0,34.0,0.0
101,80,p044,6,13.14,6.57,100.0,1.0,1.0,0,34.0,0.0
101,80,p044,7,25.799999999999997,12.899999999999999,100.0,1.0,1.0,0,40.0,4.0
101,80,p044,8,27.9,13.95,98.0,1.0,1.0,0,45.0,1.0
101,80,p044,9,9.36,4.68,100.0,1.0,1.0,0,31.0,1.0
101,80,p044,10,28.02,14.01,20.0,0.0,0.0,1,22.0,4.0
101,80,p044,11,89.52,44.76,58.529411764705884,1.0,0.0,1,67.0,16.0
101,80,p044,12,22.1,11.05,97.5,1.0,1.0,1,40.0,0.0
101,80,p044,13,32.6,16.3,98.33333333333333,1.0,1.0,0,45.0,2.0
101,80,p044,14,18.619999999999997,9.309999999999999,100.0,1.0,1.0,0,37.0,1.0
101,80,p044,15,11.26,5.63,20.0,0.0,0.0,0,11.0,1.0
101,80,p045,0,27.58,13.79,98.0,1.0,1.0,0,43.0,1.0
101,80,p045,1,15.0,7.5,100.0,1.0,1.0,0,35.0,2.0
101,80,p045,2,9.98,4.99,100.0,1.0,1.0,0,33.0,1.0
101,80,p045,3,65.66,32.83,96.66666666666667,1.0,1.0,1,66.0,8.0
101,80,p045,4,18.32,9.16,100.0,1.0,1.0,0,37.0,1.0
101,80,p045,5,23.939999999999998,11.969999999999999,100.0,1.0,1.0,0,39.0,2.0
101,80,p045,6,25.96,12.98,100.0,1.0,1.0,0,41.0,4.0
101,80,p045,7,98.16,49.08,58.888888888888886,1.0,0.0,1,71.0,16.0
101,80,p045,8,26.419999999999998,13.209999999999999,100.0,1.0,1.0,0,42.0,4.0
101,80,p045,9,32.92,16.46,98.33333333333333,1.0,1.0,1,47.0,2.0
101,80,p045,10,28.32,14.16,20.0,0.0,0.0,1,22.0,4.0
101,80,p045,11,14.98,7.49,100.0,1.0,1.0,0,33.0,2.0
101,80,p045,12,46.1,23.05,18.57142857142857,0.0,0.0,0,35.0,4.0
101,80,p045,13,22.1,11.05,97.5,1.0,1.0,1,40.0,0.0
101,80,p045,14,9.82,4.91,100.0,1.0,1.0,0,32.0,1.0
101,80,p045,15,26.419999999999998,13.209999999999999,100.0,1.0,1.0,0,42.0,4.0
101,80,p046,0,17.52,8.76,20.0,0.0,0.0,0,17.0,2.0
101,80,p046,1,15.3,7.65,100.0,1.0,1.0,0,35.0,2.0
101,80,p046,2,10.280000000000001,5.140000000000001,100.0,1.0,1.0,0,33.0,1.0
101,80,p046,3,46.1,23.05,18.57142857142857,0.0,0.0,0,35.0,4.0
101,80,p046,4,15.62,7.81,100.0,1.0,1.0,0,37.0,2.0
101,80,p046,5,19.08,9.54,100.0,1.0,1.0,0,38.0,1.0
101,80,p046,6,25.04,12.52,100.0,1.0,1.0,0,44.0,2.0
101,80,p046,7,18.939999999999998,9.469999999999999,100.0,1.0,1.0,0,39.0,1.0
101,80,p046,8,44.34,22.17,98.75,1.0,1.0,1,54.0,4.0
101,80,p046,9,10.440000000000001,5.220000000000001,100.0,1.0,1.0,0,34.0,1.0
101,80,p046,10,36.66,18.33,20.0,0.0,0.0,1,26.0,4.0
101,80,p046,11,36.82,18.41,20.0,0.0,0.0,1,27.0,4.0
101,80,p046,12,19.4,9.7,100.0,1.0,1.0,0,40.0,1.0
101,80,p046,13,18.939999999999998,9.469999999999999,100.0,1.0,1.0,0,39.0,1.0
101,80,p046,14,25.2,12.6,100.0,1.0,1.0,0,45.0,2.0
101,80,p046,15,19.240000000000002,9.620000000000001,100.0,1.0,1.0,0,39.0,1.0
101,80,p047,0,16.240000000000002,8.120000000000001,100.0,1.0,1.0,0,39.0,2.0
101,80,p047,1,15.600000000000001,7.800000000000001,100.0,1.0,1.0,0,35.0,2.0
101,80,p047,2,10.120000000000001,5.0600000000000005,100.0,1.0,1.0,0,32.0,1.0
101,80,p047,3,50.42,25.21,16.666666666666664,0.0,0.0,1,37.0,8.0
101,80,p047,4,27.04,13.52,100.0,1.0,1.0,0,44.0,4.0
101,80,p047,5,10.440000000000001,5.220000000000001,100.0,1.0,1.0,0,34.0,1.0
101,80,p047,6,26.58,13.29,100.0,1.0,1.0,0,43.0,4.0
101,80,p047,7,10.440000000000001,5.220000000000001,100.0,1.0,1.0,0,34.0,1.0
101,80,p047,8,36.0,18.0,100.0,1.0,1.0,1,50.0,4.0
101,80,p047,9,19.4,9.7,100.0,1.0,1.0,0,40.0,1.0
101,80,p047,10,10.280000000000001,5.140000000000001,100.0,1.0,1.0,0,33.0,1.0
101,80,p047,11,19.560000000000002,9.780000000000001,100.0,1.0,1.0,0,41.0,1.0
101,80,p047,12,18.939999999999998,9.469999999999999,100.0,1.0,1.0,0,39.0,1.0
101,80,p047,13,15.600000000000001,7.800000000000001,100.0,1.0,1.0,0,35.0,2.0
101,80,p047,14,13.76,6.88,100.0,1.0,1.0,0,36.0,0.0
101,80,p047,15,35.379999999999995,17.689999999999998,100.0,1.0,1.0,1,48.0,4.0
101,80,p048,0,4.8,2.4,100.0,1.0,1.0,0,30.0,0.0
101,80,p048,1,36.0,18.0,100.0,1.0,1.0,1,50.0,4.0
101,80,p048,2,19.240000000000002,9.620000000000001,100.0,1.0,1.0,0,39.0,1.0
101,80,p048,3,16.58,8.29,20.0,0.0,0.0,1,13.0,2.0
101,80,p048,4,10.120000000000001,5.0600000000000005,100.0,1.0,1.0,0,32.0,1.0
101,80,p048,5,27.9,13.95,98.0,1.0,1.0,0,45.0,1.0
101,80,p048,6,57.78,28.89,97.27272727272728,1.0,1.0,1,63.0,8.0
101,80,p048,7,19.560000000000002,9.780000000000001,100.0,1.0,1.0,0,41.0,1.0
101,80,p048,8,28.04,14.02,98.0,1.0,1.0,0,44.0,1.0
101,80,p048,9,29.64,14.82,17.5,0.0,0.0,1,24.0,1.0
101,80,p048,10,26.419999999999998,13.209999999999999,100.0,1.0,1.0,0,42.0,4.0
101,80,p048,11,15.600000000000001,7.800000000000001,100.0,1.0,1.0,0,35.0,2.0
101,80,p048,12,98.46,49.23,58.888888888888886,1.0,0.0,1,71.0,16.0
101,80,p048,13,35.7,17.85,100.0,1.0,1.0,1,50.0,4.0
101,80,p048,14,13.76,6.88,100.0,1.0,1.0,0,36.0,0.0
101,80,p048,15,62.88,31.44,97.0,1.0,1.0,1,68.0,4.0
101,100,p037,0,56.86,28.43,97.27272727272728,1.0,1.0,1,61.0,8.0
101,100,p037,1,9.18,4.59,100.0,1.0,1.0,0,28.0,1.0
101,100,p037,2,3.8600000000000003,1.9300000000000002,100.0,1.0,1.0,0,26.0,0.0
101,100,p037,3,37.14,18.57,20.0,0.0,0.0,1,29.0,4.0
101,100,p037,4,27.419999999999998,13.709999999999999,98.0,1.0,1.0,0,42.0,1.0
101,100,p037,5,28.18,14.09,20.0,0.0,0.0,1,23.0,4.0
101,100,p037,6,48.2,24.1,97.0,1.0,1.0,1,55.0,8.0
101,100,p037,7,34.6,17.3,100.0,1.0,1.0,0,45.0,4.0
101,100,p037,8,9.18,4.59,100.0,1.0,1.0,0,28.0,1.0
101,100,p037,9,18.46,9.23,100.0,1.0,1.0,0,36.0,1.0
101,100,p037,10,9.18,4.59,100.0,1.0,1.0,0,28.0,1.0
101,100,p037,11,27.1,13.55,98.0,1.0,1.0,0,40.0,1.0
101,100,p037,12,9.04,4.52,100.0,1.0,1.0,0,29.0,1.0
101,100,p037,13,24.1,12.05,100.0,1.0,1.0,0,40.0,2.0
101,100,p037,14,66.12,33.06,96.66666666666667,1.0,1.0,1,67.0,8.0
101,100,p037,15,27.1,13.55,98.0,1.0,1.0,0,40.0,1.0
101,100,p038,0,18.3,9.15,100.0,1.0,1.0,0,35.0,1.0
101,100,p038,1,27.259999999999998,13.629999999999999,98.0,1.0,1.0,0,41.0,1.0
101,100,p038,2,24.1,12.05,100.0,1.0,1.0,0,40.0,2.0
101,100,p038,3,18.14,9.07,100.0,1.0,1.0,0,34.0,1.0
101,100,p038,4,33.06,16.53,98.33333333333333,1.0,1.0,0,46.0,2.0
101,100,p038,5,25.799999999999997,12.899999999999999,100.0,1.0,1.0,0,40.0,4.0
101,100,p038,6,65.8,32.9,96.66666666666667,1.0,1.0,1,65.0,8.0
101,100,p038,7,16.58,8.29,20.0,0.0,0.0,1,13.0,2.0
101,100,p038,8,14.68,7.34,100.0,1.0,1.0,0,33.0,2.0
101,100,p038,9,58.44,29.22,17.0,0.0,0.0,1,39.0,8.0
101,100,p038,10,50.519999999999996,25.259999999999998,96.25,1.0,1.0,1,57.0,2.0
101,100,p038,11,3.8600000000000003,1.9300000000000002,100.0,1.0,1.0,0,26.0,0.0
101,100,p038,12,18.46,9.23,100.0,1.0,1.0,0,36.0,1.0
101,100,p038,13,34.92,17.46,100.0,1.0,1.0,1,47.0,4.0
101,100,p038,14,34.44,17.22,100.0,1.0,1.0,0,44.0,4.0
101,100,p038,15,25.84,12.92,20.0,0.0,0.0,0,19.0,2.0
101,100,p039,0,23.32,11.66,100.0,1.0,1.0,0,37.0,2.0
101,100,p039,1,25.86,12.93,20.0,0.0,0.0,0,21.0,2.0
101,100,p039,2,57.16,28.58,97.27272727272728,1.0,1.0,1,61.0,8.0
101,100,p039,3,47.42,23.71,97.0,1.0,1.0,1,52.0,8.0
101,100,p039,4,47.42,23.71,97.0,1.0,1.0,1,52.0,8.0
101,100,p039,5,35.06,17.53,100.0,1.0,1.0,0,46.0,4.0
101,100,p039,6,23.64,11.82,100.0,1.0,1.0,0,39.0,2.0
101,100,p039,7,52.720000000000006,26.360000000000003,15.714285714285714,0.0,0.0,1,37.0,2.0
101,100,p039,8,34.44,17.22,100.0,1.0,1.0,0,44.0,4.0
101,100,p039,9,25.799999999999997,12.899999999999999,100.0,1.0,1.0,0,40.0,4.0
101,100,p039,10,24.1,12.05,100.0,1.0,1.0,0,40.0,2.0
101,100,p039,11,50.5,25.25,96.25,1.0,1.0,1,55.0,2.0
101,100,p039,12,23.64,11.82,100.0,1.0,1.0,0,39.0,2.0
101,100,p039,13,83.25999999999999,41.629999999999995,95.71428571428571,1.0,1.0,1,76.0,8.0
101,100,p039,14,9.5,4.75,100.0,1.0,1.0,0,30.0,1.0
101,100,p039,15,25.479999999999997,12.739999999999998,100.0,1.0,1.0,0,38.0,4.0
101,100,p040,0,34.44,17.22,100.0,1.0,1.0,0,44.0,4.0
101,100,p040,1,47.879999999999995,23.939999999999998,97.0,1.0,1.0,1,53.0,8.0
101,100,p040,2,43.4,21.7,98.75,1.0,1.0,1,50.0,4.0
101,100,p040,3,24.1,12.05,100.0,1.0,1.0,0,40.0,2.0
101,100,p040,4,18.619999999999997,9.309999999999999,100.0,1.0,1.0,0,37.0,1.0
101,100,p040,5,17.52,8.76,20.0,0.0,0.0,0,17.0,2.0
101,100,p040,6,26.48,13.24,20.0,0.0,0.0,0,23.0,2.0
101,100,p040,7,12.82,6.41,100.0,1.0,1.0,0,32.0,0.0
101,100,p040,8,34.6,17.3,100.0,1.0,1.0,0,45.0,4.0
101,100,p040,9,20.84,10.42,20.0,0.0,0.0,0,19.0,1.0
101,100,p040,10,100.0,53.4,93.6842105263158,1.0,1.0,1,75.0,16.0
101,100,p040,11,20.36,10.18,20.0,0.0,0.0,0,16.0,1.0
101,100,p040,12,50.980000000000004,25.490000000000002,96.25,1.0,1.0,1,58.0,2.0
101,100,p040,13,12.82,6.41,100.0,1.0,1.0,0,32.0,0.0
101,100,p040,14,47.900000000000006,23.950000000000003,97.0,1.0,1.0,1,55.0,8.0
101,100,p040,15,15.14,7.57,100.0,1.0,1.0,0,34.0,2.0
101,100,p041,0,16.58,8.29,20.0,0.0,0.0,1,13.0,2.0
101,100,p041,1,35.06,17.53,100.0,1.0,1.0,0,46.0,4.0
101,100,p041,2,12.82,6.41,100.0,1.0,1.0,0,32.0,0.0
101,100,p041,3,26.1,13.05,100.0,1.0,1.0,0,40.0,4.0
101,100,p041,4,26.48,13.24,20.0,0.0,0.0,0,23.0,2.0
101,100,p041,5,23.64,11.82,100.0,1.0,1.0,0,39.0,2.0
101,100,p041,6,18.0,9.0,100.0,1.0,1.0,0,35.0,1.0
101,100,p041,7,24.1,12.05,100.0,1.0,1.0,0,40.0,2.0
101,100,p041,8,14.66,7.33,100.0,1.0,1.0,0,31.0,2.0
101,100,p041,9,34.6,17.3,100.0,1.0,1.0,0,45.0,4.0
101,100,p041,10,43.879999999999995,21.939999999999998,98.75,1.0,1.0,1,53.0,4.0
101,100,p041,11,9.34,4.67,100.0,1.0,1.0,0,29.0,1.0
101,100,p041,12,26.96,13.48,98.0,1.0,1.0,0,41.0,1.0
101,100,p041,13,23.32,11.66,100.0,1.0,1.0,0,37.0,2.0
101,100,p041,14,29.32,14.66,17.5,0.0,0.0,1,22.0,1.0
101,100,p041,15,26.96,13.48,98.0,1.0,1.0,0,41.0,1.0
101,100,p042,0,43.56,21.78,98.75,1.0,1.0,1,51.0,4.0
101,100,p042,1,6.080000000000001,3.0400000000000005,20.0,0.0,0.0,0,8.0,0.0
101,100,p042,2,14.68,7.34,100.0,1.0,1.0,0,33.0,2.0
101,100,p042,3,18.0,9.0,100.0,1.0,1.0,0,35.0,1.0
101,100,p042,4,18.46,9.23,100.0,1.0,1.0,0,36.0,1.0
101,100,p042,5,18.46,9.23,100.0,1.0,1.0,0,36.0,1.0
101,100,p042,6,20.68,10.34,20.0,0.0,0.0,0,18.0,1.0
101,100,p042,7,9.04,4.52,100.0,1.0,1.0,0,29.0,1.0
101,100,p042,8,3.8600000000000003,1.9300000000000002,100.0,1.0,1.0,0,26.0,0.0
101,100,p042,9,25.799999999999997,12.899999999999999,100.0,1.0,1.0,0,40.0,4.0
101,100,p042,10,24.1,12.05,100.0,1.0,1.0,0,40.0,2.0
101,100,p042,11,43.4,21.7,98.75,1.0,1.0,1,50.0,4.0
101,100,p042,12,35.06,17.53,100.0,1.0,1.0,0,46.0,4.0
101,100,p042,13,3.8600000000000003,1.9300000000000002,100.0,1.0,1.0,0,26.0,0.0
101,100,p042,14,47.260000000000005,23.630000000000003,97.0,1.0,1.0,1,51.0,8.0
101,100,p042,15,56.38,28.19,97.27272727272728,1.0,1.0,1,58.0,8.0
101,100,p043,0,24.419999999999998,12.209999999999999,100.0,1.0,1.0,0,42.0,2.0
101,100,p043,1,22.1,11.05,97.5,1.0,1.0,1,40.0,0.0
101,100,p043,2,35.08,17.54,100.0,1.0,1.0,1,48.0,4.0
101,100,p043,3,57.18,28.59,97.27272727272728,1.0,1.0,1,63.0,8.0
101,100,p043,4,18.619999999999997,9.309999999999999,100.0,1.0,1.0,0,37.0,1.0
101,100,p043,5,50.1,25.05,16.666666666666664,0.0,0.0,1,35.0,8.0
101,100,p043,6,35.08,17.54,100.0,1.0,1.0,1,48.0,4.0
101,100,p043,7,25.799999999999997,12.899999999999999,100.0,1.0,1.0,0,40.0,4.0
101,100,p043,8,57.48,28.74,97.27272727272728,1.0,1.0,1,63.0,8.0
101,100,p043,9,20.84,10.42,20.0,0.0,0.0,0,19.0,1.0
101,100,p043,10,26.119999999999997,13.059999999999999,100.0,1.0,1.0,0,42.0,4.0
101,100,p043,11,23.64,11.82,100.0,1.0,1.0,0,39.0,2.0
101,100,p043,12,35.08,17.54,100.0,1.0,1.0,1,48.0,4.0
101,100,p043,13,24.419999999999998,12.209999999999999,100.0,1.0,1.0,0,42.0,2.0
101,100,p043,14,29.64,14.82,17.5,0.0,0.0,1,24.0,1.0
101,100,p043,15,15.62,7.81,100.0,1.0,1.0,0,37.0,2.0
101,100,p044,0,26.279999999999998,13.139999999999999,100.0,1.0,1.0,0,43.0,4.0
101,100,p044,1,4.180000000000001,2.0900000000000003,100.0,1.0,1.0,0,28.0,0.0
101,100,p044,2,89.36,44.68,58.529411764705884,1.0,0.0,1,66.0,16.0
101,100,p044,3,100.0,53.48,58.68421052631579,1.0,0.0,1,76.0,16.0
101,100,p044,4,25.799999999999997,12.899999999999999,100.0,1.0,1.0,0,40.0,4.0
101,100,p044,5,13.14,6.57,100.0,1.0,1.0,0,34.0,0.0
101,100,p044,6,13.14,6.57,100.0,1.0,1.0,0,34.0,0.0
101,100,p044,7,25.799999999999997,12.899999999999999,100.0,1.0,1.0,0,40.0,4.0
101,100,p044,8,45.82000000000001,22.910000000000004,95.71428571428571,1.0,1.0,1,57.0,1.0
101,100,p044,9,18.32,9.16,100.0,1.0,1.0,0,37.0,1.0
101,100,p044,10,36.980000000000004,18.490000000000002,20.0,0.0,0.0,1,28.0,4.0
101,100,p044,11,89.52,44.76,58.529411764705884,1.0,0.0,1,67.0,16.0
101,100,p044,12,22.1,11.05,97.5,1.0,1.0,1,40.0,0.0
101,100,p044,13,32.6,16.3,98.33333333333333,1.0,1.0,0,45.0,2.0
101,100,p044,14,18.619999999999997,9.309999999999999,100.0,1.0,1.0,0,37.0,1.0
101,100,p044,15,11.26,5.63,20.0,0.0,0.0,0,11.0,1.0
101,100,p045,0,27.58,13.79,98.0,1.0,1.0,0,43.0,1.0
101,100,p045,1,15.0,7.5,100.0,1.0,1.0,0,35.0,2.0
101,100,p045,2,9.98,4.99,100.0,1.0,1.0,0,33.0,1.0
101,100,p045,3,65.66,32.83,96.66666666666667,1.0,1.0,1,66.0,8.0
101,100,p045,4,18.32,9.16,100.0,1.0,1.0,0,37.0,1.0
101,100,p045,5,23.939999999999998,11.969999999999999,100.0,1.0,1.0,0,39.0,2.0
101,100,p045,6,25.96,12.98,100.0,1.0,1.0,0,41.0,4.0
101,100,p045,7,98.16,49.08,58.888888888888886,1.0,0.0,1,71.0,16.0
101,100,p045,8,26.419999999999998,13.209999999999999,100.0,1.0,1.0,0,42.0,4.0
101,100,p045,9,32.92,16.46,98.33333333333333,1.0,1.0,1,47.0,2.0
101,100,p045,10,28.32,14.16,20.0,0.0,0.0,1,22.0,4.0
101,100,p045,11,14.98,7.49,100.0,1.0,1.0,0,33.0,2.0
101,100,p045,12,68.03999999999999,34.019999999999996,16.363636363636363,0.0,0.0,1,49.0,8.0
101,100,p045,13,22.1,11.05,97.5,1.0,1.0,1,40.0,0.0
101,100,p045,14,9.82,4.91,100.0,1.0,1.0,0,32.0,1.0
101,100,p045,15,26.419999999999998,13.209999999999999,100.0,1.0,1.0,0,42.0,4.0
101,100,p046,0,17.52,8.76,20.0,0.0,0.0,0,17.0,2.0
101,100,p046,1,15.3,7.65,100.0,1.0,1.0,0,35.0,2.0
101,100,p046,2,10.280000000000001,5.140000000000001,100.0,1.0,1.0,0,33.0,1.0
101,100,p046,3,68.03999999999999,34.019999999999996,16.363636363636363,0.0,0.0,1,49.0,8.0
101,100,p046,4,35.86,17.93,100.0,1.0,1.0,1,51.0,4.0
101,100,p046,5,19.08,9.54,100.0,1.0,1.0,0,38.0,1.0
101,100,p046,6,35.54,17.77,100.0,1.0,1.0,1,49.0,4.0
101,100,p046,7,18.939999999999998,9.469999999999999,100.0,1.0,1.0,0,39.0,1.0
101,100,p046,8,66.12,33.06,96.66666666666667,1.0,1.0,1,67.0,8.0
101,100,p046,9,10.440000000000001,5.220000000000001,100.0,1.0,1.0,0,34.0,1.0
101,100,p046,10,36.66,18.33,20.0,0.0,0.0,1,26.0,4.0
101,100,p046,11,36.82,18.41,20.0,0.0,0.0,1,27.0,4.0
101,100,p046,12,19.4,9.7,100.0,1.0,1.0,0,40.0,1.0
101,100,p046,13,18.939999999999998,9.469999999999999,100.0,1.0,1.0,0,39.0,1.0
101,100,p046,14,25.2,12.6,100.0,1.0,1.0,0,45.0,2.0
101,100,p046,15,19.240000000000002,9.620000000000001,100.0,1.0,1.0,0,39.0,1.0
101,100,p047,0,16.240000000000002,8.120000000000001,100.0,1.0,1.0,0,39.0,2.0
101,100,p047,1,15.600000000000001,7.800000000000001,100.0,1.0,1.0,0,35.0,2.0
101,100,p047,2,10.120000000000001,5.0600000000000005,100.0,1.0,1.0,0,32.0,1.0
101,100,p047,3,93.97999999999999,46.989999999999995,13.529411764705882,0.0,0.0,1,63.0,16.0
101,100,p047,4,36.0,18.0,100.0,1.0,1.0,1,50.0,4.0
101,100,p047,5,10.440000000000001,5.220000000000001,100.0,1.0,1.0,0,34.0,1.0
101,100,p047,6,35.54,17.77,100.0,1.0,1.0,1,49.0,4.0
101,100,p047,7,10.440000000000001,5.220000000000001,100.0,1.0,1.0,0,34.0,1.0
101,100,p047,8,36.0,18.0,100.0,1.0,1.0,1,50.0,4.0
101,100,p047,9,19.4,9.7,100.0,1.0,1.0,0,40.0,1.0
101,100,p047,10,10.280000000000001,5.140000000000001,100.0,1.0,1.0,0,33.0,1.0
101,100,p047,11,19.560000000000002,9.780000000000001,100.0,1.0,1.0,0,41.0,1.0
101,100,p047,12,20.22,10.11,20.0,0.0,0.0,0,17.0,1.0
101,100,p047,13,26.419999999999998,13.209999999999999,100.0,1.0,1.0,0,42.0,4.0
101,100,p047,14,13.76,6.88,100.0,1.0,1.0,0,36.0,0.0
101,100,p047,15,44.34,22.17,98.75,1.0,1.0,1,54.0,4.0
101,100,p048,0,4.8,2.4,100.0,1.0,1.0,0,30.0,0.0
101,100,p048,1,36.0,18.0,100.0,1.0,1.0,1,50.0,4.0
101,100,p048,2,19.240000000000002,9.620000000000001,100.0,1.0,1.0,0,39.0,1.0
101,100,p048,3,16.58,8.29,20.0,0.0,0.0,1,13.0,2.0
101,100,p048,4,10.120000000000001,5.0600000000000005,100.0,1.0,1.0,0,32.0,1.0
101,100,p048,5,33.54,16.77,98.33333333333333,1.0,1.0,1,49.0,2.0
101,100,p048,6,57.78,28.89,97.27272727272728,1.0,1.0,1,63.0,8.0
101,100,p048,7,19.560000000000002,9.780000000000001,100.0,1.0,1.0,0,41.0,1.0
101,100,p048,8,28.04,14.02,98.0,1.0,1.0,0,44.0,1.0
101,100,p048,9,29.64,14.82,17.5,0.0,0.0,1,24.0,1.0
101,100,p048,10,57.16,28.58,97.27272727272728,1.0,1.0,1,61.0,8.0
101,100,p048,11,15.600000000000001,7.800000000000001,100.0,1.0,1.0,0,35.0,2.0
101,100,p048,12,98.46,49.23,58.888888888888886,1.0,0.0,1,71.0,16.0
101,100,p048,13,35.7,17.85,100.0,1.0,1.0,1,50.0,4.0
101,100,p048,14,13.76,6.88,100.0,1.0,1.0,0,36.0,0.0
101,100,p048,15,62.88,31.44,97.0,1.0,1.0,1,68.0,4.0
101,120,p037,0,97.38,48.69,58.888888888888886,1.0,0.0,1,68.0,16.0
101,120,p037,1,14.36,7.18,100.0,1.0,1.0,0,31.0,2.0
101,120,p037,2,3.8600000000000003,1.9300000000000002,100.0,1.0,1.0,0,26.0,0.0
101,120,p037,3,59.08,29.54,17.0,0.0,0.0,1,43.0,8.0
101,120,p037,4,27.419999999999998,13.709999999999999,98.0,1.0,1.0,0,42.0,1.0
101,120,p037,5,50.12,25.06,16.666666666666664,0.0,0.0,1,37.0,8.0
101,120,p037,6,88.88,44.44,58.529411764705884,1.0,0.0,1,63.0,16.0
101,120,p037,7,34.6,17.3,100.0,1.0,1.0,0,45.0,4.0
101,120,p037,8,9.18,4.59,100.0,1.0,1.0,0,28.0,1.0
101,120,p037,9,18.46,9.23,100.0,1.0,1.0,0,36.0,1.0
101,120,p037,10,23.32,11.66,100.0,1.0,1.0,0,37.0,2.0
101,120,p037,11,27.1,13.55,98.0,1.0,1.0,0,40.0,1.0
101,120,p037,12,23.64,11.82,100.0,1.0,1.0,0,39.0,2.0
101,120,p037,13,34.6,17.3,100.0,1.0,1.0,0,45.0,4.0
101,120,p037,14,100.0,53.4,58.68421052631579,1.0,0.0,1,75.0,16.0
101,120,p037,15,32.28,16.14,98.33333333333333,1.0,1.0,0,43.0,2.0
101,120,p038,0,18.3,9.15,100.0,1.0,1.0,0,35.0,1.0
101,120,p038,1,27.259999999999998,13.629999999999999,98.0,1.0,1.0,0,41.0,1.0
101,120,p038,2,34.6,17.3,100.0,1.0,1.0,0,45.0,4.0
101,120,p038,3,23.32,11.66,100.0,1.0,1.0,0,37.0,2.0
101,120,p038,4,45.78,22.89,18.57142857142857,0.0,0.0,1,33.0,4.0
101,120,p038,5,34.76,17.38,100.0,1.0,1.0,0,46.0,4.0
101,120,p038,6,100.0,53.48,58.68421052631579,1.0,0.0,1,76.0,16.0
101,120,p038,7,28.02,14.01,20.0,0.0,0.0,1,22.0,4.0
101,120,p038,8,25.96,12.98,100.0,1.0,1.0,0,41.0,4.0
101,120,p038,9,100.0,51.38999999999999,13.88888888888889,0.0,0.0,1,68.0,16.0
101,120,p038,10,50.519999999999996,25.259999999999998,96.25,1.0,1.0,1,57.0,2.0
101,120,p038,11,3.8600000000000003,1.9300000000000002,100.0,1.0,1.0,0,26.0,0.0
101,120,p038,12,18.46,9.23,100.0,1.0,1.0,0,36.0,1.0
101,120,p038,13,34.92,17.46,100.0,1.0,1.0,1,47.0,4.0
101,120,p038,14,34.44,17.22,100.0,1.0,1.0,0,44.0,4.0
101,120,p038,15,25.84,12.92,20.0,0.0,0.0,0,19.0,2.0
101,120,p039,0,34.76,17.38,100.0,1.0,1.0,0,46.0,4.0
101,120,p039,1,34.82,17.41,18.0,0.0,0.0,0,27.0,2.0
101,120,p039,2,57.16,28.58,97.27272727272728,1.0,1.0,1,61.0,8.0
101,120,p039,3,47.42,23.71,97.0,1.0,1.0,1,52.0,8.0
101,120,p039,4,91.44,45.72,93.88888888888889,1.0,1.0,1,79.0,16.0
101,120,p039,5,35.06,17.53,100.0,1.0,1.0,0,46.0,4.0
101,120,p039,6,34.92,17.46,100.0,1.0,1.0,1,47.0,4.0
101,120,p039,7,52.720000000000006,26.360000000000003,15.714285714285714,0.0,0.0,1,37.0,2.0
101,120,p039,8,34.44,17.22,100.0,1.0,1.0,0,44.0,4.0
101,120,p039,9,25.799999999999997,12.899999999999999,100.0,1.0,1.0,0,40.0,4.0
101,120,p039,10,24.1,12.05,100.0,1.0,1.0,0,40.0,2.0
101,120,p039,11,50.5,25.25,96.25,1.0,1.0,1,55.0,2.0
101,120,p039,12,23.64,11.82,100.0,1.0,1.0,0,39.0,2.0
101,120,p039,13,83.25999999999999,41.629999999999995,95.71428571428571,1.0,1.0,1,76.0,8.0
101,120,p039,14,24.259999999999998,12.129999999999999,100.0,1.0,1.0,0,41.0,2.0
101,120,p039,15,27.7,13.85,20.0,0.0,0.0,1,20.0,4.0
101,120,p040,0,34.44,17.22,100.0,1.0,1.0,0,44.0,4.0
101,120,p040,1,89.2,44.6,93.52941176470588,1.0,1.0,1,65.0,16.0
101,120,p040,2,65.18,32.59,96.66666666666667,1.0,1.0,1,63.0,8.0
101,120,p040,3,34.6,17.3,100.0,1.0,1.0,0,45.0,4.0
101,120,p040,4,18.619999999999997,9.309999999999999,100.0,1.0,1.0,0,37.0,1.0
101,120,p040,5,28.32,14.16,20.0,0.0,0.0,1,22.0,4.0
101,120,p040,6,26.48,13.24,20.0,0.0,0.0,0,23.0,2.0
101,120,p040,7,12.82,6.41,100.0,1.0,1.0,0,32.0,0.0
101,120,p040,8,56.839999999999996,28.419999999999998,97.27272727272728,1.0,1.0,1,59.0,8.0
101,120,p040,9,35.28,17.64,18.0,0.0,0.0,0,28.0,2.0
101,120,p040,10,100.0,53.4,93.6842105263158,1.0,1.0,1,75.0,16.0
101,120,p040,11,20.36,10.18,20.0,0.0,0.0,0,16.0,1.0
101,120,p040,12,61.48,30.74,97.0,1.0,1.0,1,63.0,4.0
101,120,p040,13,12.82,6.41,100.0,1.0,1.0,0,32.0,0.0
101,120,p040,14,47.900000000000006,23.950000000000003,97.0,1.0,1.0,1,55.0,8.0
101,120,p040,15,15.14,7.57,100.0,1.0,1.0,0,34.0,2.0
101,120,p041,0,28.02,14.01,20.0,0.0,0.0,1,22.0,4.0
101,120,p041,1,35.06,17.53,100.0,1.0,1.0,0,46.0,4.0
101,120,p041,2,12.82,6.41,100.0,1.0,1.0,0,32.0,0.0
101,120,p041,3,26.1,13.05,100.0,1.0,1.0,0,40.0,4.0
101,120,p041,4,46.239999999999995,23.119999999999997,18.57142857142857,0.0,0.0,0,34.0,4.0
101,120,p041,5,32.6,16.3,98.33333333333333,1.0,1.0,0,45.0,2.0
101,120,p041,6,18.0,9.0,100.0,1.0,1.0,0,35.0,1.0
101,120,p041,7,34.6,17.3,100.0,1.0,1.0,0,45.0,4.0
101,120,p041,8,25.479999999999997,12.739999999999998,100.0,1.0,1.0,0,38.0,4.0
101,120,p041,9,34.6,17.3,100.0,1.0,1.0,0,45.0,4.0
101,120,p041,10,43.879999999999995,21.939999999999998,98.75,1.0,1.0,1,53.0,4.0
101,120,p041,11,18.3,9.15,100.0,1.0,1.0,0,35.0,1.0
101,120,p041,12,32.6,16.3,98.33333333333333,1.0,1.0,0,45.0,2.0
101,120,p041,13,25.54,12.77,20.0,0.0,0.0,0,19.0,2.0
101,120,p041,14,34.5,17.25,18.0,0.0,0.0,0,25.0,2.0
101,120,p041,15,26.96,13.48,98.0,1.0,1.0,0,41.0,1.0
101,120,p042,0,65.8,32.9,96.66666666666667,1.0,1.0,1,65.0,8.0
101,120,p042,1,6.080000000000001,3.0400000000000005,20.0,0.0,0.0,0,8.0,0.0
101,120,p042,2,14.68,7.34,100.0,1.0,1.0,0,33.0,2.0
101,120,p042,3,23.64,11.82,100.0,1.0,1.0,0,39.0,2.0
101,120,p042,4,18.46,9.23,100.0,1.0,1.0,0,36.0,1.0
101,120,p042,5,24.259999999999998,12.129999999999999,100.0,1.0,1.0,0,41.0,2.0
101,120,p042,6,26.48,13.24,20.0,0.0,0.0,0,23.0,2.0
101,120,p042,7,9.04,4.52,100.0,1.0,1.0,0,29.0,1.0
101,120,p042,8,3.8600000000000003,1.9300000000000002,100.0,1.0,1.0,0,26.0,0.0
101,120,p042,9,25.799999999999997,12.899999999999999,100.0,1.0,1.0,0,40.0,4.0
101,120,p042,10,34.6,17.3,100.0,1.0,1.0,0,45.0,4.0
101,120,p042,11,43.4,21.7,98.75,1.0,1.0,1,50.0,4.0
101,120,p042,12,35.06,17.53,100.0,1.0,1.0,0,46.0,4.0
101,120,p042,13,12.82,6.41,100.0,1.0,1.0,0,32.0,0.0
101,120,p042,14,47.260000000000005,23.630000000000003,97.0,1.0,1.0,1,51.0,8.0
101,120,p042,15,56.38,28.19,97.27272727272728,1.0,1.0,1,58.0,8.0
101,120,p043,0,24.419999999999998,12.209999999999999,100.0,1.0,1.0,0,42.0,2.0
101,120,p043,1,22.1,11.05,97.5,1.0,1.0,1,40.0,0.0
101,120,p043,2,35.08,17.54,100.0,1.0,1.0,1,48.0,4.0
101,120,p043,3,97.86,48.93,58.888888888888886,1.0,0.0,1,71.0,16.0
101,120,p043,4,18.619999999999997,9.309999999999999,100.0,1.0,1.0,0,37.0,1.0
101,120,p043,5,94.13999999999999,47.06999999999999,13.529411764705882,0.0,0.0,1,64.0,16.0
101,120,p043,6,35.08,17.54,100.0,1.0,1.0,1,48.0,4.0
101,120,p043,7,25.799999999999997,12.899999999999999,100.0,1.0,1.0,0,40.0,4.0
101,120,p043,8,57.48,28.74,97.27272727272728,1.0,1.0,1,63.0,8.0
101,120,p043,9,20.84,10.42,20.0,0.0,0.0,0,19.0,1.0
101,120,p043,10,35.08,17.54,100.0,1.0,1.0,1,48.0,4.0
101,120,p043,11,35.08,17.54,100.0,1.0,1.0,1,48.0,4.0
101,120,p043,12,35.08,17.54,100.0,1.0,1.0,1,48.0,4.0
101,120,p043,13,24.419999999999998,12.209999999999999,100.0,1.0,1.0,0,42.0,2.0
101,120,p043,14,29.64,14.82,17.5,0.0,0.0,1,24.0,1.0
101,120,p043,15,15.62,7.81,100.0,1.0,1.0,0,37.0,2.0
101,120,p044,0,48.22,24.11,97.0,1.0,1.0,1,57.0,8.0
101,120,p044,1,4.180000000000001,2.0900000000000003,100.0,1.0,1.0,0,28.0,0.0
101,120,p044,2,89.36,44.68,58.529411764705884,1.0,0.0,1,66.0,16.0
101,120,p044,3,100.0,53.48,58.68421052631579,1.0,0.0,1,76.0,16.0
101,120,p044,4,25.799999999999997,12.899999999999999,100.0,1.0,1.0,0,40.0,4.0
101,120,p044,5,13.14,6.57,100.0,1.0,1.0,0,34.0,0.0
101,120,p044,6,13.14,6.57,100.0,1.0,1.0,0,34.0,0.0
101,120,p044,7,47.58,23.79,97.0,1.0,1.0,1,53.0,8.0
101,120,p044,8,45.82000000000001,22.910000000000004,95.71428571428571,1.0,1.0,1,57.0,1.0
101,120,p044,9,18.32,9.16,100.0,1.0,1.0,0,37.0,1.0
101,120,p044,10,58.599999999999994,29.299999999999997,17.0,0.0,0.0,1,40.0,8.0
101,120,p044,11,89.52,44.76,58.529411764705884,1.0,0.0,1,67.0,16.0
101,120,p044,12,22.1,11.05,97.5,1.0,1.0,1,40.0,0.0
101,120,p044,13,32.6,16.3,98.33333333333333,1.0,1.0,0,45.0,2.0
101,120,p044,14,23.939999999999998,11.969999999999999,100.0,1.0,1.0,0,39.0,2.0
101,120,p044,15,11.26,5.63,20.0,0.0,0.0,0,11.0,1.0
101,120,p045,0,27.58,13.79,98.0,1.0,1.0,0,43.0,1.0
101,120,p045,1,15.0,7.5,100.0,1.0,1.0,0,35.0,2.0
101,120,p045,2,24.419999999999998,12.209999999999999,100.0,1.0,1.0,0,42.0,2.0
101,120,p045,3,100.0,53.48,58.68421052631579,1.0,0.0,1,76.0,16.0
101,120,p045,4,18.32,9.16,100.0,1.0,1.0,0,37.0,1.0
101,120,p045,5,34.76,17.38,100.0,1.0,1.0,0,46.0,4.0
101,120,p045,6,48.2,24.1,97.0,1.0,1.0,1,55.0,8.0
101,120,p045,7,100.0,53.56,58.68421052631579,1.0,0.0,1,77.0,16.0
101,120,p045,8,26.419999999999998,13.209999999999999,100.0,1.0,1.0,0,42.0,4.0
101,120,p045,9,44.2,22.1,98.75,1.0,1.0,1,55.0,4.0
101,120,p045,10,28.32,14.16,20.0,0.0,0.0,1,22.0,4.0
101,120,p045,11,25.799999999999997,12.899999999999999,100.0,1.0,1.0,0,40.0,4.0
101,120,p045,12,68.03999999999999,34.019999999999996,16.363636363636363,0.0,0.0,1,49.0,8.0
101,120,p045,13,22.1,11.05,97.5,1.0,1.0,1,40.0,0.0
101,120,p045,14,9.82,4.91,100.0,1.0,1.0,0,32.0,1.0
101,120,p045,15,26.419999999999998,13.209999999999999,100.0,1.0,1.0,0,42.0,4.0
101,120,p046,0,28.32,14.16,20.0,0.0,0.0,1,22.0,4.0
101,120,p046,1,26.74,13.37,100.0,1.0,1.0,0,44.0,4.0
101,120,p046,2,15.600000000000001,7.800000000000001,100.0,1.0,1.0,0,35.0,2.0
101,120,p046,3,68.03999999999999,34.019999999999996,16.363636363636363,0.0,0.0,1,49.0,8.0
101,120,p046,4,35.86,17.93,100.0,1.0,1.0,1,51.0,4.0
101,120,p046,5,19.08,9.54,100.0,1.0,1.0,0,38.0,1.0
101,120,p046,6,35.54,17.77,100.0,1.0,1.0,1,49.0,4.0
101,120,p046,7,24.58,12.29,100.0,1.0,1.0,0,43.0,2.0
101,120,p046,8,66.12,33.06,96.66666666666667,1.0,1.0,1,67.0,8.0
101,120,p046,9,10.440000000000001,5.220000000000001,100.0,1.0,1.0,0,34.0,1.0
101,120,p046,10,58.44,29.22,17.0,0.0,0.0,1,39.0,8.0
101,120,p046,11,59.06,29.53,17.0,0.0,0.0,1,41.0,8.0
101,120,p046,12,19.4,9.7,100.0,1.0,1.0,0,40.0,1.0
101,120,p046,13,24.58,12.29,100.0,1.0,1.0,0,43.0,2.0
101,120,p046,14,34.16,17.08,98.33333333333333,1.0,1.0,1,51.0,2.0
101,120,p046,15,19.240000000000002,9.620000000000001,100.0,1.0,1.0,0,39.0,1.0
101,120,p047,0,25.2,12.6,100.0,1.0,1.0,0,45.0,2.0
101,120,p047,1,15.600000000000001,7.800000000000001,100.0,1.0,1.0,0,35.0,2.0
101,120,p047,2,19.08,9.54,100.0,1.0,1.0,0,38.0,1.0
101,120,p047,3,93.97999999999999,46.989999999999995,13.529411764705882,0.0,0.0,1,63.0,16.0
101,120,p047,4,58.1,29.05,97.27272727272728,1.0,1.0,1,65.0,8.0
101,120,p047,5,25.2,12.6,100.0,1.0,1.0,0,45.0,2.0
101,120,p047,6,57.78,28.89,97.27272727272728,1.0,1.0,1,63.0,8.0
101,120,p047,7,10.440000000000001,5.220000000000001,100.0,1.0,1.0,0,34.0,1.0
101,120,p047,8,58.1,29.05,97.27272727272728,1.0,1.0,1,65.0,8.0
101,120,p047,9,19.4,9.7,100.0,1.0,1.0,0,40.0,1.0
101,120,p047,10,10.280000000000001,5.140000000000001,100.0,1.0,1.0,0,33.0,1.0
101,120,p047,11,19.560000000000002,9.780000000000001,100.0,1.0,1.0,0,41.0,1.0
101,120,p047,12,25.86,12.93,20.0,0.0,0.0,0,21.0,2.0
101,120,p047,13,26.419999999999998,13.209999999999999,100.0,1.0,1.0,0,42.0,4.0
101,120,p047,14,13.76,6.88,100.0,1.0,1.0,0,36.0,0.0
101,120,p047,15,66.12,33.06,96.66666666666667,1.0,1.0,1,67.0,8.0
101,120,p048,0,13.76,6.88,100.0,1.0,1.0,0,36.0,0.0
101,120,p048,1,58.1,29.05,97.27272727272728,1.0,1.0,1,65.0,8.0
101,120,p048,2,25.84,12.92,20.0,0.0,0.0,0,19.0,2.0
101,120,p048,3,25.54,12.77,20.0,0.0,0.0,0,19.0,2.0
101,120,p048,4,15.3,7.65,100.0,1.0,1.0,0,35.0,2.0
101,120,p048,5,33.54,16.77,98.33333333333333,1.0,1.0,1,49.0,2.0
101,120,p048,6,57.78,28.89,97.27272727272728,1.0,1.0,1,63.0,8.0
101,120,p048,7,19.560000000000002,9.780000000000001,100.0,1.0,1.0,0,41.0,1.0
101,120,p048,8,28.04,14.02,98.0,1.0,1.0,0,44.0,1.0
101,120,p048,9,29.64,14.82,17.5,0.0,0.0,1,24.0,1.0
101,120,p048,10,57.16,28.58,97.27272727272728,1.0,1.0,1,61.0,8.0
101,120,p048,11,24.560000000000002,12.280000000000001,100.0,1.0,1.0,0,41.0,2.0
101,120,p048,12,100.0,53.709999999999994,58.68421052631579,1.0,0.0,1,77.0,16.0
101,120,p048,13,57.32,28.66,97.27272727272728,1.0,1.0,1,62.0,8.0
101,120,p048,14,13.76,6.88,100.0,1.0,1.0,0,36.0,0.0
101,120,p048,15,81.94,40.97,60.38461538461539,1.0,0.0,1,64.0,8.0
101,140,p037,0,97.38,48.69,58.888888888888886,1.0,0.0,1,68.0,16.0
101,140,p037,1,14.36,7.18,100.0,1.0,1.0,0,31.0,2.0
101,140,p037,2,9.34,4.67,100.0,1.0,1.0,0,29.0,1.0
101,140,p037,3,100.0,51.239999999999995,13.88888888888889,0.0,0.0,1,68.0,16.0
101,140,p037,4,33.22,16.61,98.33333333333333,1.0,1.0,1,47.0,2.0
101,140,p037,5,93.52,46.76,13.529411764705882,0.0,0.0,1,62.0,16.0
101,140,p037,6,97.84,48.92,58.888888888888886,1.0,0.0,1,69.0,16.0
101,140,p037,7,56.839999999999996,28.419999999999998,97.27272727272728,1.0,1.0,1,59.0,8.0
101,140,p037,8,14.36,7.18,100.0,1.0,1.0,0,31.0,2.0
101,140,p037,9,18.46,9.23,100.0,1.0,1.0,0,36.0,1.0
101,140,p037,10,23.32,11.66,100.0,1.0,1.0,0,37.0,2.0
101,140,p037,11,27.1,13.55,98.0,1.0,1.0,0,40.0,1.0
101,140,p037,12,23.64,11.82,100.0,1.0,1.0,0,39.0,2.0
101,140,p037,13,34.6,17.3,100.0,1.0,1.0,0,45.0,4.0
101,140,p037,14,100.0,53.4,58.68421052631579,1.0,0.0,1,75.0,16.0
101,140,p037,15,32.28,16.14,98.33333333333333,1.0,1.0,0,43.0,2.0
101,140,p038,0,23.619999999999997,11.809999999999999,100.0,1.0,1.0,0,37.0,2.0
101,140,p038,1,27.259999999999998,13.629999999999999,98.0,1.0,1.0,0,41.0,1.0
101,140,p038,2,56.839999999999996,28.419999999999998,97.27272727272728,1.0,1.0,1,59.0,8.0
101,140,p038,3,23.32,11.66,100.0,1.0,1.0,0,37.0,2.0
101,140,p038,4,45.78,22.89,18.57142857142857,0.0,0.0,1,33.0,4.0
101,140,p038,5,56.38,28.19,97.27272727272728,1.0,1.0,1,58.0,8.0
101,140,p038,6,100.0,53.48,58.68421052631579,1.0,0.0,1,76.0,16.0
101,140,p038,7,28.02,14.01,20.0,0.0,0.0,1,22.0,4.0
101,140,p038,8,25.96,12.98,100.0,1.0,1.0,0,41.0,4.0
101,140,p038,9,100.0,51.38999999999999,13.88888888888889,0.0,0.0,1,68.0,16.0
101,140,p038,10,61.8,30.9,97.0,1.0,1.0,1,65.0,4.0
101,140,p038,11,12.82,6.41,100.0,1.0,1.0,0,32.0,0.0
101,140,p038,12,24.259999999999998,12.129999999999999,100.0,1.0,1.0,0,41.0,2.0
101,140,p038,13,56.86,28.43,97.27272727272728,1.0,1.0,1,61.0,8.0
101,140,p038,14,97.67999999999999,48.839999999999996,58.888888888888886,1.0,0.0,1,68.0,16.0
101,140,p038,15,36.66,18.33,20.0,0.0,0.0,1,26.0,4.0
101,140,p039,0,34.76,17.38,100.0,1.0,1.0,0,46.0,4.0
101,140,p039,1,46.1,23.05,18.57142857142857,0.0,0.0,0,35.0,4.0
101,140,p039,2,97.84,48.92,58.888888888888886,1.0,0.0,1,69.0,16.0
101,140,p039,3,91.44,45.72,93.88888888888889,1.0,1.0,1,79.0,16.0
101,140,p039,4,91.44,45.72,93.88888888888889,1.0,1.0,1,79.0,16.0
101,140,p039,5,57.16,28.58,97.27272727272728,1.0,1.0,1,61.0,8.0
101,140,p039,6,34.92,17.46,100.0,1.0,1.0,1,47.0,4.0
101,140,p039,7,63.540000000000006,31.770000000000003,16.666666666666664,0.0,0.0,1,44.0,4.0
101,140,p039,8,56.22,28.11,97.27272727272728,1.0,1.0,1,57.0,8.0
101,140,p039,9,56.38,28.19,97.27272727272728,1.0,1.0,1,58.0,8.0
101,140,p039,10,34.6,17.3,100.0,1.0,1.0,0,45.0,4.0
101,140,p039,11,61.32,30.66,97.0,1.0,1.0,1,62.0,4.0
101,140,p039,12,34.92,17.46,100.0,1.0,1.0,1,47.0,4.0
101,140,p039,13,100.0,61.709999999999994,13.0,0.0,0.0,1,77.0,16.0
101,140,p039,14,24.259999999999998,12.129999999999999,100.0,1.0,1.0,0,41.0,2.0
101,140,p039,15,49.48,24.74,16.666666666666664,0.0,0.0,1,33.0,8.0
101,140,p040,0,56.22,28.11,97.27272727272728,1.0,1.0,1,57.0,8.0
101,140,p040,1,89.2,44.6,93.52941176470588,1.0,1.0,1,65.0,16.0
101,140,p040,2,100.0,53.4,93.6842105263158,1.0,1.0,1,75.0,16.0
101,140,p040,3,34.6,17.3,100.0,1.0,1.0,0,45.0,4.0
101,140,p040,4,33.06,16.53,98.33333333333333,1.0,1.0,0,46.0,2.0
101,140,p040,5,28.32,14.16,20.0,0.0,0.0,1,22.0,4.0
101,140,p040,6,37.28,18.64,20.0,0.0,0.0,1,28.0,4.0
101,140,p040,7,18.46,9.23,100.0,1.0,1.0,0,36.0,1.0
101,140,p040,8,98.16,49.08,93.88888888888889,1.0,1.0,1,71.0,16.0
101,140,p040,9,35.28,17.64,18.0,0.0,0.0,0,28.0,2.0
101,140,p040,10,100.0,53.4,93.6842105263158,1.0,1.0,1,75.0,16.0
101,140,p040,11,25.54,12.77,20.0,0.0,0.0,0,19.0,2.0
101,140,p040,12,61.48,30.74,97.0,1.0,1.0,1,63.0,4.0
101,140,p040,13,12.82,6.41,100.0,1.0,1.0,0,32.0,0.0
101,140,p040,14,91.3,45.65,93.88888888888889,1.0,1.0,1,80.0,16.0
101,140,p040,15,25.64,12.82,100.0,1.0,1.0,0,39.0,4.0
101,140,p041,0,28.02,14.01,20.0,0.0,0.0,1,22.0,4.0
101,140,p041,1,57.16,28.58,97.27272727272728,1.0,1.0,1,61.0,8.0
101,140,p041,2,21.78,10.89,97.5,1.0,1.0,1,38.0,0.0
101,140,p041,3,48.2,24.1,97.0,1.0,1.0,1,55.0,8.0
101,140,p041,4,46.239999999999995,23.119999999999997,18.57142857142857,0.0,0.0,0,34.0,4.0
101,140,p041,5,43.879999999999995,21.939999999999998,98.75,1.0,1.0,1,53.0,4.0
101,140,p041,6,18.0,9.0,100.0,1.0,1.0,0,35.0,1.0
101,140,p041,7,56.839999999999996,28.419999999999998,97.27272727272728,1.0,1.0,1,59.0,8.0
101,140,p041,8,25.479999999999997,12.739999999999998,100.0,1.0,1.0,0,38.0,4.0
101,140,p041,9,56.839999999999996,28.419999999999998,97.27272727272728,1.0,1.0,1,59.0,8.0
101,140,p041,10,65.82000000000001,32.910000000000004,96.66666666666667,1.0,1.0,1,67.0,8.0
101,140,p041,11,18.3,9.15,100.0,1.0,1.0,0,35.0,1.0
101,140,p041,12,32.6,16.3,98.33333333333333,1.0,1.0,0,45.0,2.0
101,140,p041,13,36.980000000000004,18.490000000000002,20.0,0.0,0.0,1,28.0,4.0
101,140,p041,14,34.5,17.25,18.0,0.0,0.0,0,25.0,2.0
101,140,p041,15,26.96,13.48,98.0,1.0,1.0,0,41.0,1.0
101,140,p042,0,100.0,53.56,93.6842105263158,1.0,1.0,1,77.0,16.0
101,140,p042,1,6.080000000000001,3.0400000000000005,20.0,0.0,0.0,0,8.0,0.0
101,140,p042,2,34.92,17.46,100.0,1.0,1.0,1,47.0,4.0
101,140,p042,3,23.64,11.82,100.0,1.0,1.0,0,39.0,2.0
101,140,p042,4,18.46,9.23,100.0,1.0,1.0,0,36.0,1.0
101,140,p042,5,24.259999999999998,12.129999999999999,100.0,1.0,1.0,0,41.0,2.0
101,140,p042,6,26.48,13.24,20.0,0.0,0.0,0,23.0,2.0
101,140,p042,7,9.04,4.52,100.0,1.0,1.0,0,29.0,1.0
101,140,p042,8,9.66,4.83,100.0,1.0,1.0,0,31.0,1.0
101,140,p042,9,47.42,23.71,97.0,1.0,1.0,1,52.0,8.0
101,140,p042,10,34.6,17.3,100.0,1.0,1.0,0,45.0,4.0
101,140,p042,11,65.18,32.59,96.66666666666667,1.0,1.0,1,63.0,8.0
101,140,p042,12,57.16,28.58,97.27272727272728,1.0,1.0,1,61.0,8.0
101,140,p042,13,18.14,9.07,100.0,1.0,1.0,0,34.0,1.0
101,140,p042,14,91.6,45.8,93.88888888888889,1.0,1.0,1,80.0,16.0
101,140,p042,15,97.67999999999999,48.839999999999996,93.88888888888889,1.0,1.0,1,68.0,16.0
101,140,p043,0,43.879999999999995,21.939999999999998,98.75,1.0,1.0,1,53.0,4.0
101,140,p043,1,22.1,11.05,97.5,1.0,1.0,1,40.0,0.0
101,140,p043,2,56.7,28.35,97.27272727272728,1.0,1.0,1,60.0,8.0
101,140,p043,3,97.86,48.93,58.888888888888886,1.0,0.0,1,71.0,16.0
101,140,p043,4,23.939999999999998,11.969999999999999,100.0,1.0,1.0,0,39.0,2.0
101,140,p043,5,100.0,51.55,13.88888888888889,0.0,0.0,1,70.0,16.0
101,140,p043,6,56.7,28.35,97.27272727272728,1.0,1.0,1,60.0,8.0
101,140,p043,7,56.54,28.27,97.27272727272728,1.0,1.0,1,59.0,8.0
101,140,p043,8,98.32,49.16,58.888888888888886,1.0,0.0,1,72.0,16.0
101,140,p043,9,20.84,10.42,20.0,0.0,0.0,0,19.0,1.0
101,140,p043,10,98.0,49.0,58.888888888888886,1.0,0.0,1,70.0,16.0
101,140,p043,11,35.08,17.54,100.0,1.0,1.0,1,48.0,4.0
101,140,p043,12,56.7,28.35,97.27272727272728,1.0,1.0,1,60.0,8.0
101,140,p043,13,34.92,17.46,100.0,1.0,1.0,1,47.0,4.0
101,140,p043,14,29.64,14.82,17.5,0.0,0.0,1,24.0,1.0
101,140,p043,15,26.419999999999998,13.209999999999999,100.0,1.0,1.0,0,42.0,4.0
101,140,p044,0,88.9,44.45,58.529411764705884,1.0,0.0,1,65.0,16.0
101,140,p044,1,13.14,6.57,100.0,1.0,1.0,0,34.0,0.0
101,140,p044,2,89.36,44.68,58.529411764705884,1.0,0.0,1,66.0,16.0
101,140,p044,3,100.0,53.48,58.68421052631579,1.0,0.0,1,76.0,16.0
101,140,p044,4,47.58,23.79,97.0,1.0,1.0,1,53.0,8.0
101,140,p044,5,13.14,6.57,100.0,1.0,1.0,0,34.0,0.0
101,140,p044,6,13.14,6.57,100.0,1.0,1.0,0,34.0,0.0
101,140,p044,7,89.2,44.6,58.529411764705884,1.0,0.0,1,65.0,16.0
101,140,p044,8,45.82000000000001,22.910000000000004,95.71428571428571,1.0,1.0,1,57.0,1.0
101,140,p044,9,18.32,9.16,100.0,1.0,1.0,0,37.0,1.0
101,140,p044,10,100.0,51.309999999999995,13.88888888888889,0.0,0.0,1,67.0,16.0
101,140,p044,11,89.52,44.76,58.529411764705884,1.0,0.0,1,67.0,16.0
101,140,p044,12,22.1,11.05,97.5,1.0,1.0,1,40.0,0.0
101,140,p044,13,44.04,22.02,98.75,1.0,1.0,1,54.0,4.0
101,140,p044,14,23.939999999999998,11.969999999999999,100.0,1.0,1.0,0,39.0,2.0
101,140,p044,15,16.9,8.45,20.0,0.0,0.0,1,15.0,2.0
101,140,p045,0,32.9,16.45,98.33333333333333,1.0,1.0,0,45.0,2.0
101,140,p045,1,26.279999999999998,13.139999999999999,100.0,1.0,1.0,0,43.0,4.0
101,140,p045,2,24.419999999999998,12.209999999999999,100.0,1.0,1.0,0,42.0,2.0
101,140,p045,3,100.0,53.48,58.68421052631579,1.0,0.0,1,76.0,16.0
101,140,p045,4,18.32,9.16,100.0,1.0,1.0,0,37.0,1.0
101,140,p045,5,56.54,28.27,97.27272727272728,1.0,1.0,1,59.0,8.0
101,140,p045,6,89.52,44.76,58.529411764705884,1.0,0.0,1,67.0,16.0
101,140,p045,7,100.0,53.56,58.68421052631579,1.0,0.0,1,77.0,16.0
101,140,p045,8,48.519999999999996,24.259999999999998,97.0,1.0,1.0,1,57.0,8.0
101,140,p045,9,44.2,22.1,98.75,1.0,1.0,1,55.0,4.0
101,140,p045,10,50.42,25.21,16.666666666666664,0.0,0.0,1,37.0,8.0
101,140,p045,11,25.799999999999997,12.899999999999999,100.0,1.0,1.0,0,40.0,4.0
101,140,p045,12,100.0,55.72,13.68421052631579,0.0,0.0,1,74.0,16.0
101,140,p045,13,27.279999999999998,13.639999999999999,98.0,1.0,1.0,0,43.0,1.0
101,140,p045,14,15.62,7.81,100.0,1.0,1.0,0,37.0,2.0
101,140,p045,15,48.519999999999996,24.259999999999998,97.0,1.0,1.0,1,57.0,8.0
101,140,p046,0,28.32,14.16,20.0,0.0,0.0,1,22.0,4.0
101,140,p046,1,26.74,13.37,100.0,1.0,1.0,0,44.0,4.0
101,140,p046,2,15.600000000000001,7.800000000000001,100.0,1.0,1.0,0,35.0,2.0
101,140,p046,3,100.0,55.72,13.68421052631579,0.0,0.0,1,74.0,16.0
101,140,p046,4,57.8,28.9,97.27272727272728,1.0,1.0,1,65.0,8.0
101,140,p046,5,24.259999999999998,12.129999999999999,100.0,1.0,1.0,0,41.0,2.0
101,140,p046,6,57.78,28.89,97.27272727272728,1.0,1.0,1,63.0,8.0
101,140,p046,7,33.54,16.77,98.33333333333333,1.0,1.0,1,49.0,2.0
101,140,p046,8,100.0,53.709999999999994,58.68421052631579,1.0,0.0,1,77.0,16.0
101,140,p046,9,16.240000000000002,8.120000000000001,100.0,1.0,1.0,0,39.0,2.0
101,140,p046,10,100.0,51.38999999999999,13.88888888888889,0.0,0.0,1,68.0,16.0
101,140,p046,11,100.0,51.55,13.88888888888889,0.0,0.0,1,70.0,16.0
101,140,p046,12,25.2,12.6,100.0,1.0,1.0,0,45.0,2.0
101,140,p046,13,24.58,12.29,100.0,1.0,1.0,0,43.0,2.0
101,140,p046,14,44.96,22.48,98.75,1.0,1.0,1,56.0,4.0
101,140,p046,15,24.560000000000002,12.280000000000001,100.0,1.0,1.0,0,41.0,2.0
101,140,p047,0,36.0,18.0,100.0,1.0,1.0,1,50.0,4.0
101,140,p047,1,35.379999999999995,17.689999999999998,100.0,1.0,1.0,1,48.0,4.0
101,140,p047,2,19.08,9.54,100.0,1.0,1.0,0,38.0,1.0
101,140,p047,3,100.0,51.47,13.88888888888889,0.0,0.0,1,69.0,16.0
101,140,p047,4,98.61999999999999,49.309999999999995,58.888888888888886,1.0,0.0,1,72.0,16.0
101,140,p047,5,25.2,12.6,100.0,1.0,1.0,0,45.0,2.0
101,140,p047,6,98.78,49.39,58.888888888888886,1.0,0.0,1,73.0,16.0
101,140,p047,7,10.440000000000001,5.220000000000001,100.0,1.0,1.0,0,34.0,1.0
101,140,p047,8,98.61999999999999,49.309999999999995,58.888888888888886,1.0,0.0,1,72.0,16.0
101,140,p047,9,25.2,12.6,100.0,1.0,1.0,0,45.0,2.0
101,140,p047,10,24.560000000000002,12.280000000000001,100.0,1.0,1.0,0,41.0,2.0
101,140,p047,11,19.560000000000002,9.780000000000001,100.0,1.0,1.0,0,41.0,1.0
101,140,p047,12,25.86,12.93,20.0,0.0,0.0,0,21.0,2.0
101,140,p047,13,48.2,24.1,97.0,1.0,1.0,1,55.0,8.0
101,140,p047,14,13.76,6.88,100.0,1.0,1.0,0,36.0,0.0
101,140,p047,15,100.0,53.709999999999994,58.68421052631579,1.0,0.0,1,77.0,16.0
101,140,p048,0,13.76,6.88,100.0,1.0,1.0,0,36.0,0.0
101,140,p048,1,98.61999999999999,49.309999999999995,58.888888888888886,1.0,0.0,1,72.0,16.0
101,140,p048,2,25.84,12.92,20.0,0.0,0.0,0,19.0,2.0
101,140,p048,3,36.980000000000004,18.490000000000002,20.0,0.0,0.0,1,28.0,4.0
101,140,p048,4,15.3,7.65,100.0,1.0,1.0,0,35.0,2.0
101,140,p048,5,44.82000000000001,22.410000000000004,98.75,1.0,1.0,1,57.0,4.0
101,140,p048,6,98.78,49.39,58.888888888888886,1.0,0.0,1,73.0,16.0
101,140,p048,7,25.04,12.52,100.0,1.0,1.0,0,44.0,2.0
101,140,p048,8,28.04,14.02,98.0,1.0,1.0,0,44.0,1.0
101,140,p048,9,35.44,17.72,18.0,0.0,0.0,0,29.0,2.0
101,140,p048,10,98.46,49.23,58.888888888888886,1.0,0.0,1,71.0,16.0
101,140,p048,11,35.379999999999995,17.689999999999998,100.0,1.0,1.0,1,48.0,4.0
101,140,p048,12,100.0,53.709999999999994,58.68421052631579,1.0,0.0,1,77.0,16.0
101,140,p048,13,98.3,49.15,58.888888888888886,1.0,0.0,1,70.0,16.0
101,140,p048,14,19.08,9.54,100.0,1.0,1.0,0,38.0,1.0
101,140,p048,15,100.0,61.87,13.0,0.0,0.0,1,79.0,16.0
101,160,p037,0,97.38,48.69,58.888888888888886,1.0,0.0,1,68.0,16.0
101,160,p037,1,91.44,45.72,93.88888888888889,1.0,1.0,1,79.0,16.0
101,160,p037,2,14.66,7.33,100.0,1.0,1.0,0,31.0,2.0
101,160,p037,3,100.0,51.239999999999995,13.88888888888889,0.0,0.0,1,68.0,16.0
101,160,p037,4,66.12,33.06,96.66666666666667,1.0,1.0,1,67.0,8.0
101,160,p037,5,93.52,46.76,13.529411764705882,0.0,0.0,1,62.0,16.0
101,160,p037,6,97.84,48.92,58.888888888888886,1.0,0.0,1,69.0,16.0
101,160,p037,7,98.0,49.0,58.888888888888886,1.0,0.0,1,70.0,16.0
101,160,p037,8,47.42,23.71,97.0,1.0,1.0,1,52.0,8.0
101,160,p037,9,35.06,17.53,100.0,1.0,1.0,0,46.0,4.0
101,160,p037,10,97.52,48.76,58.888888888888886,1.0,0.0,1,67.0,16.0
101,160,p037,11,43.72,21.86,98.75,1.0,1.0,1,52.0,4.0
101,160,p037,12,97.38,48.69,58.888888888888886,1.0,0.0,1,68.0,16.0
101,160,p037,13,98.0,49.0,58.888888888888886,1.0,0.0,1,70.0,16.0
101,160,p037,14,100.0,53.4,58.68421052631579,1.0,0.0,1,75.0,16.0
101,160,p037,15,100.0,53.239999999999995,58.68421052631579,1.0,0.0,1,73.0,16.0
101,160,p038,0,65.18,32.59,96.66666666666667,1.0,1.0,1,63.0,8.0
101,160,p038,1,43.4,21.7,98.75,1.0,1.0,1,50.0,4.0
101,160,p038,2,98.0,49.0,58.888888888888886,1.0,0.0,1,70.0,16.0
101,160,p038,3,97.52,48.76,58.888888888888886,1.0,0.0,1,67.0,16.0
101,160,p038,4,100.0,56.029999999999994,13.68421052631579,0.0,0.0,1,76.0,16.0
101,160,p038,5,97.52,48.76,58.888888888888886,1.0,0.0,1,67.0,16.0
101,160,p038,6,100.0,53.48,58.68421052631579,1.0,0.0,1,76.0,16.0
101,160,p038,7,100.0,51.309999999999995,13.88888888888889,0.0,0.0,1,67.0,16.0
101,160,p038,8,91.3,45.65,93.88888888888889,1.0,1.0,1,80.0,16.0
101,160,p038,9,100.0,51.38999999999999,13.88888888888889,0.0,0.0,1,68.0,16.0
101,160,p038,10,100.0,61.64,13.0,0.0,0.0,1,78.0,16.0
101,160,p038,11,18.3,9.15,100.0,1.0,1.0,0,35.0,1.0
101,160,p038,12,57.16,28.58,97.27272727272728,1.0,1.0,1,61.0,8.0
101,160,p038,13,97.38,48.69,58.888888888888886,1.0,0.0,1,68.0,16.0
101,160,p038,14,97.67999999999999,48.839999999999996,58.888888888888886,1.0,0.0,1,68.0,16.0
101,160,p038,15,100.0,55.87,13.68421052631579,0.0,0.0,1,74.0,16.0
101,160,p039,0,100.0,53.239999999999995,58.68421052631579,1.0,0.0,1,73.0,16.0
101,160,p039,1,100.0,55.72,13.68421052631579,0.0,0.0,1,74.0,16.0
101,160,p039,2,100.0,53.4,58.68421052631579,1.0,0.0,1,75.0,16.0
101,160,p039,3,91.44,45.72,93.88888888888889,1.0,1.0,1,79.0,16.0
101,160,p039,4,91.44,45.72,93.88888888888889,1.0,1.0,1,79.0,16.0
101,160,p039,5,97.84,48.92,58.888888888888886,1.0,0.0,1,69.0,16.0
101,160,p039,6,97.38,48.69,58.888888888888886,1.0,0.0,1,68.0,16.0
101,160,p039,7,100.0,61.79,13.0,0.0,0.0,1,78.0,16.0
101,160,p039,8,97.67999999999999,48.839999999999996,58.888888888888886,1.0,0.0,1,68.0,16.0
101,160,p039,9,97.52,48.76,58.888888888888886,1.0,0.0,1,67.0,16.0
101,160,p039,10,100.0,53.48,58.68421052631579,1.0,0.0,1,76.0,16.0
101,160,p039,11,100.0,61.79,13.0,0.0,0.0,1,78.0,16.0
101,160,p039,12,97.38,48.69,58.888888888888886,1.0,0.0,1,68.0,16.0
101,160,p039,13,100.0,61.709999999999994,13.0,0.0,0.0,1,77.0,16.0
101,160,p039,14,97.84,48.92,58.888888888888886,1.0,0.0,1,69.0,16.0
101,160,p039,15,93.82,46.91,13.529411764705882,0.0,0.0,1,62.0,16.0
101,160,p040,0,97.84,48.92,93.88888888888889,1.0,1.0,1,69.0,16.0
101,160,p040,1,89.2,44.6,93.52941176470588,1.0,1.0,1,65.0,16.0
101,160,p040,2,100.0,53.4,93.6842105263158,1.0,1.0,1,75.0,16.0
101,160,p040,3,98.16,49.08,93.88888888888889,1.0,1.0,1,71.0,16.0
101,160,p040,4,65.8,32.9,96.66666666666667,1.0,1.0,1,65.0,8.0
101,160,p040,5,93.97999999999999,46.989999999999995,13.529411764705882,0.0,0.0,1,63.0,16.0
101,160,p040,6,100.0,55.949999999999996,13.68421052631579,0.0,0.0,1,75.0,16.0
101,160,p040,7,20.68,10.34,20.0,0.0,0.0,0,18.0,1.0
101,160,p040,8,98.16,49.08,93.88888888888889,1.0,1.0,1,71.0,16.0
101,160,p040,9,100.0,56.029999999999994,13.68421052631579,0.0,0.0,1,76.0,16.0
101,160,p040,10,100.0,53.4,93.6842105263158,1.0,1.0,1,75.0,16.0
101,160,p040,11,58.599999999999994,29.299999999999997,17.0,0.0,0.0,1,40.0,8.0
101,160,p040,12,100.0,61.949999999999996,13.0,0.0,0.0,1,80.0,16.0
101,160,p040,13,18.3,9.15,100.0,1.0,1.0,0,35.0,1.0
101,160,p040,14,91.3,45.65,93.88888888888889,1.0,1.0,1,80.0,16.0
101,160,p040,15,89.2,44.6,93.52941176470588,1.0,1.0,1,65.0,16.0
101,160,p041,0,93.66,46.83,13.529411764705882,0.0,0.0,1,61.0,16.0
101,160,p041,1,100.0,53.48,93.6842105263158,1.0,1.0,1,76.0,16.0
101,160,p041,2,21.78,10.89,97.5,1.0,1.0,1,38.0,0.0
101,160,p041,3,89.03999999999999,44.519999999999996,93.52941176470588,1.0,1.0,1,64.0,16.0
101,160,p041,4,100.0,55.949999999999996,13.68421052631579,0.0,0.0,1,75.0,16.0
101,160,p041,5,100.0,53.25,93.6842105263158,1.0,1.0,1,75.0,16.0
101,160,p041,6,34.92,17.46,100.0,1.0,1.0,1,47.0,4.0
101,160,p041,7,98.16,49.08,93.88888888888889,1.0,1.0,1,71.0,16.0
101,160,p041,8,91.6,45.8,93.88888888888889,1.0,1.0,1,80.0,16.0
101,160,p041,9,98.16,49.08,93.88888888888889,1.0,1.0,1,71.0,16.0
101,160,p041,10,100.0,55.72,13.68421052631579,0.0,0.0,1,74.0,16.0
101,160,p041,11,34.44,17.22,100.0,1.0,1.0,0,44.0,4.0
101,160,p041,12,100.0,53.25,93.6842105263158,1.0,1.0,1,75.0,16.0
101,160,p041,13,100.0,51.309999999999995,13.88888888888889,0.0,0.0,1,67.0,16.0
101,160,p041,14,100.0,55.78999999999999,13.68421052631579,0.0,0.0,1,73.0,16.0
101,160,p041,15,43.879999999999995,21.939999999999998,98.75,1.0,1.0,1,53.0,4.0
101,160,p042,0,100.0,53.56,93.6842105263158,1.0,1.0,1,77.0,16.0
101,160,p042,1,6.080000000000001,3.0400000000000005,20.0,0.0,0.0,0,8.0,0.0
101,160,p042,2,97.54,48.77,93.88888888888889,1.0,1.0,1,69.0,16.0
101,160,p042,3,97.54,48.77,93.88888888888889,1.0,1.0,1,69.0,16.0
101,160,p042,4,24.259999999999998,12.129999999999999,100.0,1.0,1.0,0,41.0,2.0
101,160,p042,5,98.0,49.0,93.88888888888889,1.0,1.0,1,70.0,16.0
101,160,p042,6,100.0,51.47,13.88888888888889,0.0,0.0,1,69.0,16.0
101,160,p042,7,34.92,17.46,100.0,1.0,1.0,1,47.0,4.0
101,160,p042,8,15.14,7.57,100.0,1.0,1.0,0,34.0,2.0
101,160,p042,9,91.44,45.72,93.88888888888889,1.0,1.0,1,79.0,16.0
101,160,p042,10,98.16,49.08,93.88888888888889,1.0,1.0,1,71.0,16.0
101,160,p042,11,100.0,53.4,93.6842105263158,1.0,1.0,1,75.0,16.0
101,160,p042,12,98.0,49.0,93.88888888888889,1.0,1.0,1,70.0,16.0
101,160,p042,13,23.32,11.66,100.0,1.0,1.0,0,37.0,2.0
101,160,p042,14,91.6,45.8,93.88888888888889,1.0,1.0,1,80.0,16.0
101,160,p042,15,97.67999999999999,48.839999999999996,93.88888888888889,1.0,1.0,1,68.0,16.0
101,160,p043,0,100.0,53.72,58.68421052631579,1.0,0.0,1,79.0,16.0
101,160,p043,1,22.1,11.05,97.5,1.0,1.0,1,40.0,0.0
101,160,p043,2,98.0,49.0,58.888888888888886,1.0,0.0,1,70.0,16.0
101,160,p043,3,97.86,48.93,58.888888888888886,1.0,0.0,1,71.0,16.0
101,160,p043,4,56.54,28.27,97.27272727272728,1.0,1.0,1,59.0,8.0
101,160,p043,5,100.0,51.55,13.88888888888889,0.0,0.0,1,70.0,16.0
101,160,p043,6,98.0,49.0,58.888888888888886,1.0,0.0,1,70.0,16.0
101,160,p043,7,98.16,49.08,58.888888888888886,1.0,0.0,1,71.0,16.0
101,160,p043,8,98.32,49.16,58.888888888888886,1.0,0.0,1,72.0,16.0
101,160,p043,9,26.32,13.16,20.0,0.0,0.0,0,22.0,2.0
101,160,p043,10,98.0,49.0,58.888888888888886,1.0,0.0,1,70.0,16.0
101,160,p043,11,100.0,51.309999999999995,13.88888888888889,0.0,0.0,1,67.0,16.0
101,160,p043,12,98.0,49.0,58.888888888888886,1.0,0.0,1,70.0,16.0
101,160,p043,13,98.47999999999999,49.239999999999995,58.888888888888886,1.0,0.0,1,73.0,16.0
101,160,p043,14,64.16000000000001,32.080000000000005,16.666666666666664,0.0,0.0,1,46.0,4.0
101,160,p043,15,89.36,44.68,58.529411764705884,1.0,0.0,1,66.0,16.0
101,160,p044,0,88.9,44.45,58.529411764705884,1.0,0.0,1,65.0,16.0
101,160,p044,1,18.619999999999997,9.309999999999999,100.0,1.0,1.0,0,37.0,1.0
101,160,p044,2,89.36,44.68,58.529411764705884,1.0,0.0,1,66.0,16.0
101,160,p044,3,100.0,53.48,58.68421052631579,1.0,0.0,1,76.0,16.0
101,160,p044,4,89.2,44.6,58.529411764705884,1.0,0.0,1,65.0,16.0
101,160,p044,5,27.58,13.79,98.0,1.0,1.0,0,43.0,1.0
101,160,p044,6,18.32,9.16,100.0,1.0,1.0,0,37.0,1.0
101,160,p044,7,89.2,44.6,58.529411764705884,1.0,0.0,1,65.0,16.0
101,160,p044,8,61.8,30.9,97.0,1.0,1.0,1,65.0,4.0
101,160,p044,9,35.239999999999995,17.619999999999997,100.0,1.0,1.0,1,49.0,4.0
101,160,p044,10,100.0,51.309999999999995,13.88888888888889,0.0,0.0,1,67.0,16.0
101,160,p044,11,89.52,44.76,58.529411764705884,1.0,0.0,1,67.0,16.0
101,160,p044,12,27.9,13.95,98.0,1.0,1.0,0,45.0,1.0
101,160,p044,13,100.0,53.48,58.68421052631579,1.0,0.0,1,76.0,16.0
101,160,p044,14,98.16,49.08,58.888888888888886,1.0,0.0,1,71.0,16.0
101,160,p044,15,93.52,46.76,13.529411764705882,0.0,0.0,1,62.0,16.0
101,160,p045,0,65.5,32.75,96.66666666666667,1.0,1.0,1,65.0,8.0
101,160,p045,1,88.9,44.45,58.529411764705884,1.0,0.0,1,65.0,16.0
101,160,p045,2,98.47999999999999,49.239999999999995,58.888888888888886,1.0,0.0,1,73.0,16.0
101,160,p045,3,100.0,53.48,58.68421052631579,1.0,0.0,1,76.0,16.0
101,160,p045,4,44.2,22.1,98.75,1.0,1.0,1,55.0,4.0
101,160,p045,5,100.0,53.56,58.68421052631579,1.0,0.0,1,77.0,16.0
101,160,p045,6,89.52,44.76,58.529411764705884,1.0,0.0,1,67.0,16.0
101,160,p045,7,100.0,53.56,58.68421052631579,1.0,0.0,1,77.0,16.0
101,160,p045,8,89.36,44.68,58.529411764705884,1.0,0.0,1,66.0,16.0
101,160,p045,9,100.0,53.41,58.68421052631579,1.0,0.0,1,77.0,16.0
101,160,p045,10,93.97999999999999,46.989999999999995,13.529411764705882,0.0,0.0,1,63.0,16.0
101,160,p045,11,89.2,44.6,58.529411764705884,1.0,0.0,1,65.0,16.0
101,160,p045,12,100.0,55.72,13.68421052631579,0.0,0.0,1,74.0,16.0
101,160,p045,13,32.92,16.46,98.33333333333333,1.0,1.0,1,47.0,2.0
101,160,p045,14,48.519999999999996,24.259999999999998,97.0,1.0,1.0,1,57.0,8.0
101,160,p045,15,93.97999999999999,46.989999999999995,13.529411764705882,0.0,0.0,1,63.0,16.0
101,160,p046,0,93.97999999999999,46.989999999999995,13.529411764705882,0.0,0.0,1,63.0,16.0
101,160,p046,1,89.33999999999999,44.669999999999995,58.529411764705884,1.0,0.0,1,64.0,16.0
101,160,p046,2,89.5,44.75,58.529411764705884,1.0,0.0,1,65.0,16.0
101,160,p046,3,100.0,55.72,13.68421052631579,0.0,0.0,1,74.0,16.0
101,160,p046,4,98.16,49.08,58.888888888888886,1.0,0.0,1,71.0,16.0
101,160,p046,5,57.32,28.66,97.27272727272728,1.0,1.0,1,62.0,8.0
101,160,p046,6,98.78,49.39,58.888888888888886,1.0,0.0,1,73.0,16.0
101,160,p046,7,100.0,53.56,58.68421052631579,1.0,0.0,1,77.0,16.0
101,160,p046,8,100.0,53.709999999999994,58.68421052631579,1.0,0.0,1,77.0,16.0
101,160,p046,9,58.1,29.05,97.27272727272728,1.0,1.0,1,65.0,8.0
101,160,p046,10,100.0,51.38999999999999,13.88888888888889,0.0,0.0,1,68.0,16.0
101,160,p046,11,100.0,51.55,13.88888888888889,0.0,0.0,1,70.0,16.0
101,160,p046,12,58.1,29.05,97.27272727272728,1.0,1.0,1,65.0,8.0
101,160,p046,13,98.16,49.08,58.888888888888886,1.0,0.0,1,71.0,16.0
101,160,p046,14,100.0,53.79,58.68421052631579,1.0,0.0,1,78.0,16.0
101,160,p046,15,66.12,33.06,96.66666666666667,1.0,1.0,1,67.0,8.0
101,160,p047,0,98.61999999999999,49.309999999999995,58.888888888888886,1.0,0.0,1,72.0,16.0
101,160,p047,1,98.46,49.23,58.888888888888886,1.0,0.0,1,71.0,16.0
101,160,p047,2,35.7,17.85,100.0,1.0,1.0,1,50.0,4.0
101,160,p047,3,100.0,51.47,13.88888888888889,0.0,0.0,1,69.0,16.0
101,160,p047,4,98.61999999999999,49.309999999999995,58.888888888888886,1.0,0.0,1,72.0,16.0
101,160,p047,5,98.61999999999999,49.309999999999995,58.888888888888886,1.0,0.0,1,72.0,16.0
101,160,p047,6,98.78,49.39,58.888888888888886,1.0,0.0,1,73.0,16.0
101,160,p047,7,27.04,13.52,100.0,1.0,1.0,0,44.0,4.0
101,160,p047,8,98.61999999999999,49.309999999999995,58.888888888888886,1.0,0.0,1,72.0,16.0
101,160,p047,9,67.06,33.53,96.66666666666667,1.0,1.0,1,71.0,8.0
101,160,p047,10,57.16,28.58,97.27272727272728,1.0,1.0,1,61.0,8.0
101,160,p047,11,35.54,17.77,100.0,1.0,1.0,1,49.0,4.0
101,160,p047,12,100.0,51.239999999999995,13.88888888888889,0.0,0.0,1,68.0,16.0
101,160,p047,13,89.5,44.75,58.529411764705884,1.0,0.0,1,65.0,16.0
101,160,p047,14,19.560000000000002,9.780000000000001,100.0,1.0,1.0,0,41.0,1.0
101,160,p047,15,100.0,53.709999999999994,58.68421052631579,1.0,0.0,1,77.0,16.0
101,160,p048,0,13.76,6.88,100.0,1.0,1.0,0,36.0,0.0
101,160,p048,1,98.61999999999999,49.309999999999995,58.888888888888886,1.0,0.0,1,72.0,16.0
101,160,p048,2,100.0,51.38999999999999,13.88888888888889,0.0,0.0,1,68.0,16.0
101,160,p048,3,100.0,51.309999999999995,13.88888888888889,0.0,0.0,1,67.0,16.0
101,160,p048,4,89.33999999999999,44.669999999999995,58.529411764705884,1.0,0.0,1,64.0,16.0
101,160,p048,5,100.0,55.72,13.68421052631579,0.0,0.0,1,74.0,16.0
101,160,p048,6,98.78,49.39,58.888888888888886,1.0,0.0,1,73.0,16.0
101,160,p048,7,57.78,28.89,97.27272727272728,1.0,1.0,1,63.0,8.0
101,160,p048,8,44.660000000000004,22.330000000000002,98.75,1.0,1.0,1,56.0,4.0
101,160,p048,9,68.34,34.17,16.363636363636363,0.0,0.0,1,49.0,8.0
101,160,p048,10,100.0,51.38999999999999,13.88888888888889,0.0,0.0,1,68.0,16.0
101,160,p048,11,98.46,49.23,58.888888888888886,1.0,0.0,1,71.0,16.0
101,160,p048,12,100.0,53.709999999999994,58.68421052631579,1.0,0.0,1,77.0,16.0
101,160,p048,13,98.3,49.15,58.888888888888886,1.0,0.0,1,70.0,16.0
101,160,p048,14,24.259999999999998,12.129999999999999,100.0,1.0,1.0,0,41.0,2.0
101,160,p048,15,100.0,61.87,13.0,0.0,0.0,1,79.0,16.0
101,180,p037,0,97.38,48.69,58.888888888888886,1.0,0.0,1,68.0,16.0
101,180,p037,1,97.52,48.76,58.888888888888886,1.0,0.0,1,67.0,16.0
101,180,p037,2,25.479999999999997,12.739999999999998,100.0,1.0,1.0,0,38.0,4.0
101,180,p037,3,100.0,55.72,13.68421052631579,0.0,0.0,1,74.0,16.0
101,180,p037,4,100.0,53.4,58.68421052631579,1.0,0.0,1,75.0,16.0
101,180,p037,5,100.0,51.239999999999995,13.88888888888889,0.0,0.0,1,68.0,16.0
101,180,p037,6,97.84,48.92,58.888888888888886,1.0,0.0,1,69.0,16.0
101,180,p037,7,100.0,53.48,58.68421052631579,1.0,0.0,1,76.0,16.0
101,180,p037,8,91.44,45.72,93.88888888888889,1.0,1.0,1,79.0,16.0
101,180,p037,9,100.0,53.4,58.68421052631579,1.0,0.0,1,75.0,16.0
101,180,p037,10,97.52,48.76,58.888888888888886,1.0,0.0,1,67.0,16.0
101,180,p037,11,100.0,53.239999999999995,58.68421052631579,1.0,0.0,1,73.0,16.0
101,180,p037,12,97.38,48.69,58.888888888888886,1.0,0.0,1,68.0,16.0
101,180,p037,13,98.0,49.0,58.888888888888886,1.0,0.0,1,70.0,16.0
101,180,p037,14,100.0,55.949999999999996,13.68421052631579,0.0,0.0,1,75.0,16.0
101,180,p037,15,100.0,53.239999999999995,58.68421052631579,1.0,0.0,1,73.0,16.0
101,180,p038,0,100.0,53.32,58.68421052631579,1.0,0.0,1,74.0,16.0
101,180,p038,1,100.0,53.32,58.68421052631579,1.0,0.0,1,74.0,16.0
101,180,p038,2,98.0,49.0,58.888888888888886,1.0,0.0,1,70.0,16.0
101,180,p038,3,100.0,53.239999999999995,58.68421052631579,1.0,0.0,1,73.0,16.0
101,180,p038,4,100.0,56.029999999999994,13.68421052631579,0.0,0.0,1,76.0,16.0
101,180,p038,5,97.52,48.76,58.888888888888886,1.0,0.0,1,67.0,16.0
101,180,p038,6,100.0,53.48,58.68421052631579,1.0,0.0,1,76.0,16.0
101,180,p038,7,100.0,51.309999999999995,13.88888888888889,0.0,0.0,1,67.0,16.0
101,180,p038,8,91.3,45.65,93.88888888888889,1.0,1.0,1,80.0,16.0
101,180,p038,9,100.0,55.87,13.68421052631579,0.0,0.0,1,74.0,16.0
101,180,p038,10,100.0,61.64,13.0,0.0,0.0,1,78.0,16.0
101,180,p038,11,23.619999999999997,11.809999999999999,100.0,1.0,1.0,0,37.0,2.0
101,180,p038,12,97.84,48.92,58.888888888888886,1.0,0.0,1,69.0,16.0
101,180,p038,13,100.0,53.17,58.68421052631579,1.0,0.0,1,74.0,16.0
101,180,p038,14,100.0,53.32,58.68421052631579,1.0,0.0,1,74.0,16.0
101,180,p038,15,100.0,55.87,13.68421052631579,0.0,0.0,1,74.0,16.0
101,180,p039,0,100.0,53.239999999999995,58.68421052631579,1.0,0.0,1,73.0,16.0
101,180,p039,1,100.0,55.72,13.68421052631579,0.0,0.0,1,74.0,16.0
101,180,p039,2,100.0,53.4,58.68421052631579,1.0,0.0,1,75.0,16.0
101,180,p039,3,91.44,45.72,93.88888888888889,1.0,1.0,1,79.0,16.0
101,180,p039,4,97.52,48.76,58.888888888888886,1.0,0.0,1,67.0,16.0
101,180,p039,5,97.84,48.92,58.888888888888886,1.0,0.0,1,69.0,16.0
101,180,p039,6,97.38,48.69,58.888888888888886,1.0,0.0,1,68.0,16.0
101,180,p039,7,100.0,61.79,13.0,0.0,0.0,1,78.0,16.0
101,180,p039,8,97.67999999999999,48.839999999999996,58.888888888888886,1.0,0.0,1,68.0,16.0
101,180,p039,9,97.52,48.76,58.888888888888886,1.0,0.0,1,67.0,16.0
101,180,p039,10,100.0,56.029999999999994,13.68421052631579,0.0,0.0,1,76.0,16.0
101,180,p039,11,100.0,61.79,13.0,0.0,0.0,1,78.0,16.0
101,180,p039,12,97.38,48.69,58.888888888888886,1.0,0.0,1,68.0,16.0
101,180,p039,13,100.0,61.709999999999994,13.0,0.0,0.0,1,77.0,16.0
101,180,p039,14,97.84,48.92,58.888888888888886,1.0,0.0,1,69.0,16.0
101,180,p039,15,93.82,46.91,13.529411764705882,0.0,0.0,1,62.0,16.0
101,180,p040,0,97.84,48.92,93.88888888888889,1.0,1.0,1,69.0,16.0
101,180,p040,1,89.2,44.6,93.52941176470588,1.0,1.0,1,65.0,16.0
101,180,p040,2,100.0,53.4,93.6842105263158,1.0,1.0,1,75.0,16.0
101,180,p040,3,98.16,49.08,93.88888888888889,1.0,1.0,1,71.0,16.0
101,180,p040,4,100.0,56.029999999999994,13.68421052631579,0.0,0.0,1,76.0,16.0
101,180,p040,5,93.97999999999999,46.989999999999995,13.529411764705882,0.0,0.0,1,63.0,16.0
101,180,p040,6,100.0,55.949999999999996,13.68421052631579,0.0,0.0,1,75.0,16.0
101,180,p040,7,37.28,18.64,20.0,0.0,0.0,1,28.0,4.0
101,180,p040,8,98.16,49.08,93.88888888888889,1.0,1.0,1,71.0,16.0
101,180,p040,9,100.0,56.029999999999994,13.68421052631579,0.0,0.0,1,76.0,16.0
101,180,p040,10,100.0,53.4,93.6842105263158,1.0,1.0,1,75.0,16.0
101,180,p040,11,100.0,55.78999999999999,13.68421052631579,0.0,0.0,1,73.0,16.0
101,180,p040,12,100.0,61.949999999999996,13.0,0.0,0.0,1,80.0,16.0
101,180,p040,13,34.44,17.22,100.0,1.0,1.0,0,44.0,4.0
101,180,p040,14,91.3,45.65,93.88888888888889,1.0,1.0,1,80.0,16.0
101,180,p040,15,98.16,49.08,93.88888888888889,1.0,1.0,1,71.0,16.0
101,180,p041,0,93.66,46.83,13.529411764705882,0.0,0.0,1,61.0,16.0
101,180,p041,1,100.0,53.48,93.6842105263158,1.0,1.0,1,76.0,16.0
101,180,p041,2,21.78,10.89,97.5,1.0,1.0,1,38.0,0.0
101,180,p041,3,89.03999999999999,44.519999999999996,93.52941176470588,1.0,1.0,1,64.0,16.0
101,180,p041,4,100.0,55.949999999999996,13.68421052631579,0.0,0.0,1,75.0,16.0
101,180,p041,5,100.0,53.25,93.6842105263158,1.0,1.0,1,75.0,16.0
101,180,p041,6,100.0,53.25,93.6842105263158,1.0,1.0,1,75.0,16.0
101,180,p041,7,98.16,49.08,93.88888888888889,1.0,1.0,1,71.0,16.0
101,180,p041,8,91.6,45.8,93.88888888888889,1.0,1.0,1,80.0,16.0
101,180,p041,9,98.16,49.08,93.88888888888889,1.0,1.0,1,71.0,16.0
101,180,p041,10,100.0,55.72,13.68421052631579,0.0,0.0,1,74.0,16.0
101,180,p041,11,97.84,48.92,93.88888888888889,1.0,1.0,1,69.0,16.0
101,180,p041,12,100.0,53.25,93.6842105263158,1.0,1.0,1,75.0,16.0
101,180,p041,13,100.0,51.309999999999995,13.88888888888889,0.0,0.0,1,67.0,16.0
101,180,p041,14,100.0,55.78999999999999,13.68421052631579,0.0,0.0,1,73.0,16.0
101,180,p041,15,100.0,55.72,13.68421052631579,0.0,0.0,1,74.0,16.0
101,180,p042,0,100.0,53.56,93.6842105263158,1.0,1.0,1,77.0,16.0
101,180,p042,1,11.72,5.86,20.0,0.0,0.0,0,12.0,1.0
101,180,p042,2,97.54,48.77,93.88888888888889,1.0,1.0,1,69.0,16.0
101,180,p042,3,97.54,48.77,93.88888888888889,1.0,1.0,1,69.0,16.0
101,180,p042,4,57.16,28.58,97.27272727272728,1.0,1.0,1,61.0,8.0
101,180,p042,5,100.0,53.48,93.6842105263158,1.0,1.0,1,76.0,16.0
101,180,p042,6,100.0,51.47,13.88888888888889,0.0,0.0,1,69.0,16.0
101,180,p042,7,97.54,48.77,93.88888888888889,1.0,1.0,1,69.0,16.0
101,180,p042,8,25.64,12.82,100.0,1.0,1.0,0,39.0,4.0
101,180,p042,9,91.44,45.72,93.88888888888889,1.0,1.0,1,79.0,16.0
101,180,p042,10,100.0,53.56,93.6842105263158,1.0,1.0,1,77.0,16.0
101,180,p042,11,100.0,53.4,93.6842105263158,1.0,1.0,1,75.0,16.0
101,180,p042,12,100.0,53.48,93.6842105263158,1.0,1.0,1,76.0,16.0
101,180,p042,13,34.76,17.38,100.0,1.0,1.0,0,46.0,4.0
101,180,p042,14,91.6,45.8,93.88888888888889,1.0,1.0,1,80.0,16.0
101,180,p042,15,97.67999999999999,48.839999999999996,93.88888888888889,1.0,1.0,1,68.0,16.0
101,180,p043,0,100.0,53.72,58.68421052631579,1.0,0.0,1,79.0,16.0
101,180,p043,1,29.48,14.74,17.5,0.0,0.0,1,23.0,1.0
101,180,p043,2,98.0,49.0,58.888888888888886,1.0,0.0,1,70.0,16.0
101,180,p043,3,100.0,53.41,58.68421052631579,1.0,0.0,1,77.0,16.0
101,180,p043,4,98.16,49.08,58.888888888888886,1.0,0.0,1,71.0,16.0
101,180,p043,5,100.0,51.55,13.88888888888889,0.0,0.0,1,70.0,16.0
101,180,p043,6,98.0,49.0,58.888888888888886,1.0,0.0,1,70.0,16.0
101,180,p043,7,98.16,49.08,58.888888888888886,1.0,0.0,1,71.0,16.0
101,180,p043,8,98.32,49.16,58.888888888888886,1.0,0.0,1,72.0,16.0
101,180,p043,9,100.0,51.55,13.88888888888889,0.0,0.0,1,70.0,16.0
101,180,p043,10,98.0,49.0,58.888888888888886,1.0,0.0,1,70.0,16.0
101,180,p043,11,100.0,51.309999999999995,13.88888888888889,0.0,0.0,1,67.0,16.0
101,180,p043,12,98.0,49.0,58.888888888888886,1.0,0.0,1,70.0,16.0
101,180,p043,13,98.47999999999999,49.239999999999995,58.888888888888886,1.0,0.0,1,73.0,16.0
101,180,p043,14,100.0,61.87,13.0,0.0,0.0,1,79.0,16.0
101,180,p043,15,89.36,44.68,58.529411764705884,1.0,0.0,1,66.0,16.0
101,180,p044,0,88.9,44.45,58.529411764705884,1.0,0.0,1,65.0,16.0
101,180,p044,1,23.939999999999998,11.969999999999999,100.0,1.0,1.0,0,39.0,2.0
101,180,p044,2,89.36,44.68,58.529411764705884,1.0,0.0,1,66.0,16.0
101,180,p044,3,100.0,55.78999999999999,13.68421052631579,0.0,0.0,1,73.0,16.0
101,180,p044,4,89.2,44.6,58.529411764705884,1.0,0.0,1,65.0,16.0
101,180,p044,5,34.8,17.4,18.0,0.0,0.0,0,25.0,2.0
101,180,p044,6,32.92,16.46,98.33333333333333,1.0,1.0,1,47.0,2.0
101,180,p044,7,89.2,44.6,58.529411764705884,1.0,0.0,1,65.0,16.0
101,180,p044,8,100.0,61.949999999999996,13.0,0.0,0.0,1,80.0,16.0
101,180,p044,9,97.86,48.93,58.888888888888886,1.0,0.0,1,71.0,16.0
101,180,p044,10,100.0,51.309999999999995,13.88888888888889,0.0,0.0,1,67.0,16.0
101,180,p044,11,98.47999999999999,49.239999999999995,58.888888888888886,1.0,0.0,1,73.0,16.0
101,180,p044,12,45.78,22.89,18.57142857142857,0.0,0.0,1,33.0,4.0
101,180,p044,13,100.0,53.48,58.68421052631579,1.0,0.0,1,76.0,16.0
101,180,p044,14,100.0,53.56,58.68421052631579,1.0,0.0,1,77.0,16.0
101,180,p044,15,100.0,51.239999999999995,13.88888888888889,0.0,0.0,1,68.0,16.0
101,180,p045,0,100.0,53.56,58.68421052631579,1.0,0.0,1,77.0,16.0
101,180,p045,1,88.9,44.45,58.529411764705884,1.0,0.0,1,65.0,16.0
101,180,p045,2,98.47999999999999,49.239999999999995,58.888888888888886,1.0,0.0,1,73.0,16.0
101,180,p045,3,100.0,53.48,58.68421052631579,1.0,0.0,1,76.0,16.0
101,180,p045,4,100.0,53.41,58.68421052631579,1.0,0.0,1,77.0,16.0
101,180,p045,5,100.0,53.56,58.68421052631579,1.0,0.0,1,77.0,16.0
101,180,p045,6,94.13999999999999,47.06999999999999,13.529411764705882,0.0,0.0,1,64.0,16.0
101,180,p045,7,100.0,53.56,58.68421052631579,1.0,0.0,1,77.0,16.0
101,180,p045,8,89.36,44.68,58.529411764705884,1.0,0.0,1,66.0,16.0
101,180,p045,9,100.0,55.72,13.68421052631579,0.0,0.0,1,74.0,16.0
101,180,p045,10,93.97999999999999,46.989999999999995,13.529411764705882,0.0,0.0,1,63.0,16.0
101,180,p045,11,89.2,44.6,58.529411764705884,1.0,0.0,1,65.0,16.0
101,180,p045,12,100.0,55.72,13.68421052631579,0.0,0.0,1,74.0,16.0
101,180,p045,13,44.2,22.1,98.75,1.0,1.0,1,55.0,4.0
101,180,p045,14,98.32,49.16,58.888888888888886,1.0,0.0,1,72.0,16.0
101,180,p045,15,100.0,51.47,13.88888888888889,0.0,0.0,1,69.0,16.0
101,180,p046,0,93.97999999999999,46.989999999999995,13.529411764705882,0.0,0.0,1,63.0,16.0
101,180,p046,1,98.3,49.15,58.888888888888886,1.0,0.0,1,70.0,16.0
101,180,p046,2,98.46,49.23,58.888888888888886,1.0,0.0,1,71.0,16.0
101,180,p046,3,100.0,55.72,13.68421052631579,0.0,0.0,1,74.0,16.0
101,180,p046,4,98.16,49.08,58.888888888888886,1.0,0.0,1,71.0,16.0
101,180,p046,5,100.0,53.629999999999995,58.68421052631579,1.0,0.0,1,76.0,16.0
101,180,p046,6,98.78,49.39,58.888888888888886,1.0,0.0,1,73.0,16.0
101,180,p046,7,100.0,53.56,58.68421052631579,1.0,0.0,1,77.0,16.0
101,180,p046,8,100.0,53.709999999999994,58.68421052631579,1.0,0.0,1,77.0,16.0
101,180,p046,9,98.61999999999999,49.309999999999995,58.888888888888886,1.0,0.0,1,72.0,16.0
101,180,p046,10,100.0,51.38999999999999,13.88888888888889,0.0,0.0,1,68.0,16.0
101,180,p046,11,100.0,51.55,13.88888888888889,0.0,0.0,1,70.0,16.0
101,180,p046,12,100.0,53.79,58.68421052631579,1.0,0.0,1,78.0,16.0
101,180,p046,13,100.0,53.56,58.68421052631579,1.0,0.0,1,77.0,16.0
101,180,p046,14,100.0,53.79,58.68421052631579,1.0,0.0,1,78.0,16.0
101,180,p046,15,100.0,53.709999999999994,58.68421052631579,1.0,0.0,1,77.0,16.0
101,180,p047,0,98.61999999999999,49.309999999999995,58.888888888888886,1.0,0.0,1,72.0,16.0
101,180,p047,1,98.46,49.23,58.888888888888886,1.0,0.0,1,71.0,16.0
101,180,p047,2,98.3,49.15,58.888888888888886,1.0,0.0,1,70.0,16.0
101,180,p047,3,100.0,51.47,13.88888888888889,0.0,0.0,1,69.0,16.0
101,180,p047,4,98.61999999999999,49.309999999999995,58.888888888888886,1.0,0.0,1,72.0,16.0
101,180,p047,5,98.61999999999999,49.309999999999995,58.888888888888886,1.0,0.0,1,72.0,16.0
101,180,p047,6,98.78,49.39,58.888888888888886,1.0,0.0,1,73.0,16.0
101,180,p047,7,89.66,44.83,58.529411764705884,1.0,0.0,1,66.0,16.0
101,180,p047,8,98.61999999999999,49.309999999999995,58.888888888888886,1.0,0.0,1,72.0,16.0
101,180,p047,9,100.0,55.949999999999996,13.68421052631579,0.0,0.0,1,75.0,16.0
101,180,p047,10,98.46,49.23,58.888888888888886,1.0,0.0,1,71.0,16.0
101,180,p047,11,98.78,49.39,58.888888888888886,1.0,0.0,1,73.0,16.0
101,180,p047,12,100.0,55.72,13.68421052631579,0.0,0.0,1,74.0,16.0
101,180,p047,13,89.5,44.75,58.529411764705884,1.0,0.0,1,65.0,16.0
101,180,p047,14,44.5,22.25,98.75,1.0,1.0,1,55.0,4.0
101,180,p047,15,100.0,53.709999999999994,58.68421052631579,1.0,0.0,1,77.0,16.0
101,180,p048,0,13.76,6.88,100.0,1.0,1.0,0,36.0,0.0
101,180,p048,1,100.0,53.79,58.68421052631579,1.0,0.0,1,78.0,16.0
101,180,p048,2,100.0,51.38999999999999,13.88888888888889,0.0,0.0,1,68.0,16.0
101,180,p048,3,100.0,51.309999999999995,13.88888888888889,0.0,0.0,1,67.0,16.0
101,180,p048,4,89.33999999999999,44.669999999999995,58.529411764705884,1.0,0.0,1,64.0,16.0
101,180,p048,5,100.0,55.72,13.68421052631579,0.0,0.0,1,74.0,16.0
101,180,p048,6,98.78,49.39,58.888888888888886,1.0,0.0,1,73.0,16.0
101,180,p048,7,98.78,49.39,58.888888888888886,1.0,0.0,1,73.0,16.0
101,180,p048,8,100.0,53.629999999999995,58.68421052631579,1.0,0.0,1,76.0,16.0
101,180,p048,9,100.0,55.949999999999996,13.68421052631579,0.0,0.0,1,75.0,16.0
101,180,p048,10,100.0,51.38999999999999,13.88888888888889,0.0,0.0,1,68.0,16.0
101,180,p048,11,98.46,49.23,58.888888888888886,1.0,0.0,1,71.0,16.0
101,180,p048,12,100.0,53.709999999999994,58.68421052631579,1.0,0.0,1,77.0,16.0
101,180,p048,13,98.3,49.15,58.888888888888886,1.0,0.0,1,70.0,16.0
101,180,p048,14,44.660000000000004,22.330000000000002,98.75,1.0,1.0,1,56.0,4.0
101,180,p048,15,100.0,61.87,13.0,0.0,0.0,1,79.0,16.0
101,200,p037,0,97.38,48.69,58.888888888888886,1.0,0.0,1,68.0,16.0
101,200,p037,1,97.52,48.76,58.888888888888886,1.0,0.0,1,67.0,16.0
101,200,p037,2,91.6,45.8,93.88888888888889,1.0,1.0,1,80.0,16.0
101,200,p037,3,100.0,55.72,13.68421052631579,0.0,0.0,1,74.0,16.0
101,200,p037,4,100.0,53.4,58.68421052631579,1.0,0.0,1,75.0,16.0
101,200,p037,5,100.0,51.239999999999995,13.88888888888889,0.0,0.0,1,68.0,16.0
101,200,p037,6,97.84,48.92,58.888888888888886,1.0,0.0,1,69.0,16.0
101,200,p037,7,100.0,53.48,58.68421052631579,1.0,0.0,1,76.0,16.0
101,200,p037,8,93.66,46.83,13.529411764705882,0.0,0.0,1,61.0,16.0
101,200,p037,9,100.0,53.4,58.68421052631579,1.0,0.0,1,75.0,16.0
101,200,p037,10,97.52,48.76,58.888888888888886,1.0,0.0,1,67.0,16.0
101,200,p037,11,100.0,53.239999999999995,58.68421052631579,1.0,0.0,1,73.0,16.0
101,200,p037,12,97.38,48.69,58.888888888888886,1.0,0.0,1,68.0,16.0
101,200,p037,13,98.0,49.0,58.888888888888886,1.0,0.0,1,70.0,16.0
101,200,p037,14,100.0,55.949999999999996,13.68421052631579,0.0,0.0,1,75.0,16.0
101,200,p037,15,100.0,55.78999999999999,13.68421052631579,0.0,0.0,1,73.0,16.0
101,200,p038,0,100.0,53.32,58.68421052631579,1.0,0.0,1,74.0,16.0
101,200,p038,1,100.0,53.32,58.68421052631579,1.0,0.0,1,74.0,16.0
101,200,p038,2,98.0,49.0,58.888888888888886,1.0,0.0,1,70.0,16.0
101,200,p038,3,100.0,53.239999999999995,58.68421052631579,1.0,0.0,1,73.0,16.0
101,200,p038,4,100.0,61.949999999999996,13.0,0.0,0.0,1,80.0,16.0
101,200,p038,5,97.52,48.76,58.888888888888886,1.0,0.0,1,67.0,16.0
101,200,p038,6,100.0,53.48,58.68421052631579,1.0,0.0,1,76.0,16.0
101,200,p038,7,100.0,51.309999999999995,13.88888888888889,0.0,0.0,1,67.0,16.0
101,200,p038,8,97.38,48.69,58.888888888888886,1.0,0.0,1,68.0,16.0
101,200,p038,9,100.0,55.87,13.68421052631579,0.0,0.0,1,74.0,16.0
101,200,p038,10,100.0,61.64,13.0,0.0,0.0,1,78.0,16.0
101,200,p038,11,34.44,17.22,100.0,1.0,1.0,0,44.0,4.0
101,200,p038,12,100.0,51.47,13.88888888888889,0.0,0.0,1,69.0,16.0
101,200,p038,13,100.0,53.17,58.68421052631579,1.0,0.0,1,74.0,16.0
101,200,p038,14,100.0,53.32,58.68421052631579,1.0,0.0,1,74.0,16.0
101,200,p038,15,100.0,55.87,13.68421052631579,0.0,0.0,1,74.0,16.0
101,200,p039,0,100.0,53.239999999999995,58.68421052631579,1.0,0.0,1,73.0,16.0
101,200,p039,1,100.0,55.72,13.68421052631579,0.0,0.0,1,74.0,16.0
101,200,p039,2,100.0,53.4,58.68421052631579,1.0,0.0,1,75.0,16.0
101,200,p039,3,100.0,51.309999999999995,13.88888888888889,0.0,0.0,1,67.0,16.0
101,200,p039,4,97.52,48.76,58.888888888888886,1.0,0.0,1,67.0,16.0
101,200,p039,5,97.84,48.92,58.888888888888886,1.0,0.0,1,69.0,16.0
101,200,p039,6,100.0,53.17,58.68421052631579,1.0,0.0,1,74.0,16.0
101,200,p039,7,100.0,61.79,13.0,0.0,0.0,1,78.0,16.0
101,200,p039,8,97.67999999999999,48.839999999999996,58.888888888888886,1.0,0.0,1,68.0,16.0
101,200,p039,9,97.52,48.76,58.888888888888886,1.0,0.0,1,67.0,16.0
101,200,p039,10,100.0,56.029999999999994,13.68421052631579,0.0,0.0,1,76.0,16.0
101,200,p039,11,100.0,61.79,13.0,0.0,0.0,1,78.0,16.0
101,200,p039,12,100.0,53.17,58.68421052631579,1.0,0.0,1,74.0,16.0
101,200,p039,13,100.0,61.709999999999994,13.0,0.0,0.0,1,77.0,16.0
101,200,p039,14,97.84,48.92,58.888888888888886,1.0,0.0,1,69.0,16.0
101,200,p039,15,93.82,46.91,13.529411764705882,0.0,0.0,1,62.0,16.0
101,200,p040,0,100.0,51.38999999999999,13.88888888888889,0.0,0.0,1,68.0,16.0
101,200,p040,1,89.2,44.6,93.52941176470588,1.0,1.0,1,65.0,16.0
101,200,p040,2,100.0,53.4,93.6842105263158,1.0,1.0,1,75.0,16.0
101,200,p040,3,100.0,53.56,93.6842105263158,1.0,1.0,1,77.0,16.0
101,200,p040,4,100.0,56.029999999999994,13.68421052631579,0.0,0.0,1,76.0,16.0
101,200,p040,5,93.97999999999999,46.989999999999995,13.529411764705882,0.0,0.0,1,63.0,16.0
101,200,p040,6,100.0,55.949999999999996,13.68421052631579,0.0,0.0,1,75.0,16.0
101,200,p040,7,100.0,55.949999999999996,13.68421052631579,0.0,0.0,1,75.0,16.0
101,200,p040,8,98.16,49.08,93.88888888888889,1.0,1.0,1,71.0,16.0
101,200,p040,9,100.0,56.029999999999994,13.68421052631579,0.0,0.0,1,76.0,16.0
101,200,p040,10,100.0,53.4,93.6842105263158,1.0,1.0,1,75.0,16.0
101,200,p040,11,100.0,55.78999999999999,13.68421052631579,0.0,0.0,1,73.0,16.0
101,200,p040,12,100.0,61.949999999999996,13.0,0.0,0.0,1,80.0,16.0
101,200,p040,13,56.22,28.11,97.27272727272728,1.0,1.0,1,57.0,8.0
101,200,p040,14,91.3,45.65,93.88888888888889,1.0,1.0,1,80.0,16.0
101,200,p040,15,100.0,51.55,13.88888888888889,0.0,0.0,1,70.0,16.0
101,200,p041,0,93.66,46.83,13.529411764705882,0.0,0.0,1,61.0,16.0
101,200,p041,1,100.0,53.48,93.6842105263158,1.0,1.0,1,76.0,16.0
101,200,p041,2,21.78,10.89,97.5,1.0,1.0,1,38.0,0.0
101,200,p041,3,89.03999999999999,44.519999999999996,93.52941176470588,1.0,1.0,1,64.0,16.0
101,200,p041,4,100.0,55.949999999999996,13.68421052631579,0.0,0.0,1,75.0,16.0
101,200,p041,5,100.0,53.25,93.6842105263158,1.0,1.0,1,75.0,16.0
101,200,p041,6,100.0,55.72,13.68421052631579,0.0,0.0,1,74.0,16.0
101,200,p041,7,100.0,53.56,93.6842105263158,1.0,1.0,1,77.0,16.0
101,200,p041,8,91.6,45.8,93.88888888888889,1.0,1.0,1,80.0,16.0
101,200,p041,9,100.0,53.56,93.6842105263158,1.0,1.0,1,77.0,16.0
101,200,p041,10,100.0,55.72,13.68421052631579,0.0,0.0,1,74.0,16.0
101,200,p041,11,97.84,48.92,93.88888888888889,1.0,1.0,1,69.0,16.0
101,200,p041,12,100.0,53.25,93.6842105263158,1.0,1.0,1,75.0,16.0
101,200,p041,13,100.0,55.78999999999999,13.68421052631579,0.0,0.0,1,73.0,16.0
101,200,p041,14,100.0,55.78999999999999,13.68421052631579,0.0,0.0,1,73.0,16.0
101,200,p041,15,100.0,55.72,13.68421052631579,0.0,0.0,1,74.0,16.0
101,200,p042,0,100.0,53.56,93.6842105263158,1.0,1.0,1,77.0,16.0
101,200,p042,1,17.52,8.76,20.0,0.0,0.0,0,17.0,2.0
101,200,p042,2,97.54,48.77,93.88888888888889,1.0,1.0,1,69.0,16.0
101,200,p042,3,100.0,53.25,93.6842105263158,1.0,1.0,1,75.0,16.0
101,200,p042,4,98.0,49.0,93.88888888888889,1.0,1.0,1,70.0,16.0
101,200,p042,5,100.0,53.48,93.6842105263158,1.0,1.0,1,76.0,16.0
101,200,p042,6,100.0,55.949999999999996,13.68421052631579,0.0,0.0,1,75.0,16.0
101,200,p042,7,97.54,48.77,93.88888888888889,1.0,1.0,1,69.0,16.0
101,200,p042,8,94.13999999999999,47.06999999999999,13.529411764705882,0.0,0.0,1,64.0,16.0
101,200,p042,9,97.67999999999999,48.839999999999996,93.88888888888889,1.0,1.0,1,68.0,16.0
101,200,p042,10,100.0,53.56,93.6842105263158,1.0,1.0,1,77.0,16.0
101,200,p042,11,100.0,55.87,13.68421052631579,0.0,0.0,1,74.0,16.0
101,200,p042,12,100.0,53.48,93.6842105263158,1.0,1.0,1,76.0,16.0
101,200,p042,13,100.0,51.309999999999995,13.88888888888889,0.0,0.0,1,67.0,16.0
101,200,p042,14,93.82,46.91,13.529411764705882,0.0,0.0,1,62.0,16.0
101,200,p042,15,100.0,53.32,93.6842105263158,1.0,1.0,1,74.0,16.0
101,200,p043,0,100.0,53.72,58.68421052631579,1.0,0.0,1,79.0,16.0
101,200,p043,1,29.48,14.74,17.5,0.0,0.0,1,23.0,1.0
101,200,p043,2,98.0,49.0,58.888888888888886,1.0,0.0,1,70.0,16.0
101,200,p043,3,100.0,53.41,58.68421052631579,1.0,0.0,1,77.0,16.0
101,200,p043,4,100.0,53.56,58.68421052631579,1.0,0.0,1,77.0,16.0
101,200,p043,5,100.0,51.55,13.88888888888889,0.0,0.0,1,70.0,16.0
101,200,p043,6,100.0,53.48,58.68421052631579,1.0,0.0,1,76.0,16.0
101,200,p043,7,98.16,49.08,58.888888888888886,1.0,0.0,1,71.0,16.0
101,200,p043,8,98.32,49.16,58.888888888888886,1.0,0.0,1,72.0,16.0
101,200,p043,9,100.0,56.029999999999994,13.68421052631579,0.0,0.0,1,76.0,16.0
101,200,p043,10,98.0,49.0,58.888888888888886,1.0,0.0,1,70.0,16.0
101,200,p043,11,100.0,51.309999999999995,13.88888888888889,0.0,0.0,1,67.0,16.0
101,200,p043,12,100.0,51.309999999999995,13.88888888888889,0.0,0.0,1,67.0,16.0
101,200,p043,13,100.0,53.72,58.68421052631579,1.0,0.0,1,79.0,16.0
101,200,p043,14,100.0,61.87,13.0,0.0,0.0,1,79.0,16.0
101,200,p043,15,93.97999999999999,46.989999999999995,13.529411764705882,0.0,0.0,1,63.0,16.0
101,200,p044,0,88.9,44.45,58.529411764705884,1.0,0.0,1,65.0,16.0
101,200,p044,1,34.76,17.38,100.0,1.0,1.0,0,46.0,4.0
101,200,p044,2,98.32,49.16,58.888888888888886,1.0,0.0,1,72.0,16.0
101,200,p044,3,100.0,55.78999999999999,13.68421052631579,0.0,0.0,1,73.0,16.0
101,200,p044,4,89.2,44.6,58.529411764705884,1.0,0.0,1,65.0,16.0
101,200,p044,5,45.62,22.81,18.57142857142857,0.0,0.0,1,32.0,4.0
101,200,p044,6,44.2,22.1,98.75,1.0,1.0,1,55.0,4.0
101,200,p044,7,89.2,44.6,58.529411764705884,1.0,0.0,1,65.0,16.0
101,200,p044,8,100.0,61.949999999999996,13.0,0.0,0.0,1,80.0,16.0
101,200,p044,9,97.86,48.93,58.888888888888886,1.0,0.0,1,71.0,16.0
101,200,p044,10,100.0,55.78999999999999,13.68421052631579,0.0,0.0,1,73.0,16.0
101,200,p044,11,100.0,51.55,13.88888888888889,0.0,0.0,1,70.0,16.0
101,200,p044,12,68.02,34.01,16.363636363636363,0.0,0.0,1,47.0,8.0
101,200,p044,13,100.0,53.48,58.68421052631579,1.0,0.0,1,76.0,16.0
101,200,p044,14,100.0,53.56,58.68421052631579,1.0,0.0,1,77.0,16.0
101,200,p044,15,100.0,51.239999999999995,13.88888888888889,0.0,0.0,1,68.0,16.0
101,200,p045,0,100.0,55.87,13.68421052631579,0.0,0.0,1,74.0,16.0
101,200,p045,1,88.9,44.45,58.529411764705884,1.0,0.0,1,65.0,16.0
101,200,p045,2,98.47999999999999,49.239999999999995,58.888888888888886,1.0,0.0,1,73.0,16.0
101,200,p045,3,100.0,53.48,58.68421052631579,1.0,0.0,1,76.0,16.0
101,200,p045,4,100.0,53.41,58.68421052631579,1.0,0.0,1,77.0,16.0
101,200,p045,5,100.0,53.56,58.68421052631579,1.0,0.0,1,77.0,16.0
101,200,p045,6,94.13999999999999,47.06999999999999,13.529411764705882,0.0,0.0,1,64.0,16.0
101,200,p045,7,100.0,55.87,13.68421052631579,0.0,0.0,1,74.0,16.0
101,200,p045,8,93.97999999999999,46.989999999999995,13.529411764705882,0.0,0.0,1,63.0,16.0
101,200,p045,9,100.0,55.72,13.68421052631579,0.0,0.0,1,74.0,16.0
101,200,p045,10,100.0,51.47,13.88888888888889,0.0,0.0,1,69.0,16.0
101,200,p045,11,89.2,44.6,58.529411764705884,1.0,0.0,1,65.0,16.0
101,200,p045,12,100.0,55.72,13.68421052631579,0.0,0.0,1,74.0,16.0
101,200,p045,13,100.0,53.41,58.68421052631579,1.0,0.0,1,77.0,16.0
101,200,p045,14,98.32,49.16,58.888888888888886,1.0,0.0,1,72.0,16.0
101,200,p045,15,100.0,51.47,13.88888888888889,0.0,0.0,1,69.0,16.0
101,200,p046,0,93.97999999999999,46.989999999999995,13.529411764705882,0.0,0.0,1,63.0,16.0
101,200,p046,1,98.3,49.15,58.888888888888886,1.0,0.0,1,70.0,16.0
101,200,p046,2,98.46,49.23,58.888888888888886,1.0,0.0,1,71.0,16.0
101,200,p046,3,100.0,61.64,13.0,0.0,0.0,1,78.0,16.0
101,200,p046,4,98.16,49.08,58.888888888888886,1.0,0.0,1,71.0,16.0
101,200,p046,5,100.0,53.629999999999995,58.68421052631579,1.0,0.0,1,76.0,16.0
101,200,p046,6,100.0,53.87,58.68421052631579,1.0,0.0,1,79.0,16.0
101,200,p046,7,100.0,53.56,58.68421052631579,1.0,0.0,1,77.0,16.0
101,200,p046,8,100.0,53.709999999999994,58.68421052631579,1.0,0.0,1,77.0,16.0
101,200,p046,9,98.61999999999999,49.309999999999995,58.888888888888886,1.0,0.0,1,72.0,16.0
101,200,p046,10,100.0,55.87,13.68421052631579,0.0,0.0,1,74.0,16.0
101,200,p046,11,100.0,56.029999999999994,13.68421052631579,0.0,0.0,1,76.0,16.0
101,200,p046,12,100.0,53.79,58.68421052631579,1.0,0.0,1,78.0,16.0
101,200,p046,13,100.0,53.56,58.68421052631579,1.0,0.0,1,77.0,16.0
101,200,p046,14,100.0,53.79,58.68421052631579,1.0,0.0,1,78.0,16.0
101,200,p046,15,100.0,55.87,13.68421052631579,0.0,0.0,1,74.0,16.0
101,200,p047,0,98.61999999999999,49.309999999999995,58.888888888888886,1.0,0.0,1,72.0,16.0
101,200,p047,1,98.46,49.23,58.888888888888886,1.0,0.0,1,71.0,16.0
101,200,p047,2,98.3,49.15,58.888888888888886,1.0,0.0,1,70.0,16.0
101,200,p047,3,100.0,51.47,13.88888888888889,0.0,0.0,1,69.0,16.0
101,200,p047,4,98.61999999999999,49.309999999999995,58.888888888888886,1.0,0.0,1,72.0,16.0
101,200,p047,5,98.61999999999999,49.309999999999995,58.888888888888886,1.0,0.0,1,72.0,16.0
101,200,p047,6,100.0,51.55,13.88888888888889,0.0,0.0,1,70.0,16.0
101,200,p047,7,89.66,44.83,58.529411764705884,1.0,0.0,1,66.0,16.0
101,200,p047,8,100.0,53.79,58.68421052631579,1.0,0.0,1,78.0,16.0
101,200,p047,9,100.0,55.949999999999996,13.68421052631579,0.0,0.0,1,75.0,16.0
101,200,p047,10,98.46,49.23,58.888888888888886,1.0,0.0,1,71.0,16.0
101,200,p047,11,100.0,53.87,58.68421052631579,1.0,0.0,1,79.0,16.0
101,200,p047,12,100.0,55.72,13.68421052631579,0.0,0.0,1,74.0,16.0
101,200,p047,13,89.5,44.75,58.529411764705884,1.0,0.0,1,65.0,16.0
101,200,p047,14,66.74000000000001,33.370000000000005,96.66666666666667,1.0,1.0,1,69.0,8.0
101,200,p047,15,100.0,53.709999999999994,58.68421052631579,1.0,0.0,1,77.0,16.0
101,200,p048,0,13.76,6.88,100.0,1.0,1.0,0,36.0,0.0
101,200,p048,1,100.0,53.79,58.68421052631579,1.0,0.0,1,78.0,16.0
101,200,p048,2,100.0,55.87,13.68421052631579,0.0,0.0,1,74.0,16.0
101,200,p048,3,100.0,51.309999999999995,13.88888888888889,0.0,0.0,1,67.0,16.0
101,200,p048,4,89.33999999999999,44.669999999999995,58.529411764705884,1.0,0.0,1,64.0,16.0
101,200,p048,5,100.0,55.72,13.68421052631579,0.0,0.0,1,74.0,16.0
101,200,p048,6,100.0,53.87,58.68421052631579,1.0,0.0,1,79.0,16.0
101,200,p048,7,100.0,56.029999999999994,13.68421052631579,0.0,0.0,1,76.0,16.0
101,200,p048,8,100.0,55.78999999999999,13.68421052631579,0.0,0.0,1,73.0,16.0
101,200,p048,9,100.0,55.949999999999996,13.68421052631579,0.0,0.0,1,75.0,16.0
101,200,p048,10,100.0,51.38999999999999,13.88888888888889,0.0,0.0,1,68.0,16.0
101,200,p048,11,98.46,49.23,58.888888888888886,1.0,0.0,1,71.0,16.0
101,200,p048,12,100.0,53.709999999999994,58.68421052631579,1.0,0.0,1,77.0,16.0
101,200,p048,13,100.0,53.629999999999995,58.68421052631579,1.0,0.0,1,76.0,16.0
101,200,p048,14,100.0,53.629999999999995,58.68421052631579,1.0,0.0,1,76.0,16.0
101,200,p048,15,100.0,61.87,13.0,0.0,0.0,1,79.0,16.0
101,220,p037,0,97.38,48.69,58.888888888888886,1.0,0.0,1,68.0,16.0
101,220,p037,1,97.52,48.76,58.888888888888886,1.0,0.0,1,67.0,16.0
101,220,p037,2,91.6,45.8,93.88888888888889,1.0,1.0,1,80.0,16.0
101,220,p037,3,100.0,55.72,13.68421052631579,0.0,0.0,1,74.0,16.0
101,220,p037,4,100.0,53.4,58.68421052631579,1.0,0.0,1,75.0,16.0
101,220,p037,5,100.0,51.239999999999995,13.88888888888889,0.0,0.0,1,68.0,16.0
101,220,p037,6,97.84,48.92,58.888888888888886,1.0,0.0,1,69.0,16.0
101,220,p037,7,100.0,53.48,58.68421052631579,1.0,0.0,1,76.0,16.0
101,220,p037,8,93.66,46.83,13.529411764705882,0.0,0.0,1,61.0,16.0
101,220,p037,9,100.0,53.4,58.68421052631579,1.0,0.0,1,75.0,16.0
101,220,p037,10,97.52,48.76,58.888888888888886,1.0,0.0,1,67.0,16.0
101,220,p037,11,100.0,53.239999999999995,58.68421052631579,1.0,0.0,1,73.0,16.0
101,220,p037,12,97.38,48.69,58.888888888888886,1.0,0.0,1,68.0,16.0
101,220,p037,13,98.0,49.0,58.888888888888886,1.0,0.0,1,70.0,16.0
101,220,p037,14,100.0,55.949999999999996,13.68421052631579,0.0,0.0,1,75.0,16.0
101,220,p037,15,100.0,55.78999999999999,13.68421052631579,0.0,0.0,1,73.0,16.0
101,220,p038,0,100.0,53.32,58.68421052631579,1.0,0.0,1,74.0,16.0
101,220,p038,1,100.0,53.32,58.68421052631579,1.0,0.0,1,74.0,16.0
101,220,p038,2,100.0,53.48,58.68421052631579,1.0,0.0,1,76.0,16.0
101,220,p038,3,100.0,53.239999999999995,58.68421052631579,1.0,0.0,1,73.0,16.0
101,220,p038,4,100.0,61.949999999999996,13.0,0.0,0.0,1,80.0,16.0
101,220,p038,5,97.52,48.76,58.888888888888886,1.0,0.0,1,67.0,16.0
101,220,p038,6,100.0,53.48,58.68421052631579,1.0,0.0,1,76.0,16.0
101,220,p038,7,100.0,51.309999999999995,13.88888888888889,0.0,0.0,1,67.0,16.0
101,220,p038,8,97.38,48.69,58.888888888888886,1.0,0.0,1,68.0,16.0
101,220,p038,9,100.0,55.87,13.68421052631579,0.0,0.0,1,74.0,16.0
101,220,p038,10,100.0,61.64,13.0,0.0,0.0,1,78.0,16.0
101,220,p038,11,34.44,17.22,100.0,1.0,1.0,0,44.0,4.0
101,220,p038,12,100.0,55.949999999999996,13.68421052631579,0.0,0.0,1,75.0,16.0
101,220,p038,13,100.0,55.72,13.68421052631579,0.0,0.0,1,74.0,16.0
101,220,p038,14,100.0,53.32,58.68421052631579,1.0,0.0,1,74.0,16.0
101,220,p038,15,100.0,55.87,13.68421052631579,0.0,0.0,1,74.0,16.0
101,220,p039,0,100.0,53.239999999999995,58.68421052631579,1.0,0.0,1,73.0,16.0
101,220,p039,1,100.0,55.72,13.68421052631579,0.0,0.0,1,74.0,16.0
101,220,p039,2,100.0,53.4,58.68421052631579,1.0,0.0,1,75.0,16.0
101,220,p039,3,100.0,51.309999999999995,13.88888888888889,0.0,0.0,1,67.0,16.0
101,220,p039,4,97.52,48.76,58.888888888888886,1.0,0.0,1,67.0,16.0
101,220,p039,5,100.0,53.4,58.68421052631579,1.0,0.0,1,75.0,16.0
101,220,p039,6,100.0,53.17,58.68421052631579,1.0,0.0,1,74.0,16.0
101,220,p039,7,100.0,61.79,13.0,0.0,0.0,1,78.0,16.0
101,220,p039,8,100.0,53.32,58.68421052631579,1.0,0.0,1,74.0,16.0
101,220,p039,9,97.52,48.76,58.888888888888886,1.0,0.0,1,67.0,16.0
101,220,p039,10,100.0,56.029999999999994,13.68421052631579,0.0,0.0,1,76.0,16.0
101,220,p039,11,100.0,61.79,13.0,0.0,0.0,1,78.0,16.0
101,220,p039,12,100.0,53.17,58.68421052631579,1.0,0.0,1,74.0,16.0
101,220,p039,13,100.0,61.709999999999994,13.0,0.0,0.0,1,77.0,16.0
101,220,p039,14,97.84,48.92,58.888888888888886,1.0,0.0,1,69.0,16.0
101,220,p039,15,93.82,46.91,13.529411764705882,0.0,0.0,1,62.0,16.0
101,220,p040,0,100.0,55.87,13.68421052631579,0.0,0.0,1,74.0,16.0
101,220,p040,1,89.2,44.6,93.52941176470588,1.0,1.0,1,65.0,16.0
101,220,p040,2,100.0,55.87,13.68421052631579,0.0,0.0,1,74.0,16.0
101,220,p040,3,100.0,53.56,93.6842105263158,1.0,1.0,1,77.0,16.0
101,220,p040,4,100.0,56.029999999999994,13.68421052631579,0.0,0.0,1,76.0,16.0
101,220,p040,5,93.97999999999999,46.989999999999995,13.529411764705882,0.0,0.0,1,63.0,16.0
101,220,p040,6,100.0,55.949999999999996,13.68421052631579,0.0,0.0,1,75.0,16.0
101,220,p040,7,100.0,55.949999999999996,13.68421052631579,0.0,0.0,1,75.0,16.0
101,220,p040,8,100.0,53.56,93.6842105263158,1.0,1.0,1,77.0,16.0
101,220,p040,9,100.0,56.029999999999994,13.68421052631579,0.0,0.0,1,76.0,16.0
101,220,p040,10,100.0,53.4,93.6842105263158,1.0,1.0,1,75.0,16.0
101,220,p040,11,100.0,55.78999999999999,13.68421052631579,0.0,0.0,1,73.0,16.0
101,220,p040,12,100.0,61.949999999999996,13.0,0.0,0.0,1,80.0,16.0
101,220,p040,13,97.84,48.92,93.88888888888889,1.0,1.0,1,69.0,16.0
101,220,p040,14,97.54,48.77,93.88888888888889,1.0,1.0,1,69.0,16.0
101,220,p040,15,100.0,51.55,13.88888888888889,0.0,0.0,1,70.0,16.0
101,220,p041,0,93.66,46.83,13.529411764705882,0.0,0.0,1,61.0,16.0
101,220,p041,1,100.0,53.48,93.6842105263158,1.0,1.0,1,76.0,16.0
101,220,p041,2,26.96,13.48,98.0,1.0,1.0,0,41.0,1.0
101,220,p041,3,89.03999999999999,44.519999999999996,93.52941176470588,1.0,1.0,1,64.0,16.0
101,220,p041,4,100.0,55.949999999999996,13.68421052631579,0.0,0.0,1,75.0,16.0
101,220,p041,5,100.0,53.25,93.6842105263158,1.0,1.0,1,75.0,16.0
101,220,p041,6,100.0,55.72,13.68421052631579,0.0,0.0,1,74.0,16.0
101,220,p041,7,100.0,53.56,93.6842105263158,1.0,1.0,1,77.0,16.0
101,220,p041,8,91.6,45.8,93.88888888888889,1.0,1.0,1,80.0,16.0
101,220,p041,9,100.0,53.56,93.6842105263158,1.0,1.0,1,77.0,16.0
101,220,p041,10,100.0,55.72,13.68421052631579,0.0,0.0,1,74.0,16.0
101,220,p041,11,97.84,48.92,93.88888888888889,1.0,1.0,1,69.0,16.0
101,220,p041,12,100.0,55.72,13.68421052631579,0.0,0.0,1,74.0,16.0
101,220,p041,13,100.0,55.78999999999999,13.68421052631579,0.0,0.0,1,73.0,16.0
101,220,p041,14,100.0,55.78999999999999,13.68421052631579,0.0,0.0,1,73.0,16.0
101,220,p041,15,100.0,55.72,13.68421052631579,0.0,0.0,1,74.0,16.0
101,220,p042,0,100.0,53.56,93.6842105263158,1.0,1.0,1,77.0,16.0
101,220,p042,1,17.52,8.76,20.0,0.0,0.0,0,17.0,2.0
101,220,p042,2,97.54,48.77,93.88888888888889,1.0,1.0,1,69.0,16.0
101,220,p042,3,100.0,53.25,93.6842105263158,1.0,1.0,1,75.0,16.0
101,220,p042,4,100.0,53.48,93.6842105263158,1.0,1.0,1,76.0,16.0
101,220,p042,5,100.0,53.48,93.6842105263158,1.0,1.0,1,76.0,16.0
101,220,p042,6,100.0,55.949999999999996,13.68421052631579,0.0,0.0,1,75.0,16.0
101,220,p042,7,100.0,51.239999999999995,13.88888888888889,0.0,0.0,1,68.0,16.0
101,220,p042,8,94.13999999999999,47.06999999999999,13.529411764705882,0.0,0.0,1,64.0,16.0
101,220,p042,9,97.67999999999999,48.839999999999996,93.88888888888889,1.0,1.0,1,68.0,16.0
101,220,p042,10,100.0,53.56,93.6842105263158,1.0,1.0,1,77.0,16.0
101,220,p042,11,100.0,55.87,13.68421052631579,0.0,0.0,1,74.0,16.0
101,220,p042,12,100.0,53.48,93.6842105263158,1.0,1.0,1,76.0,16.0
101,220,p042,13,100.0,51.309999999999995,13.88888888888889,0.0,0.0,1,67.0,16.0
101,220,p042,14,93.82,46.91,13.529411764705882,0.0,0.0,1,62.0,16.0
101,220,p042,15,100.0,53.32,93.6842105263158,1.0,1.0,1,74.0,16.0
101,220,p043,0,100.0,53.72,58.68421052631579,1.0,0.0,1,79.0,16.0
101,220,p043,1,34.8,17.4,18.0,0.0,0.0,0,25.0,2.0
101,220,p043,2,100.0,53.48,58.68421052631579,1.0,0.0,1,76.0,16.0
101,220,p043,3,100.0,53.41,58.68421052631579,1.0,0.0,1,77.0,16.0
101,220,p043,4,100.0,53.56,58.68421052631579,1.0,0.0,1,77.0,16.0
101,220,p043,5,100.0,51.55,13.88888888888889,0.0,0.0,1,70.0,16.0
101,220,p043,6,100.0,53.48,58.68421052631579,1.0,0.0,1,76.0,16.0
101,220,p043,7,100.0,51.38999999999999,13.88888888888889,0.0,0.0,1,68.0,16.0
101,220,p043,8,100.0,53.64,58.68421052631579,1.0,0.0,1,78.0,16.0
101,220,p043,9,100.0,56.029999999999994,13.68421052631579,0.0,0.0,1,76.0,16.0
101,220,p043,10,98.0,49.0,58.888888888888886,1.0,0.0,1,70.0,16.0
101,220,p043,11,100.0,55.78999999999999,13.68421052631579,0.0,0.0,1,73.0,16.0
101,220,p043,12,100.0,55.78999999999999,13.68421052631579,0.0,0.0,1,73.0,16.0
101,220,p043,13,100.0,53.72,58.68421052631579,1.0,0.0,1,79.0,16.0
101,220,p043,14,100.0,61.87,13.0,0.0,0.0,1,79.0,16.0
101,220,p043,15,93.97999999999999,46.989999999999995,13.529411764705882,0.0,0.0,1,63.0,16.0
101,220,p044,0,88.9,44.45,58.529411764705884,1.0,0.0,1,65.0,16.0
101,220,p044,1,56.54,28.27,97.27272727272728,1.0,1.0,1,59.0,8.0
101,220,p044,2,98.32,49.16,58.888888888888886,1.0,0.0,1,72.0,16.0
101,220,p044,3,100.0,55.78999999999999,13.68421052631579,0.0,0.0,1,73.0,16.0
101,220,p044,4,89.2,44.6,58.529411764705884,1.0,0.0,1,65.0,16.0
101,220,p044,5,67.39999999999999,33.699999999999996,16.363636363636363,0.0,0.0,1,45.0,8.0
101,220,p044,6,44.2,22.1,98.75,1.0,1.0,1,55.0,4.0
101,220,p044,7,89.2,44.6,58.529411764705884,1.0,0.0,1,65.0,16.0
101,220,p044,8,100.0,61.949999999999996,13.0,0.0,0.0,1,80.0,16.0
101,220,p044,9,100.0,53.41,58.68421052631579,1.0,0.0,1,77.0,16.0
101,220,p044,10,100.0,55.78999999999999,13.68421052631579,0.0,0.0,1,73.0,16.0
101,220,p044,11,100.0,51.55,13.88888888888889,0.0,0.0,1,70.0,16.0
101,220,p044,12,100.0,56.029999999999994,13.68421052631579,0.0,0.0,1,76.0,16.0
101,220,p044,13,100.0,55.78999999999999,13.68421052631579,0.0,0.0,1,73.0,16.0
101,220,p044,14,100.0,53.56,58.68421052631579,1.0,0.0,1,77.0,16.0
101,220,p044,15,100.0,51.239999999999995,13.88888888888889,0.0,0.0,1,68.0,16.0
101,220,p045,0,100.0,55.87,13.68421052631579,0.0,0.0,1,74.0,16.0
101,220,p045,1,88.9,44.45,58.529411764705884,1.0,0.0,1,65.0,16.0
101,220,p045,2,98.47999999999999,49.239999999999995,58.888888888888886,1.0,0.0,1,73.0,16.0
101,220,p045,3,100.0,53.48,58.68421052631579,1.0,0.0,1,76.0,16.0
101,220,p045,4,100.0,53.41,58.68421052631579,1.0,0.0,1,77.0,16.0
101,220,p045,5,100.0,53.56,58.68421052631579,1.0,0.0,1,77.0,16.0
101,220,p045,6,94.13999999999999,47.06999999999999,13.529411764705882,0.0,0.0,1,64.0,16.0
101,220,p045,7,100.0,55.87,13.68421052631579,0.0,0.0,1,74.0,16.0
101,220,p045,8,93.97999999999999,46.989999999999995,13.529411764705882,0.0,0.0,1,63.0,16.0
101,220,p045,9,100.0,55.72,13.68421052631579,0.0,0.0,1,74.0,16.0
101,220,p045,10,100.0,51.47,13.88888888888889,0.0,0.0,1,69.0,16.0
101,220,p045,11,93.82,46.91,13.529411764705882,0.0,0.0,1,62.0,16.0
101,220,p045,12,100.0,55.72,13.68421052631579,0.0,0.0,1,74.0,16.0
101,220,p045,13,100.0,53.41,58.68421052631579,1.0,0.0,1,77.0,16.0
101,220,p045,14,100.0,51.47,13.88888888888889,0.0,0.0,1,69.0,16.0
101,220,p045,15,100.0,51.47,13.88888888888889,0.0,0.0,1,69.0,16.0
101,220,p046,0,93.97999999999999,46.989999999999995,13.529411764705882,0.0,0.0,1,63.0,16.0
101,220,p046,1,98.3,49.15,58.888888888888886,1.0,0.0,1,70.0,16.0
101,220,p046,2,98.46,49.23,58.888888888888886,1.0,0.0,1,71.0,16.0
101,220,p046,3,100.0,61.64,13.0,0.0,0.0,1,78.0,16.0
101,220,p046,4,100.0,53.56,58.68421052631579,1.0,0.0,1,77.0,16.0
101,220,p046,5,100.0,53.629999999999995,58.68421052631579,1.0,0.0,1,76.0,16.0
101,220,p046,6,100.0,53.87,58.68421052631579,1.0,0.0,1,79.0,16.0
101,220,p046,7,100.0,53.56,58.68421052631579,1.0,0.0,1,77.0,16.0
101,220,p046,8,100.0,53.709999999999994,58.68421052631579,1.0,0.0,1,77.0,16.0
101,220,p046,9,100.0,51.47,13.88888888888889,0.0,0.0,1,69.0,16.0
101,220,p046,10,100.0,55.87,13.68421052631579,0.0,0.0,1,74.0,16.0
101,220,p046,11,100.0,56.029999999999994,13.68421052631579,0.0,0.0,1,76.0,16.0
101,220,p046,12,100.0,53.79,58.68421052631579,1.0,0.0,1,78.0,16.0
101,220,p046,13,100.0,53.56,58.68421052631579,1.0,0.0,1,77.0,16.0
101,220,p046,14,100.0,53.79,58.68421052631579,1.0,0.0,1,78.0,16.0
101,220,p046,15,100.0,55.87,13.68421052631579,0.0,0.0,1,74.0,16.0
101,220,p047,0,98.61999999999999,49.309999999999995,58.888888888888886,1.0,0.0,1,72.0,16.0
101,220,p047,1,98.46,49.23,58.888888888888886,1.0,0.0,1,71.0,16.0
101,220,p047,2,98.3,49.15,58.888888888888886,1.0,0.0,1,70.0,16.0
101,220,p047,3,100.0,51.47,13.88888888888889,0.0,0.0,1,69.0,16.0
101,220,p047,4,100.0,53.79,58.68421052631579,1.0,0.0,1,78.0,16.0
101,220,p047,5,98.61999999999999,49.309999999999995,58.888888888888886,1.0,0.0,1,72.0,16.0
101,220,p047,6,100.0,51.55,13.88888888888889,0.0,0.0,1,70.0,16.0
101,220,p047,7,89.66,44.83,58.529411764705884,1.0,0.0,1,66.0,16.0
101,220,p047,8,100.0,53.79,58.68421052631579,1.0,0.0,1,78.0,16.0
101,220,p047,9,100.0,55.949999999999996,13.68421052631579,0.0,0.0,1,75.0,16.0
101,220,p047,10,98.46,49.23,58.888888888888886,1.0,0.0,1,71.0,16.0
101,220,p047,11,100.0,53.87,58.68421052631579,1.0,0.0,1,79.0,16.0
101,220,p047,12,100.0,55.72,13.68421052631579,0.0,0.0,1,74.0,16.0
101,220,p047,13,89.5,44.75,58.529411764705884,1.0,0.0,1,65.0,16.0
101,220,p047,14,100.0,53.87,58.68421052631579,1.0,0.0,1,79.0,16.0
101,220,p047,15,100.0,53.709999999999994,58.68421052631579,1.0,0.0,1,77.0,16.0
101,220,p048,0,13.76,6.88,100.0,1.0,1.0,0,36.0,0.0
101,220,p048,1,100.0,55.949999999999996,13.68421052631579,0.0,0.0,1,75.0,16.0
101,220,p048,2,100.0,55.87,13.68421052631579,0.0,0.0,1,74.0,16.0
101,220,p048,3,100.0,51.309999999999995,13.88888888888889,0.0,0.0,1,67.0,16.0
101,220,p048,4,98.3,49.15,58.888888888888886,1.0,0.0,1,70.0,16.0
101,220,p048,5,100.0,55.72,13.68421052631579,0.0,0.0,1,74.0,16.0
101,220,p048,6,100.0,53.87,58.68421052631579,1.0,0.0,1,79.0,16.0
101,220,p048,7,100.0,56.029999999999994,13.68421052631579,0.0,0.0,1,76.0,16.0
101,220,p048,8,100.0,55.78999999999999,13.68421052631579,0.0,0.0,1,73.0,16.0
101,220,p048,9,100.0,55.949999999999996,13.68421052631579,0.0,0.0,1,75.0,16.0
101,220,p048,10,100.0,55.87,13.68421052631579,0.0,0.0,1,74.0,16.0
101,220,p048,11,100.0,51.38999999999999,13.88888888888889,0.0,0.0,1,68.0,16.0
101,220,p048,12,100.0,53.709999999999994,58.68421052631579,1.0,0.0,1,77.0,16.0
101,220,p048,13,100.0,53.629999999999995,58.68421052631579,1.0,0.0,1,76.0,16.0
101,220,p048,14,100.0,55.78999999999999,13.68421052631579,0.0,0.0,1,73.0,16.0
101,220,p048,15,100.0,61.87,13.0,0.0,0.0,1,79.0,16.0
101,240,p037,0,100.0,53.17,58.68421052631579,1.0,0.0,1,74.0,16.0
101,240,p037,1,97.52,48.76,58.888888888888886,1.0,0.0,1,67.0,16.0
101,240,p037,2,97.67999999999999,48.839999999999996,58.888888888888886,1.0,0.0,1,68.0,16.0
101,240,p037,3,100.0,55.72,13.68421052631579,0.0,0.0,1,74.0,16.0
101,240,p037,4,100.0,55.949999999999996,13.68421052631579,0.0,0.0,1,75.0,16.0
101,240,p037,5,100.0,51.239999999999995,13.88888888888889,0.0,0.0,1,68.0,16.0
101,240,p037,6,100.0,53.4,58.68421052631579,1.0,0.0,1,75.0,16.0
101,240,p037,7,100.0,53.48,58.68421052631579,1.0,0.0,1,76.0,16.0
101,240,p037,8,93.66,46.83,13.529411764705882,0.0,0.0,1,61.0,16.0
101,240,p037,9,100.0,55.949999999999996,13.68421052631579,0.0,0.0,1,75.0,16.0
101,240,p037,10,100.0,55.78999999999999,13.68421052631579,0.0,0.0,1,73.0,16.0
101,240,p037,11,100.0,53.239999999999995,58.68421052631579,1.0,0.0,1,73.0,16.0
101,240,p037,12,100.0,53.17,58.68421052631579,1.0,0.0,1,74.0,16.0
101,240,p037,13,100.0,53.48,58.68421052631579,1.0,0.0,1,76.0,16.0
101,240,p037,14,100.0,55.949999999999996,13.68421052631579,0.0,0.0,1,75.0,16.0
101,240,p037,15,100.0,55.78999999999999,13.68421052631579,0.0,0.0,1,73.0,16.0
101,240,p038,0,100.0,53.32,58.68421052631579,1.0,0.0,1,74.0,16.0
101,240,p038,1,100.0,53.32,58.68421052631579,1.0,0.0,1,74.0,16.0
101,240,p038,2,100.0,56.029999999999994,13.68421052631579,0.0,0.0,1,76.0,16.0
101,240,p038,3,100.0,53.239999999999995,58.68421052631579,1.0,0.0,1,73.0,16.0
101,240,p038,4,100.0,61.949999999999996,13.0,0.0,0.0,1,80.0,16.0
101,240,p038,5,100.0,55.78999999999999,13.68421052631579,0.0,0.0,1,73.0,16.0
101,240,p038,6,100.0,53.48,58.68421052631579,1.0,0.0,1,76.0,16.0
101,240,p038,7,100.0,51.309999999999995,13.88888888888889,0.0,0.0,1,67.0,16.0
101,240,p038,8,97.38,48.69,58.888888888888886,1.0,0.0,1,68.0,16.0
101,240,p038,9,100.0,55.87,13.68421052631579,0.0,0.0,1,74.0,16.0
101,240,p038,10,100.0,61.64,13.0,0.0,0.0,1,78.0,16.0
101,240,p038,11,56.22,28.11,97.27272727272728,1.0,1.0,1,57.0,8.0
101,240,p038,12,100.0,55.949999999999996,13.68421052631579,0.0,0.0,1,75.0,16.0
101,240,p038,13,100.0,55.72,13.68421052631579,0.0,0.0,1,74.0,16.0
101,240,p038,14,100.0,53.32,58.68421052631579,1.0,0.0,1,74.0,16.0
101,240,p038,15,100.0,55.87,13.68421052631579,0.0,0.0,1,74.0,16.0
101,240,p039,0,100.0,53.239999999999995,58.68421052631579,1.0,0.0,1,73.0,16.0
101,240,p039,1,100.0,55.72,13.68421052631579,0.0,0.0,1,74.0,16.0
101,240,p039,2,100.0,53.4,58.68421052631579,1.0,0.0,1,75.0,16.0
101,240,p039,3,100.0,51.309999999999995,13.88888888888889,0.0,0.0,1,67.0,16.0
101,240,p039,4,97.52,48.76,58.888888888888886,1.0,0.0,1,67.0,16.0
101,240,p039,5,100.0,53.4,58.68421052631579,1.0,0.0,1,75.0,16.0
101,240,p039,6,100.0,53.17,58.68421052631579,1.0,0.0,1,74.0,16.0
101,240,p039,7,100.0,61.79,13.0,0.0,0.0,1,78.0,16.0
101,240,p039,8,100.0,53.32,58.68421052631579,1.0,0.0,1,74.0,16.0
101,240,p039,9,100.0,51.309999999999995,13.88888888888889,0.0,0.0,1,67.0,16.0
101,240,p039,10,100.0,56.029999999999994,13.68421052631579,0.0,0.0,1,76.0,16.0
101,240,p039,11,100.0,61.79,13.0,0.0,0.0,1,78.0,16.0
101,240,p039,12,100.0,53.17,58.68421052631579,1.0,0.0,1,74.0,16.0
101,240,p039,13,100.0,61.709999999999994,13.0,0.0,0.0,1,77.0,16.0
101,240,p039,14,100.0,53.4,58.68421052631579,1.0,0.0,1,75.0,16.0
101,240,p039,15,93.82,46.91,13.529411764705882,0.0,0.0,1,62.0,16.0
101,240,p040,0,100.0,55.87,13.68421052631579,0.0,0.0,1,74.0,16.0
101,240,p040,1,98.16,49.08,93.88888888888889,1.0,1.0,1,71.0,16.0
101,240,p040,2,100.0,55.87,13.68421052631579,0.0,0.0,1,74.0,16.0
101,240,p040,3,100.0,53.56,93.6842105263158,1.0,1.0,1,77.0,16.0
101,240,p040,4,100.0,56.029999999999994,13.68421052631579,0.0,0.0,1,76.0,16.0
101,240,p040,5,93.97999999999999,46.989999999999995,13.529411764705882,0.0,0.0,1,63.0,16.0
101,240,p040,6,100.0,55.949999999999996,13.68421052631579,0.0,0.0,1,75.0,16.0
101,240,p040,7,100.0,55.949999999999996,13.68421052631579,0.0,0.0,1,75.0,16.0
101,240,p040,8,100.0,53.56,93.6842105263158,1.0,1.0,1,77.0,16.0
101,240,p040,9,100.0,56.029999999999994,13.68421052631579,0.0,0.0,1,76.0,16.0
101,240,p040,10,100.0,53.4,93.6842105263158,1.0,1.0,1,75.0,16.0
101,240,p040,11,100.0,55.78999999999999,13.68421052631579,0.0,0.0,1,73.0,16.0
101,240,p040,12,100.0,61.949999999999996,13.0,0.0,0.0,1,80.0,16.0
101,240,p040,13,100.0,53.4,93.6842105263158,1.0,1.0,1,75.0,16.0
101,240,p040,14,97.54,48.77,93.88888888888889,1.0,1.0,1,69.0,16.0
101,240,p040,15,100.0,51.55,13.88888888888889,0.0,0.0,1,70.0,16.0
101,240,p041,0,93.66,46.83,13.529411764705882,0.0,0.0,1,61.0,16.0
101,240,p041,1,100.0,53.48,93.6842105263158,1.0,1.0,1,76.0,16.0
101,240,p041,2,26.96,13.48,98.0,1.0,1.0,0,41.0,1.0
101,240,p041,3,98.0,49.0,93.88888888888889,1.0,1.0,1,70.0,16.0
101,240,p041,4,100.0,55.949999999999996,13.68421052631579,0.0,0.0,1,75.0,16.0
101,240,p041,5,100.0,53.25,93.6842105263158,1.0,1.0,1,75.0,16.0
101,240,p041,6,100.0,55.72,13.68421052631579,0.0,0.0,1,74.0,16.0
101,240,p041,7,100.0,53.56,93.6842105263158,1.0,1.0,1,77.0,16.0
101,240,p041,8,91.6,45.8,93.88888888888889,1.0,1.0,1,80.0,16.0
101,240,p041,9,100.0,53.56,93.6842105263158,1.0,1.0,1,77.0,16.0
101,240,p041,10,100.0,55.72,13.68421052631579,0.0,0.0,1,74.0,16.0
101,240,p041,11,100.0,53.4,93.6842105263158,1.0,1.0,1,75.0,16.0
101,240,p041,12,100.0,55.72,13.68421052631579,0.0,0.0,1,74.0,16.0
101,240,p041,13,100.0,55.78999999999999,13.68421052631579,0.0,0.0,1,73.0,16.0
101,240,p041,14,100.0,55.78999999999999,13.68421052631579,0.0,0.0,1,73.0,16.0
101,240,p041,15,100.0,55.72,13.68421052631579,0.0,0.0,1,74.0,16.0
101,240,p042,0,100.0,53.56,93.6842105263158,1.0,1.0,1,77.0,16.0
101,240,p042,1,28.32,14.16,20.0,0.0,0.0,1,22.0,4.0
101,240,p042,2,97.54,48.77,93.88888888888889,1.0,1.0,1,69.0,16.0
101,240,p042,3,100.0,53.25,93.6842105263158,1.0,1.0,1,75.0,16.0
101,240,p042,4,100.0,53.48,93.6842105263158,1.0,1.0,1,76.0,16.0
101,240,p042,5,100.0,53.48,93.6842105263158,1.0,1.0,1,76.0,16.0
101,240,p042,6,100.0,55.949999999999996,13.68421052631579,0.0,0.0,1,75.0,16.0
101,240,p042,7,100.0,51.239999999999995,13.88888888888889,0.0,0.0,1,68.0,16.0
101,240,p042,8,94.13999999999999,47.06999999999999,13.529411764705882,0.0,0.0,1,64.0,16.0
101,240,p042,9,97.67999999999999,48.839999999999996,93.88888888888889,1.0,1.0,1,68.0,16.0
101,240,p042,10,100.0,53.56,93.6842105263158,1.0,1.0,1,77.0,16.0
101,240,p042,11,100.0,55.87,13.68421052631579,0.0,0.0,1,74.0,16.0
101,240,p042,12,100.0,53.48,93.6842105263158,1.0,1.0,1,76.0,16.0
101,240,p042,13,100.0,55.78999999999999,13.68421052631579,0.0,0.0,1,73.0,16.0
101,240,p042,14,93.82,46.91,13.529411764705882,0.0,0.0,1,62.0,16.0
101,240,p042,15,100.0,55.78999999999999,13.68421052631579,0.0,0.0,1,73.0,16.0
101,240,p043,0,100.0,53.72,58.68421052631579,1.0,0.0,1,79.0,16.0
101,240,p043,1,34.8,17.4,18.0,0.0,0.0,0,25.0,2.0
101,240,p043,2,100.0,53.48,58.68421052631579,1.0,0.0,1,76.0,16.0
101,240,p043,3,100.0,53.41,58.68421052631579,1.0,0.0,1,77.0,16.0
101,240,p043,4,100.0,55.87,13.68421052631579,0.0,0.0,1,74.0,16.0
101,240,p043,5,100.0,51.55,13.88888888888889,0.0,0.0,1,70.0,16.0
101,240,p043,6,100.0,53.48,58.68421052631579,1.0,0.0,1,76.0,16.0
101,240,p043,7,100.0,55.87,13.68421052631579,0.0,0.0,1,74.0,16.0
101,240,p043,8,100.0,53.64,58.68421052631579,1.0,0.0,1,78.0,16.0
101,240,p043,9,100.0,56.029999999999994,13.68421052631579,0.0,0.0,1,76.0,16.0
101,240,p043,10,100.0,53.48,58.68421052631579,1.0,0.0,1,76.0,16.0
101,240,p043,11,100.0,55.78999999999999,13.68421052631579,0.0,0.0,1,73.0,16.0
101,240,p043,12,100.0,55.78999999999999,13.68421052631579,0.0,0.0,1,73.0,16.0
101,240,p043,13,100.0,53.72,58.68421052631579,1.0,0.0,1,79.0,16.0
101,240,p043,14,100.0,61.87,13.0,0.0,0.0,1,79.0,16.0
101,240,p043,15,100.0,51.47,13.88888888888889,0.0,0.0,1,69.0,16.0
101,240,p044,0,88.9,44.45,58.529411764705884,1.0,0.0,1,65.0,16.0
101,240,p044,1,98.16,49.08,58.888888888888886,1.0,0.0,1,71.0,16.0
101,240,p044,2,98.32,49.16,58.888888888888886,1.0,0.0,1,72.0,16.0
101,240,p044,3,100.0,55.78999999999999,13.68421052631579,0.0,0.0,1,73.0,16.0
101,240,p044,4,89.2,44.6,58.529411764705884,1.0,0.0,1,65.0,16.0
101,240,p044,5,100.0,55.87,13.68421052631579,0.0,0.0,1,74.0,16.0
101,240,p044,6,66.14,33.07,96.66666666666667,1.0,1.0,1,69.0,8.0
101,240,p044,7,89.2,44.6,58.529411764705884,1.0,0.0,1,65.0,16.0
101,240,p044,8,100.0,61.949999999999996,13.0,0.0,0.0,1,80.0,16.0
101,240,p044,9,100.0,53.41,58.68421052631579,1.0,0.0,1,77.0,16.0
101,240,p044,10,100.0,55.78999999999999,13.68421052631579,0.0,0.0,1,73.0,16.0
101,240,p044,11,100.0,51.55,13.88888888888889,0.0,0.0,1,70.0,16.0
101,240,p044,12,100.0,56.029999999999994,13.68421052631579,0.0,0.0,1,76.0,16.0
101,240,p044,13,100.0,55.78999999999999,13.68421052631579,0.0,0.0,1,73.0,16.0
101,240,p044,14,100.0,53.56,58.68421052631579,1.0,0.0,1,77.0,16.0
101,240,p044,15,100.0,51.239999999999995,13.88888888888889,0.0,0.0,1,68.0,16.0
101,240,p045,0,100.0,55.87,13.68421052631579,0.0,0.0,1,74.0,16.0
101,240,p045,1,97.86,48.93,58.888888888888886,1.0,0.0,1,71.0,16.0
101,240,p045,2,100.0,53.72,58.68421052631579,1.0,0.0,1,79.0,16.0
101,240,p045,3,100.0,53.48,58.68421052631579,1.0,0.0,1,76.0,16.0
101,240,p045,4,100.0,53.41,58.68421052631579,1.0,0.0,1,77.0,16.0
101,240,p045,5,100.0,53.56,58.68421052631579,1.0,0.0,1,77.0,16.0
101,240,p045,6,100.0,51.55,13.88888888888889,0.0,0.0,1,70.0,16.0
101,240,p045,7,100.0,55.87,13.68421052631579,0.0,0.0,1,74.0,16.0
101,240,p045,8,93.97999999999999,46.989999999999995,13.529411764705882,0.0,0.0,1,63.0,16.0
101,240,p045,9,100.0,55.72,13.68421052631579,0.0,0.0,1,74.0,16.0
101,240,p045,10,100.0,51.47,13.88888888888889,0.0,0.0,1,69.0,16.0
101,240,p045,11,93.82,46.91,13.529411764705882,0.0,0.0,1,62.0,16.0
101,240,p045,12,100.0,55.72,13.68421052631579,0.0,0.0,1,74.0,16.0
101,240,p045,13,100.0,53.41,58.68421052631579,1.0,0.0,1,77.0,16.0
101,240,p045,14,100.0,51.47,13.88888888888889,0.0,0.0,1,69.0,16.0
101,240,p045,15,100.0,51.47,13.88888888888889,0.0,0.0,1,69.0,16.0
101,240,p046,0,93.97999999999999,46.989999999999995,13.529411764705882,0.0,0.0,1,63.0,16.0
101,240,p046,1,98.3,49.15,58.888888888888886,1.0,0.0,1,70.0,16.0
101,240,p046,2,98.46,49.23,58.888888888888886,1.0,0.0,1,71.0,16.0
101,240,p046,3,100.0,61.64,13.0,0.0,0.0,1,78.0,16.0
101,240,p046,4,100.0,53.56,58.68421052631579,1.0,0.0,1,77.0,16.0
101,240,p046,5,100.0,53.629999999999995,58.68421052631579,1.0,0.0,1,76.0,16.0
101,240,p046,6,100.0,53.87,58.68421052631579,1.0,0.0,1,79.0,16.0
101,240,p046,7,100.0,53.56,58.68421052631579,1.0,0.0,1,77.0,16.0
101,240,p046,8,100.0,53.709999999999994,58.68421052631579,1.0,0.0,1,77.0,16.0
101,240,p046,9,100.0,51.47,13.88888888888889,0.0,0.0,1,69.0,16.0
101,240,p046,10,100.0,55.87,13.68421052631579,0.0,0.0,1,74.0,16.0
101,240,p046,11,100.0,56.029999999999994,13.68421052631579,0.0,0.0,1,76.0,16.0
101,240,p046,12,100.0,53.79,58.68421052631579,1.0,0.0,1,78.0,16.0
101,240,p046,13,100.0,53.56,58.68421052631579,1.0,0.0,1,77.0,16.0
101,240,p046,14,100.0,53.79,58.68421052631579,1.0,0.0,1,78.0,16.0
101,240,p046,15,100.0,55.87,13.68421052631579,0.0,0.0,1,74.0,16.0
101,240,p047,0,100.0,53.79,58.68421052631579,1.0,0.0,1,78.0,16.0
101,240,p047,1,100.0,51.38999999999999,13.88888888888889,0.0,0.0,1,68.0,16.0
101,240,p047,2,100.0,55.78999999999999,13.68421052631579,0.0,0.0,1,73.0,16.0
101,240,p047,3,100.0,51.47,13.88888888888889,0.0,0.0,1,69.0,16.0
101,240,p047,4,100.0,53.79,58.68421052631579,1.0,0.0,1,78.0,16.0
101,240,p047,5,100.0,53.79,58.68421052631579,1.0,0.0,1,78.0,16.0
101,240,p047,6,100.0,56.029999999999994,13.68421052631579,0.0,0.0,1,76.0,16.0
101,240,p047,7,89.66,44.83,58.529411764705884,1.0,0.0,1,66.0,16.0
101,240,p047,8,100.0,55.949999999999996,13.68421052631579,0.0,0.0,1,75.0,16.0
101,240,p047,9,100.0,55.949999999999996,13.68421052631579,0.0,0.0,1,75.0,16.0
101,240,p047,10,98.46,49.23,58.888888888888886,1.0,0.0,1,71.0,16.0
101,240,p047,11,100.0,53.87,58.68421052631579,1.0,0.0,1,79.0,16.0
101,240,p047,12,100.0,55.72,13.68421052631579,0.0,0.0,1,74.0,16.0
101,240,p047,13,89.5,44.75,58.529411764705884,1.0,0.0,1,65.0,16.0
101,240,p047,14,100.0,56.029999999999994,13.68421052631579,0.0,0.0,1,76.0,16.0
101,240,p047,15,100.0,53.709999999999994,58.68421052631579,1.0,0.0,1,77.0,16.0
101,240,p048,0,28.52,14.26,98.0,1.0,1.0,1,47.0,1.0
101,240,p048,1,100.0,55.949999999999996,13.68421052631579,0.0,0.0,1,75.0,16.0
101,240,p048,2,100.0,55.87,13.68421052631579,0.0,0.0,1,74.0,16.0
101,240,p048,3,100.0,55.78999999999999,13.68421052631579,0.0,0.0,1,73.0,16.0
101,240,p048,4,98.3,49.15,58.888888888888886,1.0,0.0,1,70.0,16.0
101,240,p048,5,100.0,55.72,13.68421052631579,0.0,0.0,1,74.0,16.0
101,240,p048,6,100.0,53.87,58.68421052631579,1.0,0.0,1,79.0,16.0
101,240,p048,7,100.0,56.029999999999994,13.68421052631579,0.0,0.0,1,76.0,16.0
101,240,p048,8,100.0,55.78999999999999,13.68421052631579,0.0,0.0,1,73.0,16.0
101,240,p048,9,100.0,55.949999999999996,13.68421052631579,0.0,0.0,1,75.0,16.0
101,240,p048,10,100.0,55.87,13.68421052631579,0.0,0.0,1,74.0,16.0
101,240,p048,11,100.0,55.87,13.68421052631579,0.0,0.0,1,74.0,16.0
101,240,p048,12,100.0,53.709999999999994,58.68421052631579,1.0,0.0,1,77.0,16.0
101,240,p048,13,100.0,53.629999999999995,58.68421052631579,1.0,0.0,1,76.0,16.0
101,240,p048,14,100.0,55.78999999999999,13.68421052631579,0.0,0.0,1,73.0,16.0
101,240,p048,15,100.0,61.87,13.0,0.0,0.0,1,79.0,16.0
101,260,p037,0,100.0,53.17,58.68421052631579,1.0,0.0,1,74.0,16.0
101,260,p037,1,97.52,48.76,58.888888888888886,1.0,0.0,1,67.0,16.0
101,260,p037,2,97.67999999999999,48.839999999999996,58.888888888888886,1.0,0.0,1,68.0,16.0
101,260,p037,3,100.0,55.72,13.68421052631579,0.0,0.0,1,74.0,16.0
101,260,p037,4,100.0,55.949999999999996,13.68421052631579,0.0,0.0,1,75.0,16.0
101,260,p037,5,100.0,51.239999999999995,13.88888888888889,0.0,0.0,1,68.0,16.0
101,260,p037,6,100.0,53.4,58.68421052631579,1.0,0.0,1,75.0,16.0
101,260,p037,7,100.0,53.48,58.68421052631579,1.0,0.0,1,76.0,16.0
101,260,p037,8,93.66,46.83,13.529411764705882,0.0,0.0,1,61.0,16.0
101,260,p037,9,100.0,55.949999999999996,13.68421052631579,0.0,0.0,1,75.0,16.0
101,260,p037,10,100.0,55.78999999999999,13.68421052631579,0.0,0.0,1,73.0,16.0
101,260,p037,11,100.0,53.239999999999995,58.68421052631579,1.0,0.0,1,73.0,16.0
101,260,p037,12,100.0,53.17,58.68421052631579,1.0,0.0,1,74.0,16.0
101,260,p037,13,100.0,53.48,58.68421052631579,1.0,0.0,1,76.0,16.0
101,260,p037,14,100.0,55.949999999999996,13.68421052631579,0.0,0.0,1,75.0,16.0
101,260,p037,15,100.0,55.78999999999999,13.68421052631579,0.0,0.0,1,73.0,16.0
101,260,p038,0,100.0,53.32,58.68421052631579,1.0,0.0,1,74.0,16.0
101,260,p038,1,100.0,53.32,58.68421052631579,1.0,0.0,1,74.0,16.0
101,260,p038,2,100.0,56.029999999999994,13.68421052631579,0.0,0.0,1,76.0,16.0
101,260,p038,3,100.0,53.239999999999995,58.68421052631579,1.0,0.0,1,73.0,16.0
101,260,p038,4,100.0,61.949999999999996,13.0,0.0,0.0,1,80.0,16.0
101,260,p038,5,100.0,55.78999999999999,13.68421052631579,0.0,0.0,1,73.0,16.0
101,260,p038,6,100.0,53.48,58.68421052631579,1.0,0.0,1,76.0,16.0
101,260,p038,7,100.0,51.309999999999995,13.88888888888889,0.0,0.0,1,67.0,16.0
101,260,p038,8,97.38,48.69,58.888888888888886,1.0,0.0,1,68.0,16.0
101,260,p038,9,100.0,55.87,13.68421052631579,0.0,0.0,1,74.0,16.0
101,260,p038,10,100.0,61.64,13.0,0.0,0.0,1,78.0,16.0
101,260,p038,11,100.0,53.32,58.68421052631579,1.0,0.0,1,74.0,16.0
101,260,p038,12,100.0,55.949999999999996,13.68421052631579,0.0,0.0,1,75.0,16.0
101,260,p038,13,100.0,55.72,13.68421052631579,0.0,0.0,1,74.0,16.0
101,260,p038,14,100.0,53.32,58.68421052631579,1.0,0.0,1,74.0,16.0
101,260,p038,15,100.0,55.87,13.68421052631579,0.0,0.0,1,74.0,16.0
101,260,p039,0,100.0,53.239999999999995,58.68421052631579,1.0,0.0,1,73.0,16.0
101,260,p039,1,100.0,55.72,13.68421052631579,0.0,0.0,1,74.0,16.0
101,260,p039,2,100.0,53.4,58.68421052631579,1.0,0.0,1,75.0,16.0
101,260,p039,3,100.0,51.309999999999995,13.88888888888889,0.0,0.0,1,67.0,16.0
101,260,p039,4,97.52,48.76,58.888888888888886,1.0,0.0,1,67.0,16.0
101,260,p039,5,100.0,55.949999999999996,13.68421052631579,0.0,0.0,1,75.0,16.0
101,260,p039,6,100.0,55.72,13.68421052631579,0.0,0.0,1,74.0,16.0
101,260,p039,7,100.0,61.79,13.0,0.0,0.0,1,78.0,16.0
101,260,p039,8,100.0,55.87,13.68421052631579,0.0,0.0,1,74.0,16.0
101,260,p039,9,100.0,55.78999999999999,13.68421052631579,0.0,0.0,1,73.0,16.0
101,260,p039,10,100.0,56.029999999999994,13.68421052631579,0.0,0.0,1,76.0,16.0
101,260,p039,11,100.0,61.79,13.0,0.0,0.0,1,78.0,16.0
101,260,p039,12,100.0,53.17,58.68421052631579,1.0,0.0,1,74.0,16.0
101,260,p039,13,100.0,61.709999999999994,13.0,0.0,0.0,1,77.0,16.0
101,260,p039,14,100.0,53.4,58.68421052631579,1.0,0.0,1,75.0,16.0
101,260,p039,15,93.82,46.91,13.529411764705882,0.0,0.0,1,62.0,16.0
101,260,p040,0,100.0,55.87,13.68421052631579,0.0,0.0,1,74.0,16.0
101,260,p040,1,98.16,49.08,93.88888888888889,1.0,1.0,1,71.0,16.0
101,260,p040,2,100.0,55.87,13.68421052631579,0.0,0.0,1,74.0,16.0
101,260,p040,3,100.0,53.56,93.6842105263158,1.0,1.0,1,77.0,16.0
101,260,p040,4,100.0,56.029999999999994,13.68421052631579,0.0,0.0,1,76.0,16.0
101,260,p040,5,93.97999999999999,46.989999999999995,13.529411764705882,0.0,0.0,1,63.0,16.0
101,260,p040,6,100.0,55.949999999999996,13.68421052631579,0.0,0.0,1,75.0,16.0
101,260,p040,7,100.0,55.949999999999996,13.68421052631579,0.0,0.0,1,75.0,16.0
101,260,p040,8,100.0,53.56,93.6842105263158,1.0,1.0,1,77.0,16.0
101,260,p040,9,100.0,56.029999999999994,13.68421052631579,0.0,0.0,1,76.0,16.0
101,260,p040,10,100.0,53.4,93.6842105263158,1.0,1.0,1,75.0,16.0
101,260,p040,11,100.0,55.78999999999999,13.68421052631579,0.0,0.0,1,73.0,16.0
101,260,p040,12,100.0,61.949999999999996,13.0,0.0,0.0,1,80.0,16.0
101,260,p040,13,100.0,53.4,93.6842105263158,1.0,1.0,1,75.0,16.0
101,260,p040,14,97.54,48.77,93.88888888888889,1.0,1.0,1,69.0,16.0
101,260,p040,15,100.0,51.55,13.88888888888889,0.0,0.0,1,70.0,16.0
101,260,p041,0,93.66,46.83,13.529411764705882,0.0,0.0,1,61.0,16.0
101,260,p041,1,100.0,53.48,93.6842105263158,1.0,1.0,1,76.0,16.0
101,260,p041,2,29.18,14.59,17.5,0.0,0.0,1,23.0,1.0
101,260,p041,3,98.0,49.0,93.88888888888889,1.0,1.0,1,70.0,16.0
101,260,p041,4,100.0,55.949999999999996,13.68421052631579,0.0,0.0,1,75.0,16.0
101,260,p041,5,100.0,53.25,93.6842105263158,1.0,1.0,1,75.0,16.0
101,260,p041,6,100.0,55.72,13.68421052631579,0.0,0.0,1,74.0,16.0
101,260,p041,7,100.0,53.56,93.6842105263158,1.0,1.0,1,77.0,16.0
101,260,p041,8,91.6,45.8,93.88888888888889,1.0,1.0,1,80.0,16.0
101,260,p041,9,100.0,53.56,93.6842105263158,1.0,1.0,1,77.0,16.0
101,260,p041,10,100.0,55.72,13.68421052631579,0.0,0.0,1,74.0,16.0
101,260,p041,11,100.0,53.4,93.6842105263158,1.0,1.0,1,75.0,16.0
101,260,p041,12,100.0,55.72,13.68421052631579,0.0,0.0,1,74.0,16.0
101,260,p041,13,100.0,55.78999999999999,13.68421052631579,0.0,0.0,1,73.0,16.0
101,260,p041,14,100.0,55.78999999999999,13.68421052631579,0.0,0.0,1,73.0,16.0
101,260,p041,15,100.0,55.72,13.68421052631579,0.0,0.0,1,74.0,16.0
101,260,p042,0,100.0,53.56,93.6842105263158,1.0,1.0,1,77.0,16.0
101,260,p042,1,28.32,14.16,20.0,0.0,0.0,1,22.0,4.0
101,260,p042,2,100.0,53.25,93.6842105263158,1.0,1.0,1,75.0,16.0
101,260,p042,3,100.0,53.25,93.6842105263158,1.0,1.0,1,75.0,16.0
101,260,p042,4,100.0,55.949999999999996,13.68421052631579,0.0,0.0,1,75.0,16.0
101,260,p042,5,100.0,53.48,93.6842105263158,1.0,1.0,1,76.0,16.0
101,260,p042,6,100.0,55.949999999999996,13.68421052631579,0.0,0.0,1,75.0,16.0
101,260,p042,7,100.0,51.239999999999995,13.88888888888889,0.0,0.0,1,68.0,16.0
101,260,p042,8,94.13999999999999,47.06999999999999,13.529411764705882,0.0,0.0,1,64.0,16.0
101,260,p042,9,97.67999999999999,48.839999999999996,93.88888888888889,1.0,1.0,1,68.0,16.0
101,260,p042,10,100.0,53.56,93.6842105263158,1.0,1.0,1,77.0,16.0
101,260,p042,11,100.0,55.87,13.68421052631579,0.0,0.0,1,74.0,16.0
101,260,p042,12,100.0,53.48,93.6842105263158,1.0,1.0,1,76.0,16.0
101,260,p042,13,100.0,55.78999999999999,13.68421052631579,0.0,0.0,1,73.0,16.0
101,260,p042,14,93.82,46.91,13.529411764705882,0.0,0.0,1,62.0,16.0
101,260,p042,15,100.0,55.78999999999999,13.68421052631579,0.0,0.0,1,73.0,16.0
101,260,p043,0,100.0,53.72,58.68421052631579,1.0,0.0,1,79.0,16.0
101,260,p043,1,45.62,22.81,18.57142857142857,0.0,0.0,1,32.0,4.0
101,260,p043,2,100.0,53.48,58.68421052631579,1.0,0.0,1,76.0,16.0
101,260,p043,3,100.0,53.41,58.68421052631579,1.0,0.0,1,77.0,16.0
101,260,p043,4,100.0,55.87,13.68421052631579,0.0,0.0,1,74.0,16.0
101,260,p043,5,100.0,51.55,13.88888888888889,0.0,0.0,1,70.0,16.0
101,260,p043,6,100.0,53.48,58.68421052631579,1.0,0.0,1,76.0,16.0
101,260,p043,7,100.0,55.87,13.68421052631579,0.0,0.0,1,74.0,16.0
101,260,p043,8,100.0,55.949999999999996,13.68421052631579,0.0,0.0,1,75.0,16.0
101,260,p043,9,100.0,56.029999999999994,13.68421052631579,0.0,0.0,1,76.0,16.0
101,260,p043,10,100.0,55.78999999999999,13.68421052631579,0.0,0.0,1,73.0,16.0
101,260,p043,11,100.0,55.78999999999999,13.68421052631579,0.0,0.0,1,73.0,16.0
101,260,p043,12,100.0,55.78999999999999,13.68421052631579,0.0,0.0,1,73.0,16.0
101,260,p043,13,100.0,53.72,58.68421052631579,1.0,0.0,1,79.0,16.0
101,260,p043,14,100.0,61.87,13.0,0.0,0.0,1,79.0,16.0
101,260,p043,15,100.0,51.47,13.88888888888889,0.0,0.0,1,69.0,16.0
101,260,p044,0,88.9,44.45,58.529411764705884,1.0,0.0,1,65.0,16.0
101,260,p044,1,100.0,53.56,58.68421052631579,1.0,0.0,1,77.0,16.0
101,260,p044,2,98.32,49.16,58.888888888888886,1.0,0.0,1,72.0,16.0
101,260,p044,3,100.0,55.78999999999999,13.68421052631579,0.0,0.0,1,73.0,16.0
101,260,p044,4,89.2,44.6,58.529411764705884,1.0,0.0,1,65.0,16.0
101,260,p044,5,100.0,55.87,13.68421052631579,0.0,0.0,1,74.0,16.0
101,260,p044,6,100.0,53.41,58.68421052631579,1.0,0.0,1,77.0,16.0
101,260,p044,7,89.2,44.6,58.529411764705884,1.0,0.0,1,65.0,16.0
101,260,p044,8,100.0,61.949999999999996,13.0,0.0,0.0,1,80.0,16.0
101,260,p044,9,100.0,53.41,58.68421052631579,1.0,0.0,1,77.0,16.0
101,260,p044,10,100.0,55.78999999999999,13.68421052631579,0.0,0.0,1,73.0,16.0
101,260,p044,11,100.0,51.55,13.88888888888889,0.0,0.0,1,70.0,16.0
101,260,p044,12,100.0,56.029999999999994,13.68421052631579,0.0,0.0,1,76.0,16.0
101,260,p044,13,100.0,55.78999999999999,13.68421052631579,0.0,0.0,1,73.0,16.0
101,260,p044,14,100.0,53.56,58.68421052631579,1.0,0.0,1,77.0,16.0
101,260,p044,15,100.0,51.239999999999995,13.88888888888889,0.0,0.0,1,68.0,16.0
101,260,p045,0,100.0,55.87,13.68421052631579,0.0,0.0,1,74.0,16.0
101,260,p045,1,97.86,48.93,58.888888888888886,1.0,0.0,1,71.0,16.0
101,260,p045,2,100.0,53.72,58.68421052631579,1.0,0.0,1,79.0,16.0
101,260,p045,3,100.0,53.48,58.68421052631579,1.0,0.0,1,76.0,16.0
101,260,p045,4,100.0,53.41,58.68421052631579,1.0,0.0,1,77.0,16.0
101,260,p045,5,100.0,53.56,58.68421052631579,1.0,0.0,1,77.0,16.0
101,260,p045,6,100.0,51.55,13.88888888888889,0.0,0.0,1,70.0,16.0
101,260,p045,7,100.0,55.87,13.68421052631579,0.0,0.0,1,74.0,16.0
101,260,p045,8,93.97999999999999,46.989999999999995,13.529411764705882,0.0,0.0,1,63.0,16.0
101,260,p045,9,100.0,55.72,13.68421052631579,0.0,0.0,1,74.0,16.0
101,260,p045,10,100.0,51.47,13.88888888888889,0.0,0.0,1,69.0,16.0
101,260,p045,11,93.82,46.91,13.529411764705882,0.0,0.0,1,62.0,16.0
101,260,p045,12,100.0,55.72,13.68421052631579,0.0,0.0,1,74.0,16.0
101,260,p045,13,100.0,53.41,58.68421052631579,1.0,0.0,1,77.0,16.0
101,260,p045,14,100.0,51.47,13.88888888888889,0.0,0.0,1,69.0,16.0
101,260,p045,15,100.0,51.47,13.88888888888889,0.0,0.0,1,69.0,16.0
101,260,p046,0,93.97999999999999,46.989999999999995,13.529411764705882,0.0,0.0,1,63.0,16.0
101,260,p046,1,98.3,49.15,58.888888888888886,1.0,0.0,1,70.0,16.0
101,260,p046,2,98.46,49.23,58.888888888888886,1.0,0.0,1,71.0,16.0
101,260,p046,3,100.0,61.64,13.0,0.0,0.0,1,78.0,16.0
101,260,p046,4,100.0,53.56,58.68421052631579,1.0,0.0,1,77.0,16.0
101,260,p046,5,100.0,53.629999999999995,58.68421052631579,1.0,0.0,1,76.0,16.0
101,260,p046,6,100.0,53.87,58.68421052631579,1.0,0.0,1,79.0,16.0
101,260,p046,7,100.0,53.56,58.68421052631579,1.0,0.0,1,77.0,16.0
101,260,p046,8,100.0,53.709999999999994,58.68421052631579,1.0,0.0,1,77.0,16.0
101,260,p046,9,100.0,51.47,13.88888888888889,0.0,0.0,1,69.0,16.0
101,260,p046,10,100.0,55.87,13.68421052631579,0.0,0.0,1,74.0,16.0
101,260,p046,11,100.0,56.029999999999994,13.68421052631579,0.0,0.0,1,76.0,16.0
101,260,p046,12,100.0,55.949999999999996,13.68421052631579,0.0,0.0,1,75.0,16.0
101,260,p046,13,100.0,53.56,58.68421052631579,1.0,0.0,1,77.0,16.0
101,260,p046,14,100.0,53.79,58.68421052631579,1.0,0.0,1,78.0,16.0
101,260,p046,15,100.0,55.87,13.68421052631579,0.0,0.0,1,74.0,16.0
101,260,p047,0,100.0,55.949999999999996,13.68421052631579,0.0,0.0,1,75.0,16.0
101,260,p047,1,100.0,55.87,13.68421052631579,0.0,0.0,1,74.0,16.0
101,260,p047,2,100.0,55.78999999999999,13.68421052631579,0.0,0.0,1,73.0,16.0
101,260,p047,3,100.0,55.949999999999996,13.68421052631579,0.0,0.0,1,75.0,16.0
101,260,p047,4,100.0,53.79,58.68421052631579,1.0,0.0,1,78.0,16.0
101,260,p047,5,100.0,53.79,58.68421052631579,1.0,0.0,1,78.0,16.0
101,260,p047,6,100.0,56.029999999999994,13.68421052631579,0.0,0.0,1,76.0,16.0
101,260,p047,7,89.66,44.83,58.529411764705884,1.0,0.0,1,66.0,16.0
101,260,p047,8,100.0,55.949999999999996,13.68421052631579,0.0,0.0,1,75.0,16.0
101,260,p047,9,100.0,55.949999999999996,13.68421052631579,0.0,0.0,1,75.0,16.0
101,260,p047,10,98.46,49.23,58.888888888888886,1.0,0.0,1,71.0,16.0
101,260,p047,11,100.0,53.87,58.68421052631579,1.0,0.0,1,79.0,16.0
101,260,p047,12,100.0,55.72,13.68421052631579,0.0,0.0,1,74.0,16.0
101,260,p047,13,89.5,44.75,58.529411764705884,1.0,0.0,1,65.0,16.0
101,260,p047,14,100.0,56.029999999999994,13.68421052631579,0.0,0.0,1,76.0,16.0
101,260,p047,15,100.0,53.709999999999994,58.68421052631579,1.0,0.0,1,77.0,16.0
101,260,p048,0,28.52,14.26,98.0,1.0,1.0,1,47.0,1.0
101,260,p048,1,100.0,55.949999999999996,13.68421052631579,0.0,0.0,1,75.0,16.0
101,260,p048,2,100.0,55.87,13.68421052631579,0.0,0.0,1,74.0,16.0
101,260,p048,3,100.0,55.78999999999999,13.68421052631579,0.0,0.0,1,73.0,16.0
101,260,p048,4,98.3,49.15,58.888888888888886,1.0,0.0,1,70.0,16.0
101,260,p048,5,100.0,55.72,13.68421052631579,0.0,0.0,1,74.0,16.0
101,260,p048,6,100.0,53.87,58.68421052631579,1.0,0.0,1,79.0,16.0
101,260,p048,7,100.0,56.029999999999994,13.68421052631579,0.0,0.0,1,76.0,16.0
101,260,p048,8,100.0,55.78999999999999,13.68421052631579,0.0,0.0,1,73.0,16.0
101,260,p048,9,100.0,55.949999999999996,13.68421052631579,0.0,0.0,1,75.0,16.0
101,260,p048,10,100.0,55.87,13.68421052631579,0.0,0.0,1,74.0,16.0
101,260,p048,11,100.0,55.87,13.68421052631579,0.0,0.0,1,74.0,16.0
101,260,p048,12,100.0,53.709999999999994,58.68421052631579,1.0,0.0,1,77.0,16.0
101,260,p048,13,100.0,53.629999999999995,58.68421052631579,1.0,0.0,1,76.0,16.0
101,260,p048,14,100.0,55.78999999999999,13.68421052631579,0.0,0.0,1,73.0,16.0
101,260,p048,15,100.0,61.87,13.0,0.0,0.0,1,79.0,16.0
101,280,p037,0,100.0,53.17,58.68421052631579,1.0,0.0,1,74.0,16.0
101,280,p037,1,100.0,53.239999999999995,58.68421052631579,1.0,0.0,1,73.0,16.0
101,280,p037,2,97.67999999999999,48.839999999999996,58.888888888888886,1.0,0.0,1,68.0,16.0
101,280,p037,3,100.0,55.72,13.68421052631579,0.0,0.0,1,74.0,16.0
101,280,p037,4,100.0,55.949999999999996,13.68421052631579,0.0,0.0,1,75.0,16.0
101,280,p037,5,100.0,51.239999999999995,13.88888888888889,0.0,0.0,1,68.0,16.0
101,280,p037,6,100.0,55.949999999999996,13.68421052631579,0.0,0.0,1,75.0,16.0
101,280,p037,7,100.0,53.48,58.68421052631579,1.0,0.0,1,76.0,16.0
101,280,p037,8,93.66,46.83,13.529411764705882,0.0,0.0,1,61.0,16.0
101,280,p037,9,100.0,55.949999999999996,13.68421052631579,0.0,0.0,1,75.0,16.0
101,280,p037,10,100.0,55.78999999999999,13.68421052631579,0.0,0.0,1,73.0,16.0
101,280,p037,11,100.0,53.239999999999995,58.68421052631579,1.0,0.0,1,73.0,16.0
101,280,p037,12,100.0,53.17,58.68421052631579,1.0,0.0,1,74.0,16.0
101,280,p037,13,100.0,53.48,58.68421052631579,1.0,0.0,1,76.0,16.0
101,280,p037,14,100.0,55.949999999999996,13.68421052631579,0.0,0.0,1,75.0,16.0
101,280,p037,15,100.0,55.78999999999999,13.68421052631579,0.0,0.0,1,73.0,16.0
101,280,p038,0,100.0,53.32,58.68421052631579,1.0,0.0,1,74.0,16.0
101,280,p038,1,100.0,53.32,58.68421052631579,1.0,0.0,1,74.0,16.0
101,280,p038,2,100.0,56.029999999999994,13.68421052631579,0.0,0.0,1,76.0,16.0
101,280,p038,3,100.0,55.78999999999999,13.68421052631579,0.0,0.0,1,73.0,16.0
101,280,p038,4,100.0,61.949999999999996,13.0,0.0,0.0,1,80.0,16.0
101,280,p038,5,100.0,55.78999999999999,13.68421052631579,0.0,0.0,1,73.0,16.0
101,280,p038,6,100.0,53.48,58.68421052631579,1.0,0.0,1,76.0,16.0
101,280,p038,7,100.0,55.78999999999999,13.68421052631579,0.0,0.0,1,73.0,16.0
101,280,p038,8,97.38,48.69,58.888888888888886,1.0,0.0,1,68.0,16.0
101,280,p038,9,100.0,55.87,13.68421052631579,0.0,0.0,1,74.0,16.0
101,280,p038,10,100.0,61.64,13.0,0.0,0.0,1,78.0,16.0
101,280,p038,11,100.0,53.32,58.68421052631579,1.0,0.0,1,74.0,16.0
101,280,p038,12,100.0,55.949999999999996,13.68421052631579,0.0,0.0,1,75.0,16.0
101,280,p038,13,100.0,55.72,13.68421052631579,0.0,0.0,1,74.0,16.0
101,280,p038,14,100.0,53.32,58.68421052631579,1.0,0.0,1,74.0,16.0
101,280,p038,15,100.0,55.87,13.68421052631579,0.0,0.0,1,74.0,16.0
101,280,p039,0,100.0,53.239999999999995,58.68421052631579,1.0,0.0,1,73.0,16.0
101,280,p039,1,100.0,55.72,13.68421052631579,0.0,0.0,1,74.0,16.0
101,280,p039,2,100.0,53.4,58.68421052631579,1.0,0.0,1,75.0,16.0
101,280,p039,3,100.0,51.309999999999995,13.88888888888889,0.0,0.0,1,67.0,16.0
101,280,p039,4,97.52,48.76,58.888888888888886,1.0,0.0,1,67.0,16.0
101,280,p039,5,100.0,55.949999999999996,13.68421052631579,0.0,0.0,1,75.0,16.0
101,280,p039,6,100.0,55.72,13.68421052631579,0.0,0.0,1,74.0,16.0
101,280,p039,7,100.0,61.79,13.0,0.0,0.0,1,78.0,16.0
101,280,p039,8,100.0,55.87,13.68421052631579,0.0,0.0,1,74.0,16.0
101,280,p039,9,100.0,55.78999999999999,13.68421052631579,0.0,0.0,1,73.0,16.0
101,280,p039,10,100.0,56.029999999999994,13.68421052631579,0.0,0.0,1,76.0,16.0
101,280,p039,11,100.0,61.79,13.0,0.0,0.0,1,78.0,16.0
101,280,p039,12,100.0,53.17,58.68421052631579,1.0,0.0,1,74.0,16.0
101,280,p039,13,100.0,61.709999999999994,13.0,0.0,0.0,1,77.0,16.0
101,280,p039,14,100.0,53.4,58.68421052631579,1.0,0.0,1,75.0,16.0
101,280,p039,15,93.82,46.91,13.529411764705882,0.0,0.0,1,62.0,16.0
101,280,p040,0,100.0,55.87,13.68421052631579,0.0,0.0,1,74.0,16.0
101,280,p040,1,98.16,49.08,93.88888888888889,1.0,1.0,1,71.0,16.0
101,280,p040,2,100.0,55.87,13.68421052631579,0.0,0.0,1,74.0,16.0
101,280,p040,3,100.0,53.56,93.6842105263158,1.0,1.0,1,77.0,16.0
101,280,p040,4,100.0,56.029999999999994,13.68421052631579,0.0,0.0,1,76.0,16.0
101,280,p040,5,93.97999999999999,46.989999999999995,13.529411764705882,0.0,0.0,1,63.0,16.0
101,280,p040,6,100.0,55.949999999999996,13.68421052631579,0.0,0.0,1,75.0,16.0
101,280,p040,7,100.0,55.949999999999996,13.68421052631579,0.0,0.0,1,75.0,16.0
101,280,p040,8,100.0,53.56,93.6842105263158,1.0,1.0,1,77.0,16.0
101,280,p040,9,100.0,56.029999999999994,13.68421052631579,0.0,0.0,1,76.0,16.0
101,280,p040,10,100.0,55.87,13.68421052631579,0.0,0.0,1,74.0,16.0
101,280,p040,11,100.0,55.78999999999999,13.68421052631579,0.0,0.0,1,73.0,16.0
101,280,p040,12,100.0,61.949999999999996,13.0,0.0,0.0,1,80.0,16.0
101,280,p040,13,100.0,55.87,13.68421052631579,0.0,0.0,1,74.0,16.0
101,280,p040,14,97.54,48.77,93.88888888888889,1.0,1.0,1,69.0,16.0
101,280,p040,15,100.0,56.029999999999994,13.68421052631579,0.0,0.0,1,76.0,16.0
101,280,p041,0,93.66,46.83,13.529411764705882,0.0,0.0,1,61.0,16.0
101,280,p041,1,100.0,55.949999999999996,13.68421052631579,0.0,0.0,1,75.0,16.0
101,280,p041,2,29.18,14.59,17.5,0.0,0.0,1,23.0,1.0
101,280,p041,3,98.0,49.0,93.88888888888889,1.0,1.0,1,70.0,16.0
101,280,p041,4,100.0,55.949999999999996,13.68421052631579,0.0,0.0,1,75.0,16.0
101,280,p041,5,100.0,53.25,93.6842105263158,1.0,1.0,1,75.0,16.0
101,280,p041,6,100.0,55.72,13.68421052631579,0.0,0.0,1,74.0,16.0
101,280,p041,7,100.0,53.56,93.6842105263158,1.0,1.0,1,77.0,16.0
101,280,p041,8,97.84,48.92,93.88888888888889,1.0,1.0,1,69.0,16.0
101,280,p041,9,100.0,53.56,93.6842105263158,1.0,1.0,1,77.0,16.0
101,280,p041,10,100.0,55.72,13.68421052631579,0.0,0.0,1,74.0,16.0
101,280,p041,11,100.0,53.4,93.6842105263158,1.0,1.0,1,75.0,16.0
101,280,p041,12,100.0,55.72,13.68421052631579,0.0,0.0,1,74.0,16.0
101,280,p041,13,100.0,55.78999999999999,13.68421052631579,0.0,0.0,1,73.0,16.0
101,280,p041,14,100.0,55.78999999999999,13.68421052631579,0.0,0.0,1,73.0,16.0
101,280,p041,15,100.0,55.72,13.68421052631579,0.0,0.0,1,74.0,16.0
101,280,p042,0,100.0,53.56,93.6842105263158,1.0,1.0,1,77.0,16.0
101,280,p042,1,50.42,25.21,16.666666666666664,0.0,0.0,1,37.0,8.0
101,280,p042,2,100.0,53.25,93.6842105263158,1.0,1.0,1,75.0,16.0
101,280,p042,3,100.0,53.25,93.6842105263158,1.0,1.0,1,75.0,16.0
101,280,p042,4,100.0,55.949999999999996,13.68421052631579,0.0,0.0,1,75.0,16.0
101,280,p042,5,100.0,53.48,93.6842105263158,1.0,1.0,1,76.0,16.0
101,280,p042,6,100.0,55.949999999999996,13.68421052631579,0.0,0.0,1,75.0,16.0
101,280,p042,7,100.0,55.72,13.68421052631579,0.0,0.0,1,74.0,16.0
101,280,p042,8,94.13999999999999,47.06999999999999,13.529411764705882,0.0,0.0,1,64.0,16.0
101,280,p042,9,97.67999999999999,48.839999999999996,93.88888888888889,1.0,1.0,1,68.0,16.0
101,280,p042,10,100.0,53.56,93.6842105263158,1.0,1.0,1,77.0,16.0
101,280,p042,11,100.0,55.87,13.68421052631579,0.0,0.0,1,74.0,16.0
101,280,p042,12,100.0,53.48,93.6842105263158,1.0,1.0,1,76.0,16.0
101,280,p042,13,100.0,55.78999999999999,13.68421052631579,0.0,0.0,1,73.0,16.0
101,280,p042,14,93.82,46.91,13.529411764705882,0.0,0.0,1,62.0,16.0
101,280,p042,15,100.0,55.78999999999999,13.68421052631579,0.0,0.0,1,73.0,16.0
101,280,p043,0,100.0,53.72,58.68421052631579,1.0,0.0,1,79.0,16.0
101,280,p043,1,45.62,22.81,18.57142857142857,0.0,0.0,1,32.0,4.0
101,280,p043,2,100.0,53.48,58.68421052631579,1.0,0.0,1,76.0,16.0
101,280,p043,3,100.0,53.41,58.68421052631579,1.0,0.0,1,77.0,16.0
101,280,p043,4,100.0,55.87,13.68421052631579,0.0,0.0,1,74.0,16.0
101,280,p043,5,100.0,56.029999999999994,13.68421052631579,0.0,0.0,1,76.0,16.0
101,280,p043,6,100.0,55.78999999999999,13.68421052631579,0.0,0.0,1,73.0,16.0
101,280,p043,7,100.0,55.87,13.68421052631579,0.0,0.0,1,74.0,16.0
101,280,p043,8,100.0,55.949999999999996,13.68421052631579,0.0,0.0,1,75.0,16.0
101,280,p043,9,100.0,56.029999999999994,13.68421052631579,0.0,0.0,1,76.0,16.0
101,280,p043,10,100.0,55.78999999999999,13.68421052631579,0.0,0.0,1,73.0,16.0
101,280,p043,11,100.0,55.78999999999999,13.68421052631579,0.0,0.0,1,73.0,16.0
101,280,p043,12,100.0,55.78999999999999,13.68421052631579,0.0,0.0,1,73.0,16.0
101,280,p043,13,100.0,53.72,58.68421052631579,1.0,0.0,1,79.0,16.0
101,280,p043,14,100.0,61.87,13.0,0.0,0.0,1,79.0,16.0
101,280,p043,15,100.0,51.47,13.88888888888889,0.0,0.0,1,69.0,16.0
101,280,p044,0,88.9,44.45,58.529411764705884,1.0,0.0,1,65.0,16.0
101,280,p044,1,100.0,53.56,58.68421052631579,1.0,0.0,1,77.0,16.0
101,280,p044,2,98.32,49.16,58.888888888888886,1.0,0.0,1,72.0,16.0
101,280,p044,3,100.0,55.78999999999999,13.68421052631579,0.0,0.0,1,73.0,16.0
101,280,p044,4,89.2,44.6,58.529411764705884,1.0,0.0,1,65.0,16.0
101,280,p044,5,100.0,55.87,13.68421052631579,0.0,0.0,1,74.0,16.0
101,280,p044,6,100.0,53.41,58.68421052631579,1.0,0.0,1,77.0,16.0
101,280,p044,7,89.2,44.6,58.529411764705884,1.0,0.0,1,65.0,16.0
101,280,p044,8,100.0,61.949999999999996,13.0,0.0,0.0,1,80.0,16.0
101,280,p044,9,100.0,53.41,58.68421052631579,1.0,0.0,1,77.0,16.0
101,280,p044,10,100.0,55.78999999999999,13.68421052631579,0.0,0.0,1,73.0,16.0
101,280,p044,11,100.0,51.55,13.88888888888889,0.0,0.0,1,70.0,16.0
101,280,p044,12,100.0,56.029999999999994,13.68421052631579,0.0,0.0,1,76.0,16.0
101,280,p044,13,100.0,55.78999999999999,13.68421052631579,0.0,0.0,1,73.0,16.0
101,280,p044,14,100.0,53.56,58.68421052631579,1.0,0.0,1,77.0,16.0
101,280,p044,15,100.0,51.239999999999995,13.88888888888889,0.0,0.0,1,68.0,16.0
101,280,p045,0,100.0,55.87,13.68421052631579,0.0,0.0,1,74.0,16.0
101,280,p045,1,97.86,48.93,58.888888888888886,1.0,0.0,1,71.0,16.0
101,280,p045,2,100.0,53.72,58.68421052631579,1.0,0.0,1,79.0,16.0
101,280,p045,3,100.0,53.48,58.68421052631579,1.0,0.0,1,76.0,16.0
101,280,p045,4,100.0,53.41,58.68421052631579,1.0,0.0,1,77.0,16.0
101,280,p045,5,100.0,53.56,58.68421052631579,1.0,0.0,1,77.0,16.0
101,280,p045,6,100.0,51.55,13.88888888888889,0.0,0.0,1,70.0,16.0
101,280,p045,7,100.0,55.87,13.68421052631579,0.0,0.0,1,74.0,16.0
101,280,p045,8,93.97999999999999,46.989999999999995,13.529411764705882,0.0,0.0,1,63.0,16.0
101,280,p045,9,100.0,55.72,13.68421052631579,0.0,0.0,1,74.0,16.0
101,280,p045,10,100.0,51.47,13.88888888888889,0.0,0.0,1,69.0,16.0
101,280,p045,11,93.82,46.91,13.529411764705882,0.0,0.0,1,62.0,16.0
101,280,p045,12,100.0,55.72,13.68421052631579,0.0,0.0,1,74.0,16.0
101,280,p045,13,100.0,53.41,58.68421052631579,1.0,0.0,1,77.0,16.0
101,280,p045,14,100.0,51.47,13.88888888888889,0.0,0.0,1,69.0,16.0
101,280,p045,15,100.0,55.949999999999996,13.68421052631579,0.0,0.0,1,75.0,16.0
101,280,p046,0,100.0,51.47,13.88888888888889,0.0,0.0,1,69.0,16.0
101,280,p046,1,98.3,49.15,58.888888888888886,1.0,0.0,1,70.0,16.0
101,280,p046,2,100.0,55.87,13.68421052631579,0.0,0.0,1,74.0,16.0
101,280,p046,3,100.0,61.64,13.0,0.0,0.0,1,78.0,16.0
101,280,p046,4,100.0,53.56,58.68421052631579,1.0,0.0,1,77.0,16.0
101,280,p046,5,100.0,53.629999999999995,58.68421052631579,1.0,0.0,1,76.0,16.0
101,280,p046,6,100.0,56.029999999999994,13.68421052631579,0.0,0.0,1,76.0,16.0
101,280,p046,7,100.0,53.56,58.68421052631579,1.0,0.0,1,77.0,16.0
101,280,p046,8,100.0,53.709999999999994,58.68421052631579,1.0,0.0,1,77.0,16.0
101,280,p046,9,100.0,55.949999999999996,13.68421052631579,0.0,0.0,1,75.0,16.0
101,280,p046,10,100.0,55.87,13.68421052631579,0.0,0.0,1,74.0,16.0
101,280,p046,11,100.0,56.029999999999994,13.68421052631579,0.0,0.0,1,76.0,16.0
101,280,p046,12,100.0,55.949999999999996,13.68421052631579,0.0,0.0,1,75.0,16.0
101,280,p046,13,100.0,53.56,58.68421052631579,1.0,0.0,1,77.0,16.0
101,280,p046,14,100.0,55.949999999999996,13.68421052631579,0.0,0.0,1,75.0,16.0
101,280,p046,15,100.0,55.87,13.68421052631579,0.0,0.0,1,74.0,16.0
101,280,p047,0,100.0,55.949999999999996,13.68421052631579,0.0,0.0,1,75.0,16.0
101,280,p047,1,100.0,55.87,13.68421052631579,0.0,0.0,1,74.0,16.0
101,280,p047,2,100.0,55.78999999999999,13.68421052631579,0.0,0.0,1,73.0,16.0
101,280,p047,3,100.0,55.949999999999996,13.68421052631579,0.0,0.0,1,75.0,16.0
101,280,p047,4,100.0,53.79,58.68421052631579,1.0,0.0,1,78.0,16.0
101,280,p047,5,100.0,53.79,58.68421052631579,1.0,0.0,1,78.0,16.0
101,280,p047,6,100.0,56.029999999999994,13.68421052631579,0.0,0.0,1,76.0,16.0
101,280,p047,7,98.61999999999999,49.309999999999995,58.888888888888886,1.0,0.0,1,72.0,16.0
101,280,p047,8,100.0,55.949999999999996,13.68421052631579,0.0,0.0,1,75.0,16.0
101,280,p047,9,100.0,55.949999999999996,13.68421052631579,0.0,0.0,1,75.0,16.0
101,280,p047,10,100.0,53.709999999999994,58.68421052631579,1.0,0.0,1,77.0,16.0
101,280,p047,11,100.0,53.87,58.68421052631579,1.0,0.0,1,79.0,16.0
101,280,p047,12,100.0,55.72,13.68421052631579,0.0,0.0,1,74.0,16.0
101,280,p047,13,98.46,49.23,58.888888888888886,1.0,0.0,1,71.0,16.0
101,280,p047,14,100.0,56.029999999999994,13.68421052631579,0.0,0.0,1,76.0,16.0
101,280,p047,15,100.0,53.709999999999994,58.68421052631579,1.0,0.0,1,77.0,16.0
101,280,p048,0,28.52,14.26,98.0,1.0,1.0,1,47.0,1.0
101,280,p048,1,100.0,55.949999999999996,13.68421052631579,0.0,0.0,1,75.0,16.0
101,280,p048,2,100.0,55.87,13.68421052631579,0.0,0.0,1,74.0,16.0
101,280,p048,3,100.0,55.78999999999999,13.68421052631579,0.0,0.0,1,73.0,16.0
101,280,p048,4,98.3,49.15,58.888888888888886,1.0,0.0,1,70.0,16.0
101,280,p048,5,100.0,55.72,13.68421052631579,0.0,0.0,1,74.0,16.0
101,280,p048,6,100.0,53.87,58.68421052631579,1.0,0.0,1,79.0,16.0
101,280,p048,7,100.0,56.029999999999994,13.68421052631579,0.0,0.0,1,76.0,16.0
101,280,p048,8,100.0,55.78999999999999,13.68421052631579,0.0,0.0,1,73.0,16.0
101,280,p048,9,100.0,55.949999999999996,13.68421052631579,0.0,0.0,1,75.0,16.0
101,280,p048,10,100.0,55.87,13.68421052631579,0.0,0.0,1,74.0,16.0
101,280,p048,11,100.0,55.87,13.68421052631579,0.0,0.0,1,74.0,16.0
101,280,p048,12,100.0,53.709999999999994,58.68421052631579,1.0,0.0,1,77.0,16.0
101,280,p048,13,100.0,53.629999999999995,58.68421052631579,1.0,0.0,1,76.0,16.0
101,280,p048,14,100.0,55.78999999999999,13.68421052631579,0.0,0.0,1,73.0,16.0
101,280,p048,15,100.0,61.87,13.0,0.0,0.0,1,79.0,16.0
101,300,p037,0,100.0,53.17,58.68421052631579,1.0,0.0,1,74.0,16.0
101,300,p037,1,100.0,53.239999999999995,58.68421052631579,1.0,0.0,1,73.0,16.0
101,300,p037,2,97.67999999999999,48.839999999999996,58.888888888888886,1.0,0.0,1,68.0,16.0
101,300,p037,3,100.0,55.72,13.68421052631579,0.0,0.0,1,74.0,16.0
101,300,p037,4,100.0,55.949999999999996,13.68421052631579,0.0,0.0,1,75.0,16.0
101,300,p037,5,100.0,55.72,13.68421052631579,0.0,0.0,1,74.0,16.0
101,300,p037,6,100.0,55.949999999999996,13.68421052631579,0.0,0.0,1,75.0,16.0
101,300,p037,7,100.0,56.029999999999994,13.68421052631579,0.0,0.0,1,76.0,16.0
101,300,p037,8,100.0,51.309999999999995,13.88888888888889,0.0,0.0,1,67.0,16.0
101,300,p037,9,100.0,55.949999999999996,13.68421052631579,0.0,0.0,1,75.0,16.0
101,300,p037,10,100.0,55.78999999999999,13.68421052631579,0.0,0.0,1,73.0,16.0
101,300,p037,11,100.0,53.239999999999995,58.68421052631579,1.0,0.0,1,73.0,16.0
101,300,p037,12,100.0,53.17,58.68421052631579,1.0,0.0,1,74.0,16.0
101,300,p037,13,100.0,53.48,58.68421052631579,1.0,0.0,1,76.0,16.0
101,300,p037,14,100.0,55.949999999999996,13.68421052631579,0.0,0.0,1,75.0,16.0
101,300,p037,15,100.0,55.78999999999999,13.68421052631579,0.0,0.0,1,73.0,16.0
101,300,p038,0,100.0,53.32,58.68421052631579,1.0,0.0,1,74.0,16.0
101,300,p038,1,100.0,53.32,58.68421052631579,1.0,0.0,1,74.0,16.0
101,300,p038,2,100.0,56.029999999999994,13.68421052631579,0.0,0.0,1,76.0,16.0
101,300,p038,3,100.0,55.78999999999999,13.68421052631579,0.0,0.0,1,73.0,16.0
101,300,p038,4,100.0,61.949999999999996,13.0,0.0,0.0,1,80.0,16.0
101,300,p038,5,100.0,55.78999999999999,13.68421052631579,0.0,0.0,1,73.0,16.0
101,300,p038,6,100.0,53.48,58.68421052631579,1.0,0.0,1,76.0,16.0
101,300,p038,7,100.0,55.78999999999999,13.68421052631579,0.0,0.0,1,73.0,16.0
101,300,p038,8,100.0,53.17,58.68421052631579,1.0,0.0,1,74.0,16.0
101,300,p038,9,100.0,55.87,13.68421052631579,0.0,0.0,1,74.0,16.0
101,300,p038,10,100.0,61.64,13.0,0.0,0.0,1,78.0,16.0
101,300,p038,11,100.0,53.32,58.68421052631579,1.0,0.0,1,74.0,16.0
101,300,p038,12,100.0,55.949999999999996,13.68421052631579,0.0,0.0,1,75.0,16.0
101,300,p038,13,100.0,55.72,13.68421052631579,0.0,0.0,1,74.0,16.0
101,300,p038,14,100.0,53.32,58.68421052631579,1.0,0.0,1,74.0,16.0
101,300,p038,15,100.0,55.87,13.68421052631579,0.0,0.0,1,74.0,16.0
101,300,p039,0,100.0,53.239999999999995,58.68421052631579,1.0,0.0,1,73.0,16.0
101,300,p039,1,100.0,55.72,13.68421052631579,0.0,0.0,1,74.0,16.0
101,300,p039,2,100.0,53.4,58.68421052631579,1.0,0.0,1,75.0,16.0
101,300,p039,3,100.0,51.309999999999995,13.88888888888889,0.0,0.0,1,67.0,16.0
101,300,p039,4,100.0,53.239999999999995,58.68421052631579,1.0,0.0,1,73.0,16.0
101,300,p039,5,100.0,55.949999999999996,13.68421052631579,0.0,0.0,1,75.0,16.0
101,300,p039,6,100.0,55.72,13.68421052631579,0.0,0.0,1,74.0,16.0
101,300,p039,7,100.0,61.79,13.0,0.0,0.0,1,78.0,16.0
101,300,p039,8,100.0,55.87,13.68421052631579,0.0,0.0,1,74.0,16.0
101,300,p039,9,100.0,55.78999999999999,13.68421052631579,0.0,0.0,1,73.0,16.0
101,300,p039,10,100.0,56.029999999999994,13.68421052631579,0.0,0.0,1,76.0,16.0
101,300,p039,11,100.0,61.79,13.0,0.0,0.0,1,78.0,16.0
101,300,p039,12,100.0,53.17,58.68421052631579,1.0,0.0,1,74.0,16.0
101,300,p039,13,100.0,61.709999999999994,13.0,0.0,0.0,1,77.0,16.0
101,300,p039,14,100.0,53.4,58.68421052631579,1.0,0.0,1,75.0,16.0
101,300,p039,15,93.82,46.91,13.529411764705882,0.0,0.0,1,62.0,16.0
101,300,p040,0,100.0,55.87,13.68421052631579,0.0,0.0,1,74.0,16.0
101,300,p040,1,98.16,49.08,93.88888888888889,1.0,1.0,1,71.0,16.0
101,300,p040,2,100.0,55.87,13.68421052631579,0.0,0.0,1,74.0,16.0
101,300,p040,3,100.0,53.56,93.6842105263158,1.0,1.0,1,77.0,16.0
101,300,p040,4,100.0,56.029999999999994,13.68421052631579,0.0,0.0,1,76.0,16.0
101,300,p040,5,93.97999999999999,46.989999999999995,13.529411764705882,0.0,0.0,1,63.0,16.0
101,300,p040,6,100.0,55.949999999999996,13.68421052631579,0.0,0.0,1,75.0,16.0
101,300,p040,7,100.0,55.949999999999996,13.68421052631579,0.0,0.0,1,75.0,16.0
101,300,p040,8,100.0,53.56,93.6842105263158,1.0,1.0,1,77.0,16.0
101,300,p040,9,100.0,56.029999999999994,13.68421052631579,0.0,0.0,1,76.0,16.0
101,300,p040,10,100.0,55.87,13.68421052631579,0.0,0.0,1,74.0,16.0
101,300,p040,11,100.0,55.78999999999999,13.68421052631579,0.0,0.0,1,73.0,16.0
101,300,p040,12,100.0,61.949999999999996,13.0,0.0,0.0,1,80.0,16.0
101,300,p040,13,100.0,55.87,13.68421052631579,0.0,0.0,1,74.0,16.0
101,300,p040,14,97.54,48.77,93.88888888888889,1.0,1.0,1,69.0,16.0
101,300,p040,15,100.0,56.029999999999994,13.68421052631579,0.0,0.0,1,76.0,16.0
101,300,p041,0,93.66,46.83,13.529411764705882,0.0,0.0,1,61.0,16.0
101,300,p041,1,100.0,55.949999999999996,13.68421052631579,0.0,0.0,1,75.0,16.0
101,300,p041,2,29.18,14.59,17.5,0.0,0.0,1,23.0,1.0
101,300,p041,3,100.0,51.47,13.88888888888889,0.0,0.0,1,69.0,16.0
101,300,p041,4,100.0,55.949999999999996,13.68421052631579,0.0,0.0,1,75.0,16.0
101,300,p041,5,100.0,53.25,93.6842105263158,1.0,1.0,1,75.0,16.0
101,300,p041,6,100.0,55.72,13.68421052631579,0.0,0.0,1,74.0,16.0
101,300,p041,7,100.0,56.029999999999994,13.68421052631579,0.0,0.0,1,76.0,16.0
101,300,p041,8,97.84,48.92,93.88888888888889,1.0,1.0,1,69.0,16.0
101,300,p041,9,100.0,53.56,93.6842105263158,1.0,1.0,1,77.0,16.0
101,300,p041,10,100.0,55.72,13.68421052631579,0.0,0.0,1,74.0,16.0
101,300,p041,11,100.0,55.87,13.68421052631579,0.0,0.0,1,74.0,16.0
101,300,p041,12,100.0,55.72,13.68421052631579,0.0,0.0,1,74.0,16.0
101,300,p041,13,100.0,55.78999999999999,13.68421052631579,0.0,0.0,1,73.0,16.0
101,300,p041,14,100.0,55.78999999999999,13.68421052631579,0.0,0.0,1,73.0,16.0
101,300,p041,15,100.0,55.72,13.68421052631579,0.0,0.0,1,74.0,16.0
101,300,p042,0,100.0,53.56,93.6842105263158,1.0,1.0,1,77.0,16.0
101,300,p042,1,50.42,25.21,16.666666666666664,0.0,0.0,1,37.0,8.0
101,300,p042,2,100.0,53.25,93.6842105263158,1.0,1.0,1,75.0,16.0
101,300,p042,3,100.0,53.25,93.6842105263158,1.0,1.0,1,75.0,16.0
101,300,p042,4,100.0,55.949999999999996,13.68421052631579,0.0,0.0,1,75.0,16.0
101,300,p042,5,100.0,53.48,93.6842105263158,1.0,1.0,1,76.0,16.0
101,300,p042,6,100.0,55.949999999999996,13.68421052631579,0.0,0.0,1,75.0,16.0
101,300,p042,7,100.0,55.72,13.68421052631579,0.0,0.0,1,74.0,16.0
101,300,p042,8,94.13999999999999,47.06999999999999,13.529411764705882,0.0,0.0,1,64.0,16.0
101,300,p042,9,100.0,51.309999999999995,13.88888888888889,0.0,0.0,1,67.0,16.0
101,300,p042,10,100.0,53.56,93.6842105263158,1.0,1.0,1,77.0,16.0
101,300,p042,11,100.0,55.87,13.68421052631579,0.0,0.0,1,74.0,16.0
101,300,p042,12,100.0,55.949999999999996,13.68421052631579,0.0,0.0,1,75.0,16.0
101,300,p042,13,100.0,55.78999999999999,13.68421052631579,0.0,0.0,1,73.0,16.0
101,300,p042,14,93.82,46.91,13.529411764705882,0.0,0.0,1,62.0,16.0
101,300,p042,15,100.0,55.78999999999999,13.68421052631579,0.0,0.0,1,73.0,16.0
101,300,p043,0,100.0,53.72,58.68421052631579,1.0,0.0,1,79.0,16.0
101,300,p043,1,67.39999999999999,33.699999999999996,16.363636363636363,0.0,0.0,1,45.0,8.0
101,300,p043,2,100.0,53.48,58.68421052631579,1.0,0.0,1,76.0,16.0
101,300,p043,3,100.0,53.41,58.68421052631579,1.0,0.0,1,77.0,16.0
101,300,p043,4,100.0,55.87,13.68421052631579,0.0,0.0,1,74.0,16.0
101,300,p043,5,100.0,56.029999999999994,13.68421052631579,0.0,0.0,1,76.0,16.0
101,300,p043,6,100.0,55.78999999999999,13.68421052631579,0.0,0.0,1,73.0,16.0
101,300,p043,7,100.0,55.87,13.68421052631579,0.0,0.0,1,74.0,16.0
101,300,p043,8,100.0,55.949999999999996,13.68421052631579,0.0,0.0,1,75.0,16.0
101,300,p043,9,100.0,56.029999999999994,13.68421052631579,0.0,0.0,1,76.0,16.0
101,300,p043,10,100.0,55.78999999999999,13.68421052631579,0.0,0.0,1,73.0,16.0
101,300,p043,11,100.0,55.78999999999999,13.68421052631579,0.0,0.0,1,73.0,16.0
101,300,p043,12,100.0,55.78999999999999,13.68421052631579,0.0,0.0,1,73.0,16.0
101,300,p043,13,100.0,56.029999999999994,13.68421052631579,0.0,0.0,1,76.0,16.0
101,300,p043,14,100.0,61.87,13.0,0.0,0.0,1,79.0,16.0
101,300,p043,15,100.0,51.47,13.88888888888889,0.0,0.0,1,69.0,16.0
101,300,p044,0,97.86,48.93,58.888888888888886,1.0,0.0,1,71.0,16.0
101,300,p044,1,100.0,53.56,58.68421052631579,1.0,0.0,1,77.0,16.0
101,300,p044,2,100.0,51.47,13.88888888888889,0.0,0.0,1,69.0,16.0
101,300,p044,3,100.0,55.78999999999999,13.68421052631579,0.0,0.0,1,73.0,16.0
101,300,p044,4,89.2,44.6,58.529411764705884,1.0,0.0,1,65.0,16.0
101,300,p044,5,100.0,55.87,13.68421052631579,0.0,0.0,1,74.0,16.0
101,300,p044,6,100.0,53.41,58.68421052631579,1.0,0.0,1,77.0,16.0
101,300,p044,7,89.2,44.6,58.529411764705884,1.0,0.0,1,65.0,16.0
101,300,p044,8,100.0,61.949999999999996,13.0,0.0,0.0,1,80.0,16.0
101,300,p044,9,100.0,53.41,58.68421052631579,1.0,0.0,1,77.0,16.0
101,300,p044,10,100.0,55.78999999999999,13.68421052631579,0.0,0.0,1,73.0,16.0
101,300,p044,11,100.0,56.029999999999994,13.68421052631579,0.0,0.0,1,76.0,16.0
101,300,p044,12,100.0,56.029999999999994,13.68421052631579,0.0,0.0,1,76.0,16.0
101,300,p044,13,100.0,55.78999999999999,13.68421052631579,0.0,0.0,1,73.0,16.0
101,300,p044,14,100.0,55.87,13.68421052631579,0.0,0.0,1,74.0,16.0
101,300,p044,15,100.0,55.72,13.68421052631579,0.0,0.0,1,74.0,16.0
101,300,p045,0,100.0,55.87,13.68421052631579,0.0,0.0,1,74.0,16.0
101,300,p045,1,97.86,48.93,58.888888888888886,1.0,0.0,1,71.0,16.0
101,300,p045,2,100.0,53.72,58.68421052631579,1.0,0.0,1,79.0,16.0
101,300,p045,3,100.0,53.48,58.68421052631579,1.0,0.0,1,76.0,16.0
101,300,p045,4,100.0,53.41,58.68421052631579,1.0,0.0,1,77.0,16.0
101,300,p045,5,100.0,53.56,58.68421052631579,1.0,0.0,1,77.0,16.0
101,300,p045,6,100.0,51.55,13.88888888888889,0.0,0.0,1,70.0,16.0
101,300,p045,7,100.0,55.87,13.68421052631579,0.0,0.0,1,74.0,16.0
101,300,p045,8,93.97999999999999,46.989999999999995,13.529411764705882,0.0,0.0,1,63.0,16.0
101,300,p045,9,100.0,55.72,13.68421052631579,0.0,0.0,1,74.0,16.0
101,300,p045,10,100.0,51.47,13.88888888888889,0.0,0.0,1,69.0,16.0
101,300,p045,11,93.82,46.91,13.529411764705882,0.0,0.0,1,62.0,16.0
101,300,p045,12,100.0,55.72,13.68421052631579,0.0,0.0,1,74.0,16.0
101,300,p045,13,100.0,55.72,13.68421052631579,0.0,0.0,1,74.0,16.0
101,300,p045,14,100.0,55.949999999999996,13.68421052631579,0.0,0.0,1,75.0,16.0
101,300,p045,15,100.0,55.949999999999996,13.68421052631579,0.0,0.0,1,75.0,16.0
101,300,p046,0,100.0,51.47,13.88888888888889,0.0,0.0,1,69.0,16.0
101,300,p046,1,100.0,55.78999999999999,13.68421052631579,0.0,0.0,1,73.0,16.0
101,300,p046,2,100.0,55.87,13.68421052631579,0.0,0.0,1,74.0,16.0
101,300,p046,3,100.0,61.64,13.0,0.0,0.0,1,78.0,16.0
101,300,p046,4,100.0,53.56,58.68421052631579,1.0,0.0,1,77.0,16.0
101,300,p046,5,100.0,55.78999999999999,13.68421052631579,0.0,0.0,1,73.0,16.0
101,300,p046,6,100.0,56.029999999999994,13.68421052631579,0.0,0.0,1,76.0,16.0
101,300,p046,7,100.0,53.56,58.68421052631579,1.0,0.0,1,77.0,16.0
101,300,p046,8,100.0,53.709999999999994,58.68421052631579,1.0,0.0,1,77.0,16.0
101,300,p046,9,100.0,55.949999999999996,13.68421052631579,0.0,0.0,1,75.0,16.0
101,300,p046,10,100.0,55.87,13.68421052631579,0.0,0.0,1,74.0,16.0
101,300,p046,11,100.0,56.029999999999994,13.68421052631579,0.0,0.0,1,76.0,16.0
101,300,p046,12,100.0,55.949999999999996,13.68421052631579,0.0,0.0,1,75.0,16.0
101,300,p046,13,100.0,53.56,58.68421052631579,1.0,0.0,1,77.0,16.0
101,300,p046,14,100.0,55.949999999999996,13.68421052631579,0.0,0.0,1,75.0,16.0
101,300,p046,15,100.0,55.87,13.68421052631579,0.0,0.0,1,74.0,16.0
101,300,p047,0,100.0,55.949999999999996,13.68421052631579,0.0,0.0,1,75.0,16.0
101,300,p047,1,100.0,55.87,13.68421052631579,0.0,0.0,1,74.0,16.0
101,300,p047,2,100.0,55.78999999999999,13.68421052631579,0.0,0.0,1,73.0,16.0
101,300,p047,3,100.0,55.949999999999996,13.68421052631579,0.0,0.0,1,75.0,16.0
101,300,p047,4,100.0,55.949999999999996,13.68421052631579,0.0,0.0,1,75.0,16.0
101,300,p047,5,100.0,53.79,58.68421052631579,1.0,0.0,1,78.0,16.0
101,300,p047,6,100.0,56.029999999999994,13.68421052631579,0.0,0.0,1,76.0,16.0
101,300,p047,7,98.61999999999999,49.309999999999995,58.888888888888886,1.0,0.0,1,72.0,16.0
101,300,p047,8,100.0,55.949999999999996,13.68421052631579,0.0,0.0,1,75.0,16.0
101,300,p047,9,100.0,55.949999999999996,13.68421052631579,0.0,0.0,1,75.0,16.0
101,300,p047,10,100.0,53.709999999999994,58.68421052631579,1.0,0.0,1,77.0,16.0
101,300,p047,11,100.0,53.87,58.68421052631579,1.0,0.0,1,79.0,16.0
101,300,p047,12,100.0,55.72,13.68421052631579,0.0,0.0,1,74.0,16.0
101,300,p047,13,98.46,49.23,58.888888888888886,1.0,0.0,1,71.0,16.0
101,300,p047,14,100.0,56.029999999999994,13.68421052631579,0.0,0.0,1,76.0,16.0
101,300,p047,15,100.0,53.709999999999994,58.68421052631579,1.0,0.0,1,77.0,16.0
101,300,p048,0,28.52,14.26,98.0,1.0,1.0,1,47.0,1.0
101,300,p048,1,100.0,55.949999999999996,13.68421052631579,0.0,0.0,1,75.0,16.0
101,300,p048,2,100.0,55.87,13.68421052631579,0.0,0.0,1,74.0,16.0
101,300,p048,3,100.0,55.78999999999999,13.68421052631579,0.0,0.0,1,73.0,16.0
101,300,p048,4,98.3,49.15,58.888888888888886,1.0,0.0,1,70.0,16.0
101,300,p048,5,100.0,55.72,13.68421052631579,0.0,0.0,1,74.0,16.0
101,300,p048,6,100.0,56.029999999999994,13.68421052631579,0.0,0.0,1,76.0,16.0
101,300,p048,7,100.0,56.029999999999994,13.68421052631579,0.0,0.0,1,76.0,16.0
101,300,p048,8,100.0,55.78999999999999,13.68421052631579,0.0,0.0,1,73.0,16.0
101,300,p048,9,100.0,55.949999999999996,13.68421052631579,0.0,0.0,1,75.0,16.0
101,300,p048,10,100.0,55.87,13.68421052631579,0.0,0.0,1,74.0,16.0
101,300,p048,11,100.0,55.87,13.68421052631579,0.0,0.0,1,74.0,16.0
101,300,p048,12,100.0,55.87,13.68421052631579,0.0,0.0,1,74.0,16.0
101,300,p048,13,100.0,53.629999999999995,58.68421052631579,1.0,0.0,1,76.0,16.0
101,300,p048,14,100.0,55.78999999999999,13.68421052631579,0.0,0.0,1,73.0,16.0
101,300,p048,15,100.0,61.87,13.0,0.0,0.0,1,79.0,16.0
